ISO-10303-21;
HEADER;
FILE_DESCRIPTION (( 'STEP AP203' ),
    '1' );
FILE_NAME ('TopOfIbexHoleCoverTop.STEP',
    '2026-07-08T14:39:34',
    ( '' ),
    ( '' ),
    'SwSTEP 2.0',
    'SolidWorks 2025',
    '' );
FILE_SCHEMA (( 'CONFIG_CONTROL_DESIGN' ));
ENDSEC;

DATA;
#1 = DIRECTION ( 'NONE',  ( -0.000000000000000000, -1.000000000000000000, -0.000000000000000000 ) ) ;
#2 = CARTESIAN_POINT ( 'NONE',  ( 1.688624765761590485, 0.7000000000000000666, 1.367167290589052842 ) ) ;
#3 =( NAMED_UNIT ( * ) PLANE_ANGLE_UNIT ( ) SI_UNIT ( $, .RADIAN. ) );
#4 = CARTESIAN_POINT ( 'NONE',  ( 3.122849337825750419E-16, -0.09999999999999996392, 2.500000000000000000 ) ) ;
#5 = ORIENTED_EDGE ( 'NONE', *, *, #718, .T. ) ;
#6 = CARTESIAN_POINT ( 'NONE',  ( 0.000000000000000000, 0.7000000000000000666, 0.000000000000000000 ) ) ;
#7 = EDGE_LOOP ( 'NONE', ( #421, #1005, #959, #17 ) ) ;
#8 = CYLINDRICAL_SURFACE ( 'NONE', #294, 2.600000000000000089 ) ;
#9 = CC_DESIGN_PERSON_AND_ORGANIZATION_ASSIGNMENT ( #1176, #948, ( #43 ) ) ;
#10 = CARTESIAN_POINT ( 'NONE',  ( 1.699080364852722846, 0.5740679882776091869, 1.302538677187616845 ) ) ;
#11 = ADVANCED_FACE ( 'NONE', ( #430 ), #1250, .T. ) ;
#12 = PERSON_AND_ORGANIZATION_ROLE ( 'design_supplier' ) ;
#13 = DIRECTION ( 'NONE',  ( 0.000000000000000000, 1.000000000000000000, 0.000000000000000000 ) ) ;
#14 = ORIENTED_EDGE ( 'NONE', *, *, #503, .T. ) ;
#15 = DIRECTION ( 'NONE',  ( 0.000000000000000000, 0.000000000000000000, 1.000000000000000000 ) ) ;
#16 = ADVANCED_FACE ( 'NONE', ( #1377 ), #712, .F. ) ;
#17 = ORIENTED_EDGE ( 'NONE', *, *, #801, .F. ) ;
#18 = B_SPLINE_CURVE_WITH_KNOTS ( 'NONE', 3,
 ( #428, #671, #1383, #914, #554, #766, #1241, #798, #784, #548 ),
 .UNSPECIFIED., .F., .F.,
 ( 4, 2, 2, 2, 4 ),
 ( 0.000000000000000000, 0.0005692162151903672543, 0.001138432430380734509, 0.001707648645571099594, 0.002276864860761464680 ),
 .UNSPECIFIED. ) ;
#19 = CARTESIAN_POINT ( 'NONE',  ( -1.871686173278297227, 0.5750000000000000666, 1.037492587327179860 ) ) ;
#20 = CARTESIAN_POINT ( 'NONE',  ( 0.3951405121059373693, 0.5252595292577763031, -2.151774153826968572 ) ) ;
#21 = ORIENTED_EDGE ( 'NONE', *, *, #1458, .T. ) ;
#22 = DIRECTION ( 'NONE',  ( 0.000000000000000000, 0.000000000000000000, -1.000000000000000000 ) ) ;
#23 = FACE_OUTER_BOUND ( 'NONE', #395, .T. ) ;
#24 = AXIS2_PLACEMENT_3D ( 'NONE', #289, #659, #81 ) ;
#25 = AXIS2_PLACEMENT_3D ( 'NONE', #1290, #823, #112 ) ;
#26 = CARTESIAN_POINT ( 'NONE',  ( 0.3608840812853137403, 0.5266170384905430879, -2.156461630531816720 ) ) ;
#27 = ORIENTED_EDGE ( 'NONE', *, *, #504, .F. ) ;
#28 = CARTESIAN_POINT ( 'NONE',  ( 1.705753475375286987, 1.300000000000000044, 1.962244908579234837 ) ) ;
#29 = ORIENTED_EDGE ( 'NONE', *, *, #816, .F. ) ;
#30 = CARTESIAN_POINT ( 'NONE',  ( 0.000000000000000000, -0.5500000000000000444, 0.03818158205298062546 ) ) ;
#31 = EDGE_CURVE ( 'NONE', #611, #1334, #1137, .T. ) ;
#32 = CARTESIAN_POINT ( 'NONE',  ( 0.3723406645203509724, 0.5234141129435375683, -2.157634193926198041 ) ) ;
#33 = VERTEX_POINT ( 'NONE', #809 ) ;
#34 = CARTESIAN_POINT ( 'NONE',  ( 0.000000000000000000, -0.2999999999999999889, -2.361818417947019633 ) ) ;
#35 = ORIENTED_EDGE ( 'NONE', *, *, #271, .F. ) ;
#36 = DIRECTION ( 'NONE',  ( -0.000000000000000000, -1.000000000000000000, -0.000000000000000000 ) ) ;
#37 = EDGE_CURVE ( 'NONE', #721, #1036, #46, .T. ) ;
#38 = AXIS2_PLACEMENT_3D ( 'NONE', #874, #532, #142 ) ;
#39 = CARTESIAN_POINT ( 'NONE',  ( -2.022736941102358799, 0.5455953704374214563, 0.7808746920935271119 ) ) ;
#40 = VERTEX_POINT ( 'NONE', #2 ) ;
#41 = APPROVAL_PERSON_ORGANIZATION ( #942, #62, #1039 ) ;
#42 = DIRECTION ( 'NONE',  ( -1.000000000000000000, -0.000000000000000000, -0.000000000000000000 ) ) ;
#43 = SECURITY_CLASSIFICATION ( '', '', #469 ) ;
#44 = ORIENTED_EDGE ( 'NONE', *, *, #885, .F. ) ;
#45 = DIRECTION ( 'NONE',  ( -0.1908089953766222424, 0.000000000000000000, -0.9816271834476489877 ) ) ;
#46 = CIRCLE ( 'NONE', #907, 0.1000000000000000194 ) ;
#47 = CIRCLE ( 'NONE', #613, 2.379999999999999893 ) ;
#48 = FACE_OUTER_BOUND ( 'NONE', #1523, .T. ) ;
#49 = ORIENTED_EDGE ( 'NONE', *, *, #695, .T. ) ;
#50 = B_SPLINE_CURVE_WITH_KNOTS ( 'NONE', 3,
 ( #941, #228, #450, #587, #817, #325, #1273, #1283, #556, #1048 ),
 .UNSPECIFIED., .F., .F.,
 ( 4, 2, 2, 2, 4 ),
 ( 1.734723475976807094E-18, 0.0005687889264642128316, 0.001137577852928423928, 0.001706366779392635025, 0.002275155705856846122 ),
 .UNSPECIFIED. ) ;
#51 = CARTESIAN_POINT ( 'NONE',  ( 1.561420488997377731, 0.4000000000000000222, 1.796208800930222615 ) ) ;
#52 = DIRECTION ( 'NONE',  ( 0.6057019847560262127, 0.7213873210309519335, -0.3357460926331037876 ) ) ;
#53 = ORIENTED_EDGE ( 'NONE', *, *, #1226, .F. ) ;
#54 = EDGE_CURVE ( 'NONE', #1101, #298, #50, .T. ) ;
#55 = DIRECTION ( 'NONE',  ( 0.3255681544571674690, 0.000000000000000000, -0.9455185755993130714 ) ) ;
#56 = CARTESIAN_POINT ( 'NONE',  ( 0.000000000000000000, 0.7000000000000000666, 0.000000000000000000 ) ) ;
#57 = ORIENTED_EDGE ( 'NONE', *, *, #1321, .F. ) ;
#58 = CARTESIAN_POINT ( 'NONE',  ( 0.000000000000000000, 0.2000000000000000111, 0.000000000000000000 ) ) ;
#59 = DIRECTION ( 'NONE',  ( 0.000000000000000000, 1.000000000000000000, 0.000000000000000000 ) ) ;
#60 = ORIENTED_EDGE ( 'NONE', *, *, #271, .T. ) ;
#61 = CARTESIAN_POINT ( 'NONE',  ( 0.5010760702817584900, 0.7000000000000000666, -2.183236764941216546 ) ) ;
#62 = APPROVAL ( #127, 'UNSPECIFIED' ) ;
#63 = CARTESIAN_POINT ( 'NONE',  ( 0.000000000000000000, -0.09999999999999996392, 0.000000000000000000 ) ) ;
#64 = ORIENTED_EDGE ( 'NONE', *, *, #606, .F. ) ;
#65 = DIRECTION ( 'NONE',  ( -0.000000000000000000, 1.000000000000000000, -0.000000000000000000 ) ) ;
#66 = CARTESIAN_POINT ( 'NONE',  ( 3.184081677783118684E-16, 3.414809992080329023E-17, 2.600000000000000089 ) ) ;
#67 = ORIENTED_EDGE ( 'NONE', *, *, #468, .F. ) ;
#68 = AXIS2_PLACEMENT_3D ( 'NONE', #998, #398, #55 ) ;
#69 = EDGE_CURVE ( 'NONE', #353, #1002, #264, .T. ) ;
#70 = LINE ( 'NONE', #330, #951 ) ;
#71 = AXIS2_PLACEMENT_3D ( 'NONE', #58, #326, #794 ) ;
#72 = ADVANCED_FACE ( 'NONE', ( #1174 ), #319, .T. ) ;
#73 = AXIS2_PLACEMENT_3D ( 'NONE', #56, #1124, #1488 ) ;
#74 = FACE_BOUND ( 'NONE', #517, .T. ) ;
#75 = ORIENTED_EDGE ( 'NONE', *, *, #435, .F. ) ;
#76 = DIRECTION ( 'NONE',  ( -0.000000000000000000, -1.000000000000000000, -0.000000000000000000 ) ) ;
#77 = ORIENTED_EDGE ( 'NONE', *, *, #186, .F. ) ;
#78 = DIRECTION ( 'NONE',  ( 0.000000000000000000, 0.000000000000000000, -1.000000000000000000 ) ) ;
#79 = ADVANCED_FACE ( 'NONE', ( #195 ), #793, .F. ) ;
#80 = ORIENTED_EDGE ( 'NONE', *, *, #551, .T. ) ;
#81 = DIRECTION ( 'NONE',  ( 0.000000000000000000, 0.000000000000000000, 1.000000000000000000 ) ) ;
#82 = ORIENTED_EDGE ( 'NONE', *, *, #1044, .F. ) ;
#83 = CARTESIAN_POINT ( 'NONE',  ( 0.000000000000000000, 0.7000000000000000666, 0.000000000000000000 ) ) ;
#84 = FACE_OUTER_BOUND ( 'NONE', #256, .T. ) ;
#85 = CARTESIAN_POINT ( 'NONE',  ( 1.688624765761590485, 0.5409435624534649767, 1.367167290589052842 ) ) ;
#86 = ORIENTED_EDGE ( 'NONE', *, *, #602, .F. ) ;
#87 = EDGE_LOOP ( 'NONE', ( #335, #500, #939, #513 ) ) ;
#88 = CARTESIAN_POINT ( 'NONE',  ( 0.000000000000000000, -0.2999999999999999889, 0.03818158205298062546 ) ) ;
#89 = TOROIDAL_SURFACE ( 'NONE', #654, 2.100000000000000089, 0.1000000000000000056 ) ;
#90 = AXIS2_PLACEMENT_3D ( 'NONE', #1345, #1199, #255 ) ;
#91 = CARTESIAN_POINT ( 'NONE',  ( -1.871686173278296339, 0.7000000000000000666, 1.037492587327179416 ) ) ;
#92 = VECTOR ( 'NONE', #1413, 39.37007874015748143 ) ;
#93 = VECTOR ( 'NONE', #1009, 39.37007874015748143 ) ;
#94 = CARTESIAN_POINT ( 'NONE',  ( 2.040058175671016105, 0.7000000000000000666, 1.225790618285946820 ) ) ;
#95 = ORIENTED_EDGE ( 'NONE', *, *, #1374, .T. ) ;
#96 = ORIENTED_EDGE ( 'NONE', *, *, #888, .T. ) ;
#97 = CIRCLE ( 'NONE', #638, 0.1000000000000000194 ) ;
#98 = FACE_OUTER_BOUND ( 'NONE', #1364, .T. ) ;
#99 = EDGE_CURVE ( 'NONE', #268, #841, #200, .T. ) ;
#100 = EDGE_CURVE ( 'NONE', #1305, #1229, #807, .T. ) ;
#101 = DIRECTION ( 'NONE',  ( -0.000000000000000000, -1.000000000000000000, -0.000000000000000000 ) ) ;
#102 = DATE_AND_TIME ( #691, #317 ) ;
#103 = CARTESIAN_POINT ( 'NONE',  ( 1.689673540290034692, 0.5360598573929609145, 1.373322630228194674 ) ) ;
#104 = ORIENTED_EDGE ( 'NONE', *, *, #1090, .F. ) ;
#105 = VERTEX_POINT ( 'NONE', #1407 ) ;
#106 = PLANE ( 'NONE',  #1324 ) ;
#107 = LINE ( 'NONE', #955, #1309 ) ;
#108 = CARTESIAN_POINT ( 'NONE',  ( -2.055948395457629641, 0.5384763918159547469, 0.7099141690420353035 ) ) ;
#109 = MECHANICAL_CONTEXT ( 'NONE', #281, 'mechanical' ) ;
#110 = ORIENTED_EDGE ( 'NONE', *, *, #1327, .F. ) ;
#111 = LINE ( 'NONE', #952, #1422 ) ;
#112 = DIRECTION ( 'NONE',  ( 0.000000000000000000, 0.000000000000000000, 1.000000000000000000 ) ) ;
#113 = CIRCLE ( 'NONE', #207, 0.04999999999999987788 ) ;
#114 = ADVANCED_FACE ( 'NONE', ( #332 ), #118, .F. ) ;
#115 = VECTOR ( 'NONE', #372, 39.37007874015748143 ) ;
#116 = CIRCLE ( 'NONE', #708, 2.380000000000000782 ) ;
#117 = EDGE_CURVE ( 'NONE', #1341, #667, #498, .T. ) ;
#118 = CYLINDRICAL_SURFACE ( 'NONE', #1429, 2.380000000000000782 ) ;
#119 = COORDINATED_UNIVERSAL_TIME_OFFSET ( 5, 0, .BEHIND. ) ;
#120 = VERTEX_POINT ( 'NONE', #673 ) ;
#121 = CARTESIAN_POINT ( 'NONE',  ( 0.000000000000000000, -0.09999999999999996392, -2.361818417947019633 ) ) ;
#122 = VERTEX_POINT ( 'NONE', #1158 ) ;
#123 = DIRECTION ( 'NONE',  ( 0.000000000000000000, 1.000000000000000000, 0.000000000000000000 ) ) ;
#124 = CARTESIAN_POINT ( 'NONE',  ( 1.702836425424448574, 0.5750000000000013989, 1.296150404798988465 ) ) ;
#125 = B_SPLINE_CURVE_WITH_KNOTS ( 'NONE', 3,
 ( #1444, #597, #267, #964, #145, #726, #505, #247, #1085, #483 ),
 .UNSPECIFIED., .F., .F.,
 ( 4, 2, 2, 2, 4 ),
 ( 0.000000000000000000, 0.0005687889264642119642, 0.001137577852928423928, 0.001706366779392635893, 0.002275155705856847857 ),
 .UNSPECIFIED. ) ;
#126 = EDGE_CURVE ( 'NONE', #33, #891, #1379, .T. ) ;
#127 = APPROVAL_STATUS ( 'not_yet_approved' ) ;
#128 = CARTESIAN_POINT ( 'NONE',  ( -2.054386984339943378, 0.7000000000000000666, 0.7071733299373322845 ) ) ;
#129 = VERTEX_POINT ( 'NONE', #711 ) ;
#130 = CARTESIAN_POINT ( 'NONE',  ( 0.000000000000000000, 0.7000000000000000666, -2.600000000000000089 ) ) ;
#131 = DIRECTION ( 'NONE',  ( -0.000000000000000000, -1.000000000000000000, -0.000000000000000000 ) ) ;
#132 = DIRECTION ( 'NONE',  ( 0.000000000000000000, 1.000000000000000000, 0.000000000000000000 ) ) ;
#133 = ORIENTED_EDGE ( 'NONE', *, *, #1336, .T. ) ;
#134 = DIRECTION ( 'NONE',  ( 0.9816271834476487657, 0.000000000000000000, -0.1908089953766221869 ) ) ;
#135 = CARTESIAN_POINT ( 'NONE',  ( 0.000000000000000000, -0.3500000000000000888, 0.000000000000000000 ) ) ;
#136 = VECTOR ( 'NONE', #1313, 39.37007874015748143 ) ;
#137 = TOROIDAL_SURFACE ( 'NONE', #316, 2.400000000000000355, 0.2000000000000000111 ) ;
#138 = DIRECTION ( 'NONE',  ( 0.000000000000000000, 0.000000000000000000, -1.000000000000000000 ) ) ;
#139 = ORIENTED_EDGE ( 'NONE', *, *, #1066, .T. ) ;
#140 = DIRECTION ( 'NONE',  ( 0.000000000000000000, 1.000000000000000000, 0.000000000000000000 ) ) ;
#141 = ORIENTED_EDGE ( 'NONE', *, *, #99, .F. ) ;
#142 = DIRECTION ( 'NONE',  ( 0.000000000000000000, 0.000000000000000000, -1.000000000000000000 ) ) ;
#143 = EDGE_CURVE ( 'NONE', #797, #544, #481, .T. ) ;
#144 = AXIS2_PLACEMENT_3D ( 'NONE', #1001, #1109, #640 ) ;
#145 = CARTESIAN_POINT ( 'NONE',  ( 1.596215886953267882, 0.5679733054280244886, 1.435496179874397482 ) ) ;
#146 = ORIENTED_EDGE ( 'NONE', *, *, #1418, .T. ) ;
#147 = DIRECTION ( 'NONE',  ( -1.224646799147353454E-16, 0.000000000000000000, -1.000000000000000000 ) ) ;
#148 = ORIENTED_EDGE ( 'NONE', *, *, #1240, .F. ) ;
#149 = FACE_OUTER_BOUND ( 'NONE', #263, .T. ) ;
#150 = CARTESIAN_POINT ( 'NONE',  ( 0.000000000000000000, 0.7000000000000000666, 0.000000000000000000 ) ) ;
#151 = ORIENTED_EDGE ( 'NONE', *, *, #617, .F. ) ;
#152 = CARTESIAN_POINT ( 'NONE',  ( 2.939152317953648585E-16, -0.09999999999999996392, 2.438181582052981078 ) ) ;
#153 = ORIENTED_EDGE ( 'NONE', *, *, #186, .T. ) ;
#154 = DIRECTION ( 'NONE',  ( 0.000000000000000000, 0.000000000000000000, 1.000000000000000000 ) ) ;
#155 = CIRCLE ( 'NONE', #431, 2.200000000000000178 ) ;
#156 = CARTESIAN_POINT ( 'NONE',  ( 2.694222958124177500E-16, -0.5500000000000000444, 2.238181582052980900 ) ) ;
#157 = DIRECTION ( 'NONE',  ( -0.000000000000000000, -1.000000000000000000, -0.000000000000000000 ) ) ;
#158 = AXIS2_PLACEMENT_3D ( 'NONE', #1410, #821, #1295 ) ;
#159 = DIRECTION ( 'NONE',  ( 0.000000000000000000, 0.000000000000000000, -1.000000000000000000 ) ) ;
#160 = DIRECTION ( 'NONE',  ( -0.000000000000000000, 1.000000000000000000, -0.000000000000000000 ) ) ;
#161 = ORIENTED_EDGE ( 'NONE', *, *, #533, .F. ) ;
#162 = DIRECTION ( 'NONE',  ( 0.000000000000000000, 0.000000000000000000, -1.000000000000000000 ) ) ;
#163 = AXIS2_PLACEMENT_3D ( 'NONE', #1202, #969, #138 ) ;
#164 = EDGE_CURVE ( 'NONE', #1229, #1305, #292, .T. ) ;
#165 = CIRCLE ( 'NONE', #1031, 2.140000000000000568 ) ;
#166 = DIRECTION ( 'NONE',  ( -0.000000000000000000, -1.000000000000000000, -0.000000000000000000 ) ) ;
#167 = VERTEX_POINT ( 'NONE', #182 ) ;
#168 = EDGE_CURVE ( 'NONE', #611, #797, #1127, .T. ) ;
#169 = DIRECTION ( 'NONE',  ( 1.000000000000000000, 0.000000000000000000, -1.224646799147353207E-16 ) ) ;
#170 = DIRECTION ( 'NONE',  ( 0.000000000000000000, 0.000000000000000000, -1.000000000000000000 ) ) ;
#171 = ORIENTED_EDGE ( 'NONE', *, *, #254, .T. ) ;
#172 = CARTESIAN_POINT ( 'NONE',  ( -2.048900675415255002, 0.5499604878245434314, 0.6964846624071830972 ) ) ;
#173 = CARTESIAN_POINT ( 'NONE',  ( -3.874273654889884044E-14, 2.804166666666670249, -1.993141009022333489E-13 ) ) ;
#174 = VERTEX_POINT ( 'NONE', #66 ) ;
#175 = CARTESIAN_POINT ( 'NONE',  ( 1.639623560774524869, 0.7000000000000000666, 1.425564652673833255 ) ) ;
#176 = EDGE_LOOP ( 'NONE', ( #550, #329, #459, #656 ) ) ;
#177 = ADVANCED_FACE ( 'NONE', ( #871 ), #312, .F. ) ;
#178 = DIRECTION ( 'NONE',  ( 0.000000000000000000, 0.000000000000000000, -1.000000000000000000 ) ) ;
#179 = CARTESIAN_POINT ( 'NONE',  ( 0.000000000000000000, 0.3250000000000000666, 0.000000000000000000 ) ) ;
#180 = VERTEX_POINT ( 'NONE', #1492 ) ;
#181 = DIRECTION ( 'NONE',  ( 0.000000000000000000, 0.000000000000000000, 1.000000000000000000 ) ) ;
#182 = CARTESIAN_POINT ( 'NONE',  ( -2.045683833553633590, 0.7000000000000000666, 0.6283133399326948920 ) ) ;
#183 = ORIENTED_EDGE ( 'NONE', *, *, #824, .T. ) ;
#184 = AXIS2_PLACEMENT_3D ( 'NONE', #272, #45, #1224 ) ;
#185 = DIRECTION ( 'NONE',  ( 0.000000000000000000, 1.000000000000000000, 0.000000000000000000 ) ) ;
#186 = EDGE_CURVE ( 'NONE', #1151, #1341, #402, .T. ) ;
#187 = CLOSED_SHELL ( 'NONE', ( #373, #1216, #388, #946, #79, #114, #725, #555, #1195, #963, #1360, #1289, #227, #1466, #768, #931, #1047, #1432, #915, #1089, #1138, #792, #1400, #16, #1152, #867, #177, #273, #985, #1207, #1487, #906, #1077, #72, #416, #830, #934, #612, #663, #237, #1204, #898, #1384, #11 ) ) ;
#188 = AXIS2_PLACEMENT_3D ( 'NONE', #1285, #13, #499 ) ;
#189 = PLANE ( 'NONE',  #266 ) ;
#190 = ORIENTED_EDGE ( 'NONE', *, *, #331, .T. ) ;
#191 = DIRECTION ( 'NONE',  ( 0.000000000000000000, 0.000000000000000000, -1.000000000000000000 ) ) ;
#192 = CYLINDRICAL_SURFACE ( 'NONE', #636, 2.200000000000000178 ) ;
#193 = ORIENTED_EDGE ( 'NONE', *, *, #599, .T. ) ;
#194 = DIRECTION ( 'NONE',  ( 0.000000000000000000, 1.000000000000000000, 0.000000000000000000 ) ) ;
#195 = FACE_OUTER_BOUND ( 'NONE', #912, .T. ) ;
#196 = FACE_OUTER_BOUND ( 'NONE', #454, .T. ) ;
#197 = DIRECTION ( 'NONE',  ( 0.000000000000000000, 0.000000000000000000, 1.000000000000000000 ) ) ;
#198 = ORIENTED_EDGE ( 'NONE', *, *, #1256, .T. ) ;
#199 = DIRECTION ( 'NONE',  ( 0.000000000000000000, 1.000000000000000000, 0.000000000000000000 ) ) ;
#200 = LINE ( 'NONE', #91, #1306 ) ;
#201 = EDGE_CURVE ( 'NONE', #575, #592, #1329, .T. ) ;
#202 = APPROVAL_STATUS ( 'not_yet_approved' ) ;
#203 = CARTESIAN_POINT ( 'NONE',  ( 1.682395691753868272, 0.5234141129435380124, 1.401273571299706422 ) ) ;
#204 = ORIENTED_EDGE ( 'NONE', *, *, #504, .T. ) ;
#205 = ORIENTED_EDGE ( 'NONE', *, *, #279, .F. ) ;
#206 = DIRECTION ( 'NONE',  ( 0.000000000000000000, 0.000000000000000000, 1.000000000000000000 ) ) ;
#207 = AXIS2_PLACEMENT_3D ( 'NONE', #593, #840, #1192 ) ;
#208 = AXIS2_PLACEMENT_3D ( 'NONE', #1049, #1529, #229 ) ;
#209 = EDGE_CURVE ( 'NONE', #167, #531, #881, .T. ) ;
#210 = DIRECTION ( 'NONE',  ( -0.000000000000000000, -1.000000000000000000, -0.000000000000000000 ) ) ;
#211 = COORDINATED_UNIVERSAL_TIME_OFFSET ( 5, 0, .BEHIND. ) ;
#212 = AXIS2_PLACEMENT_3D ( 'NONE', #886, #520, #1217 ) ;
#213 = DIRECTION ( 'NONE',  ( 0.000000000000000000, 0.000000000000000000, -1.000000000000000000 ) ) ;
#214 = VERTEX_POINT ( 'NONE', #669 ) ;
#215 = ORIENTED_EDGE ( 'NONE', *, *, #360, .T. ) ;
#216 = VECTOR ( 'NONE', #761, 39.37007874015748854 ) ;
#217 = DIRECTION ( 'NONE',  ( -0.000000000000000000, -1.000000000000000000, -0.000000000000000000 ) ) ;
#218 = DIRECTION ( 'NONE',  ( 0.000000000000000000, -1.000000000000000000, 0.000000000000000000 ) ) ;
#219 = DIRECTION ( 'NONE',  ( 0.000000000000000000, -1.000000000000000000, 0.000000000000000000 ) ) ;
#220 = EDGE_CURVE ( 'NONE', #1239, #841, #1497, .T. ) ;
#221 = PERSON_AND_ORGANIZATION ( #429, #1175 ) ;
#222 = CARTESIAN_POINT ( 'NONE',  ( 1.652551421403455345, 0.5318958564116438303, 1.423902875983132477 ) ) ;
#223 = ORIENTED_EDGE ( 'NONE', *, *, #279, .T. ) ;
#224 = ORIENTED_EDGE ( 'NONE', *, *, #1485, .T. ) ;
#225 = DIRECTION ( 'NONE',  ( 0.000000000000000000, -1.000000000000000000, 0.000000000000000000 ) ) ;
#226 = DIRECTION ( 'NONE',  ( 0.000000000000000000, 0.000000000000000000, -1.000000000000000000 ) ) ;
#227 = ADVANCED_FACE ( 'NONE', ( #426 ), #304, .T. ) ;
#228 = CARTESIAN_POINT ( 'NONE',  ( 0.4712984733255982106, 0.5750000000000000666, -2.087471082495683028 ) ) ;
#229 = DIRECTION ( 'NONE',  ( 1.000000000000000000, 0.000000000000000000, 0.000000000000000000 ) ) ;
#230 = CARTESIAN_POINT ( 'NONE',  ( 0.000000000000000000, 3.414809992080329023E-17, 0.000000000000000000 ) ) ;
#231 = EDGE_LOOP ( 'NONE', ( #581, #765, #205, #1472, #1092, #1071, #619, #913 ) ) ;
#232 = DIRECTION ( 'NONE',  ( 0.000000000000000000, 0.000000000000000000, -1.000000000000000000 ) ) ;
#233 = ORIENTED_EDGE ( 'NONE', *, *, #1029, .T. ) ;
#234 = CARTESIAN_POINT ( 'NONE',  ( 0.000000000000000000, -0.2999999999999999889, -2.161818417947019899 ) ) ;
#235 = VECTOR ( 'NONE', #1373, 39.37007874015748143 ) ;
#236 = VECTOR ( 'NONE', #1362, 39.37007874015748143 ) ;
#237 = ADVANCED_FACE ( 'NONE', ( #1340 ), #192, .T. ) ;
#238 = CARTESIAN_POINT ( 'NONE',  ( 1.688003492630716806, 0.5617297234651086324, 1.336027294322087888 ) ) ;
#239 = DATE_AND_TIME ( #589, #1451 ) ;
#240 = AXIS2_PLACEMENT_3D ( 'NONE', #1528, #1512, #476 ) ;
#241 = CARTESIAN_POINT ( 'NONE',  ( 0.3880321211495109668, 0.5234087951988209975, -2.154872673140586059 ) ) ;
#242 = ORIENTED_EDGE ( 'NONE', *, *, #1499, .F. ) ;
#243 = AXIS2_PLACEMENT_3D ( 'NONE', #603, #1434, #1196 ) ;
#244 = DIRECTION ( 'NONE',  ( 0.000000000000000000, 0.000000000000000000, -1.000000000000000000 ) ) ;
#245 = ORIENTED_EDGE ( 'NONE', *, *, #1144, .T. ) ;
#246 = CARTESIAN_POINT ( 'NONE',  ( 0.000000000000000000, 0.4000000000000000222, 0.000000000000000000 ) ) ;
#247 = CARTESIAN_POINT ( 'NONE',  ( 1.627623748698462824, 0.5499604878245519801, 1.426157703537116239 ) ) ;
#248 = ORIENTED_EDGE ( 'NONE', *, *, #801, .T. ) ;
#249 = FACE_OUTER_BOUND ( 'NONE', #1419, .T. ) ;
#250 = VERTEX_POINT ( 'NONE', #1119 ) ;
#251 = DIRECTION ( 'NONE',  ( 0.000000000000000000, 0.000000000000000000, 1.000000000000000000 ) ) ;
#252 = CARTESIAN_POINT ( 'NONE',  ( 0.4147634235654107382, 0.5409435624534644216, -2.132737982611155214 ) ) ;
#253 = ORIENTED_EDGE ( 'NONE', *, *, #1056, .T. ) ;
#254 = EDGE_CURVE ( 'NONE', #465, #1151, #1506, .T. ) ;
#255 = DIRECTION ( 'NONE',  ( 0.000000000000000000, 0.000000000000000000, 1.000000000000000000 ) ) ;
#256 = EDGE_LOOP ( 'NONE', ( #812, #224 ) ) ;
#257 = DIRECTION ( 'NONE',  ( 0.000000000000000000, 0.000000000000000000, -1.000000000000000000 ) ) ;
#258 = AXIS2_PLACEMENT_3D ( 'NONE', #1096, #280, #1349 ) ;
#259 = CIRCLE ( 'NONE', #463, 2.599999999999999645 ) ;
#260 = DIRECTION ( 'NONE',  ( 0.8571673007019697810, -0.000000000000000000, 0.5150380749102912992 ) ) ;
#261 = ORIENTED_EDGE ( 'NONE', *, *, #37, .F. ) ;
#262 = CARTESIAN_POINT ( 'NONE',  ( 0.7748522076080579524, 0.3250000000000000666, -2.250334209926365681 ) ) ;
#263 = EDGE_LOOP ( 'NONE', ( #1455, #865, #1252, #1125 ) ) ;
#264 = CIRCLE ( 'NONE', #365, 2.100000000000000089 ) ;
#265 = CARTESIAN_POINT ( 'NONE',  ( -2.041284102283388080, 0.5679733054280091675, 0.6646154180886588714 ) ) ;
#266 = AXIS2_PLACEMENT_3D ( 'NONE', #63, #1248, #868 ) ;
#267 = CARTESIAN_POINT ( 'NONE',  ( 1.577790550403231240, 0.5740679349906323559, 1.447086108135646088 ) ) ;
#268 = VERTEX_POINT ( 'NONE', #1128 ) ;
#269 = DIRECTION ( 'NONE',  ( -0.6560590289904951744, -0.000000000000000000, -0.7547095802227824501 ) ) ;
#270 = ORIENTED_EDGE ( 'NONE', *, *, #69, .T. ) ;
#271 = EDGE_CURVE ( 'NONE', #1060, #1381, #297, .T. ) ;
#272 = CARTESIAN_POINT ( 'NONE',  ( -2.336272696605443233, 0.7000000000000000666, 0.4541254089961615503 ) ) ;
#273 = ADVANCED_FACE ( 'NONE', ( #988 ), #1238, .F. ) ;
#274 = CARTESIAN_POINT ( 'NONE',  ( -1.986124882896877386, 0.5705388607893825403, 0.8082741250838338942 ) ) ;
#275 = EDGE_LOOP ( 'NONE', ( #967, #408, #35, #570 ) ) ;
#276 = CARTESIAN_POINT ( 'NONE',  ( 0.000000000000000000, 0.7000000000000000666, 0.000000000000000000 ) ) ;
#277 = CARTESIAN_POINT ( 'NONE',  ( -2.063057546298494138, 0.7000000000000000666, 0.8725786845098315592 ) ) ;
#278 = ORIENTED_EDGE ( 'NONE', *, *, #54, .F. ) ;
#279 = EDGE_CURVE ( 'NONE', #370, #891, #1079, .T. ) ;
#280 = DIRECTION ( 'NONE',  ( -0.000000000000000000, -1.000000000000000000, -0.000000000000000000 ) ) ;
#281 = APPLICATION_CONTEXT ( 'configuration controlled 3d designs of mechanical parts and assemblies' ) ;
#282 = EDGE_CURVE ( 'NONE', #1239, #1381, #1478, .T. ) ;
#283 = CONICAL_SURFACE ( 'NONE', #258, 2.140000000000000568, 0.7649928327109095649 ) ;
#284 = CARTESIAN_POINT ( 'NONE',  ( 0.000000000000000000, 0.5750000000000000666, 0.000000000000000000 ) ) ;
#285 = VERTEX_POINT ( 'NONE', #1017 ) ;
#286 = VECTOR ( 'NONE', #966, 39.37007874015748143 ) ;
#287 = CARTESIAN_POINT ( 'NONE',  ( -2.028313987754061909, 0.5409435624534593146, 0.7788082993145601929 ) ) ;
#288 = APPROVAL_PERSON_ORGANIZATION ( #221, #1108, #1292 ) ;
#289 = CARTESIAN_POINT ( 'NONE',  ( 0.3716071002072367513, 0.4000000000000000222, -2.107488591446124548 ) ) ;
#290 = VERTEX_POINT ( 'NONE', #175 ) ;
#291 = DIRECTION ( 'NONE',  ( 0.000000000000000000, 0.000000000000000000, -1.000000000000000000 ) ) ;
#292 = CIRCLE ( 'NONE', #563, 2.400000000000000355 ) ;
#293 = VECTOR ( 'NONE', #295, 39.37007874015748143 ) ;
#294 = AXIS2_PLACEMENT_3D ( 'NONE', #595, #1053, #226 ) ;
#295 = DIRECTION ( 'NONE',  ( -0.000000000000000000, -1.000000000000000000, -0.000000000000000000 ) ) ;
#296 = DIRECTION ( 'NONE',  ( -0.8746197071393954081, -0.000000000000000000, 0.4848096202463375581 ) ) ;
#297 = LINE ( 'NONE', #1134, #956 ) ;
#298 = VERTEX_POINT ( 'NONE', #764 ) ;
#299 = DIRECTION ( 'NONE',  ( 0.000000000000000000, -1.000000000000000000, 0.000000000000000000 ) ) ;
#300 = CC_DESIGN_PERSON_AND_ORGANIZATION_ASSIGNMENT ( #1167, #12, ( #929 ) ) ;
#301 = CARTESIAN_POINT ( 'NONE',  ( -2.274011238562427817, 0.7000000000000000666, 1.260505012640477540 ) ) ;
#302 = EDGE_LOOP ( 'NONE', ( #278, #110, #1480, #803 ) ) ;
#303 = CARTESIAN_POINT ( 'NONE',  ( 1.707418184274152484, 0.7000000000000000666, 1.290086487027110929 ) ) ;
#304 = PLANE ( 'NONE',  #1477 ) ;
#305 = ORIENTED_EDGE ( 'NONE', *, *, #665, .T. ) ;
#306 = EDGE_CURVE ( 'NONE', #508, #167, #1155, .T. ) ;
#307 = DIRECTION ( 'NONE',  ( -0.000000000000000000, -1.000000000000000000, -0.000000000000000000 ) ) ;
#308 = CARTESIAN_POINT ( 'NONE',  ( -2.028313987754061909, 0.5409435624534593146, 0.7788082993145601929 ) ) ;
#309 = EDGE_LOOP ( 'NONE', ( #1203, #1236, #322, #734, #1314, #1388 ) ) ;
#310 = AXIS2_PLACEMENT_3D ( 'NONE', #1288, #455, #1524 ) ;
#311 = CYLINDRICAL_SURFACE ( 'NONE', #385, 2.139999999999999236 ) ;
#312 = CYLINDRICAL_SURFACE ( 'NONE', #880, 0.05000000000000000971 ) ;
#313 = EDGE_LOOP ( 'NONE', ( #1457, #1277, #820, #1132, #1150, #904, #1319, #863, #804, #1026, #1361, #540 ) ) ;
#314 = AXIS2_PLACEMENT_3D ( 'NONE', #788, #1369, #425 ) ;
#315 = CARTESIAN_POINT ( 'NONE',  ( 1.640200465774364291, 0.7000000000000000666, 1.525562988563092581 ) ) ;
#316 = AXIS2_PLACEMENT_3D ( 'NONE', #473, #938, #232 ) ;
#317 = LOCAL_TIME ( 10, 39, 34.00000000000000000, #119 ) ;
#318 = AXIS2_PLACEMENT_3D ( 'NONE', #1311, #733, #1302 ) ;
#319 = CYLINDRICAL_SURFACE ( 'NONE', #240, 0.1000000000000000194 ) ;
#320 = DIRECTION ( 'NONE',  ( 0.000000000000000000, 0.000000000000000000, -1.000000000000000000 ) ) ;
#321 = DIRECTION ( 'NONE',  ( 0.000000000000000000, 1.000000000000000000, -0.000000000000000000 ) ) ;
#322 = ORIENTED_EDGE ( 'NONE', *, *, #1421, .T. ) ;
#323 = CARTESIAN_POINT ( 'NONE',  ( 2.040058175671016549, 0.3250000000000000666, 1.225790618285947042 ) ) ;
#324 = EDGE_CURVE ( 'NONE', #721, #129, #393, .T. ) ;
#325 = CARTESIAN_POINT ( 'NONE',  ( 0.4342835091323087315, 0.5617166618927510457, -2.108501050744238992 ) ) ;
#326 = DIRECTION ( 'NONE',  ( 0.000000000000000000, 1.000000000000000000, 0.000000000000000000 ) ) ;
#327 = CARTESIAN_POINT ( 'NONE',  ( 2.505194475957087733E-16, -0.3500000000000000888, -2.045646530657901696 ) ) ;
#328 = EDGE_LOOP ( 'NONE', ( #594, #49, #427, #676 ) ) ;
#329 = ORIENTED_EDGE ( 'NONE', *, *, #672, .T. ) ;
#330 = CARTESIAN_POINT ( 'NONE',  ( 1.561420488997378841, 0.7000000000000000666, 1.796208800930221283 ) ) ;
#331 = EDGE_CURVE ( 'NONE', #667, #508, #410, .T. ) ;
#332 = FACE_OUTER_BOUND ( 'NONE', #397, .T. ) ;
#333 = DATE_AND_TIME ( #698, #1476 ) ;
#334 = DIRECTION ( 'NONE',  ( -0.3255681544571674690, 0.000000000000000000, 0.9455185755993130714 ) ) ;
#335 = ORIENTED_EDGE ( 'NONE', *, *, #168, .T. ) ;
#336 = ORIENTED_EDGE ( 'NONE', *, *, #751, .F. ) ;
#337 = DIRECTION ( 'NONE',  ( 0.01745240643728796989, -0.000000000000000000, -0.9998476951563911586 ) ) ;
#338 = VECTOR ( 'NONE', #337, 39.37007874015748143 ) ;
#339 = AXIS2_PLACEMENT_3D ( 'NONE', #1011, #419, #1118 ) ;
#340 = EDGE_CURVE ( 'NONE', #598, #1075, #819, .T. ) ;
#341 = CARTESIAN_POINT ( 'NONE',  ( 0.000000000000000000, -0.3500000000000000888, 0.000000000000000000 ) ) ;
#342 = PERSON_AND_ORGANIZATION_ROLE ( 'design_owner' ) ;
#343 = CIRCLE ( 'NONE', #73, 2.140000000000016112 ) ;
#344 = DIRECTION ( 'NONE',  ( 0.000000000000000000, 0.000000000000000000, -1.000000000000000000 ) ) ;
#345 = VERTEX_POINT ( 'NONE', #1275 ) ;
#346 = CARTESIAN_POINT ( 'NONE',  ( 1.787204080735561362, 0.7000000000000000666, 1.350370902308751564 ) ) ;
#347 = DIRECTION ( 'NONE',  ( 0.000000000000000000, 0.000000000000000000, 1.000000000000000000 ) ) ;
#348 = CARTESIAN_POINT ( 'NONE',  ( -2.034169055514699842, 0.5360598573929566957, 0.7766388948794631375 ) ) ;
#349 = FACE_OUTER_BOUND ( 'NONE', #621, .T. ) ;
#350 = ORIENTED_EDGE ( 'NONE', *, *, #306, .T. ) ;
#351 = DIRECTION ( 'NONE',  ( 0.000000000000000000, 0.000000000000000000, -1.000000000000000000 ) ) ;
#352 = EDGE_CURVE ( 'NONE', #1522, #290, #811, .T. ) ;
#353 = VERTEX_POINT ( 'NONE', #1392 ) ;
#354 = DIRECTION ( 'NONE',  ( 0.000000000000000000, 1.000000000000000000, 0.000000000000000000 ) ) ;
#355 = CARTESIAN_POINT ( 'NONE',  ( 0.000000000000000000, -0.09999999999999996392, 0.03818158205298062546 ) ) ;
#356 = PERSON_AND_ORGANIZATION_ROLE ( 'creator' ) ;
#357 = CARTESIAN_POINT ( 'NONE',  ( 0.000000000000000000, 3.414809992080329023E-17, -2.600000000000000089 ) ) ;
#358 = VERTEX_POINT ( 'NONE', #4 ) ;
#359 = DIRECTION ( 'NONE',  ( 0.8746197071394377076, 0.000000000000000000, -0.4848096202462612303 ) ) ;
#360 = EDGE_CURVE ( 'NONE', #358, #1197, #1353, .T. ) ;
#361 = CARTESIAN_POINT ( 'NONE',  ( 1.688624765761590485, 0.4000000000000000222, 1.367167290589052842 ) ) ;
#362 = TOROIDAL_SURFACE ( 'NONE', #1527, 2.400000000000000355, 0.2000000000000000111 ) ;
#363 = APPLICATION_CONTEXT ( 'configuration controlled 3d designs of mechanical parts and assemblies' ) ;
#364 = DATE_TIME_ROLE ( 'classification_date' ) ;
#365 = AXIS2_PLACEMENT_3D ( 'NONE', #1391, #219, #703 ) ;
#366 = LINE ( 'NONE', #848, #1280 ) ;
#367 = ORIENTED_EDGE ( 'NONE', *, *, #645, .F. ) ;
#368 = VECTOR ( 'NONE', #1168, 39.37007874015748143 ) ;
#369 = CARTESIAN_POINT ( 'NONE',  ( 0.04153672732074553675, 0.7000000000000000666, -2.379637514472211279 ) ) ;
#370 = VERTEX_POINT ( 'NONE', #918 ) ;
#371 = AXIS2_PLACEMENT_3D ( 'NONE', #842, #1194, #724 ) ;
#372 = DIRECTION ( 'NONE',  ( -0.000000000000000000, -1.000000000000000000, -0.000000000000000000 ) ) ;
#373 = ADVANCED_FACE ( 'NONE', ( #1530 ), #1181, .T. ) ;
#374 = DIRECTION ( 'NONE',  ( -0.5936156378195766026, 0.7213873210309520445, -0.3566802596049344354 ) ) ;
#375 = ORIENTED_EDGE ( 'NONE', *, *, #623, .T. ) ;
#376 = LINE ( 'NONE', #971, #490 ) ;
#377 = ORIENTED_EDGE ( 'NONE', *, *, #982, .T. ) ;
#378 = CARTESIAN_POINT ( 'NONE',  ( 0.2635385787074197572, 0.7000000000000000666, -2.123710765978472637 ) ) ;
#379 = CARTESIAN_POINT ( 'NONE',  ( 0.000000000000000000, 0.2000000000000000111, -2.600000000000000089 ) ) ;
#380 = VERTEX_POINT ( 'NONE', #327 ) ;
#381 = CARTESIAN_POINT ( 'NONE',  ( -2.100682172578023366, 0.7000000000000000666, 0.4083312501057741462 ) ) ;
#382 = ORIENTED_EDGE ( 'NONE', *, *, #406, .T. ) ;
#383 = CARTESIAN_POINT ( 'NONE',  ( 0.03734814977579641038, 0.5750000000000000666, -2.139674067634677268 ) ) ;
#384 = AXIS2_PLACEMENT_3D ( 'NONE', #852, #194, #1154 ) ;
#385 = AXIS2_PLACEMENT_3D ( 'NONE', #1470, #879, #1386 ) ;
#386 = CARTESIAN_POINT ( 'NONE',  ( -1.970956762981597610, 0.7000000000000000666, 0.8336242789513572671 ) ) ;
#387 = ORIENTED_EDGE ( 'NONE', *, *, #1226, .T. ) ;
#388 = ADVANCED_FACE ( 'NONE', ( #1402 ), #1453, .T. ) ;
#389 = CARTESIAN_POINT ( 'NONE',  ( 0.6967158505383374001, 0.7000000000000000666, -2.023409751782529575 ) ) ;
#390 = ORIENTED_EDGE ( 'NONE', *, *, #873, .F. ) ;
#391 = EDGE_CURVE ( 'NONE', #250, #1393, #675, .T. ) ;
#392 = CARTESIAN_POINT ( 'NONE',  ( -2.043157228416856430, 0.5617166618927385002, 0.6781499740188985381 ) ) ;
#393 = CIRCLE ( 'NONE', #1253, 2.139999999999999680 ) ;
#394 = LINE ( 'NONE', #1242, #293 ) ;
#395 = EDGE_LOOP ( 'NONE', ( #1286, #1403, #1015, #1027, #1042, #1243 ) ) ;
#396 = LINE ( 'NONE', #51, #1502 ) ;
#397 = EDGE_LOOP ( 'NONE', ( #390, #1317, #897, #367, #382, #60, #742, #1206 ) ) ;
#398 = DIRECTION ( 'NONE',  ( 0.9455185755993130714, -0.000000000000000000, 0.3255681544571674690 ) ) ;
#399 = EDGE_CURVE ( 'NONE', #33, #1522, #677, .T. ) ;
#400 = CARTESIAN_POINT ( 'NONE',  ( 0.000000000000000000, 0.2000000000000000111, -2.380000000000000782 ) ) ;
#401 = DIRECTION ( 'NONE',  ( -1.224646799147351728E-16, 0.000000000000000000, -1.000000000000000000 ) ) ;
#402 = LINE ( 'NONE', #1105, #467 ) ;
#403 = ORIENTED_EDGE ( 'NONE', *, *, #978, .T. ) ;
#404 = UNCERTAINTY_MEASURE_WITH_UNIT (LENGTH_MEASURE( 1.000000000000000082E-05 ), #818, 'distance_accuracy_value', 'NONE');
#405 = PLANE ( 'NONE',  #68 ) ;
#406 = EDGE_CURVE ( 'NONE', #180, #1060, #1405, .T. ) ;
#407 = DIRECTION ( 'NONE',  ( 0.000000000000000000, 0.000000000000000000, -1.000000000000000000 ) ) ;
#408 = ORIENTED_EDGE ( 'NONE', *, *, #606, .T. ) ;
#409 = DIRECTION ( 'NONE',  ( 0.000000000000000000, 0.000000000000000000, -1.000000000000000000 ) ) ;
#410 = LINE ( 'NONE', #471, #857 ) ;
#411 = EDGE_LOOP ( 'NONE', ( #242, #1058, #972, #29 ) ) ;
#412 = CYLINDRICAL_SURFACE ( 'NONE', #853, 2.140000000000016112 ) ;
#413 = VECTOR ( 'NONE', #1012, 39.37007874015748143 ) ;
#414 = AXIS2_PLACEMENT_3D ( 'NONE', #277, #546, #995 ) ;
#415 = AXIS2_PLACEMENT_3D ( 'NONE', #284, #1, #1525 ) ;
#416 = ADVANCED_FACE ( 'NONE', ( #349 ), #452, .T. ) ;
#417 = LINE ( 'NONE', #976, #216 ) ;
#418 = VERTEX_POINT ( 'NONE', #1034 ) ;
#419 = DIRECTION ( 'NONE',  ( -0.9998476951563911586, 0.000000000000000000, -0.01745240643728796989 ) ) ;
#420 = CARTESIAN_POINT ( 'NONE',  ( 0.000000000000000000, 0.7000000000000000666, 0.000000000000000000 ) ) ;
#421 = ORIENTED_EDGE ( 'NONE', *, *, #785, .F. ) ;
#422 = CARTESIAN_POINT ( 'NONE',  ( 0.000000000000000000, -0.2999999999999999889, 0.03818158205298062546 ) ) ;
#423 = PLANE ( 'NONE',  #212 ) ;
#424 = ORIENTED_EDGE ( 'NONE', *, *, #468, .T. ) ;
#425 = DIRECTION ( 'NONE',  ( 0.000000000000000000, 0.000000000000000000, -1.000000000000000000 ) ) ;
#426 = FACE_OUTER_BOUND ( 'NONE', #1129, .T. ) ;
#427 = ORIENTED_EDGE ( 'NONE', *, *, #391, .F. ) ;
#428 = CARTESIAN_POINT ( 'NONE',  ( 0.3396892219924601553, 0.5409435624534645326, -2.145975589903612590 ) ) ;
#429 = PERSON ( 'UNSPECIFIED', 'UNSPECIFIED', 'UNSPECIFIED', ('UNSPECIFIED'), ('UNSPECIFIED'), ('UNSPECIFIED') ) ;
#430 = FACE_OUTER_BOUND ( 'NONE', #521, .T. ) ;
#431 = AXIS2_PLACEMENT_3D ( 'NONE', #422, #686, #78 ) ;
#432 = CYLINDRICAL_SURFACE ( 'NONE', #927, 0.1000000000000000194 ) ;
#433 = DIRECTION ( 'NONE',  ( 0.000000000000000000, 0.000000000000000000, 1.000000000000000000 ) ) ;
#434 = ORIENTED_EDGE ( 'NONE', *, *, #1044, .T. ) ;
#435 = EDGE_CURVE ( 'NONE', #762, #954, #795, .T. ) ;
#436 = VECTOR ( 'NONE', #140, 39.37007874015748143 ) ;
#437 = CARTESIAN_POINT ( 'NONE',  ( 0.000000000000000000, 0.7000000000000000666, 0.000000000000000000 ) ) ;
#438 = APPROVAL_PERSON_ORGANIZATION ( #451, #1019, #1301 ) ;
#439 = EDGE_CURVE ( 'NONE', #250, #1018, #682, .T. ) ;
#440 = VECTOR ( 'NONE', #1514, 39.37007874015748143 ) ;
#441 = VECTOR ( 'NONE', #218, 39.37007874015748143 ) ;
#442 = CARTESIAN_POINT ( 'NONE',  ( -2.060207855287153667, 0.5299285974377095920, 0.7226450064123105532 ) ) ;
#443 = DIRECTION ( 'NONE',  ( 0.000000000000000000, -1.000000000000000000, 0.000000000000000000 ) ) ;
#444 = EDGE_CURVE ( 'NONE', #598, #250, #1431, .T. ) ;
#445 = CARTESIAN_POINT ( 'NONE',  ( 1.689661258376785158, 0.5316105947634233164, 1.380109203937899931 ) ) ;
#446 = ORIENTED_EDGE ( 'NONE', *, *, #444, .F. ) ;
#447 = ORIENTED_EDGE ( 'NONE', *, *, #515, .T. ) ;
#448 = FACE_OUTER_BOUND ( 'NONE', #1489, .T. ) ;
#449 = EDGE_CURVE ( 'NONE', #1135, #660, #808, .T. ) ;
#450 = CARTESIAN_POINT ( 'NONE',  ( 0.4643180559074033820, 0.5740679349906314677, -2.089949752568054375 ) ) ;
#451 = PERSON_AND_ORGANIZATION ( #429, #1175 ) ;
#452 = CYLINDRICAL_SURFACE ( 'NONE', #908, 0.1000000000000000194 ) ;
#453 = ORIENTED_EDGE ( 'NONE', *, *, #860, .F. ) ;
#454 = EDGE_LOOP ( 'NONE', ( #223, #95, #1120, #233 ) ) ;
#455 = DIRECTION ( 'NONE',  ( 0.000000000000000000, -1.000000000000000000, 0.000000000000000000 ) ) ;
#456 = CARTESIAN_POINT ( 'NONE',  ( 1.688624765761590485, 0.5409435624534649767, 1.367167290589052842 ) ) ;
#457 = COORDINATED_UNIVERSAL_TIME_OFFSET ( 5, 0, .BEHIND. ) ;
#458 = DIRECTION ( 'NONE',  ( 0.000000000000000000, 0.000000000000000000, -1.000000000000000000 ) ) ;
#459 = ORIENTED_EDGE ( 'NONE', *, *, #937, .F. ) ;
#460 = EDGE_LOOP ( 'NONE', ( #86, #139, #1193, #1268, #1110, #171, #1082, #350, #1445, #104, #709, #813, #1141, #1425, #486, #770, #1389, #652, #1041, #446, #989, #1368, #1416, #67, #253, #635 ) ) ;
#461 = PLANE ( 'NONE',  #875 ) ;
#462 = AXIS2_PLACEMENT_3D ( 'NONE', #945, #217, #1517 ) ;
#463 = AXIS2_PLACEMENT_3D ( 'NONE', #650, #763, #1111 ) ;
#464 = DIRECTION ( 'NONE',  ( 0.000000000000000000, 0.000000000000000000, 1.000000000000000000 ) ) ;
#465 = VERTEX_POINT ( 'NONE', #386 ) ;
#466 = DIRECTION ( 'NONE',  ( -0.000000000000000000, -1.000000000000000000, -0.000000000000000000 ) ) ;
#467 = VECTOR ( 'NONE', #1346, 39.37007874015748143 ) ;
#468 = EDGE_CURVE ( 'NONE', #290, #40, #979, .T. ) ;
#469 = SECURITY_CLASSIFICATION_LEVEL ( 'unclassified' ) ;
#470 = VECTOR ( 'NONE', #878, 39.37007874015749564 ) ;
#471 = CARTESIAN_POINT ( 'NONE',  ( -2.054386984339943378, 0.4000000000000000222, 0.7071733299373322845 ) ) ;
#472 = ORIENTED_EDGE ( 'NONE', *, *, #282, .T. ) ;
#473 = CARTESIAN_POINT ( 'NONE',  ( 0.000000000000000000, -0.2999999999999999889, 0.03818158205298062546 ) ) ;
#474 = ORIENTED_EDGE ( 'NONE', *, *, #143, .F. ) ;
#475 = DIRECTION ( 'NONE',  ( -1.000000000000000000, -0.000000000000000000, -0.000000000000000000 ) ) ;
#476 = DIRECTION ( 'NONE',  ( 0.000000000000000000, 0.000000000000000000, -1.000000000000000000 ) ) ;
#477 = PERSON_AND_ORGANIZATION ( #429, #1175 ) ;
#478 = DIRECTION ( 'NONE',  ( 0.000000000000000000, 0.000000000000000000, 1.000000000000000000 ) ) ;
#479 = DIRECTION ( 'NONE',  ( 0.000000000000000000, 1.000000000000000000, 0.000000000000000000 ) ) ;
#480 = DIRECTION ( 'NONE',  ( 0.000000000000000000, 0.000000000000000000, -1.000000000000000000 ) ) ;
#481 = LINE ( 'NONE', #1062, #92 ) ;
#482 = COORDINATED_UNIVERSAL_TIME_OFFSET ( 5, 0, .BEHIND. ) ;
#483 = CARTESIAN_POINT ( 'NONE',  ( 1.639623560774524869, 0.5409435624534645326, 1.425564652673833477 ) ) ;
#484 = VERTEX_POINT ( 'NONE', #1439 ) ;
#485 = CARTESIAN_POINT ( 'NONE',  ( -2.081594902991761753, 0.7000000000000000666, 1.153846896186282445 ) ) ;
#486 = ORIENTED_EDGE ( 'NONE', *, *, #37, .T. ) ;
#487 = LINE ( 'NONE', #1297, #115 ) ;
#488 = CIRCLE ( 'NONE', #38, 2.500000000000000000 ) ;
#489 = EDGE_CURVE ( 'NONE', #1135, #553, #827, .T. ) ;
#490 = VECTOR ( 'NONE', #1441, 39.37007874015748143 ) ;
#491 = CARTESIAN_POINT ( 'NONE',  ( 2.694222958124177500E-16, -0.09999999999999996392, 2.238181582052980900 ) ) ;
#492 = ORIENTED_EDGE ( 'NONE', *, *, #672, .F. ) ;
#493 = AXIS2_PLACEMENT_3D ( 'NONE', #1344, #76, #756 ) ;
#494 = CARTESIAN_POINT ( 'NONE',  ( 1.707418184274152928, 0.7000000000000000666, 1.290086487027111151 ) ) ;
#495 = ORIENTED_EDGE ( 'NONE', *, *, #515, .F. ) ;
#496 = AXIS2_PLACEMENT_3D ( 'NONE', #1165, #607, #1076 ) ;
#497 = LINE ( 'NONE', #378, #1072 ) ;
#498 = B_SPLINE_CURVE_WITH_KNOTS ( 'NONE', 3,
 ( #787, #348, #1032, #916, #933, #1503, #1519, #1291, #1055, #1166, #679, #442, #1257, #690, #108, #922 ),
 .UNSPECIFIED., .F., .F.,
 ( 4, 2, 2, 2, 2, 2, 2, 4 ),
 ( 0.001248472908464087414, 0.001848457220350888108, 0.002148449376294287588, 0.002448441532237686635, 0.002748433688181085681, 0.003048425844124485161, 0.003348418000067884207, 0.003648410156011283687 ),
 .UNSPECIFIED. ) ;
#499 = DIRECTION ( 'NONE',  ( 0.000000000000000000, 0.000000000000000000, 1.000000000000000000 ) ) ;
#500 = ORIENTED_EDGE ( 'NONE', *, *, #143, .T. ) ;
#501 = FACE_OUTER_BOUND ( 'NONE', #1113, .T. ) ;
#502 = FACE_OUTER_BOUND ( 'NONE', #302, .T. ) ;
#503 = EDGE_CURVE ( 'NONE', #748, #598, #366, .T. ) ;
#504 = EDGE_CURVE ( 'NONE', #1332, #298, #893, .T. ) ;
#505 = CARTESIAN_POINT ( 'NONE',  ( 1.615263834476046156, 0.5579999964797355272, 1.428517901500456544 ) ) ;
#506 = ORIENTED_EDGE ( 'NONE', *, *, #885, .T. ) ;
#507 = CARTESIAN_POINT ( 'NONE',  ( 2.571758278209442450E-16, -0.5500000000000000444, 2.138181582052980811 ) ) ;
#508 = VERTEX_POINT ( 'NONE', #128 ) ;
#509 = CARTESIAN_POINT ( 'NONE',  ( 0.000000000000000000, 0.7000000000000000666, 0.000000000000000000 ) ) ;
#510 = VECTOR ( 'NONE', #861, 39.37007874015748143 ) ;
#511 = VECTOR ( 'NONE', #736, 39.37007874015748854 ) ;
#512 = CARTESIAN_POINT ( 'NONE',  ( -1.977571766282632426, 0.5740679882775925336, 0.8201774204399856494 ) ) ;
#513 = ORIENTED_EDGE ( 'NONE', *, *, #31, .F. ) ;
#514 = CC_DESIGN_APPROVAL ( #62, ( #1366 ) ) ;
#515 = EDGE_CURVE ( 'NONE', #553, #174, #542, .T. ) ;
#516 = LINE ( 'NONE', #494, #436 ) ;
#517 = EDGE_LOOP ( 'NONE', ( #887, #986 ) ) ;
#518 = CYLINDRICAL_SURFACE ( 'NONE', #923, 2.045646530657901696 ) ;
#519 = AXIS2_PLACEMENT_3D ( 'NONE', #230, #903, #699 ) ;
#520 = DIRECTION ( 'NONE',  ( 0.000000000000000000, 1.000000000000000000, 0.000000000000000000 ) ) ;
#521 = EDGE_LOOP ( 'NONE', ( #492, #495, #375, #828 ) ) ;
#522 = CARTESIAN_POINT ( 'NONE',  ( 0.000000000000000000, 0.7000000000000000666, 0.000000000000000000 ) ) ;
#523 = DIRECTION ( 'NONE',  ( -0.7547095802227818950, 0.000000000000000000, 0.6560590289904958405 ) ) ;
#524 = ORIENTED_EDGE ( 'NONE', *, *, #719, .F. ) ;
#525 = EDGE_CURVE ( 'NONE', #544, #1522, #125, .T. ) ;
#526 = FACE_OUTER_BOUND ( 'NONE', #773, .T. ) ;
#527 = CARTESIAN_POINT ( 'NONE',  ( -2.001035323347685857, 0.5617297234650973081, 0.7938402591340198988 ) ) ;
#528 = ORIENTED_EDGE ( 'NONE', *, *, #978, .F. ) ;
#529 = DIRECTION ( 'NONE',  ( -0.000000000000000000, 1.000000000000000000, -0.000000000000000000 ) ) ;
#530 = DIRECTION ( 'NONE',  ( 0.000000000000000000, 1.000000000000000000, 0.000000000000000000 ) ) ;
#531 = VERTEX_POINT ( 'NONE', #1189 ) ;
#532 = DIRECTION ( 'NONE',  ( 0.000000000000000000, -1.000000000000000000, 0.000000000000000000 ) ) ;
#533 = EDGE_CURVE ( 'NONE', #1464, #592, #739, .T. ) ;
#534 = CIRCLE ( 'NONE', #750, 2.600000000000000089 ) ;
#535 = ORIENTED_EDGE ( 'NONE', *, *, #340, .T. ) ;
#536 = AXIS2_PLACEMENT_3D ( 'NONE', #507, #169, #401 ) ;
#537 =( LENGTH_UNIT ( ) NAMED_UNIT ( * ) SI_UNIT ( $, .METRE. ) );
#538 = CC_DESIGN_APPROVAL ( #1019, ( #43 ) ) ;
#539 = CARTESIAN_POINT ( 'NONE',  ( 0.000000000000000000, 0.7000000000000000666, 0.000000000000000000 ) ) ;
#540 = ORIENTED_EDGE ( 'NONE', *, *, #1485, .F. ) ;
#541 = FACE_OUTER_BOUND ( 'NONE', #901, .T. ) ;
#542 = CIRCLE ( 'NONE', #163, 2.600000000000000089 ) ;
#543 = LINE ( 'NONE', #744, #93 ) ;
#544 = VERTEX_POINT ( 'NONE', #1210 ) ;
#545 = CARTESIAN_POINT ( 'NONE',  ( 0.000000000000000000, 0.2000000000000000111, 0.000000000000000000 ) ) ;
#546 = DIRECTION ( 'NONE',  ( 0.000000000000000000, 1.000000000000000000, 0.000000000000000000 ) ) ;
#547 = ORIENTED_EDGE ( 'NONE', *, *, #1447, .F. ) ;
#548 = CARTESIAN_POINT ( 'NONE',  ( 0.2635385787074198682, 0.5750000000000000666, -2.123710765978473525 ) ) ;
#549 = EDGE_CURVE ( 'NONE', #1440, #748, #883, .T. ) ;
#550 = ORIENTED_EDGE ( 'NONE', *, *, #1421, .F. ) ;
#551 = EDGE_CURVE ( 'NONE', #1347, #1239, #943, .T. ) ;
#552 = DIRECTION ( 'NONE',  ( -0.000000000000000000, -1.000000000000000000, -0.000000000000000000 ) ) ;
#553 = VERTEX_POINT ( 'NONE', #357 ) ;
#554 = CARTESIAN_POINT ( 'NONE',  ( 0.3130318307169524528, 0.5617297234651085214, -2.129867553456104901 ) ) ;
#555 = ADVANCED_FACE ( 'NONE', ( #958 ), #1424, .T. ) ;
#556 = CARTESIAN_POINT ( 'NONE',  ( 0.4177669143637687821, 0.5455954435125806024, -2.127604408528118718 ) ) ;
#557 = CARTESIAN_POINT ( 'NONE',  ( 0.000000000000000000, 0.2000000000000000111, 0.000000000000000000 ) ) ;
#558 = CARTESIAN_POINT ( 'NONE',  ( 1.672158416285869365, 0.5234087951988213305, 1.413482010970135150 ) ) ;
#559 = ORIENTED_EDGE ( 'NONE', *, *, #1263, .F. ) ;
#560 = CIRCLE ( 'NONE', #71, 2.380000000000000782 ) ;
#561 = EDGE_CURVE ( 'NONE', #1075, #370, #1070, .T. ) ;
#562 = DIRECTION ( 'NONE',  ( 0.000000000000000000, 0.000000000000000000, -1.000000000000000000 ) ) ;
#563 = AXIS2_PLACEMENT_3D ( 'NONE', #355, #1363, #896 ) ;
#564 = AXIS2_PLACEMENT_3D ( 'NONE', #862, #992, #1354 ) ;
#565 = CIRCLE ( 'NONE', #1156, 2.045646530657901696 ) ;
#566 = DIRECTION ( 'NONE',  ( 0.000000000000000000, 0.000000000000000000, -1.000000000000000000 ) ) ;
#567 = APPLICATION_PROTOCOL_DEFINITION ( 'international standard', 'config_control_design', 1994, #281 ) ;
#568 = CARTESIAN_POINT ( 'NONE',  ( 1.680216309718578271, 0.5229200828104512144, 1.404626136183163565 ) ) ;
#569 = ORIENTED_EDGE ( 'NONE', *, *, #352, .T. ) ;
#570 = ORIENTED_EDGE ( 'NONE', *, *, #1090, .T. ) ;
#571 = DIRECTION ( 'NONE',  ( 0.000000000000000000, 0.000000000000000000, 1.000000000000000000 ) ) ;
#572 = DIRECTION ( 'NONE',  ( 0.000000000000000000, 1.000000000000000000, 0.000000000000000000 ) ) ;
#573 = CARTESIAN_POINT ( 'NONE',  ( 1.665920824367946640, 0.5252595292577766362, 1.418088798461623723 ) ) ;
#574 = VERTEX_POINT ( 'NONE', #843 ) ;
#575 = VERTEX_POINT ( 'NONE', #655 ) ;
#576 = DIRECTION ( 'NONE',  ( 0.000000000000000000, 1.000000000000000000, 0.000000000000000000 ) ) ;
#577 = CARTESIAN_POINT ( 'NONE',  ( -2.274011238562427817, 0.4000000000000000222, 1.260505012640477540 ) ) ;
#578 = EDGE_CURVE ( 'NONE', #1075, #844, #47, .T. ) ;
#579 = CARTESIAN_POINT ( 'NONE',  ( 1.687625791076519999, 0.5455953704374284507, 1.361304230121103132 ) ) ;
#580 = CARTESIAN_POINT ( 'NONE',  ( 0.000000000000000000, -0.09999999999999996392, 0.000000000000000000 ) ) ;
#581 = ORIENTED_EDGE ( 'NONE', *, *, #399, .F. ) ;
#582 = FACE_OUTER_BOUND ( 'NONE', #460, .T. ) ;
#583 = AXIS2_PLACEMENT_3D ( 'NONE', #315, #1500, #1359 ) ;
#584 = CIRCLE ( 'NONE', #1326, 2.380000000000000338 ) ;
#585 = DIRECTION ( 'NONE',  ( 0.000000000000000000, 0.000000000000000000, -1.000000000000000000 ) ) ;
#586 = PRODUCT_DEFINITION_SHAPE ( 'NONE', 'NONE',  #1366 ) ;
#587 = CARTESIAN_POINT ( 'NONE',  ( 0.4511212028584128952, 0.5705432555037064368, -2.096299261417294613 ) ) ;
#588 = AXIS2_PLACEMENT_3D ( 'NONE', #869, #745, #753 ) ;
#589 = CALENDAR_DATE ( 2026, 8, 7 ) ;
#590 = AXIS2_PLACEMENT_3D ( 'NONE', #1057, #1040, #344 ) ;
#591 = CARTESIAN_POINT ( 'NONE',  ( 1.687108513684304700, 0.5266170384905435320, 1.390765597480402072 ) ) ;
#592 = VERTEX_POINT ( 'NONE', #156 ) ;
#593 = CARTESIAN_POINT ( 'NONE',  ( -2.010942208481845572, 0.7000000000000000666, 0.7319231067169243987 ) ) ;
#594 = ORIENTED_EDGE ( 'NONE', *, *, #1352, .T. ) ;
#595 = CARTESIAN_POINT ( 'NONE',  ( 0.000000000000000000, 0.2000000000000000111, 0.000000000000000000 ) ) ;
#596 = CARTESIAN_POINT ( 'NONE',  ( 1.707418184274153594, 0.5750000000000000666, 1.290086487027111817 ) ) ;
#597 = CARTESIAN_POINT ( 'NONE',  ( 1.572153750443859632, 0.5750000000000000666, 1.451891991912636737 ) ) ;
#598 = VERTEX_POINT ( 'NONE', #778 ) ;
#599 = EDGE_CURVE ( 'NONE', #1018, #1371, #1030, .T. ) ;
#600 = CARTESIAN_POINT ( 'NONE',  ( 0.6967158505383375111, 0.5750000000000000666, -2.023409751782530464 ) ) ;
#601 = CARTESIAN_POINT ( 'NONE',  ( 0.3396892219924601553, 0.4000000000000000222, -2.145975589903612590 ) ) ;
#602 = EDGE_CURVE ( 'NONE', #1213, #611, #543, .T. ) ;
#603 = CARTESIAN_POINT ( 'NONE',  ( 0.000000000000000000, 0.2000000000000000111, 0.000000000000000000 ) ) ;
#604 = ORIENTED_EDGE ( 'NONE', *, *, #435, .T. ) ;
#605 = CARTESIAN_POINT ( 'NONE',  ( 0.4787066028584659461, 0.5750000000000000666, -2.085770837934913136 ) ) ;
#606 = EDGE_CURVE ( 'NONE', #1013, #1381, #666, .T. ) ;
#607 = DIRECTION ( 'NONE',  ( -0.000000000000000000, -1.000000000000000000, -0.000000000000000000 ) ) ;
#608 = AXIS2_PLACEMENT_3D ( 'NONE', #509, #616, #1084 ) ;
#609 = CIRCLE ( 'NONE', #90, 2.380000000000002558 ) ;
#610 = CARTESIAN_POINT ( 'NONE',  ( 3.279730360369818484E-13, 2.804166666666670249, -5.458387946402138906E-13 ) ) ;
#611 = VERTEX_POINT ( 'NONE', #1343 ) ;
#612 = ADVANCED_FACE ( 'NONE', ( #48 ), #423, .T. ) ;
#613 = AXIS2_PLACEMENT_3D ( 'NONE', #179, #1337, #407 ) ;
#614 = CARTESIAN_POINT ( 'NONE',  ( -2.336272696605443233, 0.3250000000000000666, 0.4541254089961617169 ) ) ;
#615 = EDGE_LOOP ( 'NONE', ( #1312, #528 ) ) ;
#616 = DIRECTION ( 'NONE',  ( -0.000000000000000000, -1.000000000000000000, -0.000000000000000000 ) ) ;
#617 = EDGE_CURVE ( 'NONE', #919, #174, #394, .T. ) ;
#618 = CARTESIAN_POINT ( 'NONE',  ( 0.3841625220933311824, 0.5229132864375076739, -2.156049434475188153 ) ) ;
#619 = ORIENTED_EDGE ( 'NONE', *, *, #738, .F. ) ;
#620 = CARTESIAN_POINT ( 'NONE',  ( -2.274011238562427817, 1.300000000000000044, 1.260505012640477540 ) ) ;
#621 = EDGE_LOOP ( 'NONE', ( #1435, #1323, #740, #1428 ) ) ;
#622 = DIRECTION ( 'NONE',  ( -0.000000000000000000, -1.000000000000000000, -0.000000000000000000 ) ) ;
#623 = EDGE_CURVE ( 'NONE', #553, #1197, #735, .T. ) ;
#624 = CARTESIAN_POINT ( 'NONE',  ( 0.4112874893648166275, 0.5361559815114463889, -2.138093183295359356 ) ) ;
#625 = ORIENTED_EDGE ( 'NONE', *, *, #117, .F. ) ;
#626 = DIRECTION ( 'NONE',  ( 0.000000000000000000, 1.000000000000000000, -0.000000000000000000 ) ) ;
#627 = ORIENTED_EDGE ( 'NONE', *, *, #695, .F. ) ;
#628 = DIRECTION ( 'NONE',  ( -0.000000000000000000, -1.000000000000000000, -0.000000000000000000 ) ) ;
#629 = CIRCLE ( 'NONE', #1446, 2.140000000000016112 ) ;
#630 = VECTOR ( 'NONE', #851, 39.37007874015748143 ) ;
#631 = DIRECTION ( 'NONE',  ( -0.000000000000000000, -1.000000000000000000, -0.000000000000000000 ) ) ;
#632 = DIRECTION ( 'NONE',  ( 0.000000000000000000, 0.000000000000000000, -1.000000000000000000 ) ) ;
#633 = CARTESIAN_POINT ( 'NONE',  ( -2.081594902991761309, 0.3250000000000000666, 1.153846896186283555 ) ) ;
#634 = DIRECTION ( 'NONE',  ( 0.000000000000000000, 0.000000000000000000, 1.000000000000000000 ) ) ;
#635 = ORIENTED_EDGE ( 'NONE', *, *, #168, .F. ) ;
#636 = AXIS2_PLACEMENT_3D ( 'NONE', #772, #1251, #1220 ) ;
#637 = CARTESIAN_POINT ( 'NONE',  ( 3.184081677783118684E-16, 0.4000000000000000222, 2.599999999999999645 ) ) ;
#638 = AXIS2_PLACEMENT_3D ( 'NONE', #1438, #475, #347 ) ;
#639 = B_SPLINE_CURVE_WITH_KNOTS ( 'NONE', 3,
 ( #1233, #1214, #974, #759, #265, #392, #1474, #172, #743, #1328 ),
 .UNSPECIFIED., .F., .F.,
 ( 4, 2, 2, 2, 4 ),
 ( 4.955361418800576252E-17, 0.0005687889264641762940, 0.001137577852928303148, 0.001706366779392429894, 0.002275155705856556423 ),
 .UNSPECIFIED. ) ;
#640 = DIRECTION ( 'NONE',  ( 0.000000000000000000, 0.000000000000000000, 1.000000000000000000 ) ) ;
#641 = EDGE_LOOP ( 'NONE', ( #981, #604, #1117, #1394 ) ) ;
#642 = CARTESIAN_POINT ( 'NONE',  ( 0.4147634235654106272, 0.4000000000000000222, -2.132737982611155214 ) ) ;
#643 = CARTESIAN_POINT ( 'NONE',  ( 1.561420488997378841, 0.7000000000000000666, 1.796208800930221283 ) ) ;
#644 = EDGE_LOOP ( 'NONE', ( #535, #1246, #977, #14 ) ) ;
#645 = EDGE_CURVE ( 'NONE', #180, #706, #1235, .T. ) ;
#646 = EDGE_CURVE ( 'NONE', #484, #167, #343, .T. ) ;
#647 = PRODUCT_RELATED_PRODUCT_CATEGORY ( 'detail', '', ( #1024 ) ) ;
#648 = CARTESIAN_POINT ( 'NONE',  ( -2.017238285546809173, 0.5499625406315484799, 0.7834705400563295452 ) ) ;
#649 = ORIENTED_EDGE ( 'NONE', *, *, #1352, .F. ) ;
#650 = CARTESIAN_POINT ( 'NONE',  ( 0.000000000000000000, 0.4000000000000000222, 0.000000000000000000 ) ) ;
#651 = DIRECTION ( 'NONE',  ( -0.000000000000000000, 1.000000000000000000, -0.000000000000000000 ) ) ;
#652 = ORIENTED_EDGE ( 'NONE', *, *, #599, .F. ) ;
#653 = DIRECTION ( 'NONE',  ( 0.000000000000000000, -1.000000000000000000, 0.000000000000000000 ) ) ;
#654 = AXIS2_PLACEMENT_3D ( 'NONE', #30, #1115, #162 ) ;
#655 = CARTESIAN_POINT ( 'NONE',  ( 0.000000000000000000, -0.5500000000000000444, -2.161818417947019899 ) ) ;
#656 = ORIENTED_EDGE ( 'NONE', *, *, #623, .F. ) ;
#657 = VECTOR ( 'NONE', #858, 39.37007874015748143 ) ;
#658 = DIRECTION ( 'NONE',  ( 0.000000000000000000, 0.000000000000000000, -1.000000000000000000 ) ) ;
#659 = DIRECTION ( 'NONE',  ( -0.000000000000000000, 1.000000000000000000, -0.000000000000000000 ) ) ;
#660 = VERTEX_POINT ( 'NONE', #301 ) ;
#661 = EDGE_CURVE ( 'NONE', #129, #954, #894, .T. ) ;
#662 = CARTESIAN_POINT ( 'NONE',  ( 0.000000000000000000, -0.6500000000000000222, -2.061818417947019810 ) ) ;
#663 = ADVANCED_FACE ( 'NONE', ( #1367, #74 ), #189, .T. ) ;
#664 = AXIS2_PLACEMENT_3D ( 'NONE', #984, #1460, #769 ) ;
#665 = EDGE_CURVE ( 'NONE', #1341, #214, #1395, .T. ) ;
#666 = LINE ( 'NONE', #173, #470 ) ;
#667 = VERTEX_POINT ( 'NONE', #1116 ) ;
#668 = CARTESIAN_POINT ( 'NONE',  ( 2.694222958124177500E-16, -0.2999999999999999889, 2.238181582052980900 ) ) ;
#669 = CARTESIAN_POINT ( 'NONE',  ( -1.970956762981583177, 0.5750000000000000666, 0.8336242789513511608 ) ) ;
#670 = ORIENTED_EDGE ( 'NONE', *, *, #1336, .F. ) ;
#671 = CARTESIAN_POINT ( 'NONE',  ( 0.3351111500258266984, 0.5455953704374278956, -2.142178922214629466 ) ) ;
#672 = EDGE_CURVE ( 'NONE', #174, #358, #1130, .T. ) ;
#673 = CARTESIAN_POINT ( 'NONE',  ( 1.561420488997378841, 0.4000000000000000222, 1.796208800930221283 ) ) ;
#674 = LINE ( 'NONE', #889, #236 ) ;
#675 = LINE ( 'NONE', #1380, #440 ) ;
#676 = ORIENTED_EDGE ( 'NONE', *, *, #439, .T. ) ;
#677 = B_SPLINE_CURVE_WITH_KNOTS ( 'NONE', 3,
 ( #85, #103, #445, #591, #935, #203, #568, #1050, #558, #573, #1408, #1293, #222, #1387, #1025, #705 ),
 .UNSPECIFIED., .F., .F.,
 ( 4, 2, 2, 2, 2, 2, 2, 4 ),
 ( 0.001248472908463845203, 0.001848457220350781206, 0.002148449376294242485, 0.002448441532237703548, 0.002748433688181164177, 0.003048425844124625674, 0.003348418000068086736, 0.003648410156011547799 ),
 .UNSPECIFIED. ) ;
#678 = CARTESIAN_POINT ( 'NONE',  ( -2.336272696605443233, 0.7000000000000000666, 0.4541254089961615503 ) ) ;
#679 = CARTESIAN_POINT ( 'NONE',  ( -2.061031475495440191, 0.5266208954930649000, 0.7298609645179757743 ) ) ;
#680 = AXIS2_PLACEMENT_3D ( 'NONE', #1201, #36, #291 ) ;
#681 = APPROVAL_DATE_TIME ( #239, #1019 ) ;
#682 = LINE ( 'NONE', #1149, #786 ) ;
#683 = ORIENTED_EDGE ( 'NONE', *, *, #718, .F. ) ;
#684 = ORIENTED_EDGE ( 'NONE', *, *, #1447, .T. ) ;
#685 = AXIS2_PLACEMENT_3D ( 'NONE', #557, #771, #910 ) ;
#686 = DIRECTION ( 'NONE',  ( 0.000000000000000000, -1.000000000000000000, 0.000000000000000000 ) ) ;
#687 = LOCAL_TIME ( 10, 39, 34.00000000000000000, #1414 ) ;
#688 = VECTOR ( 'NONE', #1091, 39.37007874015748143 ) ;
#689 = VECTOR ( 'NONE', #815, 39.37007874015748143 ) ;
#690 = CARTESIAN_POINT ( 'NONE',  ( -2.057286757074530126, 0.5361559815114430583, 0.7128611775990315591 ) ) ;
#691 = CALENDAR_DATE ( 2026, 8, 7 ) ;
#692 = DIRECTION ( 'NONE',  ( 0.000000000000000000, 1.000000000000000000, -0.000000000000000000 ) ) ;
#693 = ORIENTED_EDGE ( 'NONE', *, *, #1172, .T. ) ;
#694 = LINE ( 'NONE', #1417, #136 ) ;
#695 = EDGE_CURVE ( 'NONE', #1106, #1393, #417, .T. ) ;
#696 = PLANE ( 'NONE',  #371 ) ;
#697 = DIRECTION ( 'NONE',  ( -0.000000000000000000, 1.000000000000000000, -0.000000000000000000 ) ) ;
#698 = CALENDAR_DATE ( 2026, 8, 7 ) ;
#699 = DIRECTION ( 'NONE',  ( 0.000000000000000000, 0.000000000000000000, -1.000000000000000000 ) ) ;
#700 = ORIENTED_EDGE ( 'NONE', *, *, #220, .T. ) ;
#701 = CARTESIAN_POINT ( 'NONE',  ( 0.5010760702817584900, 0.7000000000000000666, -2.183236764941216546 ) ) ;
#702 = CYLINDRICAL_SURFACE ( 'NONE', #760, 2.380000000000000782 ) ;
#703 = DIRECTION ( 'NONE',  ( 0.000000000000000000, 0.000000000000000000, -1.000000000000000000 ) ) ;
#704 = DATE_TIME_ROLE ( 'creation_date' ) ;
#705 = CARTESIAN_POINT ( 'NONE',  ( 1.639623560774524869, 0.5409435624534645326, 1.425564652673833477 ) ) ;
#706 = VERTEX_POINT ( 'NONE', #400 ) ;
#707 = DIRECTION ( 'NONE',  ( -0.8746197071394377076, -0.000000000000000000, 0.4848096202462612303 ) ) ;
#708 = AXIS2_PLACEMENT_3D ( 'NONE', #545, #1244, #181 ) ;
#709 = ORIENTED_EDGE ( 'NONE', *, *, #406, .F. ) ;
#710 = DIRECTION ( 'NONE',  ( 0.000000000000000000, 1.000000000000000000, 0.000000000000000000 ) ) ;
#711 = CARTESIAN_POINT ( 'NONE',  ( 0.03734814977579641038, 0.7000000000000000666, -2.139674067634676824 ) ) ;
#712 = CONICAL_SURFACE ( 'NONE', #1098, 2.140000000000000568, 0.7649928327109095649 ) ;
#713 = AXIS2_PLACEMENT_3D ( 'NONE', #150, #132, #478 ) ;
#714 = CARTESIAN_POINT ( 'NONE',  ( 0.3984376012445428050, 0.5266208954930655661, -2.149836098037362753 ) ) ;
#715 = EDGE_LOOP ( 'NONE', ( #261, #453, #1094, #336 ) ) ;
#716 = CARTESIAN_POINT ( 'NONE',  ( -2.028313987754061909, 0.7000000000000000666, 0.7788082993145601929 ) ) ;
#717 = CARTESIAN_POINT ( 'NONE',  ( 1.834338023502543047, 0.7000000000000000666, 1.102181480307477202 ) ) ;
#718 = EDGE_CURVE ( 'NONE', #954, #105, #836, .T. ) ;
#719 = EDGE_CURVE ( 'NONE', #214, #465, #107, .T. ) ;
#720 = DIRECTION ( 'NONE',  ( -0.000000000000000000, -1.000000000000000000, -0.000000000000000000 ) ) ;
#721 = VERTEX_POINT ( 'NONE', #833 ) ;
#722 = PLANE ( 'NONE',  #310 ) ;
#723 = VERTEX_POINT ( 'NONE', #577 ) ;
#724 = DIRECTION ( 'NONE',  ( -0.8571673007019697810, 0.000000000000000000, -0.5150380749102912992 ) ) ;
#725 = ADVANCED_FACE ( 'NONE', ( #1188 ), #8, .T. ) ;
#726 = CARTESIAN_POINT ( 'NONE',  ( 1.608873719284534598, 0.5617166618927514898, 1.430351076725355330 ) ) ;
#727 = ORIENTED_EDGE ( 'NONE', *, *, #665, .F. ) ;
#728 = LINE ( 'NONE', #1339, #511 ) ;
#729 = ORIENTED_EDGE ( 'NONE', *, *, #54, .T. ) ;
#730 = FACE_OUTER_BOUND ( 'NONE', #87, .T. ) ;
#731 = VECTOR ( 'NONE', #296, 39.37007874015748143 ) ;
#732 = CC_DESIGN_SECURITY_CLASSIFICATION ( #43, ( #929 ) ) ;
#733 = DIRECTION ( 'NONE',  ( 0.000000000000000000, 1.000000000000000000, 0.000000000000000000 ) ) ;
#734 = ORIENTED_EDGE ( 'NONE', *, *, #489, .F. ) ;
#735 = CIRCLE ( 'NONE', #144, 0.1000000000000000194 ) ;
#736 = DIRECTION ( 'NONE',  ( 0.4543417587471559327, -0.7213873210309519335, 0.5226604053439739550 ) ) ;
#737 = CARTESIAN_POINT ( 'NONE',  ( 2.505194475957087733E-16, -0.3500000000000000888, -2.045646530657901696 ) ) ;
#738 = EDGE_CURVE ( 'NONE', #544, #1334, #165, .T. ) ;
#739 = LINE ( 'NONE', #491, #688 ) ;
#740 = ORIENTED_EDGE ( 'NONE', *, *, #306, .F. ) ;
#741 = DIRECTION ( 'NONE',  ( -0.000000000000000000, -1.000000000000000000, -0.000000000000000000 ) ) ;
#742 = ORIENTED_EDGE ( 'NONE', *, *, #282, .F. ) ;
#743 = CARTESIAN_POINT ( 'NONE',  ( -2.051442924171005266, 0.5455954435125738300, 0.7020054435644034196 ) ) ;
#744 = CARTESIAN_POINT ( 'NONE',  ( 1.561420488997378841, 0.7000000000000000666, 1.796208800930221283 ) ) ;
#745 = DIRECTION ( 'NONE',  ( 0.000000000000000000, -1.000000000000000000, 0.000000000000000000 ) ) ;
#746 = CARTESIAN_POINT ( 'NONE',  ( 0.000000000000000000, -0.3500000000000000888, 2.045646530657901696 ) ) ;
#747 = CARTESIAN_POINT ( 'NONE',  ( -2.045683833553633590, 0.7000000000000000666, 0.6283133399326948920 ) ) ;
#748 = VERTEX_POINT ( 'NONE', #717 ) ;
#749 = CARTESIAN_POINT ( 'NONE',  ( 4.439252989704427977E-16, 0.4000000000000000222, -4.644141589229247669E-15 ) ) ;
#750 = AXIS2_PLACEMENT_3D ( 'NONE', #1037, #905, #571 ) ;
#751 = EDGE_CURVE ( 'NONE', #1036, #1332, #1180, .T. ) ;
#752 = CARTESIAN_POINT ( 'NONE',  ( -1.970956762981583177, 0.5750000000000000666, 0.8336242789513511608 ) ) ;
#753 = DIRECTION ( 'NONE',  ( 0.000000000000000000, 0.000000000000000000, -1.000000000000000000 ) ) ;
#754 = LINE ( 'NONE', #389, #657 ) ;
#755 = VECTOR ( 'NONE', #101, 39.37007874015748143 ) ;
#756 = DIRECTION ( 'NONE',  ( 0.000000000000000000, 0.000000000000000000, -1.000000000000000000 ) ) ;
#757 = ORIENTED_EDGE ( 'NONE', *, *, #774, .T. ) ;
#758 = VECTOR ( 'NONE', #720, 39.37007874015748143 ) ;
#759 = CARTESIAN_POINT ( 'NONE',  ( -2.041009015751151345, 0.5705432555036906717, 0.6574672088474821097 ) ) ;
#760 = AXIS2_PLACEMENT_3D ( 'NONE', #1406, #131, #480 ) ;
#761 = DIRECTION ( 'NONE',  ( 0.2254663092065730401, -0.7213873210309519335, -0.6548017077471256497 ) ) ;
#762 = VERTEX_POINT ( 'NONE', #1061 ) ;
#763 = DIRECTION ( 'NONE',  ( 0.000000000000000000, 1.000000000000000000, -0.000000000000000000 ) ) ;
#764 = CARTESIAN_POINT ( 'NONE',  ( 0.4147634235654107382, 0.5409435624534644216, -2.132737982611155214 ) ) ;
#765 = ORIENTED_EDGE ( 'NONE', *, *, #126, .T. ) ;
#766 = CARTESIAN_POINT ( 'NONE',  ( 0.3000523330673097178, 0.5679726605988283383, -2.125682374552961384 ) ) ;
#767 = CC_DESIGN_PERSON_AND_ORGANIZATION_ASSIGNMENT ( #1284, #356, ( #1366 ) ) ;
#768 = ADVANCED_FACE ( 'NONE', ( #1307 ), #696, .T. ) ;
#769 = DIRECTION ( 'NONE',  ( -1.224646799147351728E-16, 0.000000000000000000, -1.000000000000000000 ) ) ;
#770 = ORIENTED_EDGE ( 'NONE', *, *, #1159, .F. ) ;
#771 = DIRECTION ( 'NONE',  ( 0.000000000000000000, 1.000000000000000000, 0.000000000000000000 ) ) ;
#772 = CARTESIAN_POINT ( 'NONE',  ( 0.000000000000000000, -0.09999999999999996392, 0.03818158205298062546 ) ) ;
#773 = EDGE_LOOP ( 'NONE', ( #790, #1185, #1232, #547 ) ) ;
#774 = EDGE_CURVE ( 'NONE', #345, #380, #565, .T. ) ;
#775 = DIRECTION ( 'NONE',  ( 0.000000000000000000, 0.000000000000000000, -1.000000000000000000 ) ) ;
#776 = AXIS2_PLACEMENT_3D ( 'NONE', #1136, #653, #562 ) ;
#777 = CIRCLE ( 'NONE', #384, 2.045646530657901696 ) ;
#778 = CARTESIAN_POINT ( 'NONE',  ( 2.040058175671016105, 0.7000000000000000666, 1.225790618285946820 ) ) ;
#779 = ORIENTED_EDGE ( 'NONE', *, *, #1256, .F. ) ;
#780 = AXIS2_PLACEMENT_3D ( 'NONE', #1023, #443, #320 ) ;
#781 = FACE_OUTER_BOUND ( 'NONE', #641, .T. ) ;
#782 = CARTESIAN_POINT ( 'NONE',  ( 1.000603985320245525E-13, 2.804166666666670249, 1.805137373632998634E-13 ) ) ;
#783 = EDGE_LOOP ( 'NONE', ( #82, #133, #950, #779 ) ) ;
#784 = CARTESIAN_POINT ( 'NONE',  ( 0.2710809649691772738, 0.5750000000000008438, -2.122774805306553159 ) ) ;
#785 = EDGE_CURVE ( 'NONE', #1440, #40, #1355, .T. ) ;
#786 = VECTOR ( 'NONE', #334, 39.37007874015748854 ) ;
#787 = CARTESIAN_POINT ( 'NONE',  ( -2.028313987754061909, 0.5409435624534593146, 0.7788082993145601929 ) ) ;
#788 = CARTESIAN_POINT ( 'NONE',  ( 0.000000000000000000, -0.5500000000000000444, 0.03818158205298062546 ) ) ;
#789 = DIRECTION ( 'NONE',  ( -0.000000000000000000, 1.000000000000000000, -0.000000000000000000 ) ) ;
#790 = ORIENTED_EDGE ( 'NONE', *, *, #1046, .T. ) ;
#791 = DIRECTION ( 'NONE',  ( 0.000000000000000000, 0.000000000000000000, 1.000000000000000000 ) ) ;
#792 = ADVANCED_FACE ( 'NONE', ( #930 ), #702, .F. ) ;
#793 = CYLINDRICAL_SURFACE ( 'NONE', #1153, 2.045646530657901696 ) ;
#794 = DIRECTION ( 'NONE',  ( 0.000000000000000000, 0.000000000000000000, 1.000000000000000000 ) ) ;
#795 = LINE ( 'NONE', #1140, #1330 ) ;
#796 = ORIENTED_EDGE ( 'NONE', *, *, #719, .T. ) ;
#797 = VERTEX_POINT ( 'NONE', #1420 ) ;
#798 = CARTESIAN_POINT ( 'NONE',  ( 0.2784914014298867646, 0.5740679882776086318, -2.122716097627599829 ) ) ;
#799 = CARTESIAN_POINT ( 'NONE',  ( 1.403966322039659653, 0.7000000000000000666, 1.615078501676753042 ) ) ;
#800 = VECTOR ( 'NONE', #707, 39.37007874015748854 ) ;
#801 = EDGE_CURVE ( 'NONE', #40, #33, #947, .T. ) ;
#802 = CARTESIAN_POINT ( 'NONE',  ( 0.000000000000000000, 0.7000000000000000666, 0.000000000000000000 ) ) ;
#803 = ORIENTED_EDGE ( 'NONE', *, *, #1418, .F. ) ;
#804 = ORIENTED_EDGE ( 'NONE', *, *, #850, .F. ) ;
#805 = AXIS2_PLACEMENT_3D ( 'NONE', #522, #1219, #1087 ) ;
#806 = FACE_OUTER_BOUND ( 'NONE', #1221, .T. ) ;
#807 = CIRCLE ( 'NONE', #1504, 2.400000000000000355 ) ;
#808 = CIRCLE ( 'NONE', #188, 2.600000000000000089 ) ;
#809 = CARTESIAN_POINT ( 'NONE',  ( 1.688624765761590485, 0.5409435624534649767, 1.367167290589052842 ) ) ;
#810 = APPROVAL_DATE_TIME ( #826, #62 ) ;
#811 = LINE ( 'NONE', #911, #368 ) ;
#812 = ORIENTED_EDGE ( 'NONE', *, *, #1490, .T. ) ;
#813 = ORIENTED_EDGE ( 'NONE', *, *, #1271, .F. ) ;
#814 = DIRECTION ( 'NONE',  ( 0.000000000000000000, 1.000000000000000000, -0.000000000000000000 ) ) ;
#815 = DIRECTION ( 'NONE',  ( 0.000000000000000000, -1.000000000000000000, 0.000000000000000000 ) ) ;
#816 = EDGE_CURVE ( 'NONE', #575, #1002, #97, .T. ) ;
#817 = CARTESIAN_POINT ( 'NONE',  ( 0.4450682153301045441, 0.5679733054280241555, -2.100111597963040033 ) ) ;
#818 =( CONVERSION_BASED_UNIT ( 'INCH', #1496 ) LENGTH_UNIT ( ) NAMED_UNIT ( #1234 ) );
#819 = LINE ( 'NONE', #94, #1532 ) ;
#820 = ORIENTED_EDGE ( 'NONE', *, *, #991, .T. ) ;
#821 = DIRECTION ( 'NONE',  ( -0.000000000000000000, -1.000000000000000000, -0.000000000000000000 ) ) ;
#822 = ORIENTED_EDGE ( 'NONE', *, *, #449, .F. ) ;
#823 = DIRECTION ( 'NONE',  ( 0.000000000000000000, 1.000000000000000000, 0.000000000000000000 ) ) ;
#824 = EDGE_CURVE ( 'NONE', #841, #214, #957, .T. ) ;
#825 = CARTESIAN_POINT ( 'NONE',  ( 1.693048366992669251, 0.5705388607893973063, 1.315897541135162330 ) ) ;
#826 = DATE_AND_TIME ( #1033, #687 ) ;
#827 = LINE ( 'NONE', #379, #1382 ) ;
#828 = ORIENTED_EDGE ( 'NONE', *, *, #360, .F. ) ;
#829 = AXIS2_PLACEMENT_3D ( 'NONE', #1511, #199, #791 ) ;
#830 = ADVANCED_FACE ( 'NONE', ( #23 ), #1430, .F. ) ;
#831 = LINE ( 'NONE', #485, #800 ) ;
#832 = CIRCLE ( 'NONE', #1272, 0.2000000000000000389 ) ;
#833 = CARTESIAN_POINT ( 'NONE',  ( 0.2635385787074197572, 0.7000000000000000666, -2.123710765978472637 ) ) ;
#834 = EDGE_CURVE ( 'NONE', #1303, #574, #1510, .T. ) ;
#835 = AXIS2_PLACEMENT_3D ( 'NONE', #1112, #59, #1482 ) ;
#836 = CIRCLE ( 'NONE', #415, 2.140000000000000568 ) ;
#837 = CARTESIAN_POINT ( 'NONE',  ( 0.3763337618949049168, 0.5229200828104512144, -2.157423076160814190 ) ) ;
#838 = ORIENTED_EDGE ( 'NONE', *, *, #877, .T. ) ;
#839 = CC_DESIGN_PERSON_AND_ORGANIZATION_ASSIGNMENT ( #1520, #1513, ( #929 ) ) ;
#840 = DIRECTION ( 'NONE',  ( 0.000000000000000000, 1.000000000000000000, 0.000000000000000000 ) ) ;
#841 = VERTEX_POINT ( 'NONE', #19 ) ;
#842 = CARTESIAN_POINT ( 'NONE',  ( 2.040058175671015661, 0.7000000000000000666, 1.225790618285947042 ) ) ;
#843 = CARTESIAN_POINT ( 'NONE',  ( 2.505194475957087733E-16, 0.2000000000000000111, -2.045646530657901696 ) ) ;
#844 = VERTEX_POINT ( 'NONE', #1412 ) ;
#845 = CARTESIAN_POINT ( 'NONE',  ( 0.4787066028584657240, 0.7000000000000000666, -2.085770837934912247 ) ) ;
#846 = EDGE_LOOP ( 'NONE', ( #424, #248, #970, #569 ) ) ;
#847 = CARTESIAN_POINT ( 'NONE',  ( 1.707418184274153594, 0.5750000000000000666, 1.290086487027111817 ) ) ;
#848 = CARTESIAN_POINT ( 'NONE',  ( 2.040058175671015661, 0.7000000000000000666, 1.225790618285947042 ) ) ;
#849 = ORIENTED_EDGE ( 'NONE', *, *, #1372, .F. ) ;
#850 = EDGE_CURVE ( 'NONE', #285, #762, #487, .T. ) ;
#851 = DIRECTION ( 'NONE',  ( 0.000000000000000000, -1.000000000000000000, 0.000000000000000000 ) ) ;
#852 = CARTESIAN_POINT ( 'NONE',  ( 0.000000000000000000, 0.2000000000000000111, 0.000000000000000000 ) ) ;
#853 = AXIS2_PLACEMENT_3D ( 'NONE', #1121, #307, #775 ) ;
#854 = CIRCLE ( 'NONE', #780, 2.100000000000000089 ) ;
#855 = DIRECTION ( 'NONE',  ( -0.000000000000000000, -1.000000000000000000, -0.000000000000000000 ) ) ;
#856 = ORIENTED_EDGE ( 'NONE', *, *, #209, .T. ) ;
#857 = VECTOR ( 'NONE', #924, 39.37007874015748143 ) ;
#858 = DIRECTION ( 'NONE',  ( -0.000000000000000000, -1.000000000000000000, -0.000000000000000000 ) ) ;
#859 = VERTEX_POINT ( 'NONE', #234 ) ;
#860 = EDGE_CURVE ( 'NONE', #105, #721, #497, .T. ) ;
#861 = DIRECTION ( 'NONE',  ( -0.000000000000000000, 1.000000000000000000, -0.000000000000000000 ) ) ;
#862 = CARTESIAN_POINT ( 'NONE',  ( 0.000000000000000000, 0.7000000000000000666, 0.000000000000000000 ) ) ;
#863 = ORIENTED_EDGE ( 'NONE', *, *, #1458, .F. ) ;
#864 = LINE ( 'NONE', #28, #630 ) ;
#865 = ORIENTED_EDGE ( 'NONE', *, *, #774, .F. ) ;
#866 = DIRECTION ( 'NONE',  ( -0.000000000000000000, 1.000000000000000000, -0.000000000000000000 ) ) ;
#867 = ADVANCED_FACE ( 'NONE', ( #1281 ), #283, .F. ) ;
#868 = DIRECTION ( 'NONE',  ( 0.000000000000000000, -0.000000000000000000, -1.000000000000000000 ) ) ;
#869 = CARTESIAN_POINT ( 'NONE',  ( 0.000000000000000000, 3.414809992080329023E-17, 0.000000000000000000 ) ) ;
#870 = CARTESIAN_POINT ( 'NONE',  ( 2.939152317953648585E-16, -0.2999999999999999889, 2.438181582052981078 ) ) ;
#871 = FACE_OUTER_BOUND ( 'NONE', #846, .T. ) ;
#872 = ORIENTED_EDGE ( 'NONE', *, *, #1008, .T. ) ;
#873 = EDGE_CURVE ( 'NONE', #1483, #1347, #1173, .T. ) ;
#874 = CARTESIAN_POINT ( 'NONE',  ( 0.000000000000000000, -0.09999999999999996392, 0.000000000000000000 ) ) ;
#875 = AXIS2_PLACEMENT_3D ( 'NONE', #1067, #1304, #359 ) ;
#876 =( GEOMETRIC_REPRESENTATION_CONTEXT ( 3 ) GLOBAL_UNCERTAINTY_ASSIGNED_CONTEXT ( ( #404 ) ) GLOBAL_UNIT_ASSIGNED_CONTEXT ( ( #818, #3, #1160 ) ) REPRESENTATION_CONTEXT ( 'NONE', 'WORKASPACE' ) );
#877 = EDGE_CURVE ( 'NONE', #531, #667, #639, .T. ) ;
#878 = DIRECTION ( 'NONE',  ( -0.6798080679537190640, -0.7213873210309519335, 0.1321413024032146721 ) ) ;
#879 = DIRECTION ( 'NONE',  ( -0.000000000000000000, -1.000000000000000000, -0.000000000000000000 ) ) ;
#880 = AXIS2_PLACEMENT_3D ( 'NONE', #1004, #160, #634 ) ;
#881 = LINE ( 'NONE', #747, #413 ) ;
#882 = ORIENTED_EDGE ( 'NONE', *, *, #1102, .F. ) ;
#883 = CIRCLE ( 'NONE', #713, 2.139999999999999236 ) ;
#884 = CYLINDRICAL_SURFACE ( 'NONE', #1198, 0.04999999999999987788 ) ;
#885 = EDGE_CURVE ( 'NONE', #1101, #1106, #1526, .T. ) ;
#886 = CARTESIAN_POINT ( 'NONE',  ( 0.000000000000000000, -0.3500000000000000888, 0.000000000000000000 ) ) ;
#887 = ORIENTED_EDGE ( 'NONE', *, *, #164, .T. ) ;
#888 = EDGE_CURVE ( 'NONE', #380, #574, #983, .T. ) ;
#889 = CARTESIAN_POINT ( 'NONE',  ( 0.000000000000000000, -0.09999999999999996392, -2.161818417947019899 ) ) ;
#890 = CARTESIAN_POINT ( 'NONE',  ( 0.000000000000000000, -0.5500000000000000444, 0.03818158205298062546 ) ) ;
#891 = VERTEX_POINT ( 'NONE', #847 ) ;
#892 = CYLINDRICAL_SURFACE ( 'NONE', #1223, 2.139999999999999680 ) ;
#893 = B_SPLINE_CURVE_WITH_KNOTS ( 'NONE', 3,
 ( #1064, #1331, #1081, #26, #1316, #32, #837, #618, #241, #20, #714, #1322, #1184, #624, #1415, #252 ),
 .UNSPECIFIED., .F., .F.,
 ( 4, 2, 2, 2, 2, 2, 2, 4 ),
 ( 0.001248472908463863634, 0.001848457220350786844, 0.002148449376294248557, 0.002448441532237710053, 0.002748433688181171550, 0.003048425844124633480, 0.003348418000068094976, 0.003648410156011556472 ),
 .UNSPECIFIED. ) ;
#894 = LINE ( 'NONE', #1454, #932 ) ;
#895 = PLANE ( 'NONE',  #339 ) ;
#896 = DIRECTION ( 'NONE',  ( 0.000000000000000000, 0.000000000000000000, -1.000000000000000000 ) ) ;
#897 = ORIENTED_EDGE ( 'NONE', *, *, #1490, .F. ) ;
#898 = ADVANCED_FACE ( 'NONE', ( #1459 ), #89, .T. ) ;
#899 = LINE ( 'NONE', #1484, #235 ) ;
#900 = CIRCLE ( 'NONE', #1097, 2.600000000000000089 ) ;
#901 = EDGE_LOOP ( 'NONE', ( #245, #153, #1187, #190 ) ) ;
#902 = CARTESIAN_POINT ( 'NONE',  ( 0.000000000000000000, 3.414809992080329023E-17, 0.000000000000000000 ) ) ;
#903 = DIRECTION ( 'NONE',  ( 0.000000000000000000, -1.000000000000000000, 0.000000000000000000 ) ) ;
#904 = ORIENTED_EDGE ( 'NONE', *, *, #444, .T. ) ;
#905 = DIRECTION ( 'NONE',  ( 0.000000000000000000, 1.000000000000000000, 0.000000000000000000 ) ) ;
#906 = ADVANCED_FACE ( 'NONE', ( #502 ), #1452, .T. ) ;
#907 = AXIS2_PLACEMENT_3D ( 'NONE', #1022, #572, #1385 ) ;
#908 = AXIS2_PLACEMENT_3D ( 'NONE', #1259, #789, #197 ) ;
#909 = DIRECTION ( 'NONE',  ( -0.000000000000000000, 1.000000000000000000, -0.000000000000000000 ) ) ;
#910 = DIRECTION ( 'NONE',  ( 0.000000000000000000, -0.000000000000000000, 1.000000000000000000 ) ) ;
#911 = CARTESIAN_POINT ( 'NONE',  ( 1.639623560774524869, 0.4000000000000000222, 1.425564652673833255 ) ) ;
#912 = EDGE_LOOP ( 'NONE', ( #1509, #96, #403, #148 ) ) ;
#913 = ORIENTED_EDGE ( 'NONE', *, *, #525, .T. ) ;
#914 = CARTESIAN_POINT ( 'NONE',  ( 0.3191165418537441067, 0.5580093669606022155, -2.132572751879371342 ) ) ;
#915 = ADVANCED_FACE ( 'NONE', ( #1443 ), #1465, .T. ) ;
#916 = CARTESIAN_POINT ( 'NONE',  ( -2.047992594969623603, 0.5266170384905424218, 0.7656960330514140933 ) ) ;
#917 = APPROVAL_DATE_TIME ( #1063, #1108 ) ;
#918 = CARTESIAN_POINT ( 'NONE',  ( 1.834338023502543935, 0.5750000000000000666, 1.102181480307477646 ) ) ;
#919 = VERTEX_POINT ( 'NONE', #637 ) ;
#920 = ORIENTED_EDGE ( 'NONE', *, *, #991, .F. ) ;
#921 = DIRECTION ( 'NONE',  ( 0.000000000000000000, 1.000000000000000000, 0.000000000000000000 ) ) ;
#922 = CARTESIAN_POINT ( 'NONE',  ( -2.054386984339943822, 0.5409435624534592035, 0.7071733299373322845 ) ) ;
#923 = AXIS2_PLACEMENT_3D ( 'NONE', #1320, #866, #154 ) ;
#924 = DIRECTION ( 'NONE',  ( -0.000000000000000000, 1.000000000000000000, -0.000000000000000000 ) ) ;
#925 = EDGE_LOOP ( 'NONE', ( #625, #305, #1461, #1437, #472, #64, #53, #838 ) ) ;
#926 = ORIENTED_EDGE ( 'NONE', *, *, #99, .T. ) ;
#927 = AXIS2_PLACEMENT_3D ( 'NONE', #1491, #65, #1237 ) ;
#928 = FACE_OUTER_BOUND ( 'NONE', #7, .T. ) ;
#929 = PRODUCT_DEFINITION_FORMATION_WITH_SPECIFIED_SOURCE ( 'ANY', '', #1024, .NOT_KNOWN. ) ;
#930 = FACE_OUTER_BOUND ( 'NONE', #313, .T. ) ;
#931 = ADVANCED_FACE ( 'NONE', ( #1107 ), #405, .T. ) ;
#932 = VECTOR ( 'NONE', #166, 39.37007874015748143 ) ;
#933 = CARTESIAN_POINT ( 'NONE',  ( -2.050431768731269866, 0.5252778024346832497, 0.7628374107847528673 ) ) ;
#934 = ADVANCED_FACE ( 'NONE', ( #149 ), #518, .F. ) ;
#935 = CARTESIAN_POINT ( 'NONE',  ( 1.685852461062373742, 0.5252778024346836938, 1.394307295055563500 ) ) ;
#936 = EDGE_LOOP ( 'NONE', ( #204, #146, #1267, #1178 ) ) ;
#937 = EDGE_CURVE ( 'NONE', #1197, #358, #488, .T. ) ;
#938 = DIRECTION ( 'NONE',  ( 0.000000000000000000, -1.000000000000000000, 0.000000000000000000 ) ) ;
#939 = ORIENTED_EDGE ( 'NONE', *, *, #738, .T. ) ;
#940 = DIRECTION ( 'NONE',  ( 0.000000000000000000, -0.000000000000000000, -1.000000000000000000 ) ) ;
#941 = CARTESIAN_POINT ( 'NONE',  ( 0.4787066028584659461, 0.5750000000000000666, -2.085770837934913136 ) ) ;
#942 = PERSON_AND_ORGANIZATION ( #429, #1175 ) ;
#943 = LINE ( 'NONE', #949, #758 ) ;
#944 = ORIENTED_EDGE ( 'NONE', *, *, #661, .T. ) ;
#945 = CARTESIAN_POINT ( 'NONE',  ( 0.000000000000000000, 0.5750000000000000666, 0.000000000000000000 ) ) ;
#946 = ADVANCED_FACE ( 'NONE', ( #526 ), #1342, .T. ) ;
#947 = LINE ( 'NONE', #361, #441 ) ;
#948 = PERSON_AND_ORGANIZATION_ROLE ( 'classification_officer' ) ;
#949 = CARTESIAN_POINT ( 'NONE',  ( -2.081594902991761309, 0.7000000000000000666, 1.153846896186283555 ) ) ;
#950 = ORIENTED_EDGE ( 'NONE', *, *, #164, .F. ) ;
#951 = VECTOR ( 'NONE', #1261, 39.37007874015748143 ) ;
#952 = CARTESIAN_POINT ( 'NONE',  ( -2.336272696605443233, 0.7000000000000000666, 0.4541254089961615503 ) ) ;
#953 = CIRCLE ( 'NONE', #975, 0.2000000000000000389 ) ;
#954 = VERTEX_POINT ( 'NONE', #383 ) ;
#955 = CARTESIAN_POINT ( 'NONE',  ( -1.970956762981597610, 0.7000000000000000666, 0.8336242789513572671 ) ) ;
#956 = VECTOR ( 'NONE', #1245, 39.37007874015748143 ) ;
#957 = CIRCLE ( 'NONE', #496, 2.140000000000000568 ) ;
#958 = FACE_OUTER_BOUND ( 'NONE', #1162, .T. ) ;
#959 = ORIENTED_EDGE ( 'NONE', *, *, #126, .F. ) ;
#960 = CARTESIAN_POINT ( 'NONE',  ( 0.000000000000000000, 0.7000000000000000666, 0.000000000000000000 ) ) ;
#961 = ORIENTED_EDGE ( 'NONE', *, *, #1255, .F. ) ;
#962 = CARTESIAN_POINT ( 'NONE',  ( 0.000000000000000000, 0.5750000000000000666, 0.000000000000000000 ) ) ;
#963 = ADVANCED_FACE ( 'NONE', ( #730 ), #1088, .F. ) ;
#964 = CARTESIAN_POINT ( 'NONE',  ( 1.589887812892722740, 0.5705432555037071030, 1.438832052569830822 ) ) ;
#965 = ORIENTED_EDGE ( 'NONE', *, *, #1296, .T. ) ;
#966 = DIRECTION ( 'NONE',  ( 0.000000000000000000, -1.000000000000000000, 0.000000000000000000 ) ) ;
#967 = ORIENTED_EDGE ( 'NONE', *, *, #1372, .T. ) ;
#968 = DIRECTION ( 'NONE',  ( 0.000000000000000000, 0.000000000000000000, 1.000000000000000000 ) ) ;
#969 = DIRECTION ( 'NONE',  ( -0.000000000000000000, 1.000000000000000000, -0.000000000000000000 ) ) ;
#970 = ORIENTED_EDGE ( 'NONE', *, *, #399, .T. ) ;
#971 = CARTESIAN_POINT ( 'NONE',  ( 0.4787066028584657240, 0.7000000000000000666, -2.085770837934912247 ) ) ;
#972 = ORIENTED_EDGE ( 'NONE', *, *, #1426, .F. ) ;
#973 = CIRCLE ( 'NONE', #1473, 0.05000000000000000971 ) ;
#974 = CARTESIAN_POINT ( 'NONE',  ( -2.042108606310651275, 0.5740679349906144813, 0.6428636444324296040 ) ) ;
#975 = AXIS2_PLACEMENT_3D ( 'NONE', #870, #1205, #147 ) ;
#976 = CARTESIAN_POINT ( 'NONE',  ( -7.749039071169825069E-16, 2.804166666666670249, -2.668208128664369508E-16 ) ) ;
#977 = ORIENTED_EDGE ( 'NONE', *, *, #1029, .F. ) ;
#978 = EDGE_CURVE ( 'NONE', #574, #1303, #777, .T. ) ;
#979 = CIRCLE ( 'NONE', #318, 0.05000000000000000971 ) ;
#980 = FACE_OUTER_BOUND ( 'NONE', #1086, .T. ) ;
#981 = ORIENTED_EDGE ( 'NONE', *, *, #850, .T. ) ;
#982 = EDGE_CURVE ( 'NONE', #1332, #105, #18, .T. ) ;
#983 = LINE ( 'NONE', #737, #510 ) ;
#984 = CARTESIAN_POINT ( 'NONE',  ( 3.061616997868383141E-16, 3.414809992080329023E-17, 2.500000000000000000 ) ) ;
#985 = ADVANCED_FACE ( 'NONE', ( #541 ), #884, .F. ) ;
#986 = ORIENTED_EDGE ( 'NONE', *, *, #100, .T. ) ;
#987 = CYLINDRICAL_SURFACE ( 'NONE', #805, 2.140000000000016112 ) ;
#988 = FACE_OUTER_BOUND ( 'NONE', #936, .T. ) ;
#989 = ORIENTED_EDGE ( 'NONE', *, *, #503, .F. ) ;
#990 = CARTESIAN_POINT ( 'NONE',  ( 0.000000000000000000, -0.09999999999999996392, 0.03818158205298062546 ) ) ;
#991 = EDGE_CURVE ( 'NONE', #120, #844, #70, .T. ) ;
#992 = DIRECTION ( 'NONE',  ( 0.000000000000000000, 1.000000000000000000, 0.000000000000000000 ) ) ;
#993 = EDGE_LOOP ( 'NONE', ( #44, #729, #27, #377, #683, #75, #21, #627 ) ) ;
#994 = FACE_BOUND ( 'NONE', #615, .T. ) ;
#995 = DIRECTION ( 'NONE',  ( 0.000000000000000000, 0.000000000000000000, 1.000000000000000000 ) ) ;
#996 = ORIENTED_EDGE ( 'NONE', *, *, #602, .T. ) ;
#997 = EDGE_CURVE ( 'NONE', #465, #268, #629, .T. ) ;
#998 = CARTESIAN_POINT ( 'NONE',  ( 0.7748522076080580634, 0.7000000000000000666, -2.250334209926365681 ) ) ;
#999 = CIRCLE ( 'NONE', #1095, 2.200000000000000178 ) ;
#1000 = VECTOR ( 'NONE', #1456, 39.37007874015748143 ) ;
#1001 = CARTESIAN_POINT ( 'NONE',  ( 0.000000000000000000, 3.414809992080329023E-17, -2.500000000000000000 ) ) ;
#1002 = VERTEX_POINT ( 'NONE', #662 ) ;
#1003 = LINE ( 'NONE', #1356, #731 ) ;
#1004 = CARTESIAN_POINT ( 'NONE',  ( 1.639335108274605268, 0.4000000000000000222, 1.375565484729203369 ) ) ;
#1005 = ORIENTED_EDGE ( 'NONE', *, *, #1374, .F. ) ;
#1006 = VECTOR ( 'NONE', #631, 39.37007874015748143 ) ;
#1007 = CARTESIAN_POINT ( 'NONE',  ( 0.000000000000000000, 0.7000000000000000666, 0.000000000000000000 ) ) ;
#1008 = EDGE_CURVE ( 'NONE', #380, #345, #1501, .T. ) ;
#1009 = DIRECTION ( 'NONE',  ( -0.6560590289904958405, 0.000000000000000000, -0.7547095802227818950 ) ) ;
#1010 = ORIENTED_EDGE ( 'NONE', *, *, #1296, .F. ) ;
#1011 = CARTESIAN_POINT ( 'NONE',  ( 0.04153672732074553675, 0.7000000000000000666, -2.379637514472211279 ) ) ;
#1012 = DIRECTION ( 'NONE',  ( -0.000000000000000000, -1.000000000000000000, -0.000000000000000000 ) ) ;
#1013 = VERTEX_POINT ( 'NONE', #1494 ) ;
#1014 = DIRECTION ( 'NONE',  ( 0.000000000000000000, 0.000000000000000000, 1.000000000000000000 ) ) ;
#1015 = ORIENTED_EDGE ( 'NONE', *, *, #1255, .T. ) ;
#1016 = CARTESIAN_POINT ( 'NONE',  ( 0.000000000000000000, 0.3250000000000000666, 0.000000000000000000 ) ) ;
#1017 = CARTESIAN_POINT ( 'NONE',  ( 0.04153672732074485674, 0.7000000000000000666, -2.379637514472211279 ) ) ;
#1018 = VERTEX_POINT ( 'NONE', #1020 ) ;
#1019 = APPROVAL ( #1401, 'UNSPECIFIED' ) ;
#1020 = CARTESIAN_POINT ( 'NONE',  ( 0.6967158505383374001, 0.7000000000000000666, -2.023409751782529575 ) ) ;
#1021 = CIRCLE ( 'NONE', #536, 0.1000000000000000194 ) ;
#1022 = CARTESIAN_POINT ( 'NONE',  ( 0.2758534655629066301, 0.7000000000000000666, -2.222949586818588230 ) ) ;
#1023 = CARTESIAN_POINT ( 'NONE',  ( 0.000000000000000000, -0.6500000000000000222, 0.03818158205298062546 ) ) ;
#1024 = PRODUCT ( 'TopOfIbexHoleCoverTop', 'TopOfIbexHoleCoverTop', '', ( #109 ) ) ;
#1025 = CARTESIAN_POINT ( 'NONE',  ( 1.642777902625726760, 0.5384763918159594098, 1.425546454815149522 ) ) ;
#1026 = ORIENTED_EDGE ( 'NONE', *, *, #1271, .T. ) ;
#1027 = ORIENTED_EDGE ( 'NONE', *, *, #1310, .T. ) ;
#1028 = CARTESIAN_POINT ( 'NONE',  ( 0.3396892219924601553, 0.7000000000000000666, -2.145975589903612590 ) ) ;
#1029 = EDGE_CURVE ( 'NONE', #748, #370, #899, .T. ) ;
#1030 = CIRCLE ( 'NONE', #564, 2.139999999999999680 ) ;
#1031 = AXIS2_PLACEMENT_3D ( 'NONE', #962, #1315, #585 ) ;
#1032 = CARTESIAN_POINT ( 'NONE',  ( -2.040040259795333988, 0.5316105947634204298, 0.7732349715757285136 ) ) ;
#1033 = CALENDAR_DATE ( 2026, 8, 7 ) ;
#1034 = CARTESIAN_POINT ( 'NONE',  ( 0.4147634235654106272, 0.7000000000000000666, -2.132737982611155214 ) ) ;
#1035 = ORIENTED_EDGE ( 'NONE', *, *, #100, .F. ) ;
#1036 = VERTEX_POINT ( 'NONE', #1028 ) ;
#1037 = CARTESIAN_POINT ( 'NONE',  ( 0.000000000000000000, 0.7000000000000000666, 0.000000000000000000 ) ) ;
#1038 = DIRECTION ( 'NONE',  ( 0.000000000000000000, 0.000000000000000000, -1.000000000000000000 ) ) ;
#1039 = APPROVAL_ROLE ( '' ) ;
#1040 = DIRECTION ( 'NONE',  ( 0.000000000000000000, -1.000000000000000000, 0.000000000000000000 ) ) ;
#1041 = ORIENTED_EDGE ( 'NONE', *, *, #439, .F. ) ;
#1042 = ORIENTED_EDGE ( 'NONE', *, *, #873, .T. ) ;
#1043 = CARTESIAN_POINT ( 'NONE',  ( 0.3716071002072367513, 0.7000000000000000666, -2.107488591446124548 ) ) ;
#1044 = EDGE_CURVE ( 'NONE', #1464, #859, #999, .T. ) ;
#1045 = CARTESIAN_POINT ( 'NONE',  ( 1.787204080735561362, 0.7000000000000000666, 1.350370902308751564 ) ) ;
#1046 = EDGE_CURVE ( 'NONE', #859, #1464, #155, .T. ) ;
#1047 = ADVANCED_FACE ( 'NONE', ( #98 ), #892, .F. ) ;
#1048 = CARTESIAN_POINT ( 'NONE',  ( 0.4147634235654107382, 0.5409435624534644216, -2.132737982611155214 ) ) ;
#1049 = CARTESIAN_POINT ( 'NONE',  ( 0.000000000000000000, 0.000000000000000000, 0.000000000000000000 ) ) ;
#1050 = CARTESIAN_POINT ( 'NONE',  ( 1.675112321023916273, 0.5229132864375073408, 1.410719220552324460 ) ) ;
#1051 = ORIENTED_EDGE ( 'NONE', *, *, #1469, .F. ) ;
#1052 = CARTESIAN_POINT ( 'NONE',  ( 1.705753475375286987, 0.7000000000000000666, 1.962244908579234837 ) ) ;
#1053 = DIRECTION ( 'NONE',  ( -0.000000000000000000, -1.000000000000000000, -0.000000000000000000 ) ) ;
#1054 = AXIS2_PLACEMENT_3D ( 'NONE', #1231, #552, #170 ) ;
#1055 = CARTESIAN_POINT ( 'NONE',  ( -2.060190537435383717, 0.5234087951988214416, 0.7413906621704560163 ) ) ;
#1056 = EDGE_CURVE ( 'NONE', #290, #797, #1247, .T. ) ;
#1057 = CARTESIAN_POINT ( 'NONE',  ( 0.000000000000000000, -0.5500000000000000444, 0.03818158205298062546 ) ) ;
#1058 = ORIENTED_EDGE ( 'NONE', *, *, #1321, .T. ) ;
#1059 = FACE_OUTER_BOUND ( 'NONE', #783, .T. ) ;
#1060 = VERTEX_POINT ( 'NONE', #678 ) ;
#1061 = CARTESIAN_POINT ( 'NONE',  ( 0.04153672732074484980, 0.3250000000000000666, -2.379637514472210835 ) ) ;
#1062 = CARTESIAN_POINT ( 'NONE',  ( 1.566977230695151713, 0.7000000000000000666, 1.457457498002240115 ) ) ;
#1063 = DATE_AND_TIME ( #1274, #1147 ) ;
#1064 = CARTESIAN_POINT ( 'NONE',  ( 0.3396892219924601553, 0.5409435624534645326, -2.145975589903612590 ) ) ;
#1065 = ORIENTED_EDGE ( 'NONE', *, *, #860, .T. ) ;
#1066 = EDGE_CURVE ( 'NONE', #1213, #1135, #534, .T. ) ;
#1067 = CARTESIAN_POINT ( 'NONE',  ( -2.081594902991761753, 0.7000000000000000666, 1.153846896186282445 ) ) ;
#1068 = ORIENTED_EDGE ( 'NONE', *, *, #997, .T. ) ;
#1069 = DIRECTION ( 'NONE',  ( 0.000000000000000000, -1.000000000000000000, 0.000000000000000000 ) ) ;
#1070 = LINE ( 'NONE', #610, #1099 ) ;
#1071 = ORIENTED_EDGE ( 'NONE', *, *, #1262, .F. ) ;
#1072 = VECTOR ( 'NONE', #710, 39.37007874015748143 ) ;
#1073 = CARTESIAN_POINT ( 'NONE',  ( -2.081594902991761753, 0.4000000000000000222, 1.153846896186283111 ) ) ;
#1074 = CIRCLE ( 'NONE', #1145, 0.1000000000000000194 ) ;
#1075 = VERTEX_POINT ( 'NONE', #323 ) ;
#1076 = DIRECTION ( 'NONE',  ( 0.000000000000000000, 0.000000000000000000, -1.000000000000000000 ) ) ;
#1077 = ADVANCED_FACE ( 'NONE', ( #1254 ), #1142, .T. ) ;
#1078 = AXIS2_PLACEMENT_3D ( 'NONE', #890, #651, #1370 ) ;
#1079 = CIRCLE ( 'NONE', #493, 2.140000000000000568 ) ;
#1080 = AXIS2_PLACEMENT_3D ( 'NONE', #246, #1069, #940 ) ;
#1081 = CARTESIAN_POINT ( 'NONE',  ( 0.3503790014185415025, 0.5316105947634226503, -2.153344175513628667 ) ) ;
#1082 = ORIENTED_EDGE ( 'NONE', *, *, #1144, .F. ) ;
#1083 = EDGE_LOOP ( 'NONE', ( #161, #434, #684, #1276 ) ) ;
#1084 = DIRECTION ( 'NONE',  ( 0.000000000000000000, 0.000000000000000000, -1.000000000000000000 ) ) ;
#1085 = CARTESIAN_POINT ( 'NONE',  ( 1.633676009807227159, 0.5455954435125810464, 1.425598964963725956 ) ) ;
#1086 = EDGE_LOOP ( 'NONE', ( #193, #1358, #506, #649 ) ) ;
#1087 = DIRECTION ( 'NONE',  ( 0.000000000000000000, 0.000000000000000000, -1.000000000000000000 ) ) ;
#1088 = CYLINDRICAL_SURFACE ( 'NONE', #608, 2.139999999999999236 ) ;
#1089 = ADVANCED_FACE ( 'NONE', ( #448 ), #412, .F. ) ;
#1090 = EDGE_CURVE ( 'NONE', #1060, #484, #111, .T. ) ;
#1091 = DIRECTION ( 'NONE',  ( -0.000000000000000000, -1.000000000000000000, -0.000000000000000000 ) ) ;
#1092 = ORIENTED_EDGE ( 'NONE', *, *, #578, .T. ) ;
#1093 = CARTESIAN_POINT ( 'NONE',  ( 1.403966322039660763, 0.5750000000000000666, 1.615078501676754374 ) ) ;
#1094 = ORIENTED_EDGE ( 'NONE', *, *, #982, .F. ) ;
#1095 = AXIS2_PLACEMENT_3D ( 'NONE', #88, #299, #1131 ) ;
#1096 = CARTESIAN_POINT ( 'NONE',  ( 0.000000000000000000, 0.5750000000000000666, 0.000000000000000000 ) ) ;
#1097 = AXIS2_PLACEMENT_3D ( 'NONE', #902, #529, #409 ) ;
#1098 = AXIS2_PLACEMENT_3D ( 'NONE', #1218, #157, #632 ) ;
#1099 = VECTOR ( 'NONE', #374, 39.37007874015748143 ) ;
#1100 = CARTESIAN_POINT ( 'NONE',  ( -1.973917390393649551, 0.5749999999999839684, 0.8266244005075665813 ) ) ;
#1101 = VERTEX_POINT ( 'NONE', #605 ) ;
#1102 = EDGE_CURVE ( 'NONE', #723, #919, #1348, .T. ) ;
#1103 = AXIS2_PLACEMENT_3D ( 'NONE', #580, #1161, #213 ) ;
#1104 = LINE ( 'NONE', #746, #1000 ) ;
#1105 = CARTESIAN_POINT ( 'NONE',  ( -2.028313987754061909, 0.4000000000000000222, 0.7788082993145601929 ) ) ;
#1106 = VERTEX_POINT ( 'NONE', #600 ) ;
#1107 = FACE_OUTER_BOUND ( 'NONE', #328, .T. ) ;
#1108 = APPROVAL ( #202, 'UNSPECIFIED' ) ;
#1109 = DIRECTION ( 'NONE',  ( -1.000000000000000000, -0.000000000000000000, -0.000000000000000000 ) ) ;
#1110 = ORIENTED_EDGE ( 'NONE', *, *, #997, .F. ) ;
#1111 = DIRECTION ( 'NONE',  ( 0.000000000000000000, 0.000000000000000000, -1.000000000000000000 ) ) ;
#1112 = CARTESIAN_POINT ( 'NONE',  ( -2.141276536056139435, 0.7000000000000000666, 0.6576737763781479451 ) ) ;
#1113 = EDGE_LOOP ( 'NONE', ( #1409, #856, #387, #849 ) ) ;
#1114 = DESIGN_CONTEXT ( 'detailed design', #363, 'design' ) ;
#1115 = DIRECTION ( 'NONE',  ( 0.000000000000000000, -1.000000000000000000, 0.000000000000000000 ) ) ;
#1116 = CARTESIAN_POINT ( 'NONE',  ( -2.054386984339943822, 0.5409435624534592035, 0.7071733299373322845 ) ) ;
#1117 = ORIENTED_EDGE ( 'NONE', *, *, #661, .F. ) ;
#1118 = DIRECTION ( 'NONE',  ( -0.01745240643728796989, 0.000000000000000000, 0.9998476951563911586 ) ) ;
#1119 = CARTESIAN_POINT ( 'NONE',  ( 0.7748522076080580634, 0.7000000000000000666, -2.250334209926365681 ) ) ;
#1120 = ORIENTED_EDGE ( 'NONE', *, *, #549, .T. ) ;
#1121 = CARTESIAN_POINT ( 'NONE',  ( 0.000000000000000000, 0.7000000000000000666, 0.000000000000000000 ) ) ;
#1122 = AXIS2_PLACEMENT_3D ( 'NONE', #749, #628, #968 ) ;
#1123 = EDGE_CURVE ( 'NONE', #129, #285, #1179, .T. ) ;
#1124 = DIRECTION ( 'NONE',  ( 0.000000000000000000, 1.000000000000000000, 0.000000000000000000 ) ) ;
#1125 = ORIENTED_EDGE ( 'NONE', *, *, #834, .T. ) ;
#1126 = CARTESIAN_POINT ( 'NONE',  ( 1.639623560774524869, 0.5409435624534645326, 1.425564652673833477 ) ) ;
#1127 = CIRCLE ( 'NONE', #1351, 2.139999999999999236 ) ;
#1128 = CARTESIAN_POINT ( 'NONE',  ( -1.871686173278296339, 0.7000000000000000666, 1.037492587327179416 ) ) ;
#1129 = EDGE_LOOP ( 'NONE', ( #1493, #1260, #920, #961, #559, #996 ) ) ;
#1130 = CIRCLE ( 'NONE', #664, 0.1000000000000000194 ) ;
#1131 = DIRECTION ( 'NONE',  ( 0.000000000000000000, 0.000000000000000000, -1.000000000000000000 ) ) ;
#1132 = ORIENTED_EDGE ( 'NONE', *, *, #578, .F. ) ;
#1133 = LINE ( 'NONE', #642, #1475 ) ;
#1134 = CARTESIAN_POINT ( 'NONE',  ( -2.336272696605443233, 0.7000000000000000666, 0.4541254089961615503 ) ) ;
#1135 = VERTEX_POINT ( 'NONE', #130 ) ;
#1136 = CARTESIAN_POINT ( 'NONE',  ( 0.2758534655629066301, 0.7000000000000000666, -2.222949586818588230 ) ) ;
#1137 = LINE ( 'NONE', #799, #755 ) ;
#1138 = ADVANCED_FACE ( 'NONE', ( #806 ), #461, .T. ) ;
#1139 = CARTESIAN_POINT ( 'NONE',  ( 2.914659381970703054E-16, 0.4000000000000000222, 2.379999999999998117 ) ) ;
#1140 = CARTESIAN_POINT ( 'NONE',  ( 1.536430454990339134E-16, 2.804166666666670249, 2.681849334955410379E-18 ) ) ;
#1141 = ORIENTED_EDGE ( 'NONE', *, *, #1123, .F. ) ;
#1142 = CYLINDRICAL_SURFACE ( 'NONE', #776, 0.1000000000000000194 ) ;
#1143 = AXIS2_PLACEMENT_3D ( 'NONE', #61, #1208, #1335 ) ;
#1144 = EDGE_CURVE ( 'NONE', #508, #1151, #113, .T. ) ;
#1145 = AXIS2_PLACEMENT_3D ( 'NONE', #701, #479, #1170 ) ;
#1146 = DIRECTION ( 'NONE',  ( 0.000000000000000000, 0.000000000000000000, 1.000000000000000000 ) ) ;
#1147 = LOCAL_TIME ( 10, 39, 34.00000000000000000, #482 ) ;
#1148 = SHAPE_DEFINITION_REPRESENTATION ( #586, #1282 ) ;
#1149 = CARTESIAN_POINT ( 'NONE',  ( 0.7748522076080580634, 0.7000000000000000666, -2.250334209926365681 ) ) ;
#1150 = ORIENTED_EDGE ( 'NONE', *, *, #340, .F. ) ;
#1151 = VERTEX_POINT ( 'NONE', #716 ) ;
#1152 = ADVANCED_FACE ( 'NONE', ( #1279 ), #1270, .F. ) ;
#1153 = AXIS2_PLACEMENT_3D ( 'NONE', #341, #697, #1146 ) ;
#1154 = DIRECTION ( 'NONE',  ( 0.000000000000000000, 0.000000000000000000, 1.000000000000000000 ) ) ;
#1155 = CIRCLE ( 'NONE', #835, 0.1000000000000000194 ) ;
#1156 = AXIS2_PLACEMENT_3D ( 'NONE', #135, #1171, #251 ) ;
#1157 = CC_DESIGN_PERSON_AND_ORGANIZATION_ASSIGNMENT ( #477, #342, ( #1024 ) ) ;
#1158 = CARTESIAN_POINT ( 'NONE',  ( 2.914659381970702068E-16, 0.2000000000000000111, 2.380000000000000782 ) ) ;
#1159 = EDGE_CURVE ( 'NONE', #418, #1036, #973, .T. ) ;
#1160 =( NAMED_UNIT ( * ) SI_UNIT ( $, .STERADIAN. ) SOLID_ANGLE_UNIT ( ) );
#1161 = DIRECTION ( 'NONE',  ( 0.000000000000000000, -1.000000000000000000, 0.000000000000000000 ) ) ;
#1162 = EDGE_LOOP ( 'NONE', ( #151, #882, #1010, #822, #1495, #447 ) ) ;
#1163 = VERTEX_POINT ( 'NONE', #1396 ) ;
#1164 = DIRECTION ( 'NONE',  ( 0.000000000000000000, -0.000000000000000000, 1.000000000000000000 ) ) ;
#1165 = CARTESIAN_POINT ( 'NONE',  ( 0.000000000000000000, 0.5750000000000000666, 0.000000000000000000 ) ) ;
#1166 = CARTESIAN_POINT ( 'NONE',  ( -2.061061336473888339, 0.5252595292577763031, 0.7336853553653521764 ) ) ;
#1167 = PERSON_AND_ORGANIZATION ( #429, #1175 ) ;
#1168 = DIRECTION ( 'NONE',  ( -0.000000000000000000, 1.000000000000000000, -0.000000000000000000 ) ) ;
#1169 = EDGE_LOOP ( 'NONE', ( #1468, #524, #727, #77 ) ) ;
#1170 = DIRECTION ( 'NONE',  ( 0.000000000000000000, 0.000000000000000000, 1.000000000000000000 ) ) ;
#1171 = DIRECTION ( 'NONE',  ( 0.000000000000000000, 1.000000000000000000, 0.000000000000000000 ) ) ;
#1172 = EDGE_CURVE ( 'NONE', #268, #660, #831, .T. ) ;
#1173 = CIRCLE ( 'NONE', #1122, 2.380000000000002558 ) ;
#1174 = FACE_OUTER_BOUND ( 'NONE', #1169, .T. ) ;
#1175 = ORGANIZATION ( 'UNSPECIFIED', 'UNSPECIFIED', '' ) ;
#1176 = PERSON_AND_ORGANIZATION ( #429, #1175 ) ;
#1177 = DIRECTION ( 'NONE',  ( -0.000000000000000000, -1.000000000000000000, -0.000000000000000000 ) ) ;
#1178 = ORIENTED_EDGE ( 'NONE', *, *, #751, .T. ) ;
#1179 = LINE ( 'NONE', #369, #338 ) ;
#1180 = LINE ( 'NONE', #601, #689 ) ;
#1181 = TOROIDAL_SURFACE ( 'NONE', #519, 2.500000000000000000, 0.1000000000000000056 ) ;
#1182 = CARTESIAN_POINT ( 'NONE',  ( 1.690868770206034322, 0.5679726605988284494, 1.322694130177565208 ) ) ;
#1183 = APPLICATION_PROTOCOL_DEFINITION ( 'international standard', 'config_control_design', 1994, #363 ) ;
#1184 = CARTESIAN_POINT ( 'NONE',  ( 0.4068603524213818545, 0.5318958564116436083, -2.143102949987043093 ) ) ;
#1185 = ORIENTED_EDGE ( 'NONE', *, *, #533, .T. ) ;
#1186 = CARTESIAN_POINT ( 'NONE',  ( 0.000000000000000000, -0.09999999999999996392, -2.500000000000000000 ) ) ;
#1187 = ORIENTED_EDGE ( 'NONE', *, *, #117, .T. ) ;
#1188 = FACE_OUTER_BOUND ( 'NONE', #309, .T. ) ;
#1189 = CARTESIAN_POINT ( 'NONE',  ( -2.045683833553618491, 0.5750000000000000666, 0.6283133399326902291 ) ) ;
#1190 = ORIENTED_EDGE ( 'NONE', *, *, #352, .F. ) ;
#1191 = EDGE_CURVE ( 'NONE', #1483, #122, #694, .T. ) ;
#1192 = DIRECTION ( 'NONE',  ( 0.000000000000000000, 0.000000000000000000, 1.000000000000000000 ) ) ;
#1193 = ORIENTED_EDGE ( 'NONE', *, *, #449, .T. ) ;
#1194 = DIRECTION ( 'NONE',  ( 0.5150380749102912992, 0.000000000000000000, -0.8571673007019697810 ) ) ;
#1195 = ADVANCED_FACE ( 'NONE', ( #582 ), #106, .T. ) ;
#1196 = DIRECTION ( 'NONE',  ( 0.000000000000000000, 0.000000000000000000, -1.000000000000000000 ) ) ;
#1197 = VERTEX_POINT ( 'NONE', #1186 ) ;
#1198 = AXIS2_PLACEMENT_3D ( 'NONE', #1390, #1269, #1014 ) ;
#1199 = DIRECTION ( 'NONE',  ( -0.000000000000000000, -1.000000000000000000, -0.000000000000000000 ) ) ;
#1200 = AXIS2_PLACEMENT_3D ( 'NONE', #346, #225, #351 ) ;
#1201 = CARTESIAN_POINT ( 'NONE',  ( 0.000000000000000000, 0.5750000000000000666, 0.000000000000000000 ) ) ;
#1202 = CARTESIAN_POINT ( 'NONE',  ( 0.000000000000000000, 3.414809992080329023E-17, 0.000000000000000000 ) ) ;
#1203 = ORIENTED_EDGE ( 'NONE', *, *, #1518, .F. ) ;
#1204 = ADVANCED_FACE ( 'NONE', ( #249 ), #722, .T. ) ;
#1205 = DIRECTION ( 'NONE',  ( 1.000000000000000000, 0.000000000000000000, -1.224646799147353207E-16 ) ) ;
#1206 = ORIENTED_EDGE ( 'NONE', *, *, #551, .F. ) ;
#1207 = ADVANCED_FACE ( 'NONE', ( #928 ), #1404, .T. ) ;
#1208 = DIRECTION ( 'NONE',  ( -0.000000000000000000, 1.000000000000000000, -0.000000000000000000 ) ) ;
#1209 = EDGE_CURVE ( 'NONE', #418, #1371, #1074, .T. ) ;
#1210 = CARTESIAN_POINT ( 'NONE',  ( 1.566977230695152601, 0.5750000000000000666, 1.457457498002241225 ) ) ;
#1211 = ORIENTED_EDGE ( 'NONE', *, *, #1046, .F. ) ;
#1212 = LINE ( 'NONE', #381, #1375 ) ;
#1213 = VERTEX_POINT ( 'NONE', #1052 ) ;
#1214 = CARTESIAN_POINT ( 'NONE',  ( -2.043452223769473886, 0.5750000000000000666, 0.6355790905830690507 ) ) ;
#1215 = MANIFOLD_SOLID_BREP ( 'Fillet4', #187 ) ;
#1216 = ADVANCED_FACE ( 'NONE', ( #1059 ), #137, .F. ) ;
#1217 = DIRECTION ( 'NONE',  ( 0.000000000000000000, -0.000000000000000000, 1.000000000000000000 ) ) ;
#1218 = CARTESIAN_POINT ( 'NONE',  ( 0.000000000000000000, 0.5750000000000000666, 0.000000000000000000 ) ) ;
#1219 = DIRECTION ( 'NONE',  ( -0.000000000000000000, -1.000000000000000000, -0.000000000000000000 ) ) ;
#1220 = DIRECTION ( 'NONE',  ( 0.000000000000000000, 0.000000000000000000, -1.000000000000000000 ) ) ;
#1221 = EDGE_LOOP ( 'NONE', ( #693, #965, #1051, #80, #700, #141 ) ) ;
#1222 = CC_DESIGN_DATE_AND_TIME_ASSIGNMENT ( #333, #704, ( #1366 ) ) ;
#1223 = AXIS2_PLACEMENT_3D ( 'NONE', #437, #1365, #178 ) ;
#1224 = DIRECTION ( 'NONE',  ( -0.9816271834476489877, 0.000000000000000000, 0.1908089953766222424 ) ) ;
#1225 = AXIS2_PLACEMENT_3D ( 'NONE', #1016, #1481, #658 ) ;
#1226 = EDGE_CURVE ( 'NONE', #531, #1013, #1300, .T. ) ;
#1227 = AXIS2_PLACEMENT_3D ( 'NONE', #802, #692, #458 ) ;
#1228 = CARTESIAN_POINT ( 'NONE',  ( 0.000000000000000000, 0.7000000000000000666, -2.380000000000000782 ) ) ;
#1229 = VERTEX_POINT ( 'NONE', #121 ) ;
#1230 = DIRECTION ( 'NONE',  ( -0.000000000000000000, -1.000000000000000000, -0.000000000000000000 ) ) ;
#1231 = CARTESIAN_POINT ( 'NONE',  ( 0.000000000000000000, 0.3250000000000000666, 0.000000000000000000 ) ) ;
#1232 = ORIENTED_EDGE ( 'NONE', *, *, #1499, .T. ) ;
#1233 = CARTESIAN_POINT ( 'NONE',  ( -2.045683833553618491, 0.5750000000000000666, 0.6283133399326902291 ) ) ;
#1234 = DIMENSIONAL_EXPONENTS ( 1.000000000000000000, 0.000000000000000000, 0.000000000000000000, 0.000000000000000000, 0.000000000000000000, 0.000000000000000000, 0.000000000000000000 ) ;
#1235 = LINE ( 'NONE', #1228, #1006 ) ;
#1236 = ORIENTED_EDGE ( 'NONE', *, *, #617, .T. ) ;
#1237 = DIRECTION ( 'NONE',  ( 0.000000000000000000, 0.000000000000000000, 1.000000000000000000 ) ) ;
#1238 = CYLINDRICAL_SURFACE ( 'NONE', #24, 0.05000000000000000971 ) ;
#1239 = VERTEX_POINT ( 'NONE', #633 ) ;
#1240 = EDGE_CURVE ( 'NONE', #345, #1303, #1104, .T. ) ;
#1241 = CARTESIAN_POINT ( 'NONE',  ( 0.2930765159041881507, 0.5705388607893968622, -2.124171666218993781 ) ) ;
#1242 = CARTESIAN_POINT ( 'NONE',  ( 3.184081677783118684E-16, 0.2000000000000000111, 2.600000000000000089 ) ) ;
#1243 = ORIENTED_EDGE ( 'NONE', *, *, #1469, .T. ) ;
#1244 = DIRECTION ( 'NONE',  ( 0.000000000000000000, 1.000000000000000000, 0.000000000000000000 ) ) ;
#1245 = DIRECTION ( 'NONE',  ( -0.000000000000000000, -1.000000000000000000, -0.000000000000000000 ) ) ;
#1246 = ORIENTED_EDGE ( 'NONE', *, *, #561, .T. ) ;
#1247 = CIRCLE ( 'NONE', #583, 0.1000000000000000194 ) ;
#1248 = DIRECTION ( 'NONE',  ( 0.000000000000000000, -1.000000000000000000, 0.000000000000000000 ) ) ;
#1249 = DIRECTION ( 'NONE',  ( 0.000000000000000000, -1.000000000000000000, 0.000000000000000000 ) ) ;
#1250 = TOROIDAL_SURFACE ( 'NONE', #588, 2.500000000000000000, 0.1000000000000000056 ) ;
#1251 = DIRECTION ( 'NONE',  ( -0.000000000000000000, -1.000000000000000000, -0.000000000000000000 ) ) ;
#1252 = ORIENTED_EDGE ( 'NONE', *, *, #1240, .T. ) ;
#1253 = AXIS2_PLACEMENT_3D ( 'NONE', #420, #530, #1471 ) ;
#1254 = FACE_OUTER_BOUND ( 'NONE', #715, .T. ) ;
#1255 = EDGE_CURVE ( 'NONE', #1163, #120, #396, .T. ) ;
#1256 = EDGE_CURVE ( 'NONE', #859, #1229, #832, .T. ) ;
#1257 = CARTESIAN_POINT ( 'NONE',  ( -2.059411773824842751, 0.5318958564116412768, 0.7192000740039196094 ) ) ;
#1258 = FACE_OUTER_BOUND ( 'NONE', #1515, .T. ) ;
#1259 = CARTESIAN_POINT ( 'NONE',  ( -2.141276536056139435, 0.7000000000000000666, 0.6576737763781479451 ) ) ;
#1260 = ORIENTED_EDGE ( 'NONE', *, *, #1262, .T. ) ;
#1261 = DIRECTION ( 'NONE',  ( -0.000000000000000000, -1.000000000000000000, -0.000000000000000000 ) ) ;
#1262 = EDGE_CURVE ( 'NONE', #1334, #844, #728, .T. ) ;
#1263 = EDGE_CURVE ( 'NONE', #1213, #1163, #864, .T. ) ;
#1264 = CARTESIAN_POINT ( 'NONE',  ( 0.000000000000000000, -0.09999999999999996392, 0.03818158205298062546 ) ) ;
#1265 = PLANE ( 'NONE',  #685 ) ;
#1266 = DIRECTION ( 'NONE',  ( -0.01208634693632495288, 0.7213873210309519335, 0.6924263522379263680 ) ) ;
#1267 = ORIENTED_EDGE ( 'NONE', *, *, #1159, .T. ) ;
#1268 = ORIENTED_EDGE ( 'NONE', *, *, #1172, .F. ) ;
#1269 = DIRECTION ( 'NONE',  ( -0.000000000000000000, 1.000000000000000000, -0.000000000000000000 ) ) ;
#1270 = CONICAL_SURFACE ( 'NONE', #462, 2.140000000000000568, 0.7649928327109095649 ) ;
#1271 = EDGE_CURVE ( 'NONE', #285, #180, #584, .T. ) ;
#1272 = AXIS2_PLACEMENT_3D ( 'NONE', #34, #42, #1318 ) ;
#1273 = CARTESIAN_POINT ( 'NONE',  ( 0.4295008752222025383, 0.5579999964797351941, -2.113118465220748199 ) ) ;
#1274 = CALENDAR_DATE ( 2026, 8, 7 ) ;
#1275 = CARTESIAN_POINT ( 'NONE',  ( 0.000000000000000000, -0.3500000000000000888, 2.045646530657901696 ) ) ;
#1276 = ORIENTED_EDGE ( 'NONE', *, *, #201, .T. ) ;
#1277 = ORIENTED_EDGE ( 'NONE', *, *, #1310, .F. ) ;
#1278 = VECTOR ( 'NONE', #52, 39.37007874015748854 ) ;
#1279 = FACE_OUTER_BOUND ( 'NONE', #993, .T. ) ;
#1280 = VECTOR ( 'NONE', #260, 39.37007874015748143 ) ;
#1281 = FACE_OUTER_BOUND ( 'NONE', #231, .T. ) ;
#1282 = ADVANCED_BREP_SHAPE_REPRESENTATION ( 'TopOfIbexHoleCoverTop', ( #1215, #208 ), #876 ) ;
#1283 = CARTESIAN_POINT ( 'NONE',  ( 0.4212769267167810749, 0.5499604878245516471, -2.122642365944288123 ) ) ;
#1284 = PERSON_AND_ORGANIZATION ( #429, #1175 ) ;
#1285 = CARTESIAN_POINT ( 'NONE',  ( 0.000000000000000000, 0.7000000000000000666, 0.000000000000000000 ) ) ;
#1286 = ORIENTED_EDGE ( 'NONE', *, *, #1102, .T. ) ;
#1287 = EDGE_LOOP ( 'NONE', ( #57, #1442, #1338, #1411 ) ) ;
#1288 = CARTESIAN_POINT ( 'NONE',  ( 0.000000000000000000, -0.6500000000000000222, 0.000000000000000000 ) ) ;
#1289 = ADVANCED_FACE ( 'NONE', ( #501 ), #987, .F. ) ;
#1290 = CARTESIAN_POINT ( 'NONE',  ( 0.000000000000000000, 0.2000000000000000111, 0.000000000000000000 ) ) ;
#1291 = CARTESIAN_POINT ( 'NONE',  ( -2.059274843117250953, 0.5229132864375083400, 0.7453302139228686896 ) ) ;
#1292 = APPROVAL_ROLE ( '' ) ;
#1293 = CARTESIAN_POINT ( 'NONE',  ( 1.655932861114598698, 0.5299285974377115904, 1.422869836548781519 ) ) ;
#1294 = EDGE_LOOP ( 'NONE', ( #670, #1211, #198, #1035 ) ) ;
#1295 = DIRECTION ( 'NONE',  ( 0.000000000000000000, 0.000000000000000000, -1.000000000000000000 ) ) ;
#1296 = EDGE_CURVE ( 'NONE', #660, #723, #1436, .T. ) ;
#1297 = CARTESIAN_POINT ( 'NONE',  ( 0.04153672732074485674, 0.7000000000000000666, -2.379637514472211279 ) ) ;
#1298 = AXIS2_PLACEMENT_3D ( 'NONE', #990, #622, #257 ) ;
#1299 = CARTESIAN_POINT ( 'NONE',  ( 1.687303907619147836, 0.5580093669606024376, 1.342649407952872354 ) ) ;
#1300 = CIRCLE ( 'NONE', #158, 2.140000000000000568 ) ;
#1301 = APPROVAL_ROLE ( '' ) ;
#1302 = DIRECTION ( 'NONE',  ( 0.000000000000000000, 0.000000000000000000, 1.000000000000000000 ) ) ;
#1303 = VERTEX_POINT ( 'NONE', #1462 ) ;
#1304 = DIRECTION ( 'NONE',  ( 0.4848096202462612858, -0.000000000000000000, 0.8746197071394378186 ) ) ;
#1305 = VERTEX_POINT ( 'NONE', #152 ) ;
#1306 = VECTOR ( 'NONE', #466, 39.37007874015748143 ) ;
#1307 = FACE_OUTER_BOUND ( 'NONE', #644, .T. ) ;
#1308 = AXIS2_PLACEMENT_3D ( 'NONE', #1507, #321, #1521 ) ;
#1309 = VECTOR ( 'NONE', #123, 39.37007874015748143 ) ;
#1310 = EDGE_CURVE ( 'NONE', #120, #1483, #609, .T. ) ;
#1311 = CARTESIAN_POINT ( 'NONE',  ( 1.639335108274605268, 0.7000000000000000666, 1.375565484729203369 ) ) ;
#1312 = ORIENTED_EDGE ( 'NONE', *, *, #834, .F. ) ;
#1313 = DIRECTION ( 'NONE',  ( -0.000000000000000000, -1.000000000000000000, -0.000000000000000000 ) ) ;
#1314 = ORIENTED_EDGE ( 'NONE', *, *, #1066, .F. ) ;
#1315 = DIRECTION ( 'NONE',  ( -0.000000000000000000, -1.000000000000000000, -0.000000000000000000 ) ) ;
#1316 = CARTESIAN_POINT ( 'NONE',  ( 0.3645793076688894629, 0.5252778024346833607, -2.157144705840315702 ) ) ;
#1317 = ORIENTED_EDGE ( 'NONE', *, *, #1191, .T. ) ;
#1318 = DIRECTION ( 'NONE',  ( 0.000000000000000000, 0.000000000000000000, 1.000000000000000000 ) ) ;
#1319 = ORIENTED_EDGE ( 'NONE', *, *, #391, .T. ) ;
#1320 = CARTESIAN_POINT ( 'NONE',  ( 0.000000000000000000, -0.3500000000000000888, 0.000000000000000000 ) ) ;
#1321 = EDGE_CURVE ( 'NONE', #592, #353, #1021, .T. ) ;
#1322 = CARTESIAN_POINT ( 'NONE',  ( 0.4042749941725504725, 0.5299285974377112574, -2.145514842961083080 ) ) ;
#1323 = ORIENTED_EDGE ( 'NONE', *, *, #209, .F. ) ;
#1324 = AXIS2_PLACEMENT_3D ( 'NONE', #6, #576, #1164 ) ;
#1325 = FACE_OUTER_BOUND ( 'NONE', #1294, .T. ) ;
#1326 = AXIS2_PLACEMENT_3D ( 'NONE', #276, #626, #159 ) ;
#1327 = EDGE_CURVE ( 'NONE', #1371, #1101, #376, .T. ) ;
#1328 = CARTESIAN_POINT ( 'NONE',  ( -2.054386984339943822, 0.5409435624534592035, 0.7071733299373322845 ) ) ;
#1329 = CIRCLE ( 'NONE', #1078, 2.200000000000000178 ) ;
#1330 = VECTOR ( 'NONE', #1266, 39.37007874015748854 ) ;
#1331 = CARTESIAN_POINT ( 'NONE',  ( 0.3444955152246565455, 0.5360598573929605815, -2.149961525107657589 ) ) ;
#1332 = VERTEX_POINT ( 'NONE', #1448 ) ;
#1333 = CYLINDRICAL_SURFACE ( 'NONE', #1449, 2.139999999999999680 ) ;
#1334 = VERTEX_POINT ( 'NONE', #1093 ) ;
#1335 = DIRECTION ( 'NONE',  ( 0.000000000000000000, 0.000000000000000000, 1.000000000000000000 ) ) ;
#1336 = EDGE_CURVE ( 'NONE', #1464, #1305, #953, .T. ) ;
#1337 = DIRECTION ( 'NONE',  ( -0.000000000000000000, -1.000000000000000000, -0.000000000000000000 ) ) ;
#1338 = ORIENTED_EDGE ( 'NONE', *, *, #816, .T. ) ;
#1339 = CARTESIAN_POINT ( 'NONE',  ( -8.247007410123219627E-16, 2.804166666666670249, 7.169014168292042726E-16 ) ) ;
#1340 = FACE_OUTER_BOUND ( 'NONE', #1083, .T. ) ;
#1341 = VERTEX_POINT ( 'NONE', #287 ) ;
#1342 = CYLINDRICAL_SURFACE ( 'NONE', #1298, 2.200000000000000178 ) ;
#1343 = CARTESIAN_POINT ( 'NONE',  ( 1.403966322039659653, 0.7000000000000000666, 1.615078501676753042 ) ) ;
#1344 = CARTESIAN_POINT ( 'NONE',  ( 0.000000000000000000, 0.5750000000000000666, 0.000000000000000000 ) ) ;
#1345 = CARTESIAN_POINT ( 'NONE',  ( 4.439252989704427977E-16, 0.4000000000000000222, -4.644141589229247669E-15 ) ) ;
#1346 = DIRECTION ( 'NONE',  ( 0.000000000000000000, -1.000000000000000000, 0.000000000000000000 ) ) ;
#1347 = VERTEX_POINT ( 'NONE', #1073 ) ;
#1348 = CIRCLE ( 'NONE', #1397, 2.599999999999999645 ) ;
#1349 = DIRECTION ( 'NONE',  ( 0.000000000000000000, 0.000000000000000000, -1.000000000000000000 ) ) ;
#1350 = CC_DESIGN_APPROVAL ( #1108, ( #929 ) ) ;
#1351 = AXIS2_PLACEMENT_3D ( 'NONE', #539, #1463, #433 ) ;
#1352 = EDGE_CURVE ( 'NONE', #1018, #1106, #754, .T. ) ;
#1353 = CIRCLE ( 'NONE', #1103, 2.500000000000000000 ) ;
#1354 = DIRECTION ( 'NONE',  ( 0.000000000000000000, 0.000000000000000000, 1.000000000000000000 ) ) ;
#1355 = CIRCLE ( 'NONE', #1433, 0.1000000000000000194 ) ;
#1356 = CARTESIAN_POINT ( 'NONE',  ( -2.274011238562427817, 0.4000000000000000222, 1.260505012640477540 ) ) ;
#1357 = DIRECTION ( 'NONE',  ( 0.6560590289904958405, 0.000000000000000000, 0.7547095802227818950 ) ) ;
#1358 = ORIENTED_EDGE ( 'NONE', *, *, #1327, .T. ) ;
#1359 = DIRECTION ( 'NONE',  ( 0.000000000000000000, 0.000000000000000000, 1.000000000000000000 ) ) ;
#1360 = ADVANCED_FACE ( 'NONE', ( #980 ), #1333, .F. ) ;
#1361 = ORIENTED_EDGE ( 'NONE', *, *, #645, .T. ) ;
#1362 = DIRECTION ( 'NONE',  ( -0.000000000000000000, -1.000000000000000000, -0.000000000000000000 ) ) ;
#1363 = DIRECTION ( 'NONE',  ( -0.000000000000000000, 1.000000000000000000, -0.000000000000000000 ) ) ;
#1364 = EDGE_LOOP ( 'NONE', ( #5, #1065, #1376, #944 ) ) ;
#1365 = DIRECTION ( 'NONE',  ( -0.000000000000000000, -1.000000000000000000, -0.000000000000000000 ) ) ;
#1366 = PRODUCT_DEFINITION ( 'UNKNOWN', '', #929, #1114 ) ;
#1367 = FACE_OUTER_BOUND ( 'NONE', #1516, .T. ) ;
#1368 = ORIENTED_EDGE ( 'NONE', *, *, #549, .F. ) ;
#1369 = DIRECTION ( 'NONE',  ( -0.000000000000000000, 1.000000000000000000, -0.000000000000000000 ) ) ;
#1370 = DIRECTION ( 'NONE',  ( 0.000000000000000000, 0.000000000000000000, -1.000000000000000000 ) ) ;
#1371 = VERTEX_POINT ( 'NONE', #845 ) ;
#1372 = EDGE_CURVE ( 'NONE', #484, #1013, #1212, .T. ) ;
#1373 = DIRECTION ( 'NONE',  ( -0.000000000000000000, -1.000000000000000000, -0.000000000000000000 ) ) ;
#1374 = EDGE_CURVE ( 'NONE', #891, #1440, #516, .T. ) ;
#1375 = VECTOR ( 'NONE', #741, 39.37007874015748143 ) ;
#1376 = ORIENTED_EDGE ( 'NONE', *, *, #324, .T. ) ;
#1377 = FACE_OUTER_BOUND ( 'NONE', #925, .T. ) ;
#1378 = DIRECTION ( 'NONE',  ( -0.000000000000000000, 1.000000000000000000, -0.000000000000000000 ) ) ;
#1379 = B_SPLINE_CURVE_WITH_KNOTS ( 'NONE', 3,
 ( #456, #579, #1399, #1299, #238, #1182, #825, #10, #124, #596 ),
 .UNSPECIFIED., .F., .F.,
 ( 4, 2, 2, 2, 4 ),
 ( 0.000000000000000000, 0.0005692162151903668206, 0.001138432430380733641, 0.001707648645571100462, 0.002276864860761467282 ),
 .UNSPECIFIED. ) ;
#1380 = CARTESIAN_POINT ( 'NONE',  ( 0.7748522076080580634, 0.7000000000000000666, -2.250334209926365681 ) ) ;
#1381 = VERTEX_POINT ( 'NONE', #614 ) ;
#1382 = VECTOR ( 'NONE', #855, 39.37007874015748143 ) ;
#1383 = CARTESIAN_POINT ( 'NONE',  ( 0.3301137519679029353, 0.5499625406315562515, -2.138714870798262613 ) ) ;
#1384 = ADVANCED_FACE ( 'NONE', ( #1325 ), #362, .F. ) ;
#1385 = DIRECTION ( 'NONE',  ( 0.000000000000000000, 0.000000000000000000, 1.000000000000000000 ) ) ;
#1386 = DIRECTION ( 'NONE',  ( 0.000000000000000000, 0.000000000000000000, -1.000000000000000000 ) ) ;
#1387 = CARTESIAN_POINT ( 'NONE',  ( 1.645999267709706837, 0.5361559815114469441, 1.425232005696337900 ) ) ;
#1388 = ORIENTED_EDGE ( 'NONE', *, *, #1263, .T. ) ;
#1389 = ORIENTED_EDGE ( 'NONE', *, *, #1209, .T. ) ;
#1390 = CARTESIAN_POINT ( 'NONE',  ( -2.010942208481845572, 0.4000000000000000222, 0.7319231067169243987 ) ) ;
#1391 = CARTESIAN_POINT ( 'NONE',  ( 0.000000000000000000, -0.6500000000000000222, 0.03818158205298062546 ) ) ;
#1392 = CARTESIAN_POINT ( 'NONE',  ( 2.632990618166809728E-16, -0.6500000000000000222, 2.138181582052980811 ) ) ;
#1393 = VERTEX_POINT ( 'NONE', #262 ) ;
#1394 = ORIENTED_EDGE ( 'NONE', *, *, #1123, .T. ) ;
#1395 = B_SPLINE_CURVE_WITH_KNOTS ( 'NONE', 3,
 ( #308, #39, #648, #1479, #527, #1467, #274, #512, #1100, #752 ),
 .UNSPECIFIED., .F., .F.,
 ( 4, 2, 2, 2, 4 ),
 ( 0.000000000000000000, 0.0005692162151902726034, 0.001138432430380545207, 0.001707648645570817702, 0.002276864860761090414 ),
 .UNSPECIFIED. ) ;
#1396 = CARTESIAN_POINT ( 'NONE',  ( 1.705753475375286987, 0.4000000000000000222, 1.962244908579234837 ) ) ;
#1397 = AXIS2_PLACEMENT_3D ( 'NONE', #1427, #814, #244 ) ;
#1398 = CIRCLE ( 'NONE', #1225, 2.379999999999999893 ) ;
#1399 = CARTESIAN_POINT ( 'NONE',  ( 1.687124533578893137, 0.5499625406315564735, 1.355244330741935066 ) ) ;
#1400 = ADVANCED_FACE ( 'NONE', ( #994, #84 ), #1265, .T. ) ;
#1401 = APPROVAL_STATUS ( 'not_yet_approved' ) ;
#1402 = FACE_OUTER_BOUND ( 'NONE', #411, .T. ) ;
#1403 = ORIENTED_EDGE ( 'NONE', *, *, #1518, .T. ) ;
#1404 = CYLINDRICAL_SURFACE ( 'NONE', #1200, 0.1000000000000000194 ) ;
#1405 = CIRCLE ( 'NONE', #1308, 2.380000000000000338 ) ;
#1406 = CARTESIAN_POINT ( 'NONE',  ( 0.000000000000000000, 0.7000000000000000666, 0.000000000000000000 ) ) ;
#1407 = CARTESIAN_POINT ( 'NONE',  ( 0.2635385787074198682, 0.5750000000000000666, -2.123710765978473525 ) ) ;
#1408 = CARTESIAN_POINT ( 'NONE',  ( 1.662593874250893000, 0.5266208954930656772, 1.419975133519394639 ) ) ;
#1409 = ORIENTED_EDGE ( 'NONE', *, *, #646, .T. ) ;
#1410 = CARTESIAN_POINT ( 'NONE',  ( 0.000000000000000000, 0.5750000000000000666, 0.000000000000000000 ) ) ;
#1411 = ORIENTED_EDGE ( 'NONE', *, *, #69, .F. ) ;
#1412 = CARTESIAN_POINT ( 'NONE',  ( 1.561420488997379286, 0.3250000000000000666, 1.796208800930221727 ) ) ;
#1413 = DIRECTION ( 'NONE',  ( -0.000000000000000000, -1.000000000000000000, -0.000000000000000000 ) ) ;
#1414 = COORDINATED_UNIVERSAL_TIME_OFFSET ( 5, 0, .BEHIND. ) ;
#1415 = CARTESIAN_POINT ( 'NONE',  ( 0.4131704928318948311, 0.5384763918159592988, -2.135460623857174944 ) ) ;
#1416 = ORIENTED_EDGE ( 'NONE', *, *, #785, .T. ) ;
#1417 = CARTESIAN_POINT ( 'NONE',  ( 2.914659381970702068E-16, 0.7000000000000000666, 2.380000000000000782 ) ) ;
#1418 = EDGE_CURVE ( 'NONE', #298, #418, #1133, .T. ) ;
#1419 = EDGE_LOOP ( 'NONE', ( #1508, #270 ) ) ;
#1420 = CARTESIAN_POINT ( 'NONE',  ( 1.566977230695151491, 0.7000000000000000666, 1.457457498002240115 ) ) ;
#1421 = EDGE_CURVE ( 'NONE', #174, #553, #900, .T. ) ;
#1422 = VECTOR ( 'NONE', #134, 39.37007874015748143 ) ;
#1423 = CIRCLE ( 'NONE', #314, 2.200000000000000178 ) ;
#1424 = CYLINDRICAL_SURFACE ( 'NONE', #243, 2.600000000000000089 ) ;
#1425 = ORIENTED_EDGE ( 'NONE', *, *, #324, .F. ) ;
#1426 = EDGE_CURVE ( 'NONE', #1002, #353, #854, .T. ) ;
#1427 = CARTESIAN_POINT ( 'NONE',  ( 0.000000000000000000, 0.4000000000000000222, 0.000000000000000000 ) ) ;
#1428 = ORIENTED_EDGE ( 'NONE', *, *, #331, .F. ) ;
#1429 = AXIS2_PLACEMENT_3D ( 'NONE', #83, #210, #1038 ) ;
#1430 = PLANE ( 'NONE',  #1080 ) ;
#1431 = CIRCLE ( 'NONE', #1227, 2.379999999999999449 ) ;
#1432 = ADVANCED_FACE ( 'NONE', ( #781 ), #895, .T. ) ;
#1433 = AXIS2_PLACEMENT_3D ( 'NONE', #1045, #354, #464 ) ;
#1434 = DIRECTION ( 'NONE',  ( -0.000000000000000000, -1.000000000000000000, -0.000000000000000000 ) ) ;
#1435 = ORIENTED_EDGE ( 'NONE', *, *, #877, .F. ) ;
#1436 = LINE ( 'NONE', #620, #286 ) ;
#1437 = ORIENTED_EDGE ( 'NONE', *, *, #220, .F. ) ;
#1438 = CARTESIAN_POINT ( 'NONE',  ( 0.000000000000000000, -0.5500000000000000444, -2.061818417947019810 ) ) ;
#1439 = CARTESIAN_POINT ( 'NONE',  ( -2.100682172578023366, 0.7000000000000000666, 0.4083312501057741462 ) ) ;
#1440 = VERTEX_POINT ( 'NONE', #303 ) ;
#1441 = DIRECTION ( 'NONE',  ( -0.000000000000000000, -1.000000000000000000, -0.000000000000000000 ) ) ;
#1442 = ORIENTED_EDGE ( 'NONE', *, *, #201, .F. ) ;
#1443 = FACE_OUTER_BOUND ( 'NONE', #275, .T. ) ;
#1444 = CARTESIAN_POINT ( 'NONE',  ( 1.566977230695152601, 0.5750000000000000666, 1.457457498002241225 ) ) ;
#1445 = ORIENTED_EDGE ( 'NONE', *, *, #646, .F. ) ;
#1446 = AXIS2_PLACEMENT_3D ( 'NONE', #1007, #185, #206 ) ;
#1447 = EDGE_CURVE ( 'NONE', #859, #575, #674, .T. ) ;
#1448 = CARTESIAN_POINT ( 'NONE',  ( 0.3396892219924601553, 0.5409435624534645326, -2.145975589903612590 ) ) ;
#1449 = AXIS2_PLACEMENT_3D ( 'NONE', #960, #1230, #22 ) ;
#1450 = ORIENTED_EDGE ( 'NONE', *, *, #937, .T. ) ;
#1451 = LOCAL_TIME ( 10, 39, 34.00000000000000000, #457 ) ;
#1452 = CYLINDRICAL_SURFACE ( 'NONE', #1143, 0.1000000000000000194 ) ;
#1453 = TOROIDAL_SURFACE ( 'NONE', #590, 2.100000000000000089, 0.1000000000000000056 ) ;
#1454 = CARTESIAN_POINT ( 'NONE',  ( 0.03734814977579641038, 0.7000000000000000666, -2.139674067634676824 ) ) ;
#1455 = ORIENTED_EDGE ( 'NONE', *, *, #888, .F. ) ;
#1456 = DIRECTION ( 'NONE',  ( -0.000000000000000000, 1.000000000000000000, -0.000000000000000000 ) ) ;
#1457 = ORIENTED_EDGE ( 'NONE', *, *, #1191, .F. ) ;
#1458 = EDGE_CURVE ( 'NONE', #762, #1393, #1398, .T. ) ;
#1459 = FACE_OUTER_BOUND ( 'NONE', #1287, .T. ) ;
#1460 = DIRECTION ( 'NONE',  ( 1.000000000000000000, 0.000000000000000000, -1.224646799147353207E-16 ) ) ;
#1461 = ORIENTED_EDGE ( 'NONE', *, *, #824, .F. ) ;
#1462 = CARTESIAN_POINT ( 'NONE',  ( 0.000000000000000000, 0.2000000000000000111, 2.045646530657901696 ) ) ;
#1463 = DIRECTION ( 'NONE',  ( 0.000000000000000000, 1.000000000000000000, 0.000000000000000000 ) ) ;
#1464 = VERTEX_POINT ( 'NONE', #668 ) ;
#1465 = PLANE ( 'NONE',  #184 ) ;
#1466 = ADVANCED_FACE ( 'NONE', ( #196 ), #311, .F. ) ;
#1467 = CARTESIAN_POINT ( 'NONE',  ( -1.990921103273362247, 0.5679726605988147936, 0.8029882443753996180 ) ) ;
#1468 = ORIENTED_EDGE ( 'NONE', *, *, #254, .F. ) ;
#1469 = EDGE_CURVE ( 'NONE', #1347, #723, #1003, .T. ) ;
#1470 = CARTESIAN_POINT ( 'NONE',  ( 0.000000000000000000, 0.7000000000000000666, 0.000000000000000000 ) ) ;
#1471 = DIRECTION ( 'NONE',  ( 0.000000000000000000, 0.000000000000000000, 1.000000000000000000 ) ) ;
#1472 = ORIENTED_EDGE ( 'NONE', *, *, #561, .F. ) ;
#1473 = AXIS2_PLACEMENT_3D ( 'NONE', #1043, #921, #15 ) ;
#1474 = CARTESIAN_POINT ( 'NONE',  ( -2.044764709698260852, 0.5579999964797242029, 0.6846005637203048666 ) ) ;
#1475 = VECTOR ( 'NONE', #1378, 39.37007874015748143 ) ;
#1476 = LOCAL_TIME ( 10, 39, 34.00000000000000000, #211 ) ;
#1477 = AXIS2_PLACEMENT_3D ( 'NONE', #643, #523, #1357 ) ;
#1478 = CIRCLE ( 'NONE', #1054, 2.379999999999999893 ) ;
#1479 = CARTESIAN_POINT ( 'NONE',  ( -2.006420449472906764, 0.5580093669605921125, 0.7899233439265015422 ) ) ;
#1480 = ORIENTED_EDGE ( 'NONE', *, *, #1209, .F. ) ;
#1481 = DIRECTION ( 'NONE',  ( -0.000000000000000000, -1.000000000000000000, -0.000000000000000000 ) ) ;
#1482 = DIRECTION ( 'NONE',  ( 0.000000000000000000, 0.000000000000000000, 1.000000000000000000 ) ) ;
#1483 = VERTEX_POINT ( 'NONE', #1139 ) ;
#1484 = CARTESIAN_POINT ( 'NONE',  ( 1.834338023502543047, 0.7000000000000000666, 1.102181480307477202 ) ) ;
#1485 = EDGE_CURVE ( 'NONE', #122, #706, #116, .T. ) ;
#1486 = CC_DESIGN_DATE_AND_TIME_ASSIGNMENT ( #102, #364, ( #43 ) ) ;
#1487 = ADVANCED_FACE ( 'NONE', ( #1258 ), #432, .T. ) ;
#1488 = DIRECTION ( 'NONE',  ( 0.000000000000000000, 0.000000000000000000, 1.000000000000000000 ) ) ;
#1489 = EDGE_LOOP ( 'NONE', ( #183, #796, #1068, #926 ) ) ;
#1490 = EDGE_CURVE ( 'NONE', #706, #122, #560, .T. ) ;
#1491 = CARTESIAN_POINT ( 'NONE',  ( 1.640200465774364291, 0.7000000000000000666, 1.525562988563092581 ) ) ;
#1492 = CARTESIAN_POINT ( 'NONE',  ( 0.000000000000000000, 0.7000000000000000666, -2.380000000000000338 ) ) ;
#1493 = ORIENTED_EDGE ( 'NONE', *, *, #31, .T. ) ;
#1494 = CARTESIAN_POINT ( 'NONE',  ( -2.100682172578007822, 0.5750000000000000666, 0.4083312501057711486 ) ) ;
#1495 = ORIENTED_EDGE ( 'NONE', *, *, #489, .T. ) ;
#1496 = LENGTH_MEASURE_WITH_UNIT ( LENGTH_MEASURE( 0.02539999999999999897 ), #537 );
#1497 = LINE ( 'NONE', #782, #1278 ) ;
#1498 = ORIENTED_EDGE ( 'NONE', *, *, #1056, .F. ) ;
#1499 = EDGE_CURVE ( 'NONE', #592, #575, #1423, .T. ) ;
#1500 = DIRECTION ( 'NONE',  ( 0.000000000000000000, 1.000000000000000000, 0.000000000000000000 ) ) ;
#1501 = CIRCLE ( 'NONE', #829, 2.045646530657901696 ) ;
#1502 = VECTOR ( 'NONE', #269, 39.37007874015748854 ) ;
#1503 = CARTESIAN_POINT ( 'NONE',  ( -2.054736356274223574, 0.5234141129435386786, 0.7563606226264932841 ) ) ;
#1504 = AXIS2_PLACEMENT_3D ( 'NONE', #1264, #909, #566 ) ;
#1505 = CARTESIAN_POINT ( 'NONE',  ( 0.000000000000000000, -0.2999999999999999889, 0.03818158205298062546 ) ) ;
#1506 = CIRCLE ( 'NONE', #414, 0.1000000000000000194 ) ;
#1507 = CARTESIAN_POINT ( 'NONE',  ( 0.000000000000000000, 0.7000000000000000666, 0.000000000000000000 ) ) ;
#1508 = ORIENTED_EDGE ( 'NONE', *, *, #1426, .T. ) ;
#1509 = ORIENTED_EDGE ( 'NONE', *, *, #1008, .F. ) ;
#1510 = CIRCLE ( 'NONE', #25, 2.045646530657901696 ) ;
#1511 = CARTESIAN_POINT ( 'NONE',  ( 0.000000000000000000, -0.3500000000000000888, 0.000000000000000000 ) ) ;
#1512 = DIRECTION ( 'NONE',  ( 0.000000000000000000, -1.000000000000000000, 0.000000000000000000 ) ) ;
#1513 = PERSON_AND_ORGANIZATION_ROLE ( 'creator' ) ;
#1514 = DIRECTION ( 'NONE',  ( -0.000000000000000000, -1.000000000000000000, -0.000000000000000000 ) ) ;
#1515 = EDGE_LOOP ( 'NONE', ( #1531, #474, #1498, #1190 ) ) ;
#1516 = EDGE_LOOP ( 'NONE', ( #1450, #215 ) ) ;
#1517 = DIRECTION ( 'NONE',  ( 0.000000000000000000, 0.000000000000000000, -1.000000000000000000 ) ) ;
#1518 = EDGE_CURVE ( 'NONE', #919, #1163, #259, .T. ) ;
#1519 = CARTESIAN_POINT ( 'NONE',  ( -2.056550071613487241, 0.5229200828104521026, 0.7527969399776531789 ) ) ;
#1520 = PERSON_AND_ORGANIZATION ( #429, #1175 ) ;
#1521 = DIRECTION ( 'NONE',  ( 0.000000000000000000, 0.000000000000000000, -1.000000000000000000 ) ) ;
#1522 = VERTEX_POINT ( 'NONE', #1126 ) ;
#1523 = EDGE_LOOP ( 'NONE', ( #757, #872 ) ) ;
#1524 = DIRECTION ( 'NONE',  ( 0.000000000000000000, -0.000000000000000000, -1.000000000000000000 ) ) ;
#1525 = DIRECTION ( 'NONE',  ( 0.000000000000000000, 0.000000000000000000, -1.000000000000000000 ) ) ;
#1526 = CIRCLE ( 'NONE', #680, 2.140000000000000568 ) ;
#1527 = AXIS2_PLACEMENT_3D ( 'NONE', #1505, #1249, #191 ) ;
#1528 = CARTESIAN_POINT ( 'NONE',  ( -2.063057546298494138, 0.7000000000000000666, 0.8725786845098315592 ) ) ;
#1529 = DIRECTION ( 'NONE',  ( 0.000000000000000000, 0.000000000000000000, 1.000000000000000000 ) ) ;
#1530 = FACE_OUTER_BOUND ( 'NONE', #176, .T. ) ;
#1531 = ORIENTED_EDGE ( 'NONE', *, *, #525, .F. ) ;
#1532 = VECTOR ( 'NONE', #1177, 39.37007874015748143 ) ;
ENDSEC;
END-ISO-10303-21;
