ISO-10303-21;
HEADER;
FILE_DESCRIPTION (( 'STEP AP203' ),
    '1' );
FILE_NAME ('TopOfIbexHoleCover.STEP',
    '2026-07-08T14:41:44',
    ( '' ),
    ( '' ),
    'SwSTEP 2.0',
    'SolidWorks 2025',
    '' );
FILE_SCHEMA (( 'CONFIG_CONTROL_DESIGN' ));
ENDSEC;

DATA;
#1 = CARTESIAN_POINT ( 'NONE',  ( -1.388616338287993246, 0.2000000000000001499, -1.950280713028708535 ) ) ;
#2 = CARTESIAN_POINT ( 'NONE',  ( 1.021559420538444840, 0.2856242860550909923, -2.684918908080057065 ) ) ;
#3 = VERTEX_POINT ( 'NONE', #2645 ) ;
#4 = DIRECTION ( 'NONE',  ( 0.000000000000000000, 0.000000000000000000, -1.000000000000000000 ) ) ;
#5 = CIRCLE ( 'NONE', #1414, 2.305205371972322670 ) ;
#6 = CARTESIAN_POINT ( 'NONE',  ( -0.9999999999999995559, 0.1999999999999999278, 0.2300000000000000100 ) ) ;
#7 = CARTESIAN_POINT ( 'NONE',  ( 0.000000000000000000, 1.378798922997412246, 0.2300000000000000100 ) ) ;
#8 = FACE_OUTER_BOUND ( 'NONE', #1165, .T. ) ;
#9 = LINE ( 'NONE', #1837, #2137 ) ;
#10 = EDGE_CURVE ( 'NONE', #3595, #3832, #3092, .T. ) ;
#11 = CARTESIAN_POINT ( 'NONE',  ( 0.9051384246276570344, 0.2362266926978959236, -2.191252316234604258 ) ) ;
#12 = ORIENTED_EDGE ( 'NONE', *, *, #2579, .T. ) ;
#13 = CARTESIAN_POINT ( 'NONE',  ( 1.850456939333981587, 0.4550109868706787575, -1.126392117210591737 ) ) ;
#14 = DIRECTION ( 'NONE',  ( 0.000000000000000000, 0.000000000000000000, -1.000000000000000000 ) ) ;
#15 = EDGE_LOOP ( 'NONE', ( #154, #1427, #326, #3026, #2421, #3695, #2083 ) ) ;
#16 = CYLINDRICAL_SURFACE ( 'NONE', #2618, 2.300000000000000266 ) ;
#17 = EDGE_CURVE ( 'NONE', #1750, #1140, #2893, .T. ) ;
#18 = LINE ( 'NONE', #3720, #3611 ) ;
#19 = PLANE ( 'NONE',  #232 ) ;
#20 = CYLINDRICAL_SURFACE ( 'NONE', #3737, 0.07999999999999997391 ) ;
#21 = ORIENTED_EDGE ( 'NONE', *, *, #2331, .F. ) ;
#22 = CARTESIAN_POINT ( 'NONE',  ( -0.001547626114818533884, 1.400000000000000355, -0.6249999999999994449 ) ) ;
#23 = APPLICATION_CONTEXT ( 'configuration controlled 3d designs of mechanical parts and assemblies' ) ;
#24 = CARTESIAN_POINT ( 'NONE',  ( 0.8300751009627573840, 0.7720964771347078592, -2.769388873270902884 ) ) ;
#25 = CARTESIAN_POINT ( 'NONE',  ( 1.896059524710993704, 1.565414399303227233, -0.3422706073329301879 ) ) ;
#26 = DIRECTION ( 'NONE',  ( 0.8660254037844431485, 0.000000000000000000, 0.4999999999999918954 ) ) ;
#27 = DIRECTION ( 'NONE',  ( 0.000000000000000000, 1.000000000000000000, 0.000000000000000000 ) ) ;
#28 = CARTESIAN_POINT ( 'NONE',  ( 0.4793326108078777015, 0.3833043967670137775, -2.310834212327522952 ) ) ;
#29 = VERTEX_POINT ( 'NONE', #2666 ) ;
#30 = CARTESIAN_POINT ( 'NONE',  ( 0.000000000000000000, 0.9825830745650996345, 0.2300000000000000100 ) ) ;
#31 = CARTESIAN_POINT ( 'NONE',  ( -0.001547626114818309020, 1.900000000000000133, -2.543418249656636210 ) ) ;
#32 = EDGE_CURVE ( 'NONE', #3490, #980, #1666, .T. ) ;
#33 = EDGE_CURVE ( 'NONE', #29, #3554, #1510, .T. ) ;
#34 = ORIENTED_EDGE ( 'NONE', *, *, #2114, .T. ) ;
#35 = CARTESIAN_POINT ( 'NONE',  ( 0.9556560821508677250, 0.2256763409022883582, -2.287559829978355719 ) ) ;
#36 = FACE_OUTER_BOUND ( 'NONE', #2286, .T. ) ;
#37 = VECTOR ( 'NONE', #714, 39.37007874015748854 ) ;
#38 = DIRECTION ( 'NONE',  ( 1.540690490158434435E-16, 1.000000000000000000, 0.000000000000000000 ) ) ;
#39 = AXIS2_PLACEMENT_3D ( 'NONE', #1215, #318, #351 ) ;
#40 = CARTESIAN_POINT ( 'NONE',  ( -0.05530651568387713601, 0.2000000000000000666, -2.544214377143550809 ) ) ;
#41 = ADVANCED_FACE ( 'NONE', ( #2469, #1588 ), #622, .F. ) ;
#42 = CARTESIAN_POINT ( 'NONE',  ( -0.001031004078417811819, 0.3388038882276119268, -2.543418249656636210 ) ) ;
#43 = CARTESIAN_POINT ( 'NONE',  ( -0.9509319611720373766, 0.3024760367037283015, -2.292040045186846342 ) ) ;
#44 = CARTESIAN_POINT ( 'NONE',  ( 0.01657865911541542628, 0.5339819121890775344, 0.2300000000000000100 ) ) ;
#45 = CIRCLE ( 'NONE', #364, 1.227932858168453212 ) ;
#46 = CIRCLE ( 'NONE', #559, 2.300000000000000266 ) ;
#47 = EDGE_CURVE ( 'NONE', #2057, #3645, #1848, .T. ) ;
#48 = FACE_OUTER_BOUND ( 'NONE', #3989, .T. ) ;
#49 = ADVANCED_BREP_SHAPE_REPRESENTATION ( 'TopOfIbexHoleCover', ( #2825, #3274 ), #998 ) ;
#50 = DIRECTION ( 'NONE',  ( 0.9987702375714582193, -0.04957834750627354570, 0.000000000000000000 ) ) ;
#51 = CARTESIAN_POINT ( 'NONE',  ( -0.06439876634427584012, 0.4097724718723612658, -2.354848461725615127 ) ) ;
#52 = VERTEX_POINT ( 'NONE', #643 ) ;
#53 = CARTESIAN_POINT ( 'NONE',  ( -1.820200974062149646, 1.525000000000000355, -1.674999999999982725 ) ) ;
#54 = CARTESIAN_POINT ( 'NONE',  ( 2.263510205813259013, 1.400000000000000355, -1.024390808633948602 ) ) ;
#55 = VECTOR ( 'NONE', #2771, 39.37007874015748143 ) ;
#56 = ORIENTED_EDGE ( 'NONE', *, *, #1442, .F. ) ;
#57 = CARTESIAN_POINT ( 'NONE',  ( 0.9505263489162466550, 0.3024885206747175981, -2.290505436891488333 ) ) ;
#58 = VECTOR ( 'NONE', #3300, 39.37007874015748143 ) ;
#59 = CARTESIAN_POINT ( 'NONE',  ( -0.001547626114818544075, 1.902884585545088658, -0.6237153980873296755 ) ) ;
#60 = ADVANCED_FACE ( 'NONE', ( #3701 ), #982, .T. ) ;
#61 = DIRECTION ( 'NONE',  ( 0.000000000000000000, 0.000000000000000000, 1.000000000000000000 ) ) ;
#62 = CARTESIAN_POINT ( 'NONE',  ( 1.900216246565339384, 1.193637624883012727, -0.3725953446178653095 ) ) ;
#63 = CARTESIAN_POINT ( 'NONE',  ( -1.069040324972696965, 0.1448136763892438617, -2.662267615676723320 ) ) ;
#64 = CARTESIAN_POINT ( 'NONE',  ( 1.708893745767598560, 0.3904421224289020276, 0.08000000000000025147 ) ) ;
#65 = CARTESIAN_POINT ( 'NONE',  ( -0.06085094431263747550, 0.2775804344684613123, -2.924238222462632208 ) ) ;
#66 = CARTESIAN_POINT ( 'NONE',  ( 1.806906216081391126, 1.367845258825650223, 0.01517441471945802159 ) ) ;
#67 = CARTESIAN_POINT ( 'NONE',  ( -2.266529122699372678, -6.505382386916236825, -1.024823486215596047 ) ) ;
#68 = VERTEX_POINT ( 'NONE', #2789 ) ;
#69 = DIRECTION ( 'NONE',  ( 0.000000000000000000, 0.000000000000000000, 1.000000000000000000 ) ) ;
#70 =( BOUNDED_SURFACE ( )  B_SPLINE_SURFACE ( 3, 3, ( 
 ( #2891, #2627, #1347, #1028 ),
 ( #101, #783, #1971, #1084 ),
 ( #1715, #420, #3219, #442 ),
 ( #1677, #2605, #1328, #1308 ),
 ( #724, #124, #3870, #1008 ) ),
 .UNSPECIFIED., .F., .F., .F. ) 
 B_SPLINE_SURFACE_WITH_KNOTS ( ( 4, 1, 4 ),
 ( 4, 4 ),
 ( 0.5328858068723865138, 0.5512740216588631892, 0.8017081739431112242 ),
 ( 0.000000000000000000, 1.000000000000000000 ),
 .UNSPECIFIED. ) 
 GEOMETRIC_REPRESENTATION_ITEM ( )  RATIONAL_B_SPLINE_SURFACE ( (
 ( 1.000000000000000000, 0.7741208171824524031, 0.7741208171824524031, 1.000000000000000000),
 ( 1.000000000000000000, 0.7741208171824524031, 0.7741208171824524031, 1.000000000000000000),
 ( 1.000000000000000000, 0.7741208171824524031, 0.7741208171824524031, 1.000000000000000000),
 ( 1.000000000000000000, 0.7741208171824524031, 0.7741208171824524031, 1.000000000000000000),
 ( 1.000000000000000000, 0.7741208171824524031, 0.7741208171824524031, 1.000000000000000000) ) ) 
 REPRESENTATION_ITEM ( '' )  SURFACE ( )  );
#71 = CARTESIAN_POINT ( 'NONE',  ( -0.0004351282246964497183, 1.775000000000000133, -0.6256423009563343296 ) ) ;
#72 = EDGE_CURVE ( 'NONE', #1600, #29, #1264, .T. ) ;
#73 = AXIS2_PLACEMENT_3D ( 'NONE', #2862, #1320, #2559 ) ;
#74 = ORIENTED_EDGE ( 'NONE', *, *, #2331, .T. ) ;
#75 = DIRECTION ( 'NONE',  ( 0.000000000000000000, 1.000000000000000000, 0.000000000000000000 ) ) ;
#76 = AXIS2_PLACEMENT_3D ( 'NONE', #3043, #1499, #3062 ) ;
#77 = LINE ( 'NONE', #1923, #456 ) ;
#78 = CARTESIAN_POINT ( 'NONE',  ( 1.913771226574956463, 0.6087580204164162456, -0.7384491634202108301 ) ) ;
#79 = CALENDAR_DATE ( 2026, 8, 7 ) ;
#80 = ORIENTED_EDGE ( 'NONE', *, *, #3577, .T. ) ;
#81 = FACE_OUTER_BOUND ( 'NONE', #192, .T. ) ;
#82 = DIRECTION ( 'NONE',  ( 0.000000000000000000, 0.000000000000000000, 1.000000000000000000 ) ) ;
#83 = LINE ( 'NONE', #145, #1467 ) ;
#84 = CARTESIAN_POINT ( 'NONE',  ( 1.917487001222907717, 0.2666558389098271920, -0.5477318034757937548 ) ) ;
#85 = CARTESIAN_POINT ( 'NONE',  ( -0.001547626114818544075, 1.774999999999999467, -0.6249999999999994449 ) ) ;
#86 = EDGE_LOOP ( 'NONE', ( #1489, #1644, #3230, #2155 ) ) ;
#87 = CARTESIAN_POINT ( 'NONE',  ( 1.787811734633400373, 0.7693083864797874982, -1.318644783744425730 ) ) ;
#88 = B_SPLINE_CURVE_WITH_KNOTS ( 'NONE', 3,
 ( #2436, #893, #3368, #591, #634, #1821, #2798, #1518, #3712, #933, #611, #1540, #1232, #2168, #1860, #3102, #1560, #3273, #2009, #1729 ),
 .UNSPECIFIED., .F., .F.,
 ( 4, 2, 2, 2, 2, 2, 2, 2, 2, 4 ),
 ( 0.004840107373171067574, 0.005465762058233199390, 0.006091416743295332073, 0.006717071428357463889, 0.007342726113419598306, 0.007655553455950666816, 0.007968380798481736194, 0.008594035483543871479, 0.009219690168606010233, 0.009845344853668147253 ),
 .UNSPECIFIED. ) ;
#89 = CARTESIAN_POINT ( 'NONE',  ( 1.583811124487390920, 1.539029879238910770, -2.019203081218493789 ) ) ;
#90 = EDGE_CURVE ( 'NONE', #1483, #3641, #3937, .T. ) ;
#91 = ADVANCED_FACE ( 'NONE', ( #36 ), #3357, .T. ) ;
#92 = ORIENTED_EDGE ( 'NONE', *, *, #3707, .F. ) ;
#93 = LINE ( 'NONE', #1300, #2038 ) ;
#94 = LINE ( 'NONE', #3151, #2722 ) ;
#95 = CARTESIAN_POINT ( 'NONE',  ( 1.916657422803566657, 0.6781178931779833219, -0.6557098585103851018 ) ) ;
#96 = ORIENTED_EDGE ( 'NONE', *, *, #1694, .T. ) ;
#97 = ORIENTED_EDGE ( 'NONE', *, *, #119, .T. ) ;
#98 = LINE ( 'NONE', #1346, #3987 ) ;
#99 = VECTOR ( 'NONE', #2201, 39.37007874015748143 ) ;
#100 = EDGE_CURVE ( 'NONE', #68, #1521, #1605, .T. ) ;
#101 = CARTESIAN_POINT ( 'NONE',  ( 1.787277779622981733, 0.7594359270062837064, -1.350901299140125689 ) ) ;
#102 = CARTESIAN_POINT ( 'NONE',  ( -0.006720892830921055064, 0.3053092969674653379, -2.925000000000000266 ) ) ;
#103 = CC_DESIGN_APPROVAL ( #2950, ( #1808 ) ) ;
#104 = CARTESIAN_POINT ( 'NONE',  ( -1.711772581913836522, 0.5145671714623657467, 0.08000000000000022371 ) ) ;
#105 = LINE ( 'NONE', #148, #749 ) ;
#106 = AXIS2_PLACEMENT_3D ( 'NONE', #3291, #871, #530 ) ;
#107 = AXIS2_PLACEMENT_3D ( 'NONE', #509, #1760, #3347 ) ;
#108 = ORIENTED_EDGE ( 'NONE', *, *, #2956, .F. ) ;
#109 = CARTESIAN_POINT ( 'NONE',  ( -1.025199279331000080, 0.2893332113921699422, -2.684658174175856615 ) ) ;
#110 = CARTESIAN_POINT ( 'NONE',  ( -0.8917103954294247625, 0.3388089368204809659, -2.324393663852429182 ) ) ;
#111 = VERTEX_POINT ( 'NONE', #965 ) ;
#112 = CARTESIAN_POINT ( 'NONE',  ( 0.8757469997896104585, 0.2000000000000000111, -2.203098699284266715 ) ) ;
#113 = ORIENTED_EDGE ( 'NONE', *, *, #3171, .T. ) ;
#114 = CIRCLE ( 'NONE', #2507, 0.3999999999999995781 ) ;
#115 = DIRECTION ( 'NONE',  ( -1.000000000000000000, -1.540690490158434435E-16, 0.000000000000000000 ) ) ;
#116 = AXIS2_PLACEMENT_3D ( 'NONE', #3130, #3397, #1850 ) ;
#117 = CARTESIAN_POINT ( 'NONE',  ( -0.8343941456990204841, 1.658662601581720741, -3.100000000000000089 ) ) ;
#118 = EDGE_CURVE ( 'NONE', #174, #282, #580, .T. ) ;
#119 = EDGE_CURVE ( 'NONE', #2886, #1483, #18, .T. ) ;
#120 = ORIENTED_EDGE ( 'NONE', *, *, #3131, .F. ) ;
#121 = ORIENTED_EDGE ( 'NONE', *, *, #974, .F. ) ;
#122 = LOCAL_TIME ( 10, 41, 44.00000000000000000, #2404 ) ;
#123 = LINE ( 'NONE', #360, #3599 ) ;
#124 = CARTESIAN_POINT ( 'NONE',  ( 0.8296852671926019385, 0.6811476702523848736, -2.733566058457060688 ) ) ;
#125 = CARTESIAN_POINT ( 'NONE',  ( 0.8842401567270526952, 0.3388083693947893105, -2.326697158591296777 ) ) ;
#126 = CARTESIAN_POINT ( 'NONE',  ( 1.785707074730771504, 0.3161313511041295432, 0.07217229930697789675 ) ) ;
#127 = CARTESIAN_POINT ( 'NONE',  ( 0.000000000000000000, 1.378798922997412246, 0.2300000000000000100 ) ) ;
#128 = ORIENTED_EDGE ( 'NONE', *, *, #2741, .T. ) ;
#129 = CARTESIAN_POINT ( 'NONE',  ( -1.001201217552732503, 0.2510608492966548977, -2.696399697687932751 ) ) ;
#130 = CARTESIAN_POINT ( 'NONE',  ( 0.8372944962502321120, 0.2000000000000000111, -2.223280129982263098 ) ) ;
#131 = ADVANCED_FACE ( 'NONE', ( #2824 ), #1855, .T. ) ;
#132 = VERTEX_POINT ( 'NONE', #2805 ) ;
#133 = CARTESIAN_POINT ( 'NONE',  ( -0.7197899270987242470, 1.400000000000000355, 1.348354503650408098 ) ) ;
#134 = VERTEX_POINT ( 'NONE', #1258 ) ;
#135 = AXIS2_PLACEMENT_3D ( 'NONE', #3266, #170, #489 ) ;
#136 = CARTESIAN_POINT ( 'NONE',  ( -1.570415290101632610, 0.2000000000000000111, 0.2300000000000000100 ) ) ;
#137 = EDGE_CURVE ( 'NONE', #3705, #1044, #2506, .T. ) ;
#138 = CARTESIAN_POINT ( 'NONE',  ( 1.916876481255740394, 0.7219224317673599289, -0.6239776936571767019 ) ) ;
#139 = EDGE_LOOP ( 'NONE', ( #1904, #805, #1352, #700, #786, #3858, #2942 ) ) ;
#140 = ORIENTED_EDGE ( 'NONE', *, *, #1142, .F. ) ;
#141 = ADVANCED_FACE ( 'NONE', ( #2202 ), #3442, .T. ) ;
#142 = CARTESIAN_POINT ( 'NONE',  ( -1.091837506864613561, 0.3013241308921797978, -2.650164573804845158 ) ) ;
#143 = ADVANCED_FACE ( 'NONE', ( #279 ), #1508, .F. ) ;
#144 = CARTESIAN_POINT ( 'NONE',  ( -0.0007735038263339738323, 0.3054223110284295939, -2.924999913115232442 ) ) ;
#145 = CARTESIAN_POINT ( 'NONE',  ( -1.153329311814807134, 0.1999999999999999278, 0.2300000000000000100 ) ) ;
#146 = CARTESIAN_POINT ( 'NONE',  ( 1.911398229867098841, 0.5911155710308954037, -0.7697989388678229128 ) ) ;
#147 = ORIENTED_EDGE ( 'NONE', *, *, #3831, .T. ) ;
#148 = CARTESIAN_POINT ( 'NONE',  ( -0.001547626114818544075, 1.400000000000000355, 1.675000000000000488 ) ) ;
#149 = CARTESIAN_POINT ( 'NONE',  ( 1.805591189654716100, 0.7787718170458145517, -1.270828354522401726 ) ) ;
#150 = FACE_OUTER_BOUND ( 'NONE', #3794, .T. ) ;
#151 = AXIS2_PLACEMENT_3D ( 'NONE', #3264, #1453, #2332 ) ;
#152 = ORIENTED_EDGE ( 'NONE', *, *, #1158, .F. ) ;
#153 = LINE ( 'NONE', #3511, #1516 ) ;
#154 = ORIENTED_EDGE ( 'NONE', *, *, #2094, .F. ) ;
#155 = ADVANCED_FACE ( 'NONE', ( #1021 ), #3495, .F. ) ;
#156 = CARTESIAN_POINT ( 'NONE',  ( 0.06947035971712055280, 0.1850490861382354246, -2.923905132034746224 ) ) ;
#157 = CARTESIAN_POINT ( 'NONE',  ( 0.8381853963890779635, 0.1882076191372976381, -2.221647387600846457 ) ) ;
#158 = ORIENTED_EDGE ( 'NONE', *, *, #341, .F. ) ;
#159 = ORIENTED_EDGE ( 'NONE', *, *, #162, .T. ) ;
#160 = CARTESIAN_POINT ( 'NONE',  ( 1.446661498883142105, 0.3421322555212537031, -1.886769954584388564 ) ) ;
#161 = CARTESIAN_POINT ( 'NONE',  ( 0.8300751009627563848, -6.505382386916236825, -2.769388873270903328 ) ) ;
#162 = EDGE_CURVE ( 'NONE', #1184, #692, #1162, .T. ) ;
#163 = CARTESIAN_POINT ( 'NONE',  ( 1.006299351190141467, 0.1848228521258655777, -2.692428434142298599 ) ) ;
#164 = CARTESIAN_POINT ( 'NONE',  ( 1.885320228860967395, 0.2863814056019891585, -0.2755133056949953252 ) ) ;
#165 = EDGE_LOOP ( 'NONE', ( #3754, #3136, #1638, #2993, #1115 ) ) ;
#166 = AXIS2_PLACEMENT_3D ( 'NONE', #2159, #2885, #2560 ) ;
#167 = PLANE ( 'NONE',  #2019 ) ;
#168 = ADVANCED_FACE ( 'NONE', ( #677 ), #997, .T. ) ;
#169 = CARTESIAN_POINT ( 'NONE',  ( -1.033254419696979953, 0.1555327280335345452, -2.680626451464240390 ) ) ;
#170 = DIRECTION ( 'NONE',  ( 0.000000000000000000, 1.000000000000000000, 0.000000000000000000 ) ) ;
#171 = CARTESIAN_POINT ( 'NONE',  ( 0.8891380349438403607, 0.2114582109486332906, -2.197202685681922230 ) ) ;
#172 = ORIENTED_EDGE ( 'NONE', *, *, #1173, .F. ) ;
#173 = CARTESIAN_POINT ( 'NONE',  ( -0.07983683361694947356, 0.2682696700972172499, -2.541820127976650134 ) ) ;
#174 = VERTEX_POINT ( 'NONE', #2884 ) ;
#175 = CARTESIAN_POINT ( 'NONE',  ( 0.05295602280718402638, 0.1647554046939837535, -2.924357067557793233 ) ) ;
#176 = AXIS2_PLACEMENT_3D ( 'NONE', #1449, #2951, #182 ) ;
#177 = CARTESIAN_POINT ( 'NONE',  ( 1.136636260439445101, 0.2044675488862435220, -2.623634150710762558 ) ) ;
#178 = ORIENTED_EDGE ( 'NONE', *, *, #3904, .T. ) ;
#179 = EDGE_CURVE ( 'NONE', #3249, #415, #94, .T. ) ;
#180 = VERTEX_POINT ( 'NONE', #3477 ) ;
#181 = DIRECTION ( 'NONE',  ( 0.000000000000000000, 1.000000000000000000, 0.000000000000000000 ) ) ;
#182 = DIRECTION ( 'NONE',  ( -0.8660254037844363761, 0.000000000000000000, 0.5000000000000039968 ) ) ;
#183 = CARTESIAN_POINT ( 'NONE',  ( 1.059379803195514169, 0.1453374836672103321, -2.665700668972659226 ) ) ;
#184 = ORIENTED_EDGE ( 'NONE', *, *, #2714, .F. ) ;
#185 = CARTESIAN_POINT ( 'NONE',  ( -1.919628792771514769, 0.8204783202276387799, -0.5851665648456028102 ) ) ;
#186 = DIRECTION ( 'NONE',  ( -0.000000000000000000, -1.000000000000000000, -0.000000000000000000 ) ) ;
#187 = CARTESIAN_POINT ( 'NONE',  ( -1.723373758574606063, 1.526531836975986600, 0.08000000000000023759 ) ) ;
#188 = ORIENTED_EDGE ( 'NONE', *, *, #1220, .F. ) ;
#189 = CARTESIAN_POINT ( 'NONE',  ( 1.732018789410744608, 0.6777685893231935044, 0.08000000000000022371 ) ) ;
#190 = ORIENTED_EDGE ( 'NONE', *, *, #3446, .F. ) ;
#191 = CARTESIAN_POINT ( 'NONE',  ( -0.001547626114818544075, 1.400000000000000355, -0.6249999999999994449 ) ) ;
#192 = EDGE_LOOP ( 'NONE', ( #2732, #255, #1043, #3968, #1445, #2655, #92, #2021, #3772, #2008, #3699, #1087, #432 ) ) ;
#193 = DIRECTION ( 'NONE',  ( -0.8660254037844362651, 0.000000000000000000, 0.5000000000000039968 ) ) ;
#194 = EDGE_CURVE ( 'NONE', #3433, #3807, #1807, .T. ) ;
#195 = CIRCLE ( 'NONE', #3757, 1.475963485241161166 ) ;
#196 = CARTESIAN_POINT ( 'NONE',  ( 1.100028447921721719, 0.1530144386858771077, -2.644047629788565779 ) ) ;
#197 = ORIENTED_EDGE ( 'NONE', *, *, #2819, .T. ) ;
#198 =( BOUNDED_CURVE ( )  B_SPLINE_CURVE ( 3, ( #2937, #789, #3570, #2291 ),
 .UNSPECIFIED., .F., .F. ) 
 B_SPLINE_CURVE_WITH_KNOTS ( ( 4, 4 ),
 ( 0.5509412273697830154, 0.7533404919759461027 ),
 .UNSPECIFIED. ) 
 CURVE ( )  GEOMETRIC_REPRESENTATION_ITEM ( )  RATIONAL_B_SPLINE_CURVE ( ( 1.000000000000000000, 0.9965891239675108704, 0.9965891239675108704, 1.000000000000000000 ) ) 
 REPRESENTATION_ITEM ( '' )  );
#199 = ORIENTED_EDGE ( 'NONE', *, *, #3680, .T. ) ;
#200 = VECTOR ( 'NONE', #3435, 39.37007874015748143 ) ;
#201 = CARTESIAN_POINT ( 'NONE',  ( 1.561258445455842470, 0.3583065943536244968, -1.737639098395118431 ) ) ;
#202 = EDGE_CURVE ( 'NONE', #1763, #2640, #77, .T. ) ;
#203 = CARTESIAN_POINT ( 'NONE',  ( 1.380714260419333872, 0.3392928441445153265, -1.955293447946985230 ) ) ;
#204 = CARTESIAN_POINT ( 'NONE',  ( 0.3876441389991133191, 1.584172381172868738, 1.486756280962736598 ) ) ;
#205 = CIRCLE ( 'NONE', #76, 0.9999999999999995559 ) ;
#206 = ORIENTED_EDGE ( 'NONE', *, *, #2283, .F. ) ;
#207 = CARTESIAN_POINT ( 'NONE',  ( -1.676260635351330963, 1.228235012968723838, 0.08000000000000022371 ) ) ;
#208 = CARTESIAN_POINT ( 'NONE',  ( -2.016613144249419065, 1.585972587145296986, -1.371118393976491046 ) ) ;
#209 = CARTESIAN_POINT ( 'NONE',  ( 1.574680782069089124, 1.400000000000000355, -2.012587213816336984 ) ) ;
#210 = CARTESIAN_POINT ( 'NONE',  ( -1.831317056518608766, 0.6073595720773582451, -1.211161071806562184 ) ) ;
#211 = DIRECTION ( 'NONE',  ( 0.9987702375714583303, -0.04957834750627355264, 0.000000000000000000 ) ) ;
#212 = ORIENTED_EDGE ( 'NONE', *, *, #3071, .F. ) ;
#213 = DIRECTION ( 'NONE',  ( 0.000000000000000000, 1.000000000000000000, 0.000000000000000000 ) ) ;
#214 = EDGE_LOOP ( 'NONE', ( #564, #2013, #844, #2822, #3552, #1038, #3912 ) ) ;
#215 = FACE_OUTER_BOUND ( 'NONE', #2644, .T. ) ;
#216 = EDGE_CURVE ( 'NONE', #2406, #2461, #776, .T. ) ;
#217 = B_SPLINE_CURVE_WITH_KNOTS ( 'NONE', 3,
 ( #1966, #78, #2863, #2297, #95, #2601, #2544, #138, #1672, #1059 ),
 .UNSPECIFIED., .F., .F.,
 ( 4, 2, 2, 2, 4 ),
 ( 0.0004829959798161497170, 0.003218379079628551527, 0.004586070629534752703, 0.005269916404487846352, 0.005953762179440939134 ),
 .UNSPECIFIED. ) ;
#218 = CARTESIAN_POINT ( 'NONE',  ( 1.129690162556686861, 0.1850490861382354246, -2.627575697917289510 ) ) ;
#219 = ORIENTED_EDGE ( 'NONE', *, *, #2417, .F. ) ;
#220 = ORIENTED_EDGE ( 'NONE', *, *, #1766, .F. ) ;
#221 = DIRECTION ( 'NONE',  ( 0.8660254037844432595, 0.000000000000000000, 0.4999999999999919509 ) ) ;
#222 = DIRECTION ( 'NONE',  ( 0.000000000000000000, 1.000000000000000000, 0.000000000000000000 ) ) ;
#223 = VERTEX_POINT ( 'NONE', #393 ) ;
#224 = EDGE_CURVE ( 'NONE', #1521, #1108, #2845, .T. ) ;
#225 = DIRECTION ( 'NONE',  ( 1.000000000000000000, -0.000000000000000000, 1.224646799147353207E-16 ) ) ;
#226 = CARTESIAN_POINT ( 'NONE',  ( -0.03406277721876153908, 0.1966125837366956564, -2.419906433564086967 ) ) ;
#227 = CARTESIAN_POINT ( 'NONE',  ( 1.607146220480696552, 0.2163211269373949142, -1.671206996928364719 ) ) ;
#228 = CARTESIAN_POINT ( 'NONE',  ( -1.731109836142401770, 0.5602423114105562485, -1.456726227108339877 ) ) ;
#229 = DIRECTION ( 'NONE',  ( -0.04957834750627355264, -0.9987702375714583303, -0.000000000000000000 ) ) ;
#230 = VERTEX_POINT ( 'NONE', #3801 ) ;
#231 = CARTESIAN_POINT ( 'NONE',  ( -0.04071935690367577826, 0.3281492268597014372, -2.543029662804373814 ) ) ;
#232 = AXIS2_PLACEMENT_3D ( 'NONE', #945, #3421, #1609 ) ;
#233 = ORIENTED_EDGE ( 'NONE', *, *, #2907, .T. ) ;
#234 = CARTESIAN_POINT ( 'NONE',  ( 0.03555132733347709378, 0.1530144386858770522, -2.924705817250897510 ) ) ;
#235 = CARTESIAN_POINT ( 'NONE',  ( 0.000000000000000000, 0.2000000000000000111, 0.2276221842784289795 ) ) ;
#236 = ORIENTED_EDGE ( 'NONE', *, *, #3743, .F. ) ;
#237 = AXIS2_PLACEMENT_3D ( 'NONE', #1456, #2695, #3635 ) ;
#238 = CARTESIAN_POINT ( 'NONE',  ( -1.913737966715007177, 0.7195376855911973513, -0.7827506897165997790 ) ) ;
#239 = B_SPLINE_CURVE_WITH_KNOTS ( 'NONE', 3,
 ( #2775, #310, #2831, #3767, #64, #2492, #1269, #3688, #687, #1876, #2164, #3385, #3728, #1857, #1537, #1288 ),
 .UNSPECIFIED., .F., .F.,
 ( 4, 2, 2, 2, 2, 2, 2, 4 ),
 ( 0.01422549637225753102, 0.01466146740195391207, 0.01509743843165029138, 0.01596938049104305868, 0.01640535152073944319, 0.01684132255043582771, 0.01727729358013220876, 0.01771326460982859327 ),
 .UNSPECIFIED. ) ;
#240 = CARTESIAN_POINT ( 'NONE',  ( -0.05637807465236342741, 0.2000000000000000389, -2.490117144599392596 ) ) ;
#241 = EDGE_CURVE ( 'NONE', #2638, #873, #3425, .T. ) ;
#242 = CARTESIAN_POINT ( 'NONE',  ( 0.3144302810911371315, 1.531794577959574521, 1.456575363216182417 ) ) ;
#243 = CIRCLE ( 'NONE', #2697, 0.08000000000000000167 ) ;
#244 = ORIENTED_EDGE ( 'NONE', *, *, #1571, .T. ) ;
#245 = DIRECTION ( 'NONE',  ( -0.000000000000000000, -1.000000000000000000, -0.000000000000000000 ) ) ;
#246 =( BOUNDED_CURVE ( )  B_SPLINE_CURVE ( 3, ( #3482, #2867, #1145, #503 ),
 .UNSPECIFIED., .F., .F. ) 
 B_SPLINE_CURVE_WITH_KNOTS ( ( 4, 4 ),
 ( 6.151004407183170208, 6.157526342647450690 ),
 .UNSPECIFIED. ) 
 CURVE ( )  GEOMETRIC_REPRESENTATION_ITEM ( )  RATIONAL_B_SPLINE_CURVE ( ( 1.000000000000000000, 0.9999964553662910038, 0.9999964553662910038, 1.000000000000000000 ) ) 
 REPRESENTATION_ITEM ( '' )  );
#247 = DIRECTION ( 'NONE',  ( -0.000000000000000000, 1.000000000000000000, -0.000000000000000000 ) ) ;
#248 = TOROIDAL_SURFACE ( 'NONE', #2511, 2.457541107019626025, 0.3999999999999994671 ) ;
#249 = CARTESIAN_POINT ( 'NONE',  ( 1.678041645445835783, 0.2191767199146294476, -1.553107863594150650 ) ) ;
#250 = CARTESIAN_POINT ( 'NONE',  ( -1.598200725305749970, 0.5151402271626858154, -1.688497748685731104 ) ) ;
#251 = CIRCLE ( 'NONE', #1983, 1.169999999999999929 ) ;
#252 = CARTESIAN_POINT ( 'NONE',  ( 0.9032447275295103495, 0.2315673427433491693, -2.191989352379002831 ) ) ;
#253 = ORIENTED_EDGE ( 'NONE', *, *, #3382, .T. ) ;
#254 = FACE_OUTER_BOUND ( 'NONE', #3413, .T. ) ;
#255 = ORIENTED_EDGE ( 'NONE', *, *, #2788, .F. ) ;
#256 = CARTESIAN_POINT ( 'NONE',  ( -1.974807496717371658, 1.655905511811023745, -1.393445242209933488 ) ) ;
#257 = DIRECTION ( 'NONE',  ( 0.000000000000000000, -0.000000000000000000, -1.000000000000000000 ) ) ;
#258 = ORIENTED_EDGE ( 'NONE', *, *, #363, .T. ) ;
#259 = ORIENTED_EDGE ( 'NONE', *, *, #3020, .F. ) ;
#260 = EDGE_CURVE ( 'NONE', #2947, #3453, #3954, .T. ) ;
#261 = CARTESIAN_POINT ( 'NONE',  ( 1.050220837397178641, 0.3028436027018514554, -2.670436254374612961 ) ) ;
#262 = ORIENTED_EDGE ( 'NONE', *, *, #2579, .F. ) ;
#263 = EDGE_CURVE ( 'NONE', #2563, #873, #1514, .T. ) ;
#264 = ORIENTED_EDGE ( 'NONE', *, *, #3171, .F. ) ;
#265 = CIRCLE ( 'NONE', #1291, 1.918418249656636654 ) ;
#266 = DIRECTION ( 'NONE',  ( -0.000000000000000000, 1.000000000000000000, -0.000000000000000000 ) ) ;
#267 = CARTESIAN_POINT ( 'NONE',  ( -2.021711227181779424, 1.587663867992779254, -1.361160924519965398 ) ) ;
#268 = CIRCLE ( 'NONE', #3374, 2.098715398087330986 ) ;
#269 = DIRECTION ( 'NONE',  ( 0.000000000000000000, 0.000000000000000000, 1.000000000000000000 ) ) ;
#270 = CARTESIAN_POINT ( 'NONE',  ( -1.898392813728687400, 1.564549159618146001, -0.3371809033197720185 ) ) ;
#271 = CARTESIAN_POINT ( 'NONE',  ( -0.04549067807102991773, 0.1965011987064909094, -2.494471572686499439 ) ) ;
#272 = ORIENTED_EDGE ( 'NONE', *, *, #740, .F. ) ;
#273 = CARTESIAN_POINT ( 'NONE',  ( -1.820200974062149646, 1.400000000000000355, -1.674999999999982503 ) ) ;
#274 = ORIENTED_EDGE ( 'NONE', *, *, #3411, .T. ) ;
#275 = CYLINDRICAL_SURFACE ( 'NONE', #1036, 0.07999999999999997391 ) ;
#276 = B_SPLINE_CURVE_WITH_KNOTS ( 'NONE', 3,
 ( #2998, #210, #3636, #228, #3941, #853, #2087, #250 ),
 .UNSPECIFIED., .F., .F.,
 ( 4, 2, 2, 4 ),
 ( 0.002920182076428539612, 0.01112541976188542205, 0.01522803860461386348, 0.01933065744734230665 ),
 .UNSPECIFIED. ) ;
#277 = EDGE_LOOP ( 'NONE', ( #3486, #2980, #1680, #2602 ) ) ;
#278 = FACE_OUTER_BOUND ( 'NONE', #4002, .T. ) ;
#279 = FACE_OUTER_BOUND ( 'NONE', #1921, .T. ) ;
#280 = AXIS2_PLACEMENT_3D ( 'NONE', #1148, #1389, #2934 ) ;
#281 = CARTESIAN_POINT ( 'NONE',  ( 1.064055431898801585, 0.3054245424389729346, -2.663263351013767544 ) ) ;
#282 = VERTEX_POINT ( 'NONE', #2996 ) ;
#283 = ORIENTED_EDGE ( 'NONE', *, *, #1266, .T. ) ;
#284 = CARTESIAN_POINT ( 'NONE',  ( 0.05017996856941617928, 0.2000000000000000944, -2.445276994587379349 ) ) ;
#285 = EDGE_CURVE ( 'NONE', #1925, #282, #3044, .T. ) ;
#286 = DIRECTION ( 'NONE',  ( -0.000000000000000000, 0.08715574274764505136, 0.9961946980917467664 ) ) ;
#287 = PLANE ( 'NONE',  #1132 ) ;
#288 = DIRECTION ( 'NONE',  ( 0.9987702375714583303, -0.04957834750627352488, 0.000000000000000000 ) ) ;
#289 = B_SPLINE_CURVE_WITH_KNOTS ( 'NONE', 3,
 ( #1332, #1916, #691, #384, #2871, #1618, #2269, #3506, #1599, #3833, #707, #728, #2854, #2590, #424, #1637, #1311, #2288, #1936, #2897, #1051, #3201, #989, #3524 ),
 .UNSPECIFIED., .F., .F.,
 ( 4, 2, 2, 2, 2, 2, 2, 2, 2, 2, 2, 4 ),
 ( 0.06561317049525175471, 0.06939530026026104192, 0.07317743002527032914, 0.08074168955528890357, 0.08830594908530747800, 0.09587020861532606630, 0.1034344681453446546, 0.1072165979103539557, 0.1091076627928586062, 0.1109987276753632429, 0.1185629872053818312, 0.1261272467354004334 ),
 .UNSPECIFIED. ) ;
#290 = CARTESIAN_POINT ( 'NONE',  ( -0.03604376072392124347, 0.1978219588902471460, -2.417554014405062013 ) ) ;
#291 = EDGE_CURVE ( 'NONE', #2595, #2483, #352, .T. ) ;
#292 = VERTEX_POINT ( 'NONE', #1455 ) ;
#293 = CARTESIAN_POINT ( 'NONE',  ( -0.9549085331343314387, 0.4530062687334205918, -2.172284061626394980 ) ) ;
#294 = ORIENTED_EDGE ( 'NONE', *, *, #2534, .F. ) ;
#295 = FACE_OUTER_BOUND ( 'NONE', #2841, .T. ) ;
#296 = CARTESIAN_POINT ( 'NONE',  ( 0.03604376072392122959, 0.1978219588902471737, -2.417554014405062013 ) ) ;
#297 = AXIS2_PLACEMENT_3D ( 'NONE', #2576, #1669, #3168 ) ;
#298 = ORIENTED_EDGE ( 'NONE', *, *, #739, .F. ) ;
#299 = DIRECTION ( 'NONE',  ( 0.000000000000000000, 0.000000000000000000, 1.000000000000000000 ) ) ;
#300 = VECTOR ( 'NONE', #2799, 39.37007874015748854 ) ;
#301 = CARTESIAN_POINT ( 'NONE',  ( -0.001547626114818544075, 0.000000000000000000, -0.6249999999999994449 ) ) ;
#302 = AXIS2_PLACEMENT_3D ( 'NONE', #3795, #3815, #2003 ) ;
#303 = AXIS2_PLACEMENT_3D ( 'NONE', #1874, #1495, #1513 ) ;
#304 = AXIS2_PLACEMENT_3D ( 'NONE', #44, #2812, #3749 ) ;
#305 = CARTESIAN_POINT ( 'NONE',  ( 1.477150647861490862, 1.775000000000000133, -2.386560457973171179 ) ) ;
#306 = LINE ( 'NONE', #1534, #55 ) ;
#307 = ORIENTED_EDGE ( 'NONE', *, *, #2741, .F. ) ;
#308 = EDGE_CURVE ( 'NONE', #3167, #134, #812, .T. ) ;
#309 = CARTESIAN_POINT ( 'NONE',  ( 0.9999992932487992148, 0.1999999999999999278, 0.2288110921393868291 ) ) ;
#310 = CARTESIAN_POINT ( 'NONE',  ( 1.706056563906716006, 0.4132997534316901755, 0.08000000000000020983 ) ) ;
#311 = CARTESIAN_POINT ( 'NONE',  ( 1.915562201068724546, 1.389943778214778547, -0.5541586904982720441 ) ) ;
#312 = DIRECTION ( 'NONE',  ( 0.000000000000000000, -0.9750418027188200165, -0.2220213569700749401 ) ) ;
#313 = DIRECTION ( 'NONE',  ( 0.000000000000000000, 0.000000000000000000, 1.000000000000000000 ) ) ;
#314 = EDGE_CURVE ( 'NONE', #1299, #3183, #265, .T. ) ;
#315 = AXIS2_PLACEMENT_3D ( 'NONE', #1733, #2058, #538 ) ;
#316 = CARTESIAN_POINT ( 'NONE',  ( 1.715806030129466198, 0.2000000000000000389, 0.2300000000000120004 ) ) ;
#317 = ORIENTED_EDGE ( 'NONE', *, *, #435, .F. ) ;
#318 = DIRECTION ( 'NONE',  ( -0.4629547600703696197, 0.08715574274764505136, 0.8820865981491232688 ) ) ;
#319 = CARTESIAN_POINT ( 'NONE',  ( -1.781386850750484863, 0.4008921740330834704, -1.342354450132534849 ) ) ;
#320 = ORIENTED_EDGE ( 'NONE', *, *, #1810, .T. ) ;
#321 = CARTESIAN_POINT ( 'NONE',  ( -0.8277226170301763553, 0.2954452699395730964, -2.356407493537648445 ) ) ;
#322 = CARTESIAN_POINT ( 'NONE',  ( 1.715806030129466198, 1.703193642316471745, 0.2300000000000120004 ) ) ;
#323 = CARTESIAN_POINT ( 'NONE',  ( -0.001547626114818262399, 1.900000000000000133, -2.924999999999999378 ) ) ;
#324 = CARTESIAN_POINT ( 'NONE',  ( -1.641257665714215719, 0.7215139068536209344, -1.622582743015486884 ) ) ;
#325 = PERSON_AND_ORGANIZATION ( #4006, #3787 ) ;
#326 = ORIENTED_EDGE ( 'NONE', *, *, #1423, .F. ) ;
#327 = ADVANCED_FACE ( 'NONE', ( #567 ), #1434, .F. ) ;
#328 = CARTESIAN_POINT ( 'NONE',  ( -0.001547626114818544075, 1.774999999999999467, -0.6249999999999994449 ) ) ;
#329 = CARTESIAN_POINT ( 'NONE',  ( -0.001547626114818533884, 1.400000000000000355, -0.6249999999999994449 ) ) ;
#330 = EDGE_CURVE ( 'NONE', #1140, #223, #1081, .T. ) ;
#331 = DIRECTION ( 'NONE',  ( 0.000000000000000000, 1.000000000000000000, -0.000000000000000000 ) ) ;
#332 = DIRECTION ( 'NONE',  ( 1.000000000000000000, 0.000000000000000000, 6.982962677686265922E-15 ) ) ;
#333 = CARTESIAN_POINT ( 'NONE',  ( -0.002660124004940618049, 1.400000000000000355, -0.6256423009563343296 ) ) ;
#334 = AXIS2_PLACEMENT_3D ( 'NONE', #2702, #2745, #3068 ) ;
#335 = CARTESIAN_POINT ( 'NONE',  ( 1.990310802589385419, 1.400000000000000355, -1.775000000000008793 ) ) ;
#336 = ORIENTED_EDGE ( 'NONE', *, *, #2995, .F. ) ;
#337 = CARTESIAN_POINT ( 'NONE',  ( -0.0004351282246964497183, 1.902884585545088658, -0.6256423009563343296 ) ) ;
#338 = CARTESIAN_POINT ( 'NONE',  ( -1.920283369282458130, 0.4548332602229777089, -0.5414342971645366154 ) ) ;
#339 = EDGE_LOOP ( 'NONE', ( #3214, #773 ) ) ;
#340 = CARTESIAN_POINT ( 'NONE',  ( -0.8202650296506642791, 0.2487527119422211219, -2.359944790453159857 ) ) ;
#341 = EDGE_CURVE ( 'NONE', #1842, #3595, #3914, .T. ) ;
#342 = CARTESIAN_POINT ( 'NONE',  ( 1.760122335296921081, 1.696836961411744671, 0.1409862354262521600 ) ) ;
#343 = FACE_OUTER_BOUND ( 'NONE', #426, .T. ) ;
#344 = DIRECTION ( 'NONE',  ( 0.000000000000000000, 0.000000000000000000, 1.000000000000000000 ) ) ;
#345 = CARTESIAN_POINT ( 'NONE',  ( -1.762164400098560568, 1.696243284705990506, 0.1431016685024870949 ) ) ;
#346 = CARTESIAN_POINT ( 'NONE',  ( -0.9621227845636421971, 0.2568515762286739390, -2.285609620426034994 ) ) ;
#347 = CARTESIAN_POINT ( 'NONE',  ( -1.872289945664607158, 0.8399615736049317327, -1.050728750234546816 ) ) ;
#348 = DIRECTION ( 'NONE',  ( -0.8660254037844428154, 0.000000000000000000, -0.4999999999999927836 ) ) ;
#349 = CARTESIAN_POINT ( 'NONE',  ( 0.5687965614139454118, 0.3789435828397899608, -2.291761195122795858 ) ) ;
#350 = ORIENTED_EDGE ( 'NONE', *, *, #1597, .T. ) ;
#351 = DIRECTION ( 'NONE',  ( -0.04050329323151530964, -0.9961946980917467664, 0.07717257758618387142 ) ) ;
#352 =( BOUNDED_CURVE ( )  B_SPLINE_CURVE ( 3, ( #587, #2105, #1818, #2395 ),
 .UNSPECIFIED., .F., .F. ) 
 B_SPLINE_CURVE_WITH_KNOTS ( ( 4, 4 ),
 ( 5.529704509439967275, 5.732244079809803772 ),
 .UNSPECIFIED. ) 
 CURVE ( )  GEOMETRIC_REPRESENTATION_ITEM ( )  RATIONAL_B_SPLINE_CURVE ( ( 1.000000000000000000, 0.9965843974460675270, 0.9965843974460675270, 1.000000000000000000 ) ) 
 REPRESENTATION_ITEM ( '' )  );
#353 = CARTESIAN_POINT ( 'NONE',  ( 1.570415290101632610, 0.2000000000000000111, 0.2300000000000109734 ) ) ;
#354 = ORIENTED_EDGE ( 'NONE', *, *, #864, .T. ) ;
#355 = CARTESIAN_POINT ( 'NONE',  ( 0.8913558529374128181, 0.3388089368204809659, -2.322955228418008833 ) ) ;
#356 = CARTESIAN_POINT ( 'NONE',  ( -1.991347607338193715, 1.527952755905511939, -1.296260236745793160 ) ) ;
#357 = AXIS2_PLACEMENT_3D ( 'NONE', #1885, #3441, #3718 ) ;
#358 = DIRECTION ( 'NONE',  ( 0.9987702375714582193, -0.04957834750627355264, 0.000000000000000000 ) ) ;
#359 = CALENDAR_DATE ( 2026, 8, 7 ) ;
#360 = CARTESIAN_POINT ( 'NONE',  ( 1.607274140168331478, 1.655905511811023745, -2.024670555105230640 ) ) ;
#361 = FACE_OUTER_BOUND ( 'NONE', #638, .T. ) ;
#362 = CARTESIAN_POINT ( 'NONE',  ( 1.854056289456134987, 1.642851646600385962, -0.1357710205381518764 ) ) ;
#363 = EDGE_CURVE ( 'NONE', #282, #1501, #523, .T. ) ;
#364 = AXIS2_PLACEMENT_3D ( 'NONE', #7, #2776, #2475 ) ;
#365 = AXIS2_PLACEMENT_3D ( 'NONE', #1661, #1350, #3162 ) ;
#366 = CARTESIAN_POINT ( 'NONE',  ( 0.8913558529374128181, 0.3388089368204809659, -2.322955228418008833 ) ) ;
#367 = LINE ( 'NONE', #67, #2925 ) ;
#368 = ORIENTED_EDGE ( 'NONE', *, *, #1980, .F. ) ;
#369 = CARTESIAN_POINT ( 'NONE',  ( -0.001547626114818544075, 1.902884585545088658, -0.6237153980873296755 ) ) ;
#370 = CARTESIAN_POINT ( 'NONE',  ( 1.574680782069089124, 1.525000000000000355, -2.012587213816336984 ) ) ;
#371 = ORIENTED_EDGE ( 'NONE', *, *, #1593, .F. ) ;
#372 =( BOUNDED_SURFACE ( )  B_SPLINE_SURFACE ( 3, 2, ( 
 ( #3354, #1136, #1504 ),
 ( #1826, #1197, #2383 ),
 ( #2075, #2442, #2131 ),
 ( #3945, #2766, #3005 ) ),
 .UNSPECIFIED., .F., .F., .F. ) 
 B_SPLINE_SURFACE_WITH_KNOTS ( ( 4, 4 ),
 ( 3, 3 ),
 ( 0.1624679108339852074, 0.2407694239016203164 ),
 ( 0.000000000000000000, 1.000000000000000000 ),
 .UNSPECIFIED. ) 
 GEOMETRIC_REPRESENTATION_ITEM ( )  RATIONAL_B_SPLINE_SURFACE ( (
 ( 1.000000000000000000, 0.9737554484197288307, 1.000000000000000000),
 ( 1.000000000000000000, 0.9659926721360739821, 1.000000000000000000),
 ( 1.000000000000000000, 0.9559540402631042655, 1.000000000000000000),
 ( 1.000000000000000000, 0.9429863641609327329, 1.000000000000000000) ) ) 
 REPRESENTATION_ITEM ( '' )  SURFACE ( )  );
#373 = DIRECTION ( 'NONE',  ( 0.9848077530122097967, 0.000000000000000000, 0.1736481776669204780 ) ) ;
#374 = DIRECTION ( 'NONE',  ( 0.4629547600703817767, 0.08715574274764505136, 0.8820865981491167185 ) ) ;
#375 = AXIS2_PLACEMENT_3D ( 'NONE', #3938, #1496, #3588 ) ;
#376 = PLANE ( 'NONE',  #1965 ) ;
#377 = ORIENTED_EDGE ( 'NONE', *, *, #1016, .T. ) ;
#378 = DIRECTION ( 'NONE',  ( 0.000000000000000000, 1.000000000000000000, 0.000000000000000000 ) ) ;
#379 = CARTESIAN_POINT ( 'NONE',  ( -0.9595008471475299228, 0.2806393914863424821, -2.287125937299983480 ) ) ;
#380 = CARTESIAN_POINT ( 'NONE',  ( -0.001547626114825226664, 0.3054097765882181625, -2.925000000000001599 ) ) ;
#381 = EDGE_CURVE ( 'NONE', #2410, #2213, #251, .T. ) ;
#382 = EDGE_CURVE ( 'NONE', #2072, #1688, #2529, .T. ) ;
#383 = CARTESIAN_POINT ( 'NONE',  ( 1.845466336454648193, 0.3006625177075310518, -0.09861834928208830509 ) ) ;
#384 = CARTESIAN_POINT ( 'NONE',  ( -1.215891891816328618, 0.3409515486036628906, -2.051661580971555932 ) ) ;
#385 = VECTOR ( 'NONE', #3810, 39.37007874015748143 ) ;
#386 = ORIENTED_EDGE ( 'NONE', *, *, #1458, .F. ) ;
#387 = CARTESIAN_POINT ( 'NONE',  ( -1.004806838840079930, 0.2607672511812609284, -2.694655759429153807 ) ) ;
#388 = CARTESIAN_POINT ( 'NONE',  ( -1.351401606456565707, 1.900000000000000133, -2.233693330549841871 ) ) ;
#389 = CIRCLE ( 'NONE', #1420, 2.098715398087330986 ) ;
#390 = ORIENTED_EDGE ( 'NONE', *, *, #2354, .F. ) ;
#391 = DIRECTION ( 'NONE',  ( 0.9987702375714583303, -0.04957834750627355264, 0.000000000000000000 ) ) ;
#392 = AXIS2_PLACEMENT_3D ( 'NONE', #2193, #2778, #1579 ) ;
#393 = CARTESIAN_POINT ( 'NONE',  ( -1.918388433503679602, 1.389943778214778547, -0.5472188985392200111 ) ) ;
#394 = LINE ( 'NONE', #3478, #1254 ) ;
#395 = ORIENTED_EDGE ( 'NONE', *, *, #3622, .F. ) ;
#396 = CARTESIAN_POINT ( 'NONE',  ( 1.860059439464072817, 1.315081617257279012, -0.1594150246743984700 ) ) ;
#397 = ORIENTED_EDGE ( 'NONE', *, *, #1047, .T. ) ;
#398 = ORIENTED_EDGE ( 'NONE', *, *, #2236, .F. ) ;
#399 = CARTESIAN_POINT ( 'NONE',  ( 0.01013981038571213147, 0.4042694308555944693, 0.2300000000000000100 ) ) ;
#400 = CARTESIAN_POINT ( 'NONE',  ( -0.001547626114818544075, 1.400000000000000355, -0.6249999999999994449 ) ) ;
#401 = CARTESIAN_POINT ( 'NONE',  ( -0.02699026615540645394, 0.1493555775055500912, -2.924864180097398680 ) ) ;
#402 = CARTESIAN_POINT ( 'NONE',  ( -0.001547626114818262399, 0.7720964771347078592, -2.924999999999999378 ) ) ;
#403 = PLANE ( 'NONE',  #3646 ) ;
#404 = ORIENTED_EDGE ( 'NONE', *, *, #3597, .F. ) ;
#405 = DIRECTION ( 'NONE',  ( 0.000000000000000000, 0.000000000000000000, -1.000000000000000000 ) ) ;
#406 = EDGE_CURVE ( 'NONE', #52, #460, #439, .T. ) ;
#407 = ADVANCED_FACE ( 'NONE', ( #361 ), #1208, .F. ) ;
#408 = VERTEX_POINT ( 'NONE', #2453 ) ;
#409 = DIRECTION ( 'NONE',  ( 0.000000000000000000, 0.000000000000000000, 1.000000000000000000 ) ) ;
#410 = ORIENTED_EDGE ( 'NONE', *, *, #2539, .T. ) ;
#411 = DIRECTION ( 'NONE',  ( 0.1898438605093756837, 0.9818142943687958590, 1.325672592524847965E-15 ) ) ;
#412 = CARTESIAN_POINT ( 'NONE',  ( 0.02100371192868604950, 0.3033207734406984102, -2.924909655792366170 ) ) ;
#413 = CARTESIAN_POINT ( 'NONE',  ( 0.000000000000000000, -0.2000000000000000111, 0.2276221842784289795 ) ) ;
#414 = LINE ( 'NONE', #117, #3269 ) ;
#415 = VERTEX_POINT ( 'NONE', #1595 ) ;
#416 = VERTEX_POINT ( 'NONE', #24 ) ;
#417 = DIRECTION ( 'NONE',  ( 0.9987702375714582193, -0.04957834750627353182, 0.000000000000000000 ) ) ;
#418 = VECTOR ( 'NONE', #1533, 39.37007874015748854 ) ;
#419 = VECTOR ( 'NONE', #1240, 39.37007874015748143 ) ;
#420 = CARTESIAN_POINT ( 'NONE',  ( 0.7864950603674514262, 0.7300251210259773860, -2.579294268820662595 ) ) ;
#421 = CARTESIAN_POINT ( 'NONE',  ( -1.826327239784172773, 1.438959503987109256, -0.03223020044126749528 ) ) ;
#422 = EDGE_CURVE ( 'NONE', #3267, #3243, #239, .T. ) ;
#423 = CARTESIAN_POINT ( 'NONE',  ( -0.7881939557638578675, 1.400000000000000355, 1.536293027807589695 ) ) ;
#424 = CARTESIAN_POINT ( 'NONE',  ( 0.1274265591166784117, 0.2746994379158721467, -2.352273499685964886 ) ) ;
#425 = CIRCLE ( 'NONE', #1259, 1.918418249656636654 ) ;
#426 = EDGE_LOOP ( 'NONE', ( #3560, #2280, #1080, #272 ) ) ;
#427 = CARTESIAN_POINT ( 'NONE',  ( -1.676139000409748503, 0.5918884232162087145, 0.08000000000000022371 ) ) ;
#428 = CARTESIAN_POINT ( 'NONE',  ( -0.001547626114818533884, 1.400000000000000355, -0.6249999999999994449 ) ) ;
#429 = EDGE_CURVE ( 'NONE', #3155, #230, #3548, .T. ) ;
#430 = VERTEX_POINT ( 'NONE', #631 ) ;
#431 = DIRECTION ( 'NONE',  ( -0.1898438605093756837, 0.9818142943687958590, 0.000000000000000000 ) ) ;
#432 = ORIENTED_EDGE ( 'NONE', *, *, #1477, .T. ) ;
#433 = CIRCLE ( 'NONE', #1788, 1.918418249656636654 ) ;
#434 = CARTESIAN_POINT ( 'NONE',  ( 0.07192744824607671950, 0.2607672511812605953, -2.923826966934231386 ) ) ;
#435 = EDGE_CURVE ( 'NONE', #2499, #1431, #3117, .T. ) ;
#436 = DIRECTION ( 'NONE',  ( 0.000000000000000000, 0.000000000000000000, 1.000000000000000000 ) ) ;
#437 = AXIS2_PLACEMENT_3D ( 'NONE', #1083, #2015, #2326 ) ;
#438 = VERTEX_POINT ( 'NONE', #6 ) ;
#439 = CIRCLE ( 'NONE', #1279, 2.100000000000000533 ) ;
#440 = ORIENTED_EDGE ( 'NONE', *, *, #2750, .T. ) ;
#441 = CARTESIAN_POINT ( 'NONE',  ( -1.078335880366374733, 0.1453374836672104153, -2.657376265880502242 ) ) ;
#442 = CARTESIAN_POINT ( 'NONE',  ( -1.841262547500707170, 0.7300251210259773860, -1.386809445661591589 ) ) ;
#443 = CARTESIAN_POINT ( 'NONE',  ( -1.919529233243220112, 1.163186313175688547, -0.6707244507077163576 ) ) ;
#444 = DIRECTION ( 'NONE',  ( -0.000000000000000000, -1.000000000000000000, -0.000000000000000000 ) ) ;
#445 = ORIENTED_EDGE ( 'NONE', *, *, #448, .T. ) ;
#446 = CARTESIAN_POINT ( 'NONE',  ( 0.7846593438039334290, 1.775000000000000133, 1.536370498782275495 ) ) ;
#447 = EDGE_CURVE ( 'NONE', #3685, #948, #2318, .T. ) ;
#448 = EDGE_CURVE ( 'NONE', #2595, #2006, #2262, .T. ) ;
#449 = CARTESIAN_POINT ( 'NONE',  ( -0.001547626114818544075, 0.7720964771347078592, -0.6249999999999994449 ) ) ;
#450 = DIRECTION ( 'NONE',  ( -0.000000000000000000, -1.000000000000000000, -0.000000000000000000 ) ) ;
#451 = VERTEX_POINT ( 'NONE', #3520 ) ;
#452 = DIRECTION ( 'NONE',  ( -0.000000000000000000, -0.000000000000000000, 1.000000000000000000 ) ) ;
#453 = ORIENTED_EDGE ( 'NONE', *, *, #621, .T. ) ;
#454 = VECTOR ( 'NONE', #2004, 39.37007874015748143 ) ;
#455 = CARTESIAN_POINT ( 'NONE',  ( 0.07592251021103335606, 0.1993826929878969867, -2.923695801814003126 ) ) ;
#456 = VECTOR ( 'NONE', #1301, 39.37007874015748143 ) ;
#457 = ADVANCED_FACE ( 'NONE', ( #3501 ), #1364, .F. ) ;
#458 = DIRECTION ( 'NONE',  ( 0.000000000000000000, -1.000000000000000000, 0.000000000000000000 ) ) ;
#459 = ORIENTED_EDGE ( 'NONE', *, *, #179, .T. ) ;
#460 = VERTEX_POINT ( 'NONE', #744 ) ;
#461 = CARTESIAN_POINT ( 'NONE',  ( 0.000000000000000000, 0.000000000000000000, 0.08000000000000022371 ) ) ;
#462 = ADVANCED_FACE ( 'NONE', ( #2282 ), #70, .T. ) ;
#463 = DIRECTION ( 'NONE',  ( 0.000000000000000000, 1.000000000000000000, 0.000000000000000000 ) ) ;
#464 = CARTESIAN_POINT ( 'NONE',  ( 0.8274146214741707750, 0.2954185957023798825, -2.355074737462085732 ) ) ;
#465 = DIRECTION ( 'NONE',  ( 0.000000000000000000, 1.000000000000000000, 0.000000000000000000 ) ) ;
#466 = VERTEX_POINT ( 'NONE', #3809 ) ;
#467 = CARTESIAN_POINT ( 'NONE',  ( -1.676200680706848578, 0.9100617179232239895, 0.08000000000000022371 ) ) ;
#468 = CARTESIAN_POINT ( 'NONE',  ( -0.9980019151421551937, 0.2147112901856667033, -2.697939911786670031 ) ) ;
#469 = CARTESIAN_POINT ( 'NONE',  ( 1.916598952376729281, 1.204755632113885699, -0.6572844240587069065 ) ) ;
#470 = CIRCLE ( 'NONE', #3771, 0.01968503937007875723 ) ;
#471 = ORIENTED_EDGE ( 'NONE', *, *, #3622, .T. ) ;
#472 = EDGE_CURVE ( 'NONE', #837, #2947, #2830, .T. ) ;
#473 = CARTESIAN_POINT ( 'NONE',  ( -0.08013599666121605514, 0.2519773756845848922, -2.541807885794137079 ) ) ;
#474 = ORIENTED_EDGE ( 'NONE', *, *, #2181, .T. ) ;
#475 = CARTESIAN_POINT ( 'NONE',  ( 0.07999833287240661062, 0.2199308945539847349, -2.923553949024389365 ) ) ;
#476 = CARTESIAN_POINT ( 'NONE',  ( 0.000000000000000000, -0.2000000000000000111, 0.2276221842784289795 ) ) ;
#477 = ORIENTED_EDGE ( 'NONE', *, *, #682, .T. ) ;
#478 = CARTESIAN_POINT ( 'NONE',  ( 0.000000000000000000, 1.389943778214778547, 0.2300000000000000100 ) ) ;
#479 = B_SPLINE_CURVE_WITH_KNOTS ( 'NONE', 3,
 ( #2724, #549, #2090, #3025, #1706, #3594, #473, #173, #3960, #3313, #2401, #818, #532, #231, #2700, #1463, #3330, #2359 ),
 .UNSPECIFIED., .F., .F.,
 ( 4, 2, 2, 2, 2, 2, 2, 2, 4 ),
 ( -0.0001653902903715635049, 0.0004554443524034774917, 0.001076278995178518542, 0.001697113637953559647, 0.002317948280728600319, 0.002938782923503639039, 0.003559617566278678192, 0.004180452209053717345, 0.004801286851828756065 ),
 .UNSPECIFIED. ) ;
#480 = CARTESIAN_POINT ( 'NONE',  ( -0.8988321197548956309, 0.3388083693947891994, -2.320663219292875556 ) ) ;
#481 = CARTESIAN_POINT ( 'NONE',  ( 1.011645089601354019, 0.1758609711961948707, -2.689823190675377784 ) ) ;
#482 = CARTESIAN_POINT ( 'NONE',  ( 1.854427516012265409, 0.2353180414971318968, -1.111009463321890101 ) ) ;
#483 = ORIENTED_EDGE ( 'NONE', *, *, #435, .T. ) ;
#484 = AXIS2_PLACEMENT_3D ( 'NONE', #842, #879, #1789 ) ;
#485 = DIRECTION ( 'NONE',  ( 1.224646799147349509E-16, 0.000000000000000000, -1.000000000000000000 ) ) ;
#486 = ADVANCED_FACE ( 'NONE', ( #1658 ), #2565, .F. ) ;
#487 = AXIS2_PLACEMENT_3D ( 'NONE', #3640, #1154, #3553 ) ;
#488 = CARTESIAN_POINT ( 'NONE',  ( -0.9398329953997658359, 0.1999999999999988454, -2.298304857580184546 ) ) ;
#489 = DIRECTION ( 'NONE',  ( 0.000000000000000000, 0.000000000000000000, 1.000000000000000000 ) ) ;
#490 = ORIENTED_EDGE ( 'NONE', *, *, #90, .T. ) ;
#491 = AXIS2_PLACEMENT_3D ( 'NONE', #1045, #985, #417 ) ;
#492 = FACE_OUTER_BOUND ( 'NONE', #86, .T. ) ;
#493 = VERTEX_POINT ( 'NONE', #3828 ) ;
#494 = CARTESIAN_POINT ( 'NONE',  ( -0.001547626114818544075, -6.505382386916236825, -0.6249999999999994449 ) ) ;
#495 = ORIENTED_EDGE ( 'NONE', *, *, #10, .T. ) ;
#496 = CARTESIAN_POINT ( 'NONE',  ( 1.632401950173611116, 1.584229315456247678, -2.018344827755899296 ) ) ;
#497 = EDGE_CURVE ( 'NONE', #1166, #3580, #2887, .T. ) ;
#498 = CARTESIAN_POINT ( 'NONE',  ( -1.913529895880762721, 0.9281889003398887672, -0.4679892337567057581 ) ) ;
#499 = ORIENTED_EDGE ( 'NONE', *, *, #1920, .T. ) ;
#500 = ORIENTED_EDGE ( 'NONE', *, *, #2098, .F. ) ;
#501 = DIRECTION ( 'NONE',  ( 0.9848077530122071321, 0.000000000000000000, -0.1736481776669351051 ) ) ;
#502 = CC_DESIGN_DATE_AND_TIME_ASSIGNMENT ( #1157, #3576, ( #3156 ) ) ;
#503 = CARTESIAN_POINT ( 'NONE',  ( 0.9049490720335684468, 0.2362318405177507574, -2.191352204779575708 ) ) ;
#504 = CARTESIAN_POINT ( 'NONE',  ( 0.4040333700770680769, 1.570097507425541439, 1.472200246158269277 ) ) ;
#505 = ORIENTED_EDGE ( 'NONE', *, *, #2379, .T. ) ;
#506 = DIRECTION ( 'NONE',  ( -0.6427876096865465794, 0.000000000000000000, -0.7660444431189720182 ) ) ;
#507 = EDGE_CURVE ( 'NONE', #3944, #3014, #3845, .T. ) ;
#508 = CARTESIAN_POINT ( 'NONE',  ( -2.011263245264033550, 1.553617996963760017, -1.308833255254555850 ) ) ;
#509 = CARTESIAN_POINT ( 'NONE',  ( 1.080669613147183572, 0.2228631905476190778, -2.683662461886939354 ) ) ;
#510 = CARTESIAN_POINT ( 'NONE',  ( 1.638954982397368809, 1.527952755905511939, -1.935988204663990908 ) ) ;
#511 = FACE_OUTER_BOUND ( 'NONE', #165, .T. ) ;
#512 = ORIENTED_EDGE ( 'NONE', *, *, #1933, .F. ) ;
#513 = DIRECTION ( 'NONE',  ( 0.9987702375714583303, -0.04957834750627355958, 0.000000000000000000 ) ) ;
#514 = ORIENTED_EDGE ( 'NONE', *, *, #2750, .F. ) ;
#515 = CARTESIAN_POINT ( 'NONE',  ( -1.388616338288591656, 0.4740174176028163489, -1.950280713028327506 ) ) ;
#516 = SHAPE_DEFINITION_REPRESENTATION ( #3093, #49 ) ;
#517 = AXIS2_PLACEMENT_3D ( 'NONE', #1273, #1290, #1896 ) ;
#518 = FACE_OUTER_BOUND ( 'NONE', #2733, .T. ) ;
#519 = ORIENTED_EDGE ( 'NONE', *, *, #1423, .T. ) ;
#520 = EDGE_CURVE ( 'NONE', #3243, #2660, #3542, .T. ) ;
#521 = ORIENTED_EDGE ( 'NONE', *, *, #2136, .F. ) ;
#522 = FACE_OUTER_BOUND ( 'NONE', #15, .T. ) ;
#523 = B_SPLINE_CURVE_WITH_KNOTS ( 'NONE', 3,
 ( #3634, #3308, #3670, #3287, #508, #1169, #2413, #3651, #868, #3346, #1740, #3040, #2976, #267, #888, #208, #1127, #3612, #3158, #3405, #3709, #1614, #2851, #930 ),
 .UNSPECIFIED., .F., .F.,
 ( 4, 2, 2, 2, 2, 2, 2, 2, 2, 2, 2, 4 ),
 ( 2.523944867374465438E-07, 0.0005640153840817948650, 0.001127778373676852335, 0.001691541363271909914, 0.001973422858069432632, 0.002255304352866954916, 0.002537185847664477200, 0.002819067342461999918, 0.003100948837259522636, 0.003382830332057045353, 0.003946593321652091223, 0.004510356311247137526 ),
 .UNSPECIFIED. ) ;
#524 = CYLINDRICAL_SURFACE ( 'NONE', #2110, 1.000000000000000000 ) ;
#525 = DIRECTION ( 'NONE',  ( -0.04957834750627355264, -0.9987702375714583303, -0.000000000000000000 ) ) ;
#526 = ORIENTED_EDGE ( 'NONE', *, *, #556, .F. ) ;
#527 = DIRECTION ( 'NONE',  ( -0.8660254037844362651, 0.000000000000000000, 0.5000000000000039968 ) ) ;
#528 = CARTESIAN_POINT ( 'NONE',  ( -0.8761015422816205156, 0.2000000000000000111, -2.204537134718687064 ) ) ;
#529 = DIRECTION ( 'NONE',  ( -0.000000000000000000, -1.000000000000000000, -0.000000000000000000 ) ) ;
#530 = DIRECTION ( 'NONE',  ( 0.000000000000000000, 0.000000000000000000, 1.000000000000000000 ) ) ;
#531 = ORIENTED_EDGE ( 'NONE', *, *, #1342, .T. ) ;
#532 = CARTESIAN_POINT ( 'NONE',  ( -0.05392639042673522121, 0.3184502956241700988, -2.542714440926911568 ) ) ;
#533 = ORIENTED_EDGE ( 'NONE', *, *, #1716, .T. ) ;
#534 = CARTESIAN_POINT ( 'NONE',  ( 1.380714260419334094, 0.6811476702523848736, -1.955293447946984342 ) ) ;
#535 = EDGE_CURVE ( 'NONE', #1719, #416, #2930, .T. ) ;
#536 = CARTESIAN_POINT ( 'NONE',  ( -1.785729113692703152, 0.4904094603002466246, 0.08000000000000023759 ) ) ;
#537 = ORIENTED_EDGE ( 'NONE', *, *, #2935, .T. ) ;
#538 = DIRECTION ( 'NONE',  ( 0.000000000000000000, 0.000000000000000000, 1.000000000000000000 ) ) ;
#539 = CARTESIAN_POINT ( 'NONE',  ( -1.676261495760456022, 0.5869305645943886374, 0.08000000000000022371 ) ) ;
#540 = CARTESIAN_POINT ( 'NONE',  ( 0.3759523019648473574, 1.587488748305105446, 1.491574617989988027 ) ) ;
#541 = EDGE_LOOP ( 'NONE', ( #2097, #1147, #264, #410, #3834, #2034, #2100 ) ) ;
#542 = CARTESIAN_POINT ( 'NONE',  ( -1.913529895880762721, 0.9281889003398887672, -0.4679892337567057581 ) ) ;
#543 = CARTESIAN_POINT ( 'NONE',  ( 1.832769908541810100, 0.4438272825108251496, -1.186789785121498575 ) ) ;
#544 = CARTESIAN_POINT ( 'NONE',  ( -1.773804629915989972, 0.7614582676841213926, -1.359461498714075844 ) ) ;
#545 = LINE ( 'NONE', #1481, #1487 ) ;
#546 = DIRECTION ( 'NONE',  ( -0.4629547600703696753, 0.08715574274764505136, 0.8820865981491231578 ) ) ;
#547 = VECTOR ( 'NONE', #1905, 39.37007874015748854 ) ;
#548 = ORIENTED_EDGE ( 'NONE', *, *, #3321, .F. ) ;
#549 = CARTESIAN_POINT ( 'NONE',  ( -0.05620881035975564682, 0.2008311412728383816, -2.542650234505798856 ) ) ;
#550 = AXIS2_PLACEMENT_3D ( 'NONE', #681, #2221, #358 ) ;
#551 = EDGE_LOOP ( 'NONE', ( #1941, #862, #3657, #3210, #894 ) ) ;
#552 = EDGE_CURVE ( 'NONE', #493, #2764, #3875, .T. ) ;
#553 = CARTESIAN_POINT ( 'NONE',  ( 1.664678794163159781, 0.7286481034693181869, -1.577628046719893984 ) ) ;
#554 = DATE_AND_TIME ( #2984, #122 ) ;
#555 = CARTESIAN_POINT ( 'NONE',  ( 1.131829481266760196, 0.2607672511812608729, -2.626364620182874976 ) ) ;
#556 = EDGE_CURVE ( 'NONE', #584, #3507, #246, .T. ) ;
#557 = ORIENTED_EDGE ( 'NONE', *, *, #2913, .F. ) ;
#558 = CIRCLE ( 'NONE', #3147, 2.300000000000000266 ) ;
#559 = AXIS2_PLACEMENT_3D ( 'NONE', #85, #1031, #1955 ) ;
#560 = EDGE_CURVE ( 'NONE', #3899, #68, #3785, .T. ) ;
#561 = VERTEX_POINT ( 'NONE', #203 ) ;
#562 = CARTESIAN_POINT ( 'NONE',  ( 1.033007882350098994, 0.1554754496993059343, -2.679194199922473540 ) ) ;
#563 = ORIENTED_EDGE ( 'NONE', *, *, #216, .T. ) ;
#564 = ORIENTED_EDGE ( 'NONE', *, *, #363, .F. ) ;
#565 = B_SPLINE_CURVE_WITH_KNOTS ( 'NONE', 3,
 ( #2347, #160, #1448, #201 ),
 .UNSPECIFIED., .F., .F.,
 ( 4, 4 ),
 ( 0.01733882076697047803, 0.02450768814070133916 ),
 .UNSPECIFIED. ) ;
#566 = CARTESIAN_POINT ( 'NONE',  ( 0.000000000000000000, 8.537024980200822558E-18, 1.417307223648507586 ) ) ;
#567 = FACE_OUTER_BOUND ( 'NONE', #2709, .T. ) ;
#568 = CONICAL_SURFACE ( 'NONE', #2187, 2.069851056971786285, 0.2238870806571627015 ) ;
#569 = CARTESIAN_POINT ( 'NONE',  ( 1.990310802589385419, 1.775000000000000133, -1.775000000000008793 ) ) ;
#570 = CARTESIAN_POINT ( 'NONE',  ( -1.918388433503679602, 1.389943778214778547, -0.5472188985392200111 ) ) ;
#571 = AXIS2_PLACEMENT_3D ( 'NONE', #1834, #665, #3447 ) ;
#572 = EDGE_CURVE ( 'NONE', #2577, #2729, #1735, .T. ) ;
#573 = DIRECTION ( 'NONE',  ( 0.000000000000000000, 1.000000000000000000, 0.000000000000000000 ) ) ;
#574 = ORIENTED_EDGE ( 'NONE', *, *, #3751, .T. ) ;
#575 = CARTESIAN_POINT ( 'NONE',  ( -1.011608888652577365, 0.4557547048327248440, -2.148963319556666640 ) ) ;
#576 = ORIENTED_EDGE ( 'NONE', *, *, #1458, .T. ) ;
#577 = CYLINDRICAL_SURFACE ( 'NONE', #2652, 2.098715398087330541 ) ;
#578 = ORIENTED_EDGE ( 'NONE', *, *, #2671, .T. ) ;
#579 = CARTESIAN_POINT ( 'NONE',  ( 1.124635523833143358, 0.2741026059138372273, -2.630422633791351217 ) ) ;
#580 = LINE ( 'NONE', #356, #2186 ) ;
#581 = EDGE_CURVE ( 'NONE', #1763, #3014, #2437, .T. ) ;
#582 = CARTESIAN_POINT ( 'NONE',  ( -1.627474719520241031, 1.325173739997801636, 0.2300000000000000100 ) ) ;
#583 = ORIENTED_EDGE ( 'NONE', *, *, #100, .F. ) ;
#584 = VERTEX_POINT ( 'NONE', #2391 ) ;
#585 = EDGE_CURVE ( 'NONE', #2216, #3837, #3535, .T. ) ;
#586 = CARTESIAN_POINT ( 'NONE',  ( 0.02260067145471130259, 0.1917969945483236904, -2.424574496715563132 ) ) ;
#587 = CARTESIAN_POINT ( 'NONE',  ( -0.9398329953997658359, 0.1999999999999988454, -2.298304857580184546 ) ) ;
#588 = AXIS2_PLACEMENT_3D ( 'NONE', #1097, #2965, #193 ) ;
#589 = DIRECTION ( 'NONE',  ( -0.04957834750627355264, -0.9987702375714583303, -0.000000000000000000 ) ) ;
#590 = CARTESIAN_POINT ( 'NONE',  ( -1.718901282359109439, 0.2000000000000000389, 0.2300000000000000100 ) ) ;
#591 = CARTESIAN_POINT ( 'NONE',  ( 0.03226528563894653229, 0.3324853921576346183, -2.543136616102098291 ) ) ;
#592 = ORIENTED_EDGE ( 'NONE', *, *, #1271, .F. ) ;
#593 = DIRECTION ( 'NONE',  ( -6.982962677686266711E-15, -0.000000000000000000, 1.000000000000000000 ) ) ;
#594 = ORIENTED_EDGE ( 'NONE', *, *, #882, .F. ) ;
#595 = LINE ( 'NONE', #1252, #1523 ) ;
#596 = DIRECTION ( 'NONE',  ( 0.8854560256532094664, 0.000000000000000000, -0.4647231720437694502 ) ) ;
#597 = EDGE_CURVE ( 'NONE', #2591, #921, #3864, .T. ) ;
#598 = ORIENTED_EDGE ( 'NONE', *, *, #2266, .F. ) ;
#599 = CARTESIAN_POINT ( 'NONE',  ( -0.8313920677393121794, 0.3024885206747169875, -2.354656444774942070 ) ) ;
#600 = DIRECTION ( 'NONE',  ( 0.000000000000000000, -1.000000000000000000, -0.000000000000000000 ) ) ;
#601 = DIRECTION ( 'NONE',  ( 0.000000000000000000, 1.000000000000000000, 0.000000000000000000 ) ) ;
#602 = DIRECTION ( 'NONE',  ( 0.000000000000000000, -0.9961946980917469885, 0.08715574274764328888 ) ) ;
#603 = EDGE_CURVE ( 'NONE', #3807, #2418, #1437, .T. ) ;
#604 = ORIENTED_EDGE ( 'NONE', *, *, #2094, .T. ) ;
#605 = VERTEX_POINT ( 'NONE', #2348 ) ;
#606 = CARTESIAN_POINT ( 'NONE',  ( -0.8428692799915424860, 0.2000000000000000389, -2.349095837050181323 ) ) ;
#607 = CARTESIAN_POINT ( 'NONE',  ( -0.9398329953997658359, 0.1999999999999988454, -2.298304857580184546 ) ) ;
#608 = CARTESIAN_POINT ( 'NONE',  ( 1.915040964222215703, 1.411827695740316191, -0.5408764747570289355 ) ) ;
#609 = B_SPLINE_CURVE_WITH_KNOTS ( 'NONE', 3,
 ( #1583, #992, #3756, #1919 ),
 .UNSPECIFIED., .F., .F.,
 ( 4, 4 ),
 ( 0.003860805589618974010, 0.003866244854085917892 ),
 .UNSPECIFIED. ) ;
#610 = CYLINDRICAL_SURFACE ( 'NONE', #517, 0.07999999999999997391 ) ;
#611 = CARTESIAN_POINT ( 'NONE',  ( 0.07797666910665079776, 0.2770636254016762834, -2.541769419868765034 ) ) ;
#612 = ORIENTED_EDGE ( 'NONE', *, *, #2599, .T. ) ;
#613 = DIRECTION ( 'NONE',  ( -0.000000000000000000, -1.000000000000000000, 0.000000000000000000 ) ) ;
#614 = ORIENTED_EDGE ( 'NONE', *, *, #3321, .T. ) ;
#615 = FACE_OUTER_BOUND ( 'NONE', #1950, .T. ) ;
#616 = DIRECTION ( 'NONE',  ( 0.000000000000000000, 1.000000000000000000, -0.000000000000000000 ) ) ;
#617 = AXIS2_PLACEMENT_3D ( 'NONE', #3515, #1302, #1651 ) ;
#618 = ORIENTED_EDGE ( 'NONE', *, *, #2220, .T. ) ;
#619 = CARTESIAN_POINT ( 'NONE',  ( 0.7846858260850746447, -6.505382386916236825, 1.536443258251726895 ) ) ;
#620 = LOCAL_TIME ( 10, 41, 44.00000000000000000, #1592 ) ;
#621 = EDGE_CURVE ( 'NONE', #3323, #3666, #881, .T. ) ;
#622 = PLANE ( 'NONE',  #2385 ) ;
#623 = CIRCLE ( 'NONE', #303, 0.04999999999999995420 ) ;
#624 = VECTOR ( 'NONE', #3181, 39.37007874015748143 ) ;
#625 = DIRECTION ( 'NONE',  ( 0.9987702375714582193, -0.04957834750627357345, 0.000000000000000000 ) ) ;
#626 = CARTESIAN_POINT ( 'NONE',  ( 1.006705661407019337, 0.2653689595957942626, -2.692228500343618158 ) ) ;
#627 = B_SPLINE_CURVE_WITH_KNOTS ( 'NONE', 3,
 ( #3970, #1817, #345, #3098 ),
 .UNSPECIFIED., .F., .F.,
 ( 4, 4 ),
 ( 0.004954762789997883658, 0.01226480642613066510 ),
 .UNSPECIFIED. ) ;
#628 = ORIENTED_EDGE ( 'NONE', *, *, #118, .F. ) ;
#629 = PLANE ( 'NONE',  #3404 ) ;
#630 = CIRCLE ( 'NONE', #2180, 2.100000000000000977 ) ;
#631 = CARTESIAN_POINT ( 'NONE',  ( 0.4120239469246362307, 1.400000000000000355, 1.433847450562143022 ) ) ;
#632 = CARTESIAN_POINT ( 'NONE',  ( 1.475963485241161166, 1.675773339897899339, 0.2300000000000103073 ) ) ;
#633 = FACE_OUTER_BOUND ( 'NONE', #214, .T. ) ;
#634 = CARTESIAN_POINT ( 'NONE',  ( 0.03962413259320938380, 0.3287976414352960508, -2.542988278341896891 ) ) ;
#635 = EDGE_CURVE ( 'NONE', #416, #1737, #2368, .T. ) ;
#636 = VECTOR ( 'NONE', #501, 39.37007874015748854 ) ;
#637 = CARTESIAN_POINT ( 'NONE',  ( -0.4896802246574894490, 0.4304373792990032199, -2.311046783858195397 ) ) ;
#638 = EDGE_LOOP ( 'NONE', ( #3471, #2119, #2746, #1404, #3726, #734, #1345, #3056, #3806, #2742, #121, #798, #172, #184, #993, #779, #1204, #3882, #2927, #3108, #1312, #3714, #3383, #514, #604, #512, #3601, #3149, #445, #80, #1153, #2292 ) ) ;
#639 = FACE_OUTER_BOUND ( 'NONE', #2665, .T. ) ;
#640 = CARTESIAN_POINT ( 'NONE',  ( -1.892704535640900243, 0.4286303426595102217, -0.9504380232169336029 ) ) ;
#641 = ORIENTED_EDGE ( 'NONE', *, *, #757, .T. ) ;
#642 = FACE_BOUND ( 'NONE', #1604, .T. ) ;
#643 = CARTESIAN_POINT ( 'NONE',  ( -0.001547626114818544075, 1.400000000000000355, 1.475000000000000755 ) ) ;
#644 = FACE_OUTER_BOUND ( 'NONE', #2320, .T. ) ;
#645 = CARTESIAN_POINT ( 'NONE',  ( -0.04452332186094002525, 0.2000000000000617117, -2.443733193740699861 ) ) ;
#646 = CARTESIAN_POINT ( 'NONE',  ( 1.909159335314517314, 1.091411827128326184, -0.4531643571283713312 ) ) ;
#647 = ORIENTED_EDGE ( 'NONE', *, *, #33, .T. ) ;
#648 = DIRECTION ( 'NONE',  ( 0.000000000000000000, -1.000000000000000000, 0.000000000000000000 ) ) ;
#649 = CIRCLE ( 'NONE', #2911, 2.300000000000000266 ) ;
#650 = DIRECTION ( 'NONE',  ( -0.000000000000000000, -1.000000000000000000, 0.000000000000000000 ) ) ;
#651 = CARTESIAN_POINT ( 'NONE',  ( 0.8257412373762569313, 0.2256926826160140787, -2.355877625887190518 ) ) ;
#652 = DIRECTION ( 'NONE',  ( -0.8660254037844432595, 0.000000000000000000, -0.4999999999999918954 ) ) ;
#653 = DIRECTION ( 'NONE',  ( -0.04957834750627355264, -0.9987702375714583303, -0.000000000000000000 ) ) ;
#654 = PLANE ( 'NONE',  #2687 ) ;
#655 = ORIENTED_EDGE ( 'NONE', *, *, #1641, .F. ) ;
#656 = FACE_OUTER_BOUND ( 'NONE', #1356, .T. ) ;
#657 = CARTESIAN_POINT ( 'NONE',  ( 1.600711836725144943, 1.559416500290198293, -2.024670555105230640 ) ) ;
#658 = EDGE_LOOP ( 'NONE', ( #1193, #96, #3194, #1295, #574, #2371 ) ) ;
#659 = CARTESIAN_POINT ( 'NONE',  ( 0.9053978750522514440, 0.3376248063528548560, -2.315513886460971005 ) ) ;
#660 = CARTESIAN_POINT ( 'NONE',  ( 1.108946780949784605, 0.2261245930056831888, -2.105401119674931376 ) ) ;
#661 = DIRECTION ( 'NONE',  ( -0.000000000000000000, -1.000000000000000000, -0.000000000000000000 ) ) ;
#662 = PERSON_AND_ORGANIZATION_ROLE ( 'creator' ) ;
#663 = CIRCLE ( 'NONE', #280, 2.112019221841687333 ) ;
#664 = CARTESIAN_POINT ( 'NONE',  ( 1.706709633348874489, 0.4239658732477449288, 0.08000000000000022371 ) ) ;
#665 = DIRECTION ( 'NONE',  ( 0.000000000000000000, 1.000000000000000000, 0.000000000000000000 ) ) ;
#666 = DIRECTION ( 'NONE',  ( -0.8660254037844362651, 0.000000000000000000, 0.5000000000000039968 ) ) ;
#667 = CARTESIAN_POINT ( 'NONE',  ( 0.000000000000000000, 1.675773339897899339, 0.2300000000000000100 ) ) ;
#668 = CARTESIAN_POINT ( 'NONE',  ( -0.06210589465035028928, 0.2000000000000000389, -2.542462196948771513 ) ) ;
#669 = ORIENTED_EDGE ( 'NONE', *, *, #834, .F. ) ;
#670 = CYLINDRICAL_SURFACE ( 'NONE', #2039, 2.100000000000000533 ) ;
#671 = CARTESIAN_POINT ( 'NONE',  ( -1.452011527120847578, 0.3559410875348547054, -1.883929877263956554 ) ) ;
#672 = APPROVAL ( #1400, 'UNSPECIFIED' ) ;
#673 = ORIENTED_EDGE ( 'NONE', *, *, #100, .T. ) ;
#674 = CARTESIAN_POINT ( 'NONE',  ( -1.993406054819037987, 1.400000000000000355, -1.774999999999981037 ) ) ;
#675 = ADVANCED_FACE ( 'NONE', ( #826 ), #524, .F. ) ;
#676 = AXIS2_PLACEMENT_3D ( 'NONE', #1075, #2861, #1337 ) ;
#677 = FACE_OUTER_BOUND ( 'NONE', #1642, .T. ) ;
#678 = EDGE_CURVE ( 'NONE', #2886, #1061, #1590, .T. ) ;
#679 = AXIS2_PLACEMENT_3D ( 'NONE', #3799, #3618, #513 ) ;
#680 = EDGE_CURVE ( 'NONE', #493, #3294, #2626, .T. ) ;
#681 = CARTESIAN_POINT ( 'NONE',  ( 0.06255019590304544685, 1.460091898269115340, 0.2300000000000000100 ) ) ;
#682 = EDGE_CURVE ( 'NONE', #466, #2723, #46, .T. ) ;
#683 = AXIS2_PLACEMENT_3D ( 'NONE', #369, #1235, #936 ) ;
#684 = PERSON_AND_ORGANIZATION ( #4006, #3787 ) ;
#685 = ORIENTED_EDGE ( 'NONE', *, *, #2711, .T. ) ;
#686 = CARTESIAN_POINT ( 'NONE',  ( 1.638954982397368809, 1.400000000000000355, -1.935988204663990908 ) ) ;
#687 = CARTESIAN_POINT ( 'NONE',  ( 1.733478643289248611, 0.3453213832473501221, 0.08000000000000023759 ) ) ;
#688 = CARTESIAN_POINT ( 'NONE',  ( -0.001547626114818272808, 0.1448286590893573811, -2.924999999999999378 ) ) ;
#689 = VECTOR ( 'NONE', #1106, 39.37007874015748143 ) ;
#690 = DIRECTION ( 'NONE',  ( 0.000000000000000000, -1.000000000000000000, 0.000000000000000000 ) ) ;
#691 = CARTESIAN_POINT ( 'NONE',  ( -1.303102002660029735, 0.3452437123825596310, -2.003001977905467967 ) ) ;
#692 = VERTEX_POINT ( 'NONE', #2836 ) ;
#693 = CARTESIAN_POINT ( 'NONE',  ( -1.033200016214040451, 0.2953165836024785329, -2.680671747545574135 ) ) ;
#694 = CARTESIAN_POINT ( 'NONE',  ( 1.607274140168331478, 1.565604493587914980, -2.024670555105230640 ) ) ;
#695 = VERTEX_POINT ( 'NONE', #446 ) ;
#696 = DIRECTION ( 'NONE',  ( 0.000000000000000000, 0.000000000000000000, 1.000000000000000000 ) ) ;
#697 = DIRECTION ( 'NONE',  ( 0.000000000000000000, 0.000000000000000000, 1.000000000000000000 ) ) ;
#698 = LINE ( 'NONE', #1948, #3337 ) ;
#699 =( NAMED_UNIT ( * ) SI_UNIT ( $, .STERADIAN. ) SOLID_ANGLE_UNIT ( ) );
#700 = ORIENTED_EDGE ( 'NONE', *, *, #3597, .T. ) ;
#701 = EDGE_CURVE ( 'NONE', #3280, #3507, #289, .T. ) ;
#702 = CARTESIAN_POINT ( 'NONE',  ( 0.000000000000000000, 1.389943778214778547, 0.2300000000000000100 ) ) ;
#703 = DIRECTION ( 'NONE',  ( 0.000000000000000000, 1.000000000000000000, -0.000000000000000000 ) ) ;
#704 = CARTESIAN_POINT ( 'NONE',  ( -0.06435141744520635199, 0.1763779336912466023, -2.924153668626039426 ) ) ;
#705 = EDGE_CURVE ( 'NONE', #1600, #866, #1071, .T. ) ;
#706 = CARTESIAN_POINT ( 'NONE',  ( 1.906115748690750289, 0.5586813896724387440, -0.8278522344985831394 ) ) ;
#707 = CARTESIAN_POINT ( 'NONE',  ( -0.3678526939016764641, 0.2991574948768099818, -2.330550511241435530 ) ) ;
#708 = CIRCLE ( 'NONE', #2972, 1.700013993365072196 ) ;
#709 = EDGE_LOOP ( 'NONE', ( #219, #1408, #1751, #3104, #3069, #898, #1784, #1801, #220, #576, #927, #3798, #918, #3517, #738, #858, #3278, #1124, #1398, #2140, #1674, #3888 ) ) ;
#710 = FACE_OUTER_BOUND ( 'NONE', #2556, .T. ) ;
#711 = CARTESIAN_POINT ( 'NONE',  ( -0.002660124004940618049, 1.400000000000000355, -0.6256423009563343296 ) ) ;
#712 = CONICAL_SURFACE ( 'NONE', #2883, 2.298715398087330275, 0.6747409422235518539 ) ;
#713 = ORIENTED_EDGE ( 'NONE', *, *, #3895, .T. ) ;
#714 = DIRECTION ( 'NONE',  ( -0.6427876096865464683, 0.000000000000000000, -0.7660444431189719072 ) ) ;
#715 = VERTEX_POINT ( 'NONE', #1681 ) ;
#716 = LINE ( 'NONE', #3189, #1138 ) ;
#717 = DIRECTION ( 'NONE',  ( 1.540690490158434435E-16, -1.000000000000000000, 0.000000000000000000 ) ) ;
#718 = CARTESIAN_POINT ( 'NONE',  ( 0.03135452449075055992, 0.8316460198800397219, 0.2300000000000000100 ) ) ;
#719 = EDGE_CURVE ( 'NONE', #2597, #1712, #3380, .T. ) ;
#720 = DIRECTION ( 'NONE',  ( -0.000000000000000000, -1.000000000000000000, -0.000000000000000000 ) ) ;
#721 = ORIENTED_EDGE ( 'NONE', *, *, #194, .T. ) ;
#722 = ORIENTED_EDGE ( 'NONE', *, *, #603, .T. ) ;
#723 = CARTESIAN_POINT ( 'NONE',  ( 0.000000000000000000, 0.2000000000000000111, 0.2276221842784289795 ) ) ;
#724 = CARTESIAN_POINT ( 'NONE',  ( 1.936187813993663909, 0.6811476702523848736, -1.482616732228132506 ) ) ;
#725 = EDGE_CURVE ( 'NONE', #2723, #2279, #105, .T. ) ;
#726 = CARTESIAN_POINT ( 'NONE',  ( -0.07950672833339089696, 0.2355361224698086509, -2.923678611065127608 ) ) ;
#727 = DIRECTION ( 'NONE',  ( -0.000000000000000000, 1.000000000000000000, -0.000000000000000000 ) ) ;
#728 = CARTESIAN_POINT ( 'NONE',  ( -0.1703849054592999346, 0.2894105637790354568, -2.351221321200708481 ) ) ;
#729 = ORIENTED_EDGE ( 'NONE', *, *, #3766, .F. ) ;
#730 = DIRECTION ( 'NONE',  ( -0.000000000000000000, -1.000000000000000000, -0.000000000000000000 ) ) ;
#731 = DIRECTION ( 'NONE',  ( 0.000000000000000000, 1.000000000000000000, 0.000000000000000000 ) ) ;
#732 = ORIENTED_EDGE ( 'NONE', *, *, #406, .T. ) ;
#733 = CARTESIAN_POINT ( 'NONE',  ( -1.351401606456565263, 1.900000000000000133, -2.233693330549841871 ) ) ;
#734 = ORIENTED_EDGE ( 'NONE', *, *, #2876, .T. ) ;
#735 = CARTESIAN_POINT ( 'NONE',  ( 0.06029496727339025280, 0.2782308891699133979, -2.924171398360381868 ) ) ;
#736 = CARTESIAN_POINT ( 'NONE',  ( 0.000000000000000000, 0.1999999999999999833, 0.2300000000000000100 ) ) ;
#737 = EDGE_LOOP ( 'NONE', ( #3186, #2185, #3233, #2968 ) ) ;
#738 = ORIENTED_EDGE ( 'NONE', *, *, #956, .F. ) ;
#739 = EDGE_CURVE ( 'NONE', #2490, #2552, #2610, .T. ) ;
#740 = EDGE_CURVE ( 'NONE', #1719, #1927, #3791, .T. ) ;
#741 = DIRECTION ( 'NONE',  ( 0.000000000000000000, 0.000000000000000000, -1.000000000000000000 ) ) ;
#742 = CIRCLE ( 'NONE', #2494, 1.000000000000000000 ) ;
#743 = CIRCLE ( 'NONE', #3527, 1.983949312203603377 ) ;
#744 = CARTESIAN_POINT ( 'NONE',  ( -0.7197899270987236919, 1.400000000000000355, 1.348354503650408542 ) ) ;
#745 = CARTESIAN_POINT ( 'NONE',  ( -1.918885451459479308, 1.124261358753836815, -0.6947648277975264630 ) ) ;
#746 = DIRECTION ( 'NONE',  ( 0.000000000000000000, 0.000000000000000000, 1.000000000000000000 ) ) ;
#747 = ORIENTED_EDGE ( 'NONE', *, *, #995, .F. ) ;
#748 = DIRECTION ( 'NONE',  ( -0.04957834750627355264, -0.9987702375714583303, -0.000000000000000000 ) ) ;
#749 = VECTOR ( 'NONE', #1370, 39.37007874015748143 ) ;
#750 = CARTESIAN_POINT ( 'NONE',  ( 1.768038891717814476, 0.7614582676841213926, -1.365872550794405171 ) ) ;
#751 = DIRECTION ( 'NONE',  ( 0.000000000000000000, 1.000000000000000000, 0.000000000000000000 ) ) ;
#752 = EDGE_CURVE ( 'NONE', #1728, #1867, #4007, .T. ) ;
#753 = ORIENTED_EDGE ( 'NONE', *, *, #3251, .F. ) ;
#754 = ORIENTED_EDGE ( 'NONE', *, *, #2236, .T. ) ;
#755 = AXIS2_PLACEMENT_3D ( 'NONE', #3302, #525, #1755 ) ;
#756 = CARTESIAN_POINT ( 'NONE',  ( 0.04922472940392732393, 0.2893332113921695536, -2.924451384460372783 ) ) ;
#757 = EDGE_CURVE ( 'NONE', #948, #1403, #367, .T. ) ;
#758 = CARTESIAN_POINT ( 'NONE',  ( -0.001547626114818544075, 1.775000000000000133, -0.6237153980873296755 ) ) ;
#759 = VECTOR ( 'NONE', #2108, 39.37007874015748143 ) ;
#760 = ORIENTED_EDGE ( 'NONE', *, *, #2194, .F. ) ;
#761 = AXIS2_PLACEMENT_3D ( 'NONE', #808, #1149, #1778 ) ;
#762 = ORIENTED_EDGE ( 'NONE', *, *, #892, .F. ) ;
#763 = DIRECTION ( 'NONE',  ( 0.000000000000000000, 0.000000000000000000, 1.000000000000000000 ) ) ;
#764 = CARTESIAN_POINT ( 'NONE',  ( 1.782633861463065905, -6.505382386916236825, 0.08000000000000023759 ) ) ;
#765 = CARTESIAN_POINT ( 'NONE',  ( -0.07016109905184893247, 0.1852707815486940301, -2.923979625298624097 ) ) ;
#766 = DIRECTION ( 'NONE',  ( 0.000000000000000000, 0.000000000000000000, 1.000000000000000000 ) ) ;
#767 = ORIENTED_EDGE ( 'NONE', *, *, #3129, .T. ) ;
#768 = DIRECTION ( 'NONE',  ( 0.000000000000000000, -1.000000000000000000, -0.000000000000000000 ) ) ;
#769 = CARTESIAN_POINT ( 'NONE',  ( -1.227932858168453212, 1.378798922997412246, 0.2300000000000000100 ) ) ;
#770 = CARTESIAN_POINT ( 'NONE',  ( -1.820200974062149646, 1.400000000000000355, -1.674999999999982503 ) ) ;
#771 = ORIENTED_EDGE ( 'NONE', *, *, #2574, .T. ) ;
#772 = CARTESIAN_POINT ( 'NONE',  ( -1.820200974062149646, 1.900000000000000133, -1.674999999999982503 ) ) ;
#773 = ORIENTED_EDGE ( 'NONE', *, *, #3473, .F. ) ;
#774 = CARTESIAN_POINT ( 'NONE',  ( 1.655903567378395280, 1.581310454556974943, -1.986623975583147628 ) ) ;
#775 = DIRECTION ( 'NONE',  ( 1.000000000000000000, 0.000000000000000000, 0.000000000000000000 ) ) ;
#776 = CIRCLE ( 'NONE', #1683, 2.381757905624708904 ) ;
#777 = CARTESIAN_POINT ( 'NONE',  ( 1.910450780514046709, 1.015699670644584440, -0.7850721280677703806 ) ) ;
#778 = CIRCLE ( 'NONE', #2336, 0.9999999999999995559 ) ;
#779 = ORIENTED_EDGE ( 'NONE', *, *, #2834, .F. ) ;
#780 = EDGE_LOOP ( 'NONE', ( #1710, #1135, #1358, #2621, #856, #3648, #1863, #3537, #368, #3523, #1566, #3948, #3826, #3024 ) ) ;
#781 = EDGE_CURVE ( 'NONE', #2213, #2410, #2218, .T. ) ;
#782 = FACE_OUTER_BOUND ( 'NONE', #3953, .T. ) ;
#783 = CARTESIAN_POINT ( 'NONE',  ( 0.7658751033430202249, 0.7594359270062839284, -2.505641514962297922 ) ) ;
#784 = CARTESIAN_POINT ( 'NONE',  ( 1.477200418269831061, 1.400000000000000355, -2.386619772036115528 ) ) ;
#785 = CARTESIAN_POINT ( 'NONE',  ( 1.860088003954169622, 0.2363305337795926220, -1.088860560200217487 ) ) ;
#786 = ORIENTED_EDGE ( 'NONE', *, *, #739, .T. ) ;
#787 = CARTESIAN_POINT ( 'NONE',  ( -1.914476896522380844, 0.9115373440049330256, -0.4795212355394641301 ) ) ;
#788 = CARTESIAN_POINT ( 'NONE',  ( -0.001547626114818544075, 0.2000000000000000389, -0.6249999999999994449 ) ) ;
#789 = CARTESIAN_POINT ( 'NONE',  ( -0.8129496299755363253, 0.2000000000000000111, -2.274356371694206125 ) ) ;
#790 = CIRCLE ( 'NONE', #3058, 2.100000000000000533 ) ;
#791 = DIRECTION ( 'NONE',  ( 0.000000000000000000, 0.000000000000000000, 1.000000000000000000 ) ) ;
#792 = ORIENTED_EDGE ( 'NONE', *, *, #680, .T. ) ;
#793 = CARTESIAN_POINT ( 'NONE',  ( -1.570415290101632610, 1.569215992375967206, 0.2300000000000000100 ) ) ;
#794 = ORIENTED_EDGE ( 'NONE', *, *, #2561, .T. ) ;
#795 = CARTESIAN_POINT ( 'NONE',  ( 1.651726324773263421, 1.586163382403298794, -1.997777876568400002 ) ) ;
#796 = PERSON_AND_ORGANIZATION ( #4006, #3787 ) ;
#797 = CARTESIAN_POINT ( 'NONE',  ( 1.131822144806096331, 0.1896596603656335034, -2.626368775029315206 ) ) ;
#798 = ORIENTED_EDGE ( 'NONE', *, *, #2114, .F. ) ;
#799 = DIRECTION ( 'NONE',  ( 0.000000000000000000, 0.000000000000000000, 1.000000000000000000 ) ) ;
#800 = ADVANCED_FACE ( 'NONE', ( #3470 ), #403, .F. ) ;
#801 = DIRECTION ( 'NONE',  ( 0.000000000000000000, 0.000000000000000000, 1.000000000000000000 ) ) ;
#802 = EDGE_CURVE ( 'NONE', #3490, #1019, #470, .T. ) ;
#803 = DIRECTION ( 'NONE',  ( 0.000000000000000000, 0.000000000000000000, -1.000000000000000000 ) ) ;
#804 = CARTESIAN_POINT ( 'NONE',  ( -1.869727892480115505, 1.329550755215094027, -0.1887021235663044472 ) ) ;
#805 = ORIENTED_EDGE ( 'NONE', *, *, #2574, .F. ) ;
#806 = CIRCLE ( 'NONE', #3073, 2.584933136962217493 ) ;
#807 = DIRECTION ( 'NONE',  ( -8.881521776276859610E-16, 0.000000000000000000, 1.000000000000000000 ) ) ;
#808 = CARTESIAN_POINT ( 'NONE',  ( 0.000000000000000000, 1.389943778214778547, 0.2300000000000000100 ) ) ;
#809 = AXIS2_PLACEMENT_3D ( 'NONE', #3753, #975, #3452 ) ;
#810 = FACE_OUTER_BOUND ( 'NONE', #1418, .T. ) ;
#811 = DIRECTION ( 'NONE',  ( -0.4015462364005244478, -0.7808688094430308313, 0.4785441698230141760 ) ) ;
#812 = B_SPLINE_CURVE_WITH_KNOTS ( 'NONE', 3,
 ( #2718, #2757, #1187, #2694, #2067, #2085, #3059, #543 ),
 .UNSPECIFIED., .F., .F.,
 ( 4, 2, 2, 4 ),
 ( 0.01379833273824399714, 0.01772146953616077561, 0.02164460633407755408, 0.02949087992991109020 ),
 .UNSPECIFIED. ) ;
#813 = AXIS2_PLACEMENT_3D ( 'NONE', #328, #1245, #949 ) ;
#814 = CARTESIAN_POINT ( 'NONE',  ( 0.8414256598475993165, 0.2679031949846373828, -2.227821193807741018 ) ) ;
#815 = CONICAL_SURFACE ( 'NONE', #1655, 0.9999999999999995559, 0.1910031124928235624 ) ;
#816 = EDGE_CURVE ( 'NONE', #3498, #948, #1757, .T. ) ;
#817 = ORIENTED_EDGE ( 'NONE', *, *, #2065, .T. ) ;
#818 = CARTESIAN_POINT ( 'NONE',  ( -0.05977592378192612965, 0.3125761506656529187, -2.542540417431092603 ) ) ;
#819 = EDGE_LOOP ( 'NONE', ( #2358, #2344, #2725, #1990 ) ) ;
#820 = B_SPLINE_CURVE_WITH_KNOTS ( 'NONE', 3,
 ( #646, #2846, #3153, #2488, #3423, #3479, #62, #3462, #1242, #1610, #1286, #1002, #396, #3556, #1873, #1078, #2184, #2791 ),
 .UNSPECIFIED., .F., .F.,
 ( 4, 2, 2, 2, 2, 2, 2, 2, 4 ),
 ( 0.0001495943884021735601, 0.001962015319829148521, 0.002868225785542637303, 0.003774436251256126085, 0.005586857182683100179, 0.007399278114110067334, 0.01102411997696400511, 0.01283654090839097747, 0.01464896183981794983 ),
 .UNSPECIFIED. ) ;
#821 = CARTESIAN_POINT ( 'NONE',  ( 1.569651891889925599, 0.7083036767240431519, -1.727339520593654587 ) ) ;
#822 = CARTESIAN_POINT ( 'NONE',  ( 1.078060547936640967, 0.1448142998898898914, -2.655900875212547696 ) ) ;
#823 = ORIENTED_EDGE ( 'NONE', *, *, #1914, .T. ) ;
#824 = ORIENTED_EDGE ( 'NONE', *, *, #2315, .T. ) ;
#825 = CARTESIAN_POINT ( 'NONE',  ( 1.648201067044650525, 1.231878152392601677, 0.2300000000000115008 ) ) ;
#826 = FACE_OUTER_BOUND ( 'NONE', #2753, .T. ) ;
#827 = DIRECTION ( 'NONE',  ( -0.000000000000000000, -1.000000000000000000, -0.000000000000000000 ) ) ;
#828 = PRODUCT_DEFINITION_FORMATION_WITH_SPECIFIED_SOURCE ( 'ANY', '', #2150, .NOT_KNOWN. ) ;
#829 = ORIENTED_EDGE ( 'NONE', *, *, #3725, .F. ) ;
#830 = DIRECTION ( 'NONE',  ( 0.000000000000000000, -1.000000000000000000, -0.000000000000000000 ) ) ;
#831 = DIRECTION ( 'NONE',  ( 0.000000000000000000, 1.000000000000000000, -0.000000000000000000 ) ) ;
#832 = EDGE_CURVE ( 'NONE', #3433, #1600, #3088, .T. ) ;
#833 = DIRECTION ( 'NONE',  ( 0.000000000000000000, 0.000000000000000000, 1.000000000000000000 ) ) ;
#834 = EDGE_CURVE ( 'NONE', #2577, #3047, #3966, .T. ) ;
#835 = CARTESIAN_POINT ( 'NONE',  ( -1.968621207969061038, 1.539822273265863295, -1.393445242209935486 ) ) ;
#836 = CARTESIAN_POINT ( 'NONE',  ( 0.8925272453284225360, 0.2149965495076327504, -2.195961142946684763 ) ) ;
#837 = VERTEX_POINT ( 'NONE', #2351 ) ;
#838 = FACE_OUTER_BOUND ( 'NONE', #709, .T. ) ;
#839 = ORIENTED_EDGE ( 'NONE', *, *, #202, .F. ) ;
#840 = CARTESIAN_POINT ( 'NONE',  ( 1.720077867438114527, 0.7441141905676496027, -1.473419907226574121 ) ) ;
#841 = CIRCLE ( 'NONE', #3107, 1.169999999999999707 ) ;
#842 = CARTESIAN_POINT ( 'NONE',  ( 0.003955974629127270367, 0.2796942600731150974, 0.2300000000000000100 ) ) ;
#843 = VERTEX_POINT ( 'NONE', #2693 ) ;
#844 = ORIENTED_EDGE ( 'NONE', *, *, #3502, .F. ) ;
#845 = EDGE_CURVE ( 'NONE', #1403, #1324, #984, .T. ) ;
#846 = DIRECTION ( 'NONE',  ( 1.000000000000000000, 0.000000000000000000, -0.000000000000000000 ) ) ;
#847 = CARTESIAN_POINT ( 'NONE',  ( 0.4130312010488491059, 1.531791817120910837, 1.439187117961721940 ) ) ;
#848 = ORIENTED_EDGE ( 'NONE', *, *, #3129, .F. ) ;
#849 = CARTESIAN_POINT ( 'NONE',  ( -6.065921084684207584E-32, 0.1884276688058104110, -2.426489264862230932 ) ) ;
#850 = ADVANCED_FACE ( 'NONE', ( #3016 ), #167, .F. ) ;
#851 = DIRECTION ( 'NONE',  ( 0.000000000000000000, 0.000000000000000000, -1.000000000000000000 ) ) ;
#852 = CARTESIAN_POINT ( 'NONE',  ( -1.773804629915989972, 0.7614582676841213926, -1.359461498714075844 ) ) ;
#853 = CARTESIAN_POINT ( 'NONE',  ( -1.655463105758442799, 0.5327664203715939406, -1.598537356456407155 ) ) ;
#854 = CARTESIAN_POINT ( 'NONE',  ( -0.001547626114818544075, 1.900000000000000133, 1.675000000000000488 ) ) ;
#855 = EDGE_CURVE ( 'NONE', #1493, #1426, #663, .T. ) ;
#856 = ORIENTED_EDGE ( 'NONE', *, *, #995, .T. ) ;
#857 = DIRECTION ( 'NONE',  ( 0.8660254037844432595, 0.000000000000000000, 0.4999999999999918954 ) ) ;
#858 = ORIENTED_EDGE ( 'NONE', *, *, #1877, .T. ) ;
#859 = B_SPLINE_CURVE_WITH_KNOTS ( 'NONE', 3,
 ( #2491, #1227, #3403, #1186 ),
 .UNSPECIFIED., .F., .F.,
 ( 4, 4 ),
 ( 0.000000000000000000, 0.0003372689993283512410 ),
 .UNSPECIFIED. ) ;
#860 = CARTESIAN_POINT ( 'NONE',  ( 0.7846858260850747557, 1.400000000000000355, 1.536443258251726895 ) ) ;
#861 = ORIENTED_EDGE ( 'NONE', *, *, #3071, .T. ) ;
#862 = ORIENTED_EDGE ( 'NONE', *, *, #2986, .T. ) ;
#863 = CARTESIAN_POINT ( 'NONE',  ( -1.876876867327757159, 1.293014315182579255, -0.2205823641066723961 ) ) ;
#864 = EDGE_CURVE ( 'NONE', #2132, #1967, #3568, .T. ) ;
#865 = ORIENTED_EDGE ( 'NONE', *, *, #974, .T. ) ;
#866 = VERTEX_POINT ( 'NONE', #1478 ) ;
#867 = CARTESIAN_POINT ( 'NONE',  ( -0.001547626114818309020, -6.505382386916236825, -2.543418249656636210 ) ) ;
#868 = CARTESIAN_POINT ( 'NONE',  ( -2.023887531572048371, 1.578536375263586811, -1.333357631224673545 ) ) ;
#869 = CARTESIAN_POINT ( 'NONE',  ( 1.817105721832498633, 1.525000000000000355, -1.675000000000008260 ) ) ;
#870 = CARTESIAN_POINT ( 'NONE',  ( -1.855386687975427940, 1.642849007111501836, -0.1291011460212274642 ) ) ;
#871 = DIRECTION ( 'NONE',  ( 0.000000000000000000, 1.000000000000000000, 0.000000000000000000 ) ) ;
#872 = AXIS2_PLACEMENT_3D ( 'NONE', #2708, #3963, #1180 ) ;
#873 = VERTEX_POINT ( 'NONE', #849 ) ;
#874 = CARTESIAN_POINT ( 'NONE',  ( -1.974807496717371658, 1.400000000000000355, -1.393445242209933488 ) ) ;
#875 = CIRCLE ( 'NONE', #1454, 2.175738834834404223 ) ;
#876 = VERTEX_POINT ( 'NONE', #2717 ) ;
#877 = EDGE_CURVE ( 'NONE', #3944, #2128, #790, .T. ) ;
#878 = CARTESIAN_POINT ( 'NONE',  ( -0.002660124004940618049, 1.902884585545088658, -0.6256423009563343296 ) ) ;
#879 = DIRECTION ( 'NONE',  ( -0.04957834750627355264, -0.9987702375714583303, -0.000000000000000000 ) ) ;
#880 = VECTOR ( 'NONE', #2853, 39.37007874015748143 ) ;
#881 = CIRCLE ( 'NONE', #1907, 0.08000000000000000167 ) ;
#882 = EDGE_CURVE ( 'NONE', #3183, #3813, #2672, .T. ) ;
#883 = ORIENTED_EDGE ( 'NONE', *, *, #3551, .F. ) ;
#884 = DIRECTION ( 'NONE',  ( -0.000000000000000000, 0.08715574274764505136, 0.9961946980917466554 ) ) ;
#885 = ORIENTED_EDGE ( 'NONE', *, *, #3706, .F. ) ;
#886 = EDGE_LOOP ( 'NONE', ( #2923, #3076, #2715, #3336, #2162, #206 ) ) ;
#887 = CARTESIAN_POINT ( 'NONE',  ( 0.05637016917093617269, 0.2000000000000000944, -2.490059962061851540 ) ) ;
#888 = CARTESIAN_POINT ( 'NONE',  ( -2.020211113098457467, 1.587423312848669665, -1.364706171488489606 ) ) ;
#889 = CC_DESIGN_APPROVAL ( #2485, ( #828 ) ) ;
#890 = DIRECTION ( 'NONE',  ( 0.000000000000000000, 1.000000000000000000, 0.000000000000000000 ) ) ;
#891 = DIRECTION ( 'NONE',  ( -0.000000000000000000, -1.000000000000000000, 0.000000000000000000 ) ) ;
#892 = EDGE_CURVE ( 'NONE', #408, #292, #3578, .T. ) ;
#893 = CARTESIAN_POINT ( 'NONE',  ( 0.008302158581811117100, 0.3388095227774187146, -2.543410927887722384 ) ) ;
#894 = ORIENTED_EDGE ( 'NONE', *, *, #2735, .T. ) ;
#895 = CARTESIAN_POINT ( 'NONE',  ( 0.5985645960479112349, 0.3774923046331674636, -2.284863436239992662 ) ) ;
#896 = ORIENTED_EDGE ( 'NONE', *, *, #816, .T. ) ;
#897 = CARTESIAN_POINT ( 'NONE',  ( 0.04101514657878017889, 0.2000000000000000389, -2.411641637891161594 ) ) ;
#898 = ORIENTED_EDGE ( 'NONE', *, *, #1561, .T. ) ;
#899 = CARTESIAN_POINT ( 'NONE',  ( -0.8456583472658752987, 0.3204313503744956049, -2.347744671361422508 ) ) ;
#900 = CARTESIAN_POINT ( 'NONE',  ( -1.918684820316788553, 0.7593655914647191585, -0.6984210974125263371 ) ) ;
#901 = CIRCLE ( 'NONE', #2070, 0.3999999999999995781 ) ;
#902 = DIRECTION ( 'NONE',  ( 0.000000000000000000, 1.000000000000000000, 0.000000000000000000 ) ) ;
#903 = DIRECTION ( 'NONE',  ( 0.000000000000000000, 1.000000000000000000, 0.000000000000000000 ) ) ;
#904 = ORIENTED_EDGE ( 'NONE', *, *, #1137, .T. ) ;
#905 = CIRCLE ( 'NONE', #334, 1.918418249656636654 ) ;
#906 = ORIENTED_EDGE ( 'NONE', *, *, #1500, .T. ) ;
#907 = EDGE_CURVE ( 'NONE', #3813, #3499, #1366, .T. ) ;
#908 = CARTESIAN_POINT ( 'NONE',  ( -0.0002583663692668397615, 0.1448136611793536810, -2.924999653165738955 ) ) ;
#909 = B_SPLINE_CURVE_WITH_KNOTS ( 'NONE', 3,
 ( #1276, #2518, #3862, #2510 ),
 .UNSPECIFIED., .F., .F.,
 ( 4, 4 ),
 ( 2.162201951158076209E-07, 0.0002148020399328751703 ),
 .UNSPECIFIED. ) ;
#910 = CARTESIAN_POINT ( 'NONE',  ( 1.574680782069089124, 1.527952755905511939, -2.012587213816337428 ) ) ;
#911 = VECTOR ( 'NONE', #973, 39.37007874015748143 ) ;
#912 = CARTESIAN_POINT ( 'NONE',  ( 1.876107244135686081, 1.613567062863282997, -0.2287386291194959953 ) ) ;
#913 = CARTESIAN_POINT ( 'NONE',  ( 0.000000000000000000, 1.389943778214778547, -1.839851056971786303 ) ) ;
#914 = CARTESIAN_POINT ( 'NONE',  ( -1.913529895880762721, 0.9281889003398887672, -0.4679892337567057581 ) ) ;
#915 = VERTEX_POINT ( 'NONE', #2974 ) ;
#916 = EDGE_CURVE ( 'NONE', #3127, #1670, #1100, .T. ) ;
#917 = CARTESIAN_POINT ( 'NONE',  ( 0.9051502110483842234, 0.2362218778107280925, -2.191277022152641862 ) ) ;
#918 = ORIENTED_EDGE ( 'NONE', *, *, #1016, .F. ) ;
#919 = DIRECTION ( 'NONE',  ( 0.000000000000000000, -1.000000000000000000, -0.000000000000000000 ) ) ;
#920 = CARTESIAN_POINT ( 'NONE',  ( -1.615218545851240695, 0.3752571158759810954, -1.666437037820629241 ) ) ;
#921 = VERTEX_POINT ( 'NONE', #1997 ) ;
#922 = DIRECTION ( 'NONE',  ( 0.000000000000000000, -1.000000000000000000, -0.000000000000000000 ) ) ;
#923 = CC_DESIGN_PERSON_AND_ORGANIZATION_ASSIGNMENT ( #796, #3028, ( #828 ) ) ;
#924 = CARTESIAN_POINT ( 'NONE',  ( 0.000000000000000000, -0.2000000000000000111, 0.2276221842784289795 ) ) ;
#925 = CARTESIAN_POINT ( 'NONE',  ( 0.000000000000000000, -0.01968503937007872254, 0.2276221842784289795 ) ) ;
#926 = CARTESIAN_POINT ( 'NONE',  ( -1.576752364539658391, 0.7083082748550413310, -1.721608578832616088 ) ) ;
#927 = ORIENTED_EDGE ( 'NONE', *, *, #1987, .F. ) ;
#928 = ADVANCED_FACE ( 'NONE', ( #1126 ), #2373, .T. ) ;
#929 = DIRECTION ( 'NONE',  ( 0.000000000000000000, 1.000000000000000000, 0.000000000000000000 ) ) ;
#930 = CARTESIAN_POINT ( 'NONE',  ( -1.974807496717371658, 1.547028277803313312, -1.393445242209933488 ) ) ;
#931 = CARTESIAN_POINT ( 'NONE',  ( -1.911012279627445576, 0.9825830745650996345, -0.8101305420569492322 ) ) ;
#932 = FACE_OUTER_BOUND ( 'NONE', #1899, .T. ) ;
#933 = CARTESIAN_POINT ( 'NONE',  ( 0.07691375134549681414, 0.2811156848106520778, -2.541813557855001626 ) ) ;
#934 = CARTESIAN_POINT ( 'NONE',  ( 0.1183167958241596041, 0.4008854968827063048, -2.355095404989471231 ) ) ;
#935 = VERTEX_POINT ( 'NONE', #309 ) ;
#936 = DIRECTION ( 'NONE',  ( 0.000000000000000000, 0.000000000000000000, -1.000000000000000000 ) ) ;
#937 = LINE ( 'NONE', #3106, #3436 ) ;
#938 = CONICAL_SURFACE ( 'NONE', #617, 1.382654909905815410, 0.1921417701696009062 ) ;
#939 = EDGE_CURVE ( 'NONE', #460, #3247, #3115, .T. ) ;
#940 = ORIENTED_EDGE ( 'NONE', *, *, #621, .F. ) ;
#941 = CARTESIAN_POINT ( 'NONE',  ( -0.8234132259847214419, 0.2332383822134703744, -2.358455666731491984 ) ) ;
#942 = CIRCLE ( 'NONE', #2555, 1.747460045181753019 ) ;
#943 = CARTESIAN_POINT ( 'NONE',  ( 0.9464039700629676144, 0.2341785187044418959, -2.175855057488154110 ) ) ;
#944 = CIRCLE ( 'NONE', #3212, 1.918418249656636654 ) ;
#945 = CARTESIAN_POINT ( 'NONE',  ( 0.2117756037334369013, 0.000000000000000000, -0.03761464103412088394 ) ) ;
#946 = CARTESIAN_POINT ( 'NONE',  ( -1.388616338287992802, 0.6811476702523848736, -1.950280713028708979 ) ) ;
#947 = LENGTH_MEASURE_WITH_UNIT ( LENGTH_MEASURE( 0.02539999999999999897 ), #2808 );
#948 = VERTEX_POINT ( 'NONE', #2123 ) ;
#949 = DIRECTION ( 'NONE',  ( 0.000000000000000000, 0.000000000000000000, 1.000000000000000000 ) ) ;
#950 = CARTESIAN_POINT ( 'NONE',  ( -0.9616163205885429610, 0.2487529831663996827, -2.285903286158309733 ) ) ;
#951 = LINE ( 'NONE', #1229, #2759 ) ;
#952 = CARTESIAN_POINT ( 'NONE',  ( -1.754268868717600460, 0.4936662712142116938, 0.08000000000000022371 ) ) ;
#953 = B_SPLINE_CURVE_WITH_KNOTS ( 'NONE', 3,
 ( #1274, #3121, #2517, #2147 ),
 .UNSPECIFIED., .F., .F.,
 ( 4, 4 ),
 ( 0.001300019292306316869, 0.006207054202047538466 ),
 .UNSPECIFIED. ) ;
#954 = CARTESIAN_POINT ( 'NONE',  ( 1.825956787263555370, 1.664978863901724671, -0.04142806810282692598 ) ) ;
#955 = AXIS2_PLACEMENT_3D ( 'NONE', #3869, #181, #1428 ) ;
#956 = EDGE_CURVE ( 'NONE', #1744, #2767, #3276, .T. ) ;
#957 = DIRECTION ( 'NONE',  ( -0.04957834750627355264, -0.9987702375714583303, -0.000000000000000000 ) ) ;
#958 = ORIENTED_EDGE ( 'NONE', *, *, #2773, .F. ) ;
#959 = FACE_OUTER_BOUND ( 'NONE', #737, .T. ) ;
#960 = AXIS2_PLACEMENT_3D ( 'NONE', #329, #2190, #1894 ) ;
#961 = CARTESIAN_POINT ( 'NONE',  ( -0.001547626114818544075, 1.400000000000000355, -0.6237153980873296755 ) ) ;
#962 = VERTEX_POINT ( 'NONE', #3362 ) ;
#963 = B_SPLINE_CURVE_WITH_KNOTS ( 'NONE', 3,
 ( #11, #3694, #2439, #917 ),
 .UNSPECIFIED., .F., .F.,
 ( 4, 4 ),
 ( 3.217369966476107647E-05, 3.287961931219067052E-05 ),
 .UNSPECIFIED. ) ;
#964 = DIRECTION ( 'NONE',  ( 3.552724702697975110E-15, 0.000000000000000000, 1.000000000000000000 ) ) ;
#965 = CARTESIAN_POINT ( 'NONE',  ( 0.8015827024485027152, 0.2000000000000000111, -2.242023125245826698 ) ) ;
#966 = DIRECTION ( 'NONE',  ( 0.4629547600703817767, 0.08715574274764505136, 0.8820865981491167185 ) ) ;
#967 = CARTESIAN_POINT ( 'NONE',  ( -1.100386412460793162, 0.1529970876489350484, -2.645538744067546411 ) ) ;
#968 = AXIS2_PLACEMENT_3D ( 'NONE', #711, #3488, #1940 ) ;
#969 = CARTESIAN_POINT ( 'NONE',  ( -0.9256080257041314763, 0.3294005792395737209, -2.306215120972993748 ) ) ;
#970 = FACE_BOUND ( 'NONE', #541, .T. ) ;
#971 = DIRECTION ( 'NONE',  ( 0.000000000000000000, 1.000000000000000000, 0.000000000000000000 ) ) ;
#972 = AXIS2_PLACEMENT_3D ( 'NONE', #2748, #3777, #1648 ) ;
#973 = DIRECTION ( 'NONE',  ( 0.000000000000000000, 1.000000000000000000, 0.000000000000000000 ) ) ;
#974 = EDGE_CURVE ( 'NONE', #1108, #3631, #627, .T. ) ;
#975 = DIRECTION ( 'NONE',  ( -1.000000000000000000, 0.000000000000000000, -0.000000000000000000 ) ) ;
#976 = ORIENTED_EDGE ( 'NONE', *, *, #3258, .F. ) ;
#977 = CARTESIAN_POINT ( 'NONE',  ( -0.001547626114818544075, 1.775000000000000133, -0.6237153980873296755 ) ) ;
#978 = FACE_OUTER_BOUND ( 'NONE', #2900, .T. ) ;
#979 = EDGE_CURVE ( 'NONE', #2490, #2363, #2734, .T. ) ;
#980 = VERTEX_POINT ( 'NONE', #566 ) ;
#981 = CARTESIAN_POINT ( 'NONE',  ( 2.066548655210817653, 1.900000000000000133, -0.9896611731005624524 ) ) ;
#982 = CYLINDRICAL_SURFACE ( 'NONE', #2567, 1.169999999999999707 ) ;
#983 = LINE ( 'NONE', #2508, #2296 ) ;
#984 = CIRCLE ( 'NONE', #3252, 2.300000000000000266 ) ;
#985 = DIRECTION ( 'NONE',  ( -0.04957834750627355264, -0.9987702375714583303, -0.000000000000000000 ) ) ;
#986 = CARTESIAN_POINT ( 'NONE',  ( -0.001547626114818544075, 1.900000000000000133, -0.6249999999999994449 ) ) ;
#987 = LINE ( 'NONE', #3180, #1977 ) ;
#988 = CARTESIAN_POINT ( 'NONE',  ( 1.817105721832498411, 1.400000000000000355, -1.675000000000008260 ) ) ;
#989 = CARTESIAN_POINT ( 'NONE',  ( 0.8118129769202158119, 0.2408450049622589406, -2.226160615831586309 ) ) ;
#990 = ORIENTED_EDGE ( 'NONE', *, *, #1231, .T. ) ;
#991 = CARTESIAN_POINT ( 'NONE',  ( 1.906115748690750289, 0.5586813896724387440, -0.8278522344985831394 ) ) ;
#992 = CARTESIAN_POINT ( 'NONE',  ( 0.9050121895907987657, 0.2362301250217524184, -2.191318908628207662 ) ) ;
#993 = ORIENTED_EDGE ( 'NONE', *, *, #2599, .F. ) ;
#994 = CARTESIAN_POINT ( 'NONE',  ( -0.0004351282246964497183, 1.775000000000000133, -0.6256423009563343296 ) ) ;
#995 = EDGE_CURVE ( 'NONE', #3401, #3705, #1846, .T. ) ;
#996 = AXIS2_PLACEMENT_3D ( 'NONE', #2274, #3491, #696 ) ;
#997 = CYLINDRICAL_SURFACE ( 'NONE', #3759, 1.169999999999999707 ) ;
#998 =( GEOMETRIC_REPRESENTATION_CONTEXT ( 3 ) GLOBAL_UNCERTAINTY_ASSIGNED_CONTEXT ( ( #2633 ) ) GLOBAL_UNIT_ASSIGNED_CONTEXT ( ( #3746, #2239, #699 ) ) REPRESENTATION_CONTEXT ( 'NONE', 'WORKASPACE' ) );
#999 = DIRECTION ( 'NONE',  ( -0.04957834750627355264, -0.9987702375714583303, -0.000000000000000000 ) ) ;
#1000 = EDGE_CURVE ( 'NONE', #3738, #3401, #859, .T. ) ;
#1001 = CONICAL_SURFACE ( 'NONE', #1777, 2.298715398087329831, 0.6747409422235518539 ) ;
#1002 = CARTESIAN_POINT ( 'NONE',  ( 1.870197845890725352, 1.297720168303108101, -0.2022505107520248813 ) ) ;
#1003 = ORIENTED_EDGE ( 'NONE', *, *, #32, .T. ) ;
#1004 = AXIS2_PLACEMENT_3D ( 'NONE', #399, #2512, #2850 ) ;
#1005 = AXIS2_PLACEMENT_3D ( 'NONE', #1635, #3222, #2308 ) ;
#1006 = CARTESIAN_POINT ( 'NONE',  ( 0.8015827024485027152, 0.2000000000000000111, -2.242023125245826698 ) ) ;
#1007 = B_SPLINE_CURVE_WITH_KNOTS ( 'NONE', 3,
 ( #2779, #1233, #3103, #2479, #1250, #3713, #2170, #895, #349, #28, #1580, #1522, #934, #51, #3065, #3412, #3978, #637, #3432, #2816, #3352, #3656, #293, #575, #2498, #1862, #3046, #1802 ),
 .UNSPECIFIED., .F., .F.,
 ( 4, 2, 2, 2, 2, 2, 2, 2, 2, 2, 2, 2, 2, 4 ),
 ( 0.06589922596328261217, 0.07516308663936807632, 0.08442694731545355435, 0.08674291248447493774, 0.08905887765349630725, 0.09369080799153907402, 0.1029546686676245937, 0.1075865990056673605, 0.1122185293437101272, 0.1214823900197956330, 0.1261143203578383998, 0.1284302855268597832, 0.1307462506958811665, 0.1400101113719667278 ),
 .UNSPECIFIED. ) ;
#1008 = CARTESIAN_POINT ( 'NONE',  ( -1.942375083679643177, 0.6811476702523848736, -1.475596188101341744 ) ) ;
#1009 = CARTESIAN_POINT ( 'NONE',  ( -1.796915872351081633, 1.476630358600843573, 0.05168906708612833883 ) ) ;
#1010 = CARTESIAN_POINT ( 'NONE',  ( 1.432836755002403038E-16, -0.2000000000000000111, -0.9423778157215709772 ) ) ;
#1011 = DIRECTION ( 'NONE',  ( 0.000000000000000000, 0.000000000000000000, 1.000000000000000000 ) ) ;
#1012 = ORIENTED_EDGE ( 'NONE', *, *, #260, .T. ) ;
#1013 = CARTESIAN_POINT ( 'NONE',  ( -1.007018807817061878, 0.1850490861382353969, -2.693583105213231299 ) ) ;
#1014 = EDGE_CURVE ( 'NONE', #2360, #1299, #1833, .T. ) ;
#1015 = CARTESIAN_POINT ( 'NONE',  ( 1.477200418269831061, -6.505382386916236825, -2.386619772036115528 ) ) ;
#1016 = EDGE_CURVE ( 'NONE', #1185, #2490, #2370, .T. ) ;
#1017 = ORIENTED_EDGE ( 'NONE', *, *, #1293, .T. ) ;
#1018 = FACE_OUTER_BOUND ( 'NONE', #2089, .T. ) ;
#1019 = VERTEX_POINT ( 'NONE', #1207 ) ;
#1020 = CARTESIAN_POINT ( 'NONE',  ( -0.05608038881385323665, 0.2000000000000000389, -2.487236884850543728 ) ) ;
#1021 = FACE_OUTER_BOUND ( 'NONE', #2382, .T. ) ;
#1022 =( BOUNDED_CURVE ( )  B_SPLINE_CURVE ( 3, ( #1772, #1472, #240, #3012 ),
 .UNSPECIFIED., .F., .F. ) 
 B_SPLINE_CURVE_WITH_KNOTS ( ( 4, 4 ),
 ( 0.4526697719056251845, 0.6725992277163653776 ),
 .UNSPECIFIED. ) 
 CURVE ( )  GEOMETRIC_REPRESENTATION_ITEM ( )  RATIONAL_B_SPLINE_CURVE ( ( 1.000000000000000000, 0.9959733129660072182, 0.9959733129660072182, 1.000000000000000000 ) ) 
 REPRESENTATION_ITEM ( '' )  );
#1023 = ADVANCED_FACE ( 'NONE', ( #2473 ), #629, .F. ) ;
#1024 = CARTESIAN_POINT ( 'NONE',  ( 0.3628904782045718758, 1.400000000000000355, 1.443115797315176252 ) ) ;
#1025 = VERTEX_POINT ( 'NONE', #2188 ) ;
#1026 = EDGE_LOOP ( 'NONE', ( #1141, #147, #1686, #2176 ) ) ;
#1027 = CARTESIAN_POINT ( 'NONE',  ( 1.706381539532593195, 0.4198464819812828264, 0.08000000000000025147 ) ) ;
#1028 = CARTESIAN_POINT ( 'NONE',  ( -1.789704787752916193, 0.7614582676841213926, -1.341536666355604757 ) ) ;
#1029 = CARTESIAN_POINT ( 'NONE',  ( -0.001547626114818544075, 1.775000000000000133, 1.675000000000000488 ) ) ;
#1030 = CARTESIAN_POINT ( 'NONE',  ( 1.990310802589385197, 1.900000000000000133, -1.775000000000008793 ) ) ;
#1031 = DIRECTION ( 'NONE',  ( 0.000000000000000000, -1.000000000000000000, 0.000000000000000000 ) ) ;
#1032 = VECTOR ( 'NONE', #751, 39.37007874015748143 ) ;
#1033 = ORIENTED_EDGE ( 'NONE', *, *, #3288, .T. ) ;
#1034 = CARTESIAN_POINT ( 'NONE',  ( -1.021851551853462103, 0.1647554046939838646, -2.686308679212334738 ) ) ;
#1035 = LINE ( 'NONE', #2272, #3303 ) ;
#1036 = AXIS2_PLACEMENT_3D ( 'NONE', #2858, #1844, #2198 ) ;
#1037 = EDGE_CURVE ( 'NONE', #876, #52, #1325, .T. ) ;
#1038 = ORIENTED_EDGE ( 'NONE', *, *, #581, .F. ) ;
#1039 = LINE ( 'NONE', #133, #547 ) ;
#1040 = ORIENTED_EDGE ( 'NONE', *, *, #1814, .T. ) ;
#1041 = CARTESIAN_POINT ( 'NONE',  ( 1.657487211523885673, 1.572374246499818273, -1.973391316875936052 ) ) ;
#1042 = DIRECTION ( 'NONE',  ( 0.000000000000000000, -1.000000000000000000, 0.000000000000000000 ) ) ;
#1043 = ORIENTED_EDGE ( 'NONE', *, *, #1293, .F. ) ;
#1044 = VERTEX_POINT ( 'NONE', #3708 ) ;
#1045 = CARTESIAN_POINT ( 'NONE',  ( 0.01167652029877927489, 0.4352268992294299199, 0.2300000000000000100 ) ) ;
#1046 = CARTESIAN_POINT ( 'NONE',  ( -0.001289533700736724764, 0.3054147894802569652, -2.924999999999999378 ) ) ;
#1047 = EDGE_CURVE ( 'NONE', #692, #2499, #623, .T. ) ;
#1048 = CARTESIAN_POINT ( 'NONE',  ( -1.916177276730649082, 1.050512603412185664, -0.7484697075306904201 ) ) ;
#1049 = CARTESIAN_POINT ( 'NONE',  ( 1.768038891717814476, 0.7614582676841213926, -1.365872550794405171 ) ) ;
#1050 = ORIENTED_EDGE ( 'NONE', *, *, #1877, .F. ) ;
#1051 = CARTESIAN_POINT ( 'NONE',  ( 0.5244124057883868817, 0.2550704016544357855, -2.303124260406910651 ) ) ;
#1052 = ORIENTED_EDGE ( 'NONE', *, *, #892, .T. ) ;
#1053 = CARTESIAN_POINT ( 'NONE',  ( 1.886923567367869259, 0.8803090226061081047, -0.9634124909970842587 ) ) ;
#1054 = CARTESIAN_POINT ( 'NONE',  ( 0.000000000000000000, -0.01968503937007872254, 1.397622184278428881 ) ) ;
#1055 = ORIENTED_EDGE ( 'NONE', *, *, #2834, .T. ) ;
#1056 = FACE_OUTER_BOUND ( 'NONE', #1026, .T. ) ;
#1057 = ORIENTED_EDGE ( 'NONE', *, *, #2456, .F. ) ;
#1058 = FACE_OUTER_BOUND ( 'NONE', #2670, .T. ) ;
#1059 = CARTESIAN_POINT ( 'NONE',  ( 1.916848167758089083, 0.7380512614958926187, -0.6157178307290599450 ) ) ;
#1060 = ORIENTED_EDGE ( 'NONE', *, *, #406, .F. ) ;
#1061 = VERTEX_POINT ( 'NONE', #3650 ) ;
#1062 = CARTESIAN_POINT ( 'NONE',  ( 0.7846593438039334290, 1.775000000000000133, 1.536370498782275495 ) ) ;
#1063 = AXIS2_PLACEMENT_3D ( 'NONE', #3213, #999, #1360 ) ;
#1064 = VECTOR ( 'NONE', #1889, 39.37007874015748143 ) ;
#1065 =( BOUNDED_SURFACE ( )  B_SPLINE_SURFACE ( 3, 2, ( 
 ( #1224, #40, #2509 ),
 ( #1020, #1492, #2427 ),
 ( #3494, #645, #3422 ),
 ( #2160, #1794, #3035 ) ),
 .UNSPECIFIED., .F., .F., .F. ) 
 B_SPLINE_SURFACE_WITH_KNOTS ( ( 4, 4 ),
 ( 3, 3 ),
 ( 0.7591837576019584422, 0.8375323684015758552 ),
 ( 0.000000000000000000, 1.000000000000000000 ),
 .UNSPECIFIED. ) 
 GEOMETRIC_REPRESENTATION_ITEM ( )  RATIONAL_B_SPLINE_SURFACE ( (
 ( 1.000000000000000000, 0.9429631024637541437, 1.000000000000000000),
 ( 1.000000000000000000, 0.9559420765919725005, 1.000000000000000000),
 ( 1.000000000000000000, 0.9659881046155324169, 1.000000000000000000),
 ( 1.000000000000000000, 0.9737555314786940919, 1.000000000000000000) ) ) 
 REPRESENTATION_ITEM ( '' )  SURFACE ( )  );
#1066 = CARTESIAN_POINT ( 'NONE',  ( 0.8453470706846119009, 0.3204260112521040149, -2.346377726592974611 ) ) ;
#1067 = DIRECTION ( 'NONE',  ( 0.000000000000000000, 0.000000000000000000, 1.000000000000000000 ) ) ;
#1068 = EDGE_LOOP ( 'NONE', ( #2940, #976, #2603, #274 ) ) ;
#1069 = DIRECTION ( 'NONE',  ( -0.5410017808004574658, -0.7808688094430307203, 0.3123475237772143642 ) ) ;
#1070 = AXIS2_PLACEMENT_3D ( 'NONE', #1150, #186, #1110 ) ;
#1071 = CIRCLE ( 'NONE', #3344, 2.137849560099872370 ) ;
#1072 = CARTESIAN_POINT ( 'NONE',  ( 1.348593125924184122, 1.400000000000000355, -2.233351569349375509 ) ) ;
#1073 = FACE_OUTER_BOUND ( 'NONE', #1439, .T. ) ;
#1074 = ORIENTED_EDGE ( 'NONE', *, *, #1374, .T. ) ;
#1075 = CARTESIAN_POINT ( 'NONE',  ( 0.000000000000000000, 1.204755632113885699, 0.2300000000000000100 ) ) ;
#1076 = VERTEX_POINT ( 'NONE', #3057 ) ;
#1077 = CARTESIAN_POINT ( 'NONE',  ( 1.642232014133950146, 1.587316135696089869, -2.010561292319368309 ) ) ;
#1078 = CARTESIAN_POINT ( 'NONE',  ( 1.822002856913790492, 1.356912137388064377, -0.02874522071425797062 ) ) ;
#1079 = CARTESIAN_POINT ( 'NONE',  ( 1.907234311685326311, 0.9825830745650996345, -0.8170419083001266847 ) ) ;
#1080 = ORIENTED_EDGE ( 'NONE', *, *, #3971, .F. ) ;
#1081 = CIRCLE ( 'NONE', #761, 2.069851056971786285 ) ;
#1082 = ORIENTED_EDGE ( 'NONE', *, *, #3751, .F. ) ;
#1083 = CARTESIAN_POINT ( 'NONE',  ( 0.000000000000000000, 1.475052248216325967, 0.2300000000000000100 ) ) ;
#1084 = CARTESIAN_POINT ( 'NONE',  ( -1.792989193333140774, 0.7594359270062837064, -1.344420697192324710 ) ) ;
#1085 = CARTESIAN_POINT ( 'NONE',  ( 0.3135501589298477776, 1.525000000000000355, 1.451211036278189592 ) ) ;
#1086 = LINE ( 'NONE', #3788, #2175 ) ;
#1087 = ORIENTED_EDGE ( 'NONE', *, *, #1392, .F. ) ;
#1088 = CARTESIAN_POINT ( 'NONE',  ( -0.001547626114818544075, 0.000000000000000000, -0.6249999999999994449 ) ) ;
#1089 = DIRECTION ( 'NONE',  ( 0.4629547600703817767, 0.08715574274764505136, 0.8820865981491168295 ) ) ;
#1090 = B_SPLINE_CURVE_WITH_KNOTS ( 'NONE', 3,
 ( #664, #1632, #1656, #1027, #3137 ),
 .UNSPECIFIED., .F., .F.,
 ( 4, 1, 4 ),
 ( 0.01409955972778813120, 0.01416252805002283024, 0.01422549637225753102 ),
 .UNSPECIFIED. ) ;
#1091 = CARTESIAN_POINT ( 'NONE',  ( -1.903878524787107507, 0.4656485117512035310, -0.3610544928282737320 ) ) ;
#1092 = EDGE_CURVE ( 'NONE', #873, #915, #2457, .T. ) ;
#1093 = CARTESIAN_POINT ( 'NONE',  ( 0.01503951521541816577, 0.5029754104402537340, 0.2300000000000000100 ) ) ;
#1094 = ORIENTED_EDGE ( 'NONE', *, *, #47, .T. ) ;
#1095 = DIRECTION ( 'NONE',  ( -0.000000000000000000, -1.000000000000000000, 0.000000000000000000 ) ) ;
#1096 = ORIENTED_EDGE ( 'NONE', *, *, #3410, .F. ) ;
#1097 = CARTESIAN_POINT ( 'NONE',  ( -0.0004351282246964497183, 1.400000000000000355, -0.6256423009563343296 ) ) ;
#1098 = EDGE_CURVE ( 'NONE', #2563, #3032, #3126, .T. ) ;
#1099 = VECTOR ( 'NONE', #3740, 39.37007874015748143 ) ;
#1100 = B_SPLINE_CURVE_WITH_KNOTS ( 'NONE', 3,
 ( #1702, #467, #207, #1432 ),
 .UNSPECIFIED., .F., .F.,
 ( 4, 4 ),
 ( 0.03294266178801062706, 0.05718746730023241409 ),
 .UNSPECIFIED. ) ;
#1101 = CARTESIAN_POINT ( 'NONE',  ( -0.8343941456990204841, 1.658662601581720963, -2.768913868329714312 ) ) ;
#1102 = AXIS2_PLACEMENT_3D ( 'NONE', #2335, #2698, #2026 ) ;
#1103 = ORIENTED_EDGE ( 'NONE', *, *, #552, .F. ) ;
#1104 = ORIENTED_EDGE ( 'NONE', *, *, #816, .F. ) ;
#1105 = CARTESIAN_POINT ( 'NONE',  ( -1.100378199184445016, 0.2972896326092302477, -2.645543230605829077 ) ) ;
#1106 = DIRECTION ( 'NONE',  ( -0.000000000000000000, -0.000000000000000000, 1.000000000000000000 ) ) ;
#1107 = CARTESIAN_POINT ( 'NONE',  ( 1.000864569940665305, 0.2509546493575263160, -2.695066128662394700 ) ) ;
#1108 = VERTEX_POINT ( 'NONE', #3039 ) ;
#1109 = CARTESIAN_POINT ( 'NONE',  ( -1.920011294508516153, 0.7902354469696887262, -0.6369291742487714902 ) ) ;
#1110 = DIRECTION ( 'NONE',  ( 0.000000000000000000, 0.000000000000000000, -1.000000000000000000 ) ) ;
#1111 = CARTESIAN_POINT ( 'NONE',  ( -1.974807496717371658, 1.547028277803313312, -1.393445242209933488 ) ) ;
#1112 = CARTESIAN_POINT ( 'NONE',  ( 1.083909876605704925, 0.3025587663949588224, -2.689836268093834359 ) ) ;
#1113 = VERTEX_POINT ( 'NONE', #606 ) ;
#1114 = CARTESIAN_POINT ( 'NONE',  ( -0.9999992932487993258, 0.2000000000000000111, 0.2288110921393868291 ) ) ;
#1115 = ORIENTED_EDGE ( 'NONE', *, *, #1206, .F. ) ;
#1116 = CARTESIAN_POINT ( 'NONE',  ( 1.657440045793135086, 1.576309651361838871, -1.978439337461163516 ) ) ;
#1117 = CARTESIAN_POINT ( 'NONE',  ( 1.124651532899985318, 0.1763235991971910666, -2.630413626821577200 ) ) ;
#1118 = ORIENTED_EDGE ( 'NONE', *, *, #3411, .F. ) ;
#1119 = ORIENTED_EDGE ( 'NONE', *, *, #3132, .F. ) ;
#1120 = LINE ( 'NONE', #2366, #2316 ) ;
#1121 = EDGE_CURVE ( 'NONE', #2091, #111, #2287, .T. ) ;
#1122 = CARTESIAN_POINT ( 'NONE',  ( -0.001547626114818544075, 1.900000000000000133, -0.6249999999999994449 ) ) ;
#1123 = DIRECTION ( 'NONE',  ( 0.000000000000000000, 0.000000000000000000, 1.000000000000000000 ) ) ;
#1124 = ORIENTED_EDGE ( 'NONE', *, *, #725, .F. ) ;
#1125 = CIRCLE ( 'NONE', #2295, 2.298715398087329831 ) ;
#1126 = FACE_OUTER_BOUND ( 'NONE', #1786, .T. ) ;
#1127 = CARTESIAN_POINT ( 'NONE',  ( -2.014478189373114514, 1.584755024405609447, -1.374069858331620209 ) ) ;
#1128 = CARTESIAN_POINT ( 'NONE',  ( 0.000000000000000000, -0.01968503937007872254, 0.2276221842784289795 ) ) ;
#1129 = CARTESIAN_POINT ( 'NONE',  ( -1.901631885739455408, 1.553195390343117710, -0.3595041539478782133 ) ) ;
#1130 = CIRCLE ( 'NONE', #3925, 1.000000000000000000 ) ;
#1131 = LINE ( 'NONE', #3918, #3049 ) ;
#1132 = AXIS2_PLACEMENT_3D ( 'NONE', #2758, #890, #2125 ) ;
#1133 = ORIENTED_EDGE ( 'NONE', *, *, #1597, .F. ) ;
#1134 = CARTESIAN_POINT ( 'NONE',  ( -1.772645839187486638, 0.4917639269034820293, 0.08000000000000022371 ) ) ;
#1135 = ORIENTED_EDGE ( 'NONE', *, *, #2055, .F. ) ;
#1136 = CARTESIAN_POINT ( 'NONE',  ( 0.03895960712833475281, 0.2000000000000000389, -2.408749203043980547 ) ) ;
#1137 = EDGE_CURVE ( 'NONE', #980, #3490, #1654, .T. ) ;
#1138 = VECTOR ( 'NONE', #1944, 39.37007874015748143 ) ;
#1139 = CARTESIAN_POINT ( 'NONE',  ( -1.351401606456565263, 1.400000000000000355, -2.233693330549841871 ) ) ;
#1140 = VERTEX_POINT ( 'NONE', #2241 ) ;
#1141 = ORIENTED_EDGE ( 'NONE', *, *, #2277, .F. ) ;
#1142 = EDGE_CURVE ( 'NONE', #52, #1563, #98, .T. ) ;
#1143 = CARTESIAN_POINT ( 'NONE',  ( -1.135743621064407849, 0.2509546493575262049, -2.625900655424051600 ) ) ;
#1144 = CIRCLE ( 'NONE', #1667, 0.08000000000000000167 ) ;
#1145 = CARTESIAN_POINT ( 'NONE',  ( 0.8996850950988309892, 0.2281816995183707508, -2.193319548081757997 ) ) ;
#1146 = CARTESIAN_POINT ( 'NONE',  ( 1.045751803082008102, 0.1489452700728523815, -2.672727374496017827 ) ) ;
#1147 = ORIENTED_EDGE ( 'NONE', *, *, #1716, .F. ) ;
#1148 = CARTESIAN_POINT ( 'NONE',  ( 0.000000000000000000, 1.204755632113885699, 0.2300000000000000100 ) ) ;
#1149 = DIRECTION ( 'NONE',  ( 0.000000000000000000, 1.000000000000000000, 0.000000000000000000 ) ) ;
#1150 = CARTESIAN_POINT ( 'NONE',  ( 1.607274140168331478, 1.655905511811023745, -1.974670555105230596 ) ) ;
#1151 = CARTESIAN_POINT ( 'NONE',  ( -1.909524337348232237, 1.514907278776318034, -0.4240818166334839878 ) ) ;
#1152 = DIRECTION ( 'NONE',  ( 0.000000000000000000, 1.000000000000000000, 0.000000000000000000 ) ) ;
#1153 = ORIENTED_EDGE ( 'NONE', *, *, #1696, .F. ) ;
#1154 = DIRECTION ( 'NONE',  ( 0.000000000000000000, -1.000000000000000000, 0.000000000000000000 ) ) ;
#1155 = ORIENTED_EDGE ( 'NONE', *, *, #3514, .T. ) ;
#1156 = LINE ( 'NONE', #3980, #3307 ) ;
#1157 = DATE_AND_TIME ( #2662, #2570 ) ;
#1158 = EDGE_CURVE ( 'NONE', #2132, #3760, #1130, .T. ) ;
#1159 = AXIS2_PLACEMENT_3D ( 'NONE', #2554, #450, #405 ) ;
#1160 = CARTESIAN_POINT ( 'NONE',  ( -0.8343941456990203731, 0.7720964771347079703, -3.100000000000000089 ) ) ;
#1161 = VERTEX_POINT ( 'NONE', #2585 ) ;
#1162 = CIRCLE ( 'NONE', #3439, 0.04999999999999995420 ) ;
#1163 = CARTESIAN_POINT ( 'NONE',  ( -1.887744796765563171, 0.6560805782343968051, -0.9767408263263837043 ) ) ;
#1164 = CARTESIAN_POINT ( 'NONE',  ( -0.8343941456990192629, -6.505382386916236825, -2.768913868329714756 ) ) ;
#1165 = EDGE_LOOP ( 'NONE', ( #236, #3717, #2337, #500, #2052, #2772, #1217, #3370, #158 ) ) ;
#1166 = VERTEX_POINT ( 'NONE', #1327 ) ;
#1167 = CARTESIAN_POINT ( 'NONE',  ( 0.03135346724217502601, 0.1952236353348241193, -2.421515294922301997 ) ) ;
#1168 = EDGE_CURVE ( 'NONE', #2597, #3167, #2234, .T. ) ;
#1169 = CARTESIAN_POINT ( 'NONE',  ( -2.017602445387131738, 1.564445482196419546, -1.317070943897955981 ) ) ;
#1170 = CARTESIAN_POINT ( 'NONE',  ( -0.001547626114818544075, 0.2000000000000000389, -0.6249999999999994449 ) ) ;
#1171 = CARTESIAN_POINT ( 'NONE',  ( -1.877877187117638735, 1.613386537963960699, -0.2224800387997533935 ) ) ;
#1172 = LINE ( 'NONE', #854, #1473 ) ;
#1173 = EDGE_CURVE ( 'NONE', #1426, #223, #3855, .T. ) ;
#1174 = ORIENTED_EDGE ( 'NONE', *, *, #17, .T. ) ;
#1175 = PLANE ( 'NONE',  #487 ) ;
#1176 = ORIENTED_EDGE ( 'NONE', *, *, #2098, .T. ) ;
#1177 = CARTESIAN_POINT ( 'NONE',  ( 2.263510205813259013, 1.400000000000000355, -1.024390808633948602 ) ) ;
#1178 = PERSON_AND_ORGANIZATION ( #4006, #3787 ) ;
#1179 = AXIS2_PLACEMENT_3D ( 'NONE', #1088, #1738, #2310 ) ;
#1180 = DIRECTION ( 'NONE',  ( 0.000000000000000000, 0.000000000000000000, 1.000000000000000000 ) ) ;
#1181 = DIRECTION ( 'NONE',  ( 0.000000000000000000, 0.000000000000000000, 1.000000000000000000 ) ) ;
#1182 = EDGE_CURVE ( 'NONE', #3318, #3267, #1090, .T. ) ;
#1183 = CARTESIAN_POINT ( 'NONE',  ( -1.542126914537682136, 0.7022231188442650263, -1.769750833894740749 ) ) ;
#1184 = VERTEX_POINT ( 'NONE', #686 ) ;
#1185 = VERTEX_POINT ( 'NONE', #3500 ) ;
#1186 = CARTESIAN_POINT ( 'NONE',  ( 0.06209496227078607072, 0.2000000000000000389, -2.542362303154834802 ) ) ;
#1187 = CARTESIAN_POINT ( 'NONE',  ( 1.619320586597109646, 0.3701611674832180343, -1.652526929258018251 ) ) ;
#1188 = CARTESIAN_POINT ( 'NONE',  ( 0.8372982616235151720, 0.2055177471214984786, -2.350311664312759952 ) ) ;
#1189 = VECTOR ( 'NONE', #431, 39.37007874015748854 ) ;
#1190 = DIRECTION ( 'NONE',  ( 0.000000000000000000, 0.000000000000000000, -1.000000000000000000 ) ) ;
#1191 = CARTESIAN_POINT ( 'NONE',  ( -1.906899638956990106, 1.044771816791436825, -0.3872499699115674043 ) ) ;
#1192 = AXIS2_PLACEMENT_3D ( 'NONE', #3248, #1095, #857 ) ;
#1193 = ORIENTED_EDGE ( 'NONE', *, *, #1657, .F. ) ;
#1194 = FACE_OUTER_BOUND ( 'NONE', #1991, .T. ) ;
#1195 = TOROIDAL_SURFACE ( 'NONE', #302, 2.549722925525763628, 0.3999999999999996891 ) ;
#1196 = ORIENTED_EDGE ( 'NONE', *, *, #3725, .T. ) ;
#1197 = CARTESIAN_POINT ( 'NONE',  ( 0.04452001642301606915, 0.1999999999999384492, -2.443712478258861065 ) ) ;
#1198 = ORIENTED_EDGE ( 'NONE', *, *, #2066, .T. ) ;
#1199 = CARTESIAN_POINT ( 'NONE',  ( -0.8639422953557732709, 0.3329008589174656807, -2.338669389605051219 ) ) ;
#1200 = ADVANCED_FACE ( 'NONE', ( #1893 ), #1910, .T. ) ;
#1201 = DIRECTION ( 'NONE',  ( 0.000000000000000000, 0.000000000000000000, 1.000000000000000000 ) ) ;
#1202 = CARTESIAN_POINT ( 'NONE',  ( 0.000000000000000000, 0.2000000000000000111, 0.2276221842784289795 ) ) ;
#1203 = CARTESIAN_POINT ( 'NONE',  ( -1.671254826169898067, 0.7286594222082437566, -1.571511663164374406 ) ) ;
#1204 = ORIENTED_EDGE ( 'NONE', *, *, #1520, .F. ) ;
#1205 = ORIENTED_EDGE ( 'NONE', *, *, #1959, .F. ) ;
#1206 = EDGE_CURVE ( 'NONE', #1076, #1237, #2756, .T. ) ;
#1207 = CARTESIAN_POINT ( 'NONE',  ( 1.432836755002403038E-16, -0.01968503937007872254, -0.9423778157215709772 ) ) ;
#1208 = CYLINDRICAL_SURFACE ( 'NONE', #571, 1.918418249656636654 ) ;
#1209 = FACE_OUTER_BOUND ( 'NONE', #3007, .T. ) ;
#1210 = CARTESIAN_POINT ( 'NONE',  ( 1.077429349688662441, 0.1431676147002793609, -2.677488655680044349 ) ) ;
#1211 = CARTESIAN_POINT ( 'NONE',  ( 0.04420321376784030337, 1.090486604272990379, 0.2300000000000000100 ) ) ;
#1212 = ORIENTED_EDGE ( 'NONE', *, *, #520, .T. ) ;
#1213 = DIRECTION ( 'NONE',  ( -0.4629547600703696753, 0.08715574274764505136, 0.8820865981491231578 ) ) ;
#1214 = EDGE_LOOP ( 'NONE', ( #1176, #618, #1316, #2910 ) ) ;
#1215 = CARTESIAN_POINT ( 'NONE',  ( 0.8414256598475993165, 0.2679031949846373828, -2.227821193807741018 ) ) ;
#1216 = CARTESIAN_POINT ( 'NONE',  ( 1.768038891717814476, 0.7614582676841213926, -1.365872550794405171 ) ) ;
#1217 = ORIENTED_EDGE ( 'NONE', *, *, #119, .F. ) ;
#1218 = CARTESIAN_POINT ( 'NONE',  ( 0.9445030320691641945, 0.2054928032378929292, -2.293936972503012317 ) ) ;
#1219 = ADVANCED_FACE ( 'NONE', ( #81, #2260 ), #1594, .T. ) ;
#1220 = EDGE_CURVE ( 'NONE', #2141, #692, #123, .T. ) ;
#1221 = CARTESIAN_POINT ( 'NONE',  ( 1.228591469929516400, 0.2201941186805048412, -2.046042715625454367 ) ) ;
#1222 = CIRCLE ( 'NONE', #135, 2.300000000000000266 ) ;
#1223 = FACE_OUTER_BOUND ( 'NONE', #1982, .T. ) ;
#1224 = CARTESIAN_POINT ( 'NONE',  ( -0.06221498636436312984, 0.2000000000000000389, -2.543460590341007688 ) ) ;
#1225 = ORIENTED_EDGE ( 'NONE', *, *, #2727, .F. ) ;
#1226 = B_SPLINE_CURVE_WITH_KNOTS ( 'NONE', 3,
 ( #3100, #1188, #1558, #651, #2795, #1932, #1289, #1972, #1365, #464, #3220, #2265, #1066, #2892, #1913, #1615, #125, #2852 ),
 .UNSPECIFIED., .F., .F.,
 ( 4, 2, 2, 2, 2, 2, 2, 2, 4 ),
 ( 0.0006610851413549759595, 0.001266094394298371457, 0.001871103647241766739, 0.002476112900185162020, 0.003081122153128557518, 0.003686131406071953016, 0.004291140659015348080, 0.004896149911958743578, 0.005501159164902139076 ),
 .UNSPECIFIED. ) ;
#1227 = CARTESIAN_POINT ( 'NONE',  ( 0.05325324671185260872, 0.1984751910607074898, -2.542638585737565293 ) ) ;
#1228 = DIRECTION ( 'NONE',  ( 0.000000000000000000, 0.000000000000000000, -1.000000000000000000 ) ) ;
#1229 = CARTESIAN_POINT ( 'NONE',  ( -1.388616338287993468, 0.9499999999999994005, -1.950280713028708757 ) ) ;
#1230 = CARTESIAN_POINT ( 'NONE',  ( -1.974807496717371658, 1.400000000000000355, -1.343445242209933443 ) ) ;
#1231 = EDGE_CURVE ( 'NONE', #2360, #2078, #2839, .T. ) ;
#1232 = CARTESIAN_POINT ( 'NONE',  ( 0.07986635793859159227, 0.2648538446680157032, -2.541689947589846010 ) ) ;
#1233 = CARTESIAN_POINT ( 'NONE',  ( 1.277374385823839997, 0.3443487220536343707, -2.020585749380456431 ) ) ;
#1234 = ORIENTED_EDGE ( 'NONE', *, *, #2289, .F. ) ;
#1235 = DIRECTION ( 'NONE',  ( 0.000000000000000000, -1.000000000000000000, 0.000000000000000000 ) ) ;
#1236 = CARTESIAN_POINT ( 'NONE',  ( -1.866475425032442459, 0.4195718769868078679, -1.083907416143715885 ) ) ;
#1237 = VERTEX_POINT ( 'NONE', #3481 ) ;
#1238 = CARTESIAN_POINT ( 'NONE',  ( 0.9049490720335684468, 0.2362318405177507574, -2.191352204779575708 ) ) ;
#1239 = DIRECTION ( 'NONE',  ( -0.1909616875810603576, -0.9815974907650250048, -1.333478337246529357E-15 ) ) ;
#1240 = DIRECTION ( 'NONE',  ( -0.000000000000000000, 1.000000000000000000, -0.000000000000000000 ) ) ;
#1241 = CARTESIAN_POINT ( 'NONE',  ( -1.726240055336270673, 0.7441168772444700652, -1.467165356095921025 ) ) ;
#1242 = CARTESIAN_POINT ( 'NONE',  ( 1.893505591345894246, 1.229658389021752285, -0.3258089817691516843 ) ) ;
#1243 = ORIENTED_EDGE ( 'NONE', *, *, #2118, .F. ) ;
#1244 = ADVANCED_FACE ( 'NONE', ( #1676 ), #568, .T. ) ;
#1245 = DIRECTION ( 'NONE',  ( -0.000000000000000000, -1.000000000000000000, -0.000000000000000000 ) ) ;
#1246 = DIRECTION ( 'NONE',  ( 1.000000000000000000, 0.000000000000000000, 0.000000000000000000 ) ) ;
#1247 = CARTESIAN_POINT ( 'NONE',  ( 1.782633861463066127, 1.185374344566401561, 0.08000000000000022371 ) ) ;
#1248 = CARTESIAN_POINT ( 'NONE',  ( 0.000000000000000000, -0.2000000000000000111, 1.397622184278429103 ) ) ;
#1249 = CARTESIAN_POINT ( 'NONE',  ( -1.919735659692864749, 0.7812907286141985708, -0.6547194961872965235 ) ) ;
#1250 = CARTESIAN_POINT ( 'NONE',  ( 0.8350424588406510917, 0.3659581738671058293, -2.219415086032149098 ) ) ;
#1251 = ORIENTED_EDGE ( 'NONE', *, *, #3868, .F. ) ;
#1252 = CARTESIAN_POINT ( 'NONE',  ( 0.7846593438039334290, 1.775000000000000133, 1.536370498782275495 ) ) ;
#1253 = CARTESIAN_POINT ( 'NONE',  ( -2.069491319407450014, 1.525000000000000355, -0.9900804052757047335 ) ) ;
#1254 = VECTOR ( 'NONE', #720, 39.37007874015748143 ) ;
#1255 = AXIS2_PLACEMENT_3D ( 'NONE', #3184, #2572, #3508 ) ;
#1256 = ORIENTED_EDGE ( 'NONE', *, *, #1875, .T. ) ;
#1257 = CARTESIAN_POINT ( 'NONE',  ( -0.8331672887364106606, 0.2118199197597166739, -2.353800990315654929 ) ) ;
#1258 = CARTESIAN_POINT ( 'NONE',  ( 1.832769908541810100, 0.4438272825108251496, -1.186789785121498575 ) ) ;
#1259 = AXIS2_PLACEMENT_3D ( 'NONE', #2977, #2719, #3309 ) ;
#1260 = VECTOR ( 'NONE', #2689, 39.37007874015748143 ) ;
#1261 = DIRECTION ( 'NONE',  ( 0.000000000000000000, 0.000000000000000000, -1.000000000000000000 ) ) ;
#1262 = CC_DESIGN_PERSON_AND_ORGANIZATION_ASSIGNMENT ( #2032, #2384, ( #3156 ) ) ;
#1263 = CARTESIAN_POINT ( 'NONE',  ( 1.032940480925356841, 0.2947743003994173772, -2.679228118206101961 ) ) ;
#1264 = B_SPLINE_CURVE_WITH_KNOTS ( 'NONE', 3,
 ( #2135, #3072, #900, #2178 ),
 .UNSPECIFIED., .F., .F.,
 ( 4, 4 ),
 ( 0.0004308428205045522876, 0.002284426011034699621 ),
 .UNSPECIFIED. ) ;
#1265 = APPROVAL_STATUS ( 'not_yet_approved' ) ;
#1266 = EDGE_CURVE ( 'NONE', #3249, #1884, #1911, .T. ) ;
#1267 = CARTESIAN_POINT ( 'NONE',  ( -1.087376446494463300, 0.1473906838770802641, -2.652560604135283828 ) ) ;
#1268 = AXIS2_PLACEMENT_3D ( 'NONE', #3704, #903, #2139 ) ;
#1269 = CARTESIAN_POINT ( 'NONE',  ( 1.719250405952933436, 0.3634680988840703342, 0.08000000000000025147 ) ) ;
#1270 = CARTESIAN_POINT ( 'NONE',  ( 1.899236925100615592, 1.554169214633056573, -0.3645489006176836355 ) ) ;
#1271 = EDGE_CURVE ( 'NONE', #430, #3047, #3541, .T. ) ;
#1272 = ADVANCED_FACE ( 'NONE', ( #522 ), #3909, .F. ) ;
#1273 = CARTESIAN_POINT ( 'NONE',  ( -1.081024155639200179, 0.2228631905476190778, -2.685100897321356594 ) ) ;
#1274 = CARTESIAN_POINT ( 'NONE',  ( 1.797607698307194246, 1.373964698477175617, 0.04085936895079748943 ) ) ;
#1275 = CIRCLE ( 'NONE', #106, 1.918418249656636654 ) ;
#1276 = CARTESIAN_POINT ( 'NONE',  ( 1.782633861463065683, 0.3169419784283835639, 0.08000000000000022371 ) ) ;
#1277 = ORIENTED_EDGE ( 'NONE', *, *, #2797, .F. ) ;
#1278 = CARTESIAN_POINT ( 'NONE',  ( 0.04883311391364643372, 1.183757289988643269, 0.2300000000000000100 ) ) ;
#1279 = AXIS2_PLACEMENT_3D ( 'NONE', #3138, #650, #2223 ) ;
#1280 = LINE ( 'NONE', #54, #1931 ) ;
#1281 = ORIENTED_EDGE ( 'NONE', *, *, #1460, .T. ) ;
#1282 = LINE ( 'NONE', #619, #99 ) ;
#1283 = DIRECTION ( 'NONE',  ( -0.000000000000000000, 1.000000000000000000, -0.000000000000000000 ) ) ;
#1284 = EDGE_CURVE ( 'NONE', #3546, #2962, #2081, .T. ) ;
#1285 = DIRECTION ( 'NONE',  ( 0.04050329323151605210, -0.9961946980917466554, 0.07717257758618338570 ) ) ;
#1286 = CARTESIAN_POINT ( 'NONE',  ( 1.882903632470465327, 1.266232863509195505, -0.2649625712009454626 ) ) ;
#1287 = CARTESIAN_POINT ( 'NONE',  ( 0.8263047920680902658, 0.2000000000000000111, -2.308298898699815194 ) ) ;
#1288 = CARTESIAN_POINT ( 'NONE',  ( 1.782633861463065683, 0.3169419784283835639, 0.08000000000000022371 ) ) ;
#1289 = CARTESIAN_POINT ( 'NONE',  ( 0.8194384149431058750, 0.2568515762286751047, -2.358871640828270166 ) ) ;
#1290 = DIRECTION ( 'NONE',  ( 0.4629547600703817767, 0.08715574274764505136, 0.8820865981491168295 ) ) ;
#1291 = AXIS2_PLACEMENT_3D ( 'NONE', #3992, #247, #2352 ) ;
#1292 = CARTESIAN_POINT ( 'NONE',  ( 0.02406525836077834032, 0.6848016325508189395, 0.2300000000000000100 ) ) ;
#1293 = EDGE_CURVE ( 'NONE', #2363, #3174, #3890, .T. ) ;
#1294 = AXIS2_PLACEMENT_3D ( 'NONE', #3083, #27, #313 ) ;
#1295 = ORIENTED_EDGE ( 'NONE', *, *, #1092, .T. ) ;
#1296 = DIRECTION ( 'NONE',  ( -0.4629547600703696753, 0.08715574274764505136, 0.8820865981491231578 ) ) ;
#1297 = CARTESIAN_POINT ( 'NONE',  ( -1.744724192896826453, 0.3944936408508389891, -1.426365962999514903 ) ) ;
#1298 = ADVANCED_FACE ( 'NONE', ( #2912 ), #3939, .F. ) ;
#1299 = VERTEX_POINT ( 'NONE', #2969 ) ;
#1300 = CARTESIAN_POINT ( 'NONE',  ( 2.584933136962217493, 0.1999999999999999833, 0.2300000000000180789 ) ) ;
#1301 = DIRECTION ( 'NONE',  ( -0.000000000000000000, -1.000000000000000000, -0.000000000000000000 ) ) ;
#1302 = DIRECTION ( 'NONE',  ( 0.000000000000000000, 1.000000000000000000, 0.000000000000000000 ) ) ;
#1303 = ORIENTED_EDGE ( 'NONE', *, *, #1368, .T. ) ;
#1304 = VERTEX_POINT ( 'NONE', #539 ) ;
#1305 = VECTOR ( 'NONE', #2994, 39.37007874015748143 ) ;
#1306 = DIRECTION ( 'NONE',  ( -0.000000000000000000, 1.000000000000000000, -0.000000000000000000 ) ) ;
#1307 = ADVANCED_FACE ( 'NONE', ( #782 ), #2990, .F. ) ;
#1308 = CARTESIAN_POINT ( 'NONE',  ( -1.893120357658202080, 0.7029812796325692892, -1.432345698711311455 ) ) ;
#1309 = CARTESIAN_POINT ( 'NONE',  ( -0.01189000730097801266, 0.1455382742698650700, -2.924982278047665307 ) ) ;
#1310 = CARTESIAN_POINT ( 'NONE',  ( 1.909159335314517314, 1.091411827128326184, -0.4531643571283713312 ) ) ;
#1311 = CARTESIAN_POINT ( 'NONE',  ( 0.2271035823677408638, 0.2697727965488914137, -2.345059601529027482 ) ) ;
#1312 = ORIENTED_EDGE ( 'NONE', *, *, #72, .F. ) ;
#1313 = CARTESIAN_POINT ( 'NONE',  ( -0.8417802023396095956, 0.2679031949846373828, -2.229259629242161811 ) ) ;
#1314 = DIRECTION ( 'NONE',  ( -0.8660254037844431485, 0.000000000000000000, -0.4999999999999918954 ) ) ;
#1315 = EDGE_CURVE ( 'NONE', #561, #3167, #565, .T. ) ;
#1316 = ORIENTED_EDGE ( 'NONE', *, *, #2896, .F. ) ;
#1317 = DIRECTION ( 'NONE',  ( -1.000000000000000000, 0.000000000000000000, -6.982962677686265922E-15 ) ) ;
#1318 = B_SPLINE_CURVE_WITH_KNOTS ( 'NONE', 3,
 ( #3070, #3376, #1531, #1587 ),
 .UNSPECIFIED., .F., .F.,
 ( 4, 4 ),
 ( 8.364533684608039852E-18, 0.0003037479039542746511 ),
 .UNSPECIFIED. ) ;
#1319 = TOROIDAL_SURFACE ( 'NONE', #3402, 1.800013993365072729, 0.1000000000000008521 ) ;
#1320 = DIRECTION ( 'NONE',  ( 0.000000000000000000, 1.000000000000000000, 0.000000000000000000 ) ) ;
#1321 = APPROVAL_PERSON_ORGANIZATION ( #1926, #2950, #3135 ) ;
#1322 = DIRECTION ( 'NONE',  ( -0.000000000000000000, 1.000000000000000000, -0.000000000000000000 ) ) ;
#1323 = ORIENTED_EDGE ( 'NONE', *, *, #1861, .T. ) ;
#1324 = VERTEX_POINT ( 'NONE', #2625 ) ;
#1325 = CIRCLE ( 'NONE', #2174, 2.098715398087330986 ) ;
#1326 = AXIS2_PLACEMENT_3D ( 'NONE', #3365, #589, #1858 ) ;
#1327 = CARTESIAN_POINT ( 'NONE',  ( -0.001547626114825226664, 0.3054097765882181625, -2.925000000000001599 ) ) ;
#1328 = CARTESIAN_POINT ( 'NONE',  ( -0.8190973642621302009, 0.7029812796325694002, -2.655469622313562095 ) ) ;
#1329 = CARTESIAN_POINT ( 'NONE',  ( -1.914112991461637492, 1.015699670644754304, -0.7781493271655178789 ) ) ;
#1330 = CARTESIAN_POINT ( 'NONE',  ( -1.699597414533512207, 0.5273631828162803625, 0.08000000000000023759 ) ) ;
#1331 = ADVANCED_FACE ( 'NONE', ( #3257 ), #2948, .T. ) ;
#1332 = CARTESIAN_POINT ( 'NONE',  ( -1.388616338287992802, 0.3494512181925119032, -1.950280713028708757 ) ) ;
#1333 = ORIENTED_EDGE ( 'NONE', *, *, #3338, .F. ) ;
#1334 = CARTESIAN_POINT ( 'NONE',  ( -1.015266954475553263, 0.2782308891699137310, -2.689554854854495858 ) ) ;
#1335 = AXIS2_PLACEMENT_3D ( 'NONE', #1869, #600, #3094 ) ;
#1336 = VERTEX_POINT ( 'NONE', #2667 ) ;
#1337 = DIRECTION ( 'NONE',  ( 0.000000000000000000, 0.000000000000000000, 1.000000000000000000 ) ) ;
#1338 = EDGE_LOOP ( 'NONE', ( #3990, #2522, #505, #794 ) ) ;
#1339 = APPROVAL_PERSON_ORGANIZATION ( #2827, #2485, #3884 ) ;
#1340 = CARTESIAN_POINT ( 'NONE',  ( 1.651847208463108396, 1.549786107641340838, -1.951612597593999743 ) ) ;
#1341 = B_SPLINE_CURVE_WITH_KNOTS ( 'NONE', 3,
 ( #355, #3418, #659, #3739, #3128, #2768, #3761, #57, #2523, #3091, #2217, #3457, #1806, #3052, #35, #1546, #1218, #4003 ),
 .UNSPECIFIED., .F., .F.,
 ( 4, 2, 2, 2, 2, 2, 2, 2, 4 ),
 ( 0.005501159164902139076, 0.006106195239120347680, 0.006711231313338556284, 0.007316267387556765756, 0.007921303461774971758, 0.008526339535993177760, 0.009131375610211385496, 0.009736411684429593233, 0.01034144775864779923 ),
 .UNSPECIFIED. ) ;
#1342 = EDGE_CURVE ( 'NONE', #1925, #3498, #1120, .T. ) ;
#1343 = DIRECTION ( 'NONE',  ( -0.000000000000000000, -0.000000000000000000, 1.000000000000000000 ) ) ;
#1344 = EDGE_LOOP ( 'NONE', ( #3678, #1554, #3867, #1396, #2973, #3979 ) ) ;
#1345 = ORIENTED_EDGE ( 'NONE', *, *, #2489, .T. ) ;
#1346 = CARTESIAN_POINT ( 'NONE',  ( -0.001547626114818544075, 1.400000000000000355, 1.475000000000000755 ) ) ;
#1347 = CARTESIAN_POINT ( 'NONE',  ( -0.7743524961450976019, 0.7614582676841213926, -2.497844945029403352 ) ) ;
#1348 = CARTESIAN_POINT ( 'NONE',  ( -0.05354747787344595056, 0.1652838847331013772, -2.924414923944261613 ) ) ;
#1349 = CARTESIAN_POINT ( 'NONE',  ( -1.676553878036919576, 0.5810404385532182969, 0.08000000000000022371 ) ) ;
#1350 = DIRECTION ( 'NONE',  ( 0.000000000000000000, 1.000000000000000000, 0.000000000000000000 ) ) ;
#1351 = VECTOR ( 'NONE', #1355, 39.37007874015748143 ) ;
#1352 = ORIENTED_EDGE ( 'NONE', *, *, #2066, .F. ) ;
#1353 = EDGE_CURVE ( 'NONE', #1044, #1728, #1022, .T. ) ;
#1354 = CARTESIAN_POINT ( 'NONE',  ( 1.380714260419334094, 0.6811476702523848736, -1.955293447946984342 ) ) ;
#1355 = DIRECTION ( 'NONE',  ( 0.8854560256532157947, -0.000000000000000000, 0.4647231720437573488 ) ) ;
#1356 = EDGE_LOOP ( 'NONE', ( #2330, #940, #3617 ) ) ;
#1357 = LINE ( 'NONE', #674, #3464 ) ;
#1358 = ORIENTED_EDGE ( 'NONE', *, *, #1121, .F. ) ;
#1359 = LINE ( 'NONE', #3211, #3692 ) ;
#1360 = DIRECTION ( 'NONE',  ( 0.9987702375714583303, -0.04957834750627353182, 0.000000000000000000 ) ) ;
#1361 = EDGE_LOOP ( 'NONE', ( #557, #2121, #2504, #1653 ) ) ;
#1362 = ORIENTED_EDGE ( 'NONE', *, *, #2622, .F. ) ;
#1363 = CARTESIAN_POINT ( 'NONE',  ( -1.139243353941118642, 0.2146752802472147725, -2.623911811728012911 ) ) ;
#1364 = PLANE ( 'NONE',  #2513 ) ;
#1365 = CARTESIAN_POINT ( 'NONE',  ( 0.8221757494801775756, 0.2806393914863435368, -2.357575194798390505 ) ) ;
#1366 = CIRCLE ( 'NONE', #1887, 1.918418249656636654 ) ;
#1367 = CARTESIAN_POINT ( 'NONE',  ( 1.817105721832498411, 1.400000000000000355, -1.675000000000008260 ) ) ;
#1368 = EDGE_CURVE ( 'NONE', #2623, #68, #3223, .T. ) ;
#1369 = ORIENTED_EDGE ( 'NONE', *, *, #1641, .T. ) ;
#1370 = DIRECTION ( 'NONE',  ( -0.000000000000000000, 1.000000000000000000, -0.000000000000000000 ) ) ;
#1371 = CARTESIAN_POINT ( 'NONE',  ( -1.012216645397649106, 0.1763235991971910110, -2.691048521663806703 ) ) ;
#1372 = CARTESIAN_POINT ( 'NONE',  ( 1.916822606906309678, 1.328071334193586361, -0.5882678343646156049 ) ) ;
#1373 = EDGE_LOOP ( 'NONE', ( #1824, #3907, #1985, #3003, #3381, #1962, #2865, #2860, #74 ) ) ;
#1374 = EDGE_CURVE ( 'NONE', #2057, #584, #2593, .T. ) ;
#1375 = CARTESIAN_POINT ( 'NONE',  ( -0.6168998837144396008, 0.000000000000000000, -0.7339493432169971188 ) ) ;
#1376 = ORIENTED_EDGE ( 'NONE', *, *, #855, .F. ) ;
#1377 = CARTESIAN_POINT ( 'NONE',  ( 0.06369002340412442675, 0.1763235991971909555, -2.924076425326605388 ) ) ;
#1378 = DIRECTION ( 'NONE',  ( 0.000000000000000000, 0.000000000000000000, 1.000000000000000000 ) ) ;
#1379 = ORIENTED_EDGE ( 'NONE', *, *, #1037, .F. ) ;
#1380 = ORIENTED_EDGE ( 'NONE', *, *, #3322, .T. ) ;
#1381 = CARTESIAN_POINT ( 'NONE',  ( -1.138814307109732082, 0.2356735076367295068, -2.624156203184864200 ) ) ;
#1382 = CIRCLE ( 'NONE', #676, 2.112019221841687333 ) ;
#1383 = TOROIDAL_SURFACE ( 'NONE', #3205, 1.648201067044650525, 0.4761393935349992890 ) ;
#1384 = CARTESIAN_POINT ( 'NONE',  ( -0.9057911471240930323, 0.3376139288568487107, -2.316960588796774800 ) ) ;
#1385 = EDGE_CURVE ( 'NONE', #2967, #2258, #1482, .T. ) ;
#1386 = CARTESIAN_POINT ( 'NONE',  ( 0.9991338123754026634, 0.2041296046529834096, -2.695906207104502794 ) ) ;
#1387 = DIRECTION ( 'NONE',  ( 0.6427876096865351441, 0.000000000000000000, -0.7660444431189815662 ) ) ;
#1388 = ORIENTED_EDGE ( 'NONE', *, *, #3743, .T. ) ;
#1389 = DIRECTION ( 'NONE',  ( 0.000000000000000000, 1.000000000000000000, 0.000000000000000000 ) ) ;
#1390 = EDGE_CURVE ( 'NONE', #2660, #3318, #2255, .T. ) ;
#1391 = AXIS2_PLACEMENT_3D ( 'NONE', #2991, #1406, #221 ) ;
#1392 = EDGE_CURVE ( 'NONE', #2279, #3, #1172, .T. ) ;
#1393 = CARTESIAN_POINT ( 'NONE',  ( -1.007014554003231588, 0.2653752565088242643, -2.693585189029445548 ) ) ;
#1394 = CARTESIAN_POINT ( 'NONE',  ( -1.817896775290023914, 0.4857673478572496761, -0.005883143792693403505 ) ) ;
#1395 = CARTESIAN_POINT ( 'NONE',  ( 1.574680782069089124, 1.525000000000000355, -2.012587213816336984 ) ) ;
#1396 = ORIENTED_EDGE ( 'NONE', *, *, #3604, .F. ) ;
#1397 = CARTESIAN_POINT ( 'NONE',  ( -1.676220593878608112, 0.5877545449064610628, 0.08000000000000018208 ) ) ;
#1398 = ORIENTED_EDGE ( 'NONE', *, *, #682, .F. ) ;
#1399 = CARTESIAN_POINT ( 'NONE',  ( 0.04893830876883794451, 0.1614219311479049568, -2.924449974724818713 ) ) ;
#1400 = APPROVAL_STATUS ( 'not_yet_approved' ) ;
#1401 = APPROVAL_PERSON_ORGANIZATION ( #1178, #672, #2341 ) ;
#1402 = CARTESIAN_POINT ( 'NONE',  ( 1.115277468339946232, 0.1647554046939837813, -2.635650461982365300 ) ) ;
#1403 = VERTEX_POINT ( 'NONE', #2357 ) ;
#1404 = ORIENTED_EDGE ( 'NONE', *, *, #882, .T. ) ;
#1405 = CARTESIAN_POINT ( 'NONE',  ( -1.137050927253207666, 0.2459550109496907166, -2.625158314118543057 ) ) ;
#1406 = DIRECTION ( 'NONE',  ( -0.000000000000000000, -1.000000000000000000, 0.000000000000000000 ) ) ;
#1407 = CARTESIAN_POINT ( 'NONE',  ( 0.9995110004642036028, 0.2459550109496907166, -2.695720322637856547 ) ) ;
#1408 = ORIENTED_EDGE ( 'NONE', *, *, #3154, .T. ) ;
#1409 = CARTESIAN_POINT ( 'NONE',  ( -1.917977511740319940, 0.8557571441140481294, -0.5362141480731760224 ) ) ;
#1410 = CARTESIAN_POINT ( 'NONE',  ( 1.443689190546836976, 0.2128953141163942853, -1.889858377318966554 ) ) ;
#1411 = DIRECTION ( 'NONE',  ( 6.982962677686266711E-15, 0.000000000000000000, -1.000000000000000000 ) ) ;
#1412 = EDGE_LOOP ( 'NONE', ( #1052, #3667 ) ) ;
#1413 = ADVANCED_FACE ( 'NONE', ( #3311 ), #3958, .F. ) ;
#1414 = AXIS2_PLACEMENT_3D ( 'NONE', #2654, #1820, #3898 ) ;
#1415 = CARTESIAN_POINT ( 'NONE',  ( 0.9009511790980925250, 0.2271773793696608423, -2.192844279949390796 ) ) ;
#1416 = ORIENTED_EDGE ( 'NONE', *, *, #3179, .F. ) ;
#1417 = DIRECTION ( 'NONE',  ( -0.000000000000000000, 1.000000000000000000, -0.000000000000000000 ) ) ;
#1418 = EDGE_LOOP ( 'NONE', ( #3480, #262, #1119 ) ) ;
#1419 = CARTESIAN_POINT ( 'NONE',  ( 1.655154633426387578, 1.582773434347373831, -1.989377214439625119 ) ) ;
#1420 = AXIS2_PLACEMENT_3D ( 'NONE', #961, #2215, #14 ) ;
#1421 = DATE_AND_TIME ( #1768, #3616 ) ;
#1422 = B_SPLINE_CURVE_WITH_KNOTS ( 'NONE', 3,
 ( #706, #1974, #1935, #146 ),
 .UNSPECIFIED., .F., .F.,
 ( 4, 4 ),
 ( 0.0005139919292078326324, 0.002203648063395448504 ),
 .UNSPECIFIED. ) ;
#1423 = EDGE_CURVE ( 'NONE', #1670, #2080, #3231, .T. ) ;
#1424 = CYLINDRICAL_SURFACE ( 'NONE', #872, 1.570415290101632610 ) ;
#1425 = AXIS2_PLACEMENT_3D ( 'NONE', #1093, #1762, #211 ) ;
#1426 = VERTEX_POINT ( 'NONE', #2656 ) ;
#1427 = ORIENTED_EDGE ( 'NONE', *, *, #2079, .F. ) ;
#1428 = DIRECTION ( 'NONE',  ( 0.000000000000000000, 0.000000000000000000, 1.000000000000000000 ) ) ;
#1429 = CARTESIAN_POINT ( 'NONE',  ( 1.916848167758089083, 0.7380512614958926187, -0.6157178307290599450 ) ) ;
#1430 = CARTESIAN_POINT ( 'NONE',  ( 0.3673998803802456803, 1.587510983428329636, 1.493101133496461674 ) ) ;
#1431 = VERTEX_POINT ( 'NONE', #1395 ) ;
#1432 = CARTESIAN_POINT ( 'NONE',  ( -1.676319001841811263, 1.546408308300888601, 0.08000000000000022371 ) ) ;
#1433 = EDGE_CURVE ( 'NONE', #2723, #1563, #3900, .T. ) ;
#1434 = CYLINDRICAL_SURFACE ( 'NONE', #375, 0.07999999999999997391 ) ;
#1435 = FACE_OUTER_BOUND ( 'NONE', #1815, .T. ) ;
#1436 = CARTESIAN_POINT ( 'NONE',  ( -1.785729113692703152, -6.505382386916236825, 0.08000000000000023759 ) ) ;
#1437 = B_SPLINE_CURVE_WITH_KNOTS ( 'NONE', 3,
 ( #1429, #2040, #3891, #2668 ),
 .UNSPECIFIED., .F., .F.,
 ( 4, 4 ),
 ( 0.0002059630370186694677, 0.01008693080922713585 ),
 .UNSPECIFIED. ) ;
#1438 = CARTESIAN_POINT ( 'NONE',  ( -1.911012279627445576, 0.9825830745650996345, -0.8101305420569492322 ) ) ;
#1439 = EDGE_LOOP ( 'NONE', ( #2343, #2227, #2050, #3849, #3339 ) ) ;
#1440 = CARTESIAN_POINT ( 'NONE',  ( -1.676261495760456022, 0.5869305645943886374, 0.08000000000000022371 ) ) ;
#1441 = ORIENTED_EDGE ( 'NONE', *, *, #556, .T. ) ;
#1442 = EDGE_CURVE ( 'NONE', #584, #1336, #1144, .T. ) ;
#1443 = CARTESIAN_POINT ( 'NONE',  ( -1.957148019671685280, 1.525000000000000355, -1.390222831614186250 ) ) ;
#1444 = CARTESIAN_POINT ( 'NONE',  ( 1.121712800506638352, 0.1721839071267764198, -2.632062426996223170 ) ) ;
#1445 = ORIENTED_EDGE ( 'NONE', *, *, #429, .T. ) ;
#1446 = ADVANCED_FACE ( 'NONE', ( #492 ), #248, .T. ) ;
#1447 = ORIENTED_EDGE ( 'NONE', *, *, #2898, .F. ) ;
#1448 = CARTESIAN_POINT ( 'NONE',  ( 1.506810121911361211, 0.3478259547834614551, -1.814116880584240254 ) ) ;
#1449 = CARTESIAN_POINT ( 'NONE',  ( -0.001547626114818533884, 1.400000000000000355, -0.6249999999999994449 ) ) ;
#1450 = CARTESIAN_POINT ( 'NONE',  ( 1.068685782480680801, 0.1448136763892438617, -2.660829180242305192 ) ) ;
#1451 = VERTEX_POINT ( 'NONE', #2721 ) ;
#1452 = AXIS2_PLACEMENT_3D ( 'NONE', #1749, #2664, #2987 ) ;
#1453 = DIRECTION ( 'NONE',  ( 0.000000000000000000, -1.000000000000000000, 0.000000000000000000 ) ) ;
#1454 = AXIS2_PLACEMENT_3D ( 'NONE', #30, #1601, #3067 ) ;
#1455 = CARTESIAN_POINT ( 'NONE',  ( -0.001547626114818262399, 0.000000000000000000, -2.924999999999999378 ) ) ;
#1456 = CARTESIAN_POINT ( 'NONE',  ( 0.8414256598475993165, 0.2679031949846373828, -2.227821193807741018 ) ) ;
#1457 = CARTESIAN_POINT ( 'NONE',  ( -1.917885404312138276, 1.412433938241296483, -0.5348222255229299060 ) ) ;
#1458 = EDGE_CURVE ( 'NONE', #2273, #3155, #2979, .T. ) ;
#1459 = DIRECTION ( 'NONE',  ( 0.9987702375714583303, -0.04957834750627353876, 0.000000000000000000 ) ) ;
#1460 = EDGE_CURVE ( 'NONE', #3663, #3899, #1275, .T. ) ;
#1461 = AXIS2_PLACEMENT_3D ( 'NONE', #2353, #2674, #269 ) ;
#1462 = ORIENTED_EDGE ( 'NONE', *, *, #308, .F. ) ;
#1463 = CARTESIAN_POINT ( 'NONE',  ( -0.01783994612599303781, 0.3372254454158531423, -2.543364888283698111 ) ) ;
#1464 = ORIENTED_EDGE ( 'NONE', *, *, #382, .F. ) ;
#1465 = CARTESIAN_POINT ( 'NONE',  ( 0.03846122808355605105, 0.1992978040710116083, -2.414683270394164971 ) ) ;
#1466 = APPLICATION_CONTEXT ( 'configuration controlled 3d designs of mechanical parts and assemblies' ) ;
#1467 = VECTOR ( 'NONE', #3198, 39.37007874015748854 ) ;
#1468 = FACE_OUTER_BOUND ( 'NONE', #2250, .T. ) ;
#1469 = ORIENTED_EDGE ( 'NONE', *, *, #308, .T. ) ;
#1470 = CARTESIAN_POINT ( 'NONE',  ( -1.907396386003989752, 0.6951969060044228543, -0.8465799702582189612 ) ) ;
#1471 = ADVANCED_FACE ( 'NONE', ( #511 ), #1811, .F. ) ;
#1472 = CARTESIAN_POINT ( 'NONE',  ( -0.05018418332611766786, 0.2000000000000000389, -2.445300514043152074 ) ) ;
#1473 = VECTOR ( 'NONE', #3328, 39.37007874015748143 ) ;
#1474 = VECTOR ( 'NONE', #1697, 39.37007874015748143 ) ;
#1475 = DIRECTION ( 'NONE',  ( 0.000000000000000000, -1.000000000000000000, 0.000000000000000000 ) ) ;
#1476 = EDGE_LOOP ( 'NONE', ( #3195, #2762, #614, #1731 ) ) ;
#1477 = EDGE_CURVE ( 'NONE', #2279, #2962, #1619, .T. ) ;
#1478 = CARTESIAN_POINT ( 'NONE',  ( 1.911398229867098841, 0.5911155710308954037, -0.7697989388678229128 ) ) ;
#1479 = CARTESIAN_POINT ( 'NONE',  ( -0.03604376072392124347, 0.1978219588902471460, -2.417554014405062013 ) ) ;
#1480 = CARTESIAN_POINT ( 'NONE',  ( -0.8417802023396095956, 0.2679031949846373828, -2.229259629242161811 ) ) ;
#1481 = CARTESIAN_POINT ( 'NONE',  ( 1.348593125924184122, 1.525000000000000355, -2.233351569349375509 ) ) ;
#1482 = LINE ( 'NONE', #1112, #2386 ) ;
#1483 = VERTEX_POINT ( 'NONE', #3571 ) ;
#1484 = FACE_BOUND ( 'NONE', #339, .T. ) ;
#1485 = ORIENTED_EDGE ( 'NONE', *, *, #4004, .F. ) ;
#1486 = DIRECTION ( 'NONE',  ( -0.000000000000000000, -1.000000000000000000, -0.000000000000000000 ) ) ;
#1487 = VECTOR ( 'NONE', #811, 39.37007874015748854 ) ;
#1488 = CARTESIAN_POINT ( 'NONE',  ( 1.129694293945488370, 0.2653752565088242088, -2.627573380839670403 ) ) ;
#1489 = ORIENTED_EDGE ( 'NONE', *, *, #194, .F. ) ;
#1490 = AXIS2_PLACEMENT_3D ( 'NONE', #718, #2843, #2235 ) ;
#1491 = CARTESIAN_POINT ( 'NONE',  ( 0.000000000000000000, 1.569215992375967206, 0.2300000000000000100 ) ) ;
#1492 = CARTESIAN_POINT ( 'NONE',  ( -0.05011481204347909002, 0.1999999999998064715, -2.488780355274493594 ) ) ;
#1493 = VERTEX_POINT ( 'NONE', #1725 ) ;
#1494 = VERTEX_POINT ( 'NONE', #1438 ) ;
#1495 = DIRECTION ( 'NONE',  ( 0.000000000000000000, 1.000000000000000000, 0.000000000000000000 ) ) ;
#1496 = DIRECTION ( 'NONE',  ( 0.4629547600703817767, 0.08715574274764505136, 0.8820865981491168295 ) ) ;
#1497 = DIRECTION ( 'NONE',  ( 0.000000000000000000, 0.000000000000000000, 1.000000000000000000 ) ) ;
#1498 = CARTESIAN_POINT ( 'NONE',  ( -1.842198700452967408, 1.654981065261005524, -0.08204850827826808135 ) ) ;
#1499 = DIRECTION ( 'NONE',  ( 0.000000000000000000, 1.000000000000000000, 0.000000000000000000 ) ) ;
#1500 = EDGE_CURVE ( 'NONE', #1403, #1693, #1131, .T. ) ;
#1501 = VERTEX_POINT ( 'NONE', #2378 ) ;
#1502 = LINE ( 'NONE', #2743, #2430 ) ;
#1503 = ORIENTED_EDGE ( 'NONE', *, *, #2714, .T. ) ;
#1504 = CARTESIAN_POINT ( 'NONE',  ( 0.03490033948905933714, 0.1979606170601223847, -2.409478931590070427 ) ) ;
#1505 = AXIS2_PLACEMENT_3D ( 'NONE', #2533, #3770, #2226 ) ;
#1506 = ORIENTED_EDGE ( 'NONE', *, *, #2539, .F. ) ;
#1507 = CARTESIAN_POINT ( 'NONE',  ( 0.9999999999999995559, 0.1999999999999999278, 0.2300000000000069766 ) ) ;
#1508 = PLANE ( 'NONE',  #972 ) ;
#1509 = CARTESIAN_POINT ( 'NONE',  ( -0.001547626114818309020, -6.505382386916236825, -2.543418249656636210 ) ) ;
#1510 = B_SPLINE_CURVE_WITH_KNOTS ( 'NONE', 3,
 ( #1771, #3010, #238, #1470, #2710, #3949, #1163, #2407, #3377, #1532 ),
 .UNSPECIFIED., .F., .F.,
 ( 4, 2, 2, 2, 4 ),
 ( 0.0004654268105442045753, 0.003077720163389796419, 0.005690013516235388480, 0.008302306869080981408, 0.01091460022192657260 ),
 .UNSPECIFIED. ) ;
#1511 = EDGE_LOOP ( 'NONE', ( #2425, #2101, #3532, #2519, #2921, #2888, #1652, #1251 ) ) ;
#1512 = ORIENTED_EDGE ( 'NONE', *, *, #3916, .F. ) ;
#1513 = DIRECTION ( 'NONE',  ( 0.8660254037844367092, 0.000000000000000000, -0.5000000000000033307 ) ) ;
#1514 = LINE ( 'NONE', #2124, #2206 ) ;
#1515 = CARTESIAN_POINT ( 'NONE',  ( -1.841784977824895364, 0.8016481141656276455, -1.169387431988990977 ) ) ;
#1516 = VECTOR ( 'NONE', #452, 39.37007874015748143 ) ;
#1517 = CARTESIAN_POINT ( 'NONE',  ( 0.000000000000000000, 1.325173739997801636, 0.2300000000000000100 ) ) ;
#1518 = CARTESIAN_POINT ( 'NONE',  ( 0.06895249919438502240, 0.3001696227514660809, -2.542128797111069982 ) ) ;
#1519 = EDGE_CURVE ( 'NONE', #2080, #605, #3698, .T. ) ;
#1520 = EDGE_CURVE ( 'NONE', #1712, #2837, #2497, .T. ) ;
#1521 = VERTEX_POINT ( 'NONE', #954 ) ;
#1522 = CARTESIAN_POINT ( 'NONE',  ( 0.2392818485122325256, 0.3949978245780167985, -2.346691533627828008 ) ) ;
#1523 = VECTOR ( 'NONE', #2153, 39.37007874015748143 ) ;
#1524 = ORIENTED_EDGE ( 'NONE', *, *, #1810, .F. ) ;
#1525 = DIRECTION ( 'NONE',  ( -0.2136582896993998726, -0.7808688094430308313, -0.5870213264283937749 ) ) ;
#1526 = DIRECTION ( 'NONE',  ( -0.000000000000000000, 1.000000000000000000, -0.000000000000000000 ) ) ;
#1527 = VECTOR ( 'NONE', #929, 39.37007874015748143 ) ;
#1528 = B_SPLINE_CURVE_WITH_KNOTS ( 'NONE', 3,
 ( #2463, #671, #3697, #920, #3089, #3415, #2154, #1297, #2537, #319, #1902, #2782, #1236, #640, #2482, #3146, #1865, #2501, #338, #1091, #1723, #2635, #3206, #1394, #2249, #3877 ),
 .UNSPECIFIED., .F., .F.,
 ( 4, 2, 2, 2, 2, 2, 2, 2, 2, 2, 2, 2, 4 ),
 ( 0.01754601073051895860, 0.02444395990518737072, 0.03134190907985578978, 0.03306639637352289801, 0.03479088366719000625, 0.03823985825452422271, 0.04513780742919267647, 0.04858678201652689987, 0.05203575660386112328, 0.05893370577852956316, 0.06583165495319800997, 0.06928062954053222644, 0.07272960412786644291 ),
 .UNSPECIFIED. ) ;
#1529 = CIRCLE ( 'NONE', #3730, 1.169999999999999707 ) ;
#1530 = EDGE_LOOP ( 'NONE', ( #1256, #2582, #397, #483 ) ) ;
#1531 = CARTESIAN_POINT ( 'NONE',  ( -0.04104094230608115040, 0.2000000000000100031, -2.411610810115438319 ) ) ;
#1532 = CARTESIAN_POINT ( 'NONE',  ( -1.858108031898185741, 0.6270402200321850694, -1.108230835412151505 ) ) ;
#1533 = DIRECTION ( 'NONE',  ( -0.6427876096865351441, 0.000000000000000000, 0.7660444431189815662 ) ) ;
#1534 = CARTESIAN_POINT ( 'NONE',  ( 1.432836755002403038E-16, -0.2000000000000000111, -0.9423778157215709772 ) ) ;
#1535 = ORIENTED_EDGE ( 'NONE', *, *, #581, .T. ) ;
#1536 = DIRECTION ( 'NONE',  ( -0.8660254037844362651, 0.000000000000000000, 0.5000000000000041078 ) ) ;
#1537 = CARTESIAN_POINT ( 'NONE',  ( 1.777028723507498187, 0.3183167719944762775, 0.08000000000000023759 ) ) ;
#1538 = CARTESIAN_POINT ( 'NONE',  ( -1.855173104625857938, 0.8151475309290570070, -1.121763548673811561 ) ) ;
#1539 = CARTESIAN_POINT ( 'NONE',  ( -0.002660124004940618049, 1.775000000000000133, -0.6256423009563343296 ) ) ;
#1540 = CARTESIAN_POINT ( 'NONE',  ( 0.07944760142929251090, 0.2689397736445737208, -2.541707827392999164 ) ) ;
#1541 = DIRECTION ( 'NONE',  ( -1.000000000000000000, 0.000000000000000000, -6.948867453084431262E-15 ) ) ;
#1542 = ORIENTED_EDGE ( 'NONE', *, *, #497, .T. ) ;
#1543 = DIRECTION ( 'NONE',  ( 0.000000000000000000, 1.000000000000000000, -0.000000000000000000 ) ) ;
#1544 = CARTESIAN_POINT ( 'NONE',  ( -1.069040324972697409, 0.3054248503961792816, -2.662267615676722876 ) ) ;
#1545 = EDGE_LOOP ( 'NONE', ( #1464, #2240, #1281, #1388, #2402 ) ) ;
#1546 = CARTESIAN_POINT ( 'NONE',  ( 0.9488138832321387772, 0.2118199197597183114, -2.291480461609741504 ) ) ;
#1547 = EDGE_CURVE ( 'NONE', #2640, #3944, #2849, .T. ) ;
#1548 = EDGE_CURVE ( 'NONE', #3567, #935, #205, .T. ) ;
#1549 = DIRECTION ( 'NONE',  ( 0.000000000000000000, 1.000000000000000000, 0.000000000000000000 ) ) ;
#1550 = VECTOR ( 'NONE', #3348, 39.37007874015748143 ) ;
#1551 = CARTESIAN_POINT ( 'NONE',  ( 1.782633861463065683, 0.3169419784283835639, 0.08000000000000022371 ) ) ;
#1552 = FACE_OUTER_BOUND ( 'NONE', #3255, .T. ) ;
#1553 = DATE_TIME_ROLE ( 'creation_date' ) ;
#1554 = ORIENTED_EDGE ( 'NONE', *, *, #1766, .T. ) ;
#1555 = CIRCLE ( 'NONE', #2134, 2.300000000000000266 ) ;
#1556 = CARTESIAN_POINT ( 'NONE',  ( -0.7197899270987236919, 1.400000000000000355, 1.348354503650408542 ) ) ;
#1557 = CARTESIAN_POINT ( 'NONE',  ( -0.9492095822437766062, 0.2117934143956356763, -2.293017097142313165 ) ) ;
#1558 = CARTESIAN_POINT ( 'NONE',  ( 0.8328701837729085566, 0.2117934143956372306, -2.352452210046751091 ) ) ;
#1559 = LINE ( 'NONE', #2796, #2372 ) ;
#1560 = CARTESIAN_POINT ( 'NONE',  ( 0.07101213097625776183, 0.2207411882355662658, -2.542050964299473748 ) ) ;
#1561 = EDGE_CURVE ( 'NONE', #1166, #2389, #9, .T. ) ;
#1562 = LINE ( 'NONE', #3675, #300 ) ;
#1563 = VERTEX_POINT ( 'NONE', #3995 ) ;
#1564 = DIRECTION ( 'NONE',  ( -0.8660254037844362651, 0.000000000000000000, 0.5000000000000039968 ) ) ;
#1565 = CARTESIAN_POINT ( 'NONE',  ( 1.153329311814807134, 0.1999999999999999278, 0.2300000000000080591 ) ) ;
#1566 = ORIENTED_EDGE ( 'NONE', *, *, #291, .F. ) ;
#1567 = LINE ( 'NONE', #733, #37 ) ;
#1568 = EDGE_CURVE ( 'NONE', #1668, #1563, #268, .T. ) ;
#1569 = DIRECTION ( 'NONE',  ( 0.000000000000000000, 1.000000000000000000, 0.000000000000000000 ) ) ;
#1570 = ADVANCED_FACE ( 'NONE', ( #1879 ), #3893, .F. ) ;
#1571 = EDGE_CURVE ( 'NONE', #2640, #3894, #2527, .T. ) ;
#1572 = CARTESIAN_POINT ( 'NONE',  ( -1.069040324972696965, 0.1448136763892438617, -2.662267615676723320 ) ) ;
#1573 = CARTESIAN_POINT ( 'NONE',  ( 1.045774898934274333, 0.3013241308921796868, -2.672715581711570643 ) ) ;
#1574 = DIRECTION ( 'NONE',  ( 0.000000000000000000, 0.000000000000000000, 1.000000000000000000 ) ) ;
#1575 = CARTESIAN_POINT ( 'NONE',  ( 0.006623499797288196107, 0.1884276688058103832, -2.426489264862230932 ) ) ;
#1576 = CARTESIAN_POINT ( 'NONE',  ( -0.9610754299556422131, 0.2726950551828555835, -2.286215019236487844 ) ) ;
#1577 = CARTESIAN_POINT ( 'NONE',  ( 1.825956787263555370, 1.664978863901724671, -0.04142806810282692598 ) ) ;
#1578 = LINE ( 'NONE', #1210, #2783 ) ;
#1579 = DIRECTION ( 'NONE',  ( -0.8660254037844428154, 0.000000000000000000, -0.4999999999999927836 ) ) ;
#1580 = CARTESIAN_POINT ( 'NONE',  ( 0.4194770483018269713, 0.3862209018858457354, -2.321391240773585274 ) ) ;
#1581 = EDGE_LOOP ( 'NONE', ( #3735, #178, #2730, #1943 ) ) ;
#1582 = CYLINDRICAL_SURFACE ( 'NONE', #3011, 0.08000000000000001554 ) ;
#1583 = CARTESIAN_POINT ( 'NONE',  ( 0.9049490720335684468, 0.2362318405177507574, -2.191352204779575708 ) ) ;
#1584 = EDGE_CURVE ( 'NONE', #1161, #3433, #1866, .T. ) ;
#1585 = CIRCLE ( 'NONE', #3856, 1.000000000000000000 ) ;
#1586 = ORIENTED_EDGE ( 'NONE', *, *, #1182, .F. ) ;
#1587 = CARTESIAN_POINT ( 'NONE',  ( -0.04359904325729311442, 0.2000000000000000111, -2.408553692915554212 ) ) ;
#1588 = FACE_OUTER_BOUND ( 'NONE', #1412, .T. ) ;
#1589 = CIRCLE ( 'NONE', #1461, 0.9999999999999995559 ) ;
#1590 = CIRCLE ( 'NONE', #1783, 1.382654909905815410 ) ;
#1591 = CARTESIAN_POINT ( 'NONE',  ( 1.817105721832498411, 1.900000000000000133, -1.675000000000008260 ) ) ;
#1592 = COORDINATED_UNIVERSAL_TIME_OFFSET ( 5, 0, .BEHIND. ) ;
#1593 = EDGE_CURVE ( 'NONE', #3574, #2660, #953, .T. ) ;
#1594 = PLANE ( 'NONE',  #2042 ) ;
#1595 = CARTESIAN_POINT ( 'NONE',  ( -0.8385399388810880206, 0.1882076191372976937, -2.223085823035267250 ) ) ;
#1596 = CARTESIAN_POINT ( 'NONE',  ( 1.910778406896840975, 1.485613207925180479, -0.4708618197834471553 ) ) ;
#1597 = EDGE_CURVE ( 'NONE', #935, #3760, #778, .T. ) ;
#1598 = DIRECTION ( 'NONE',  ( 0.000000000000000000, 0.000000000000000000, 1.000000000000000000 ) ) ;
#1599 = CARTESIAN_POINT ( 'NONE',  ( -0.6624997072399997355, 0.3136906133375165773, -2.270616083930195206 ) ) ;
#1600 = VERTEX_POINT ( 'NONE', #1249 ) ;
#1601 = DIRECTION ( 'NONE',  ( 0.000000000000000000, 1.000000000000000000, 0.000000000000000000 ) ) ;
#1602 = VECTOR ( 'NONE', #1246, 39.37007874015748143 ) ;
#1603 = CARTESIAN_POINT ( 'NONE',  ( 1.594631695059094190, 1.552649119560512547, -2.023392496451327016 ) ) ;
#1604 = EDGE_LOOP ( 'NONE', ( #2317, #212 ) ) ;
#1605 = B_SPLINE_CURVE_WITH_KNOTS ( 'NONE', 3,
 ( #322, #342, #1829, #3985 ),
 .UNSPECIFIED., .F., .F.,
 ( 4, 4 ),
 ( 2.207576232947754656E-07, 0.007487044815706038296 ),
 .UNSPECIFIED. ) ;
#1606 = DIRECTION ( 'NONE',  ( -0.000000000000000000, -1.000000000000000000, -0.000000000000000000 ) ) ;
#1607 = DIRECTION ( 'NONE',  ( 0.000000000000000000, 0.000000000000000000, 1.000000000000000000 ) ) ;
#1608 = EDGE_CURVE ( 'NONE', #1867, #2638, #3796, .T. ) ;
#1609 = DIRECTION ( 'NONE',  ( -0.3420201433256694346, 0.000000000000000000, -0.9396926207859080948 ) ) ;
#1610 = CARTESIAN_POINT ( 'NONE',  ( 1.886738862872042954, 1.254746673296560866, -0.2857123669983129277 ) ) ;
#1611 = EDGE_LOOP ( 'NONE', ( #3270, #1803, #3782, #3873 ) ) ;
#1612 = AXIS2_PLACEMENT_3D ( 'NONE', #1230, #3120, #348 ) ;
#1613 = DIRECTION ( 'NONE',  ( 0.000000000000000000, 0.000000000000000000, 1.000000000000000000 ) ) ;
#1614 = CARTESIAN_POINT ( 'NONE',  ( -1.984659694946368846, 1.558193266611196171, -1.392754639950968043 ) ) ;
#1615 = CARTESIAN_POINT ( 'NONE',  ( 0.8772397734474173259, 0.3376139288568489327, -2.330320991983451329 ) ) ;
#1616 = B_SPLINE_CURVE_WITH_KNOTS ( 'NONE', 3,
 ( #1577, #3671, #362, #912, #2145, #25, #1270, #2165, #2191, #1596, #3386, #2515, #2832, #608, #3139, #311 ),
 .UNSPECIFIED., .F., .F.,
 ( 4, 2, 2, 2, 2, 2, 2, 4 ),
 ( 9.969889571237699475E-07, 0.003802453938544704537, 0.007603910888132285779, 0.009504639362926083773, 0.01140536783771987916, 0.01330609631251367629, 0.01425646054991058440, 0.01520682478730749077 ),
 .UNSPECIFIED. ) ;
#1617 = CARTESIAN_POINT ( 'NONE',  ( 1.905478533514105122, 0.2762279820763170468, -0.4113092638144509317 ) ) ;
#1618 = CARTESIAN_POINT ( 'NONE',  ( -1.037619196330391791, 0.3321746494259270599, -2.139619378691693719 ) ) ;
#1619 = CIRCLE ( 'NONE', #1102, 2.300000000000000266 ) ;
#1620 = ORIENTED_EDGE ( 'NONE', *, *, #2346, .F. ) ;
#1621 = CARTESIAN_POINT ( 'NONE',  ( 1.897643707582461259, 0.9177791458484045872, -0.8967375765205738425 ) ) ;
#1622 = CARTESIAN_POINT ( 'NONE',  ( -0.001547626114818544075, -6.505382386916236825, 1.293418249656637098 ) ) ;
#1623 = ADVANCED_FACE ( 'NONE', ( #3673 ), #2657, .T. ) ;
#1624 = ORIENTED_EDGE ( 'NONE', *, *, #2611, .T. ) ;
#1625 = DIRECTION ( 'NONE',  ( -0.000000000000000000, 1.000000000000000000, -0.000000000000000000 ) ) ;
#1626 = DIRECTION ( 'NONE',  ( 0.8660254037844367092, 0.000000000000000000, -0.5000000000000033307 ) ) ;
#1627 = CARTESIAN_POINT ( 'NONE',  ( 1.915525074983792209, 1.124261358753760653, -0.7017054522018536522 ) ) ;
#1628 = EDGE_CURVE ( 'NONE', #2078, #3738, #88, .T. ) ;
#1629 = ORIENTED_EDGE ( 'NONE', *, *, #2079, .T. ) ;
#1630 = APPLICATION_PROTOCOL_DEFINITION ( 'international standard', 'config_control_design', 1994, #1466 ) ;
#1631 = ORIENTED_EDGE ( 'NONE', *, *, #3288, .F. ) ;
#1632 = CARTESIAN_POINT ( 'NONE',  ( 1.706627632229686276, 0.4231435579275464320, 0.08000000000000018208 ) ) ;
#1633 = DIRECTION ( 'NONE',  ( -0.000000000000000000, 1.000000000000000000, 0.000000000000000000 ) ) ;
#1634 = CARTESIAN_POINT ( 'NONE',  ( -0.04129087752905802322, 0.2947180375229662697, -2.924676429158692414 ) ) ;
#1635 = CARTESIAN_POINT ( 'NONE',  ( -0.7197899270987242470, 1.400000000000000355, 1.348354503650408098 ) ) ;
#1636 = CC_DESIGN_PERSON_AND_ORGANIZATION_ASSIGNMENT ( #684, #1909, ( #2150 ) ) ;
#1637 = CARTESIAN_POINT ( 'NONE',  ( 0.2021696544814589325, 0.2710052841124309664, -2.347136087116476588 ) ) ;
#1638 = ORIENTED_EDGE ( 'NONE', *, *, #422, .T. ) ;
#1639 = CARTESIAN_POINT ( 'NONE',  ( -0.9975305475449397496, 0.2305098846676448543, -2.698166182490514320 ) ) ;
#1640 = LINE ( 'NONE', #2875, #1743 ) ;
#1641 = EDGE_CURVE ( 'NONE', #3064, #2499, #3566, .T. ) ;
#1642 = EDGE_LOOP ( 'NONE', ( #2946, #3375, #2982, #2631 ) ) ;
#1643 = CARTESIAN_POINT ( 'NONE',  ( 0.000000000000000000, -0.2000000000000000111, 0.2276221842784289795 ) ) ;
#1644 = ORIENTED_EDGE ( 'NONE', *, *, #832, .T. ) ;
#1645 = LINE ( 'NONE', #2881, #3416 ) ;
#1646 = CARTESIAN_POINT ( 'NONE',  ( -1.676319001841811263, 1.546408308300888601, 0.08000000000000022371 ) ) ;
#1647 = AXIS2_PLACEMENT_3D ( 'NONE', #3780, #2238, #257 ) ;
#1648 = DIRECTION ( 'NONE',  ( 0.8660254037844431485, 0.000000000000000000, 0.4999999999999918954 ) ) ;
#1649 = AXIS2_PLACEMENT_3D ( 'NONE', #2138, #2770, #38 ) ;
#1650 = AXIS2_PLACEMENT_3D ( 'NONE', #2051, #3293, #1745 ) ;
#1651 = DIRECTION ( 'NONE',  ( 0.000000000000000000, 0.000000000000000000, 1.000000000000000000 ) ) ;
#1652 = ORIENTED_EDGE ( 'NONE', *, *, #47, .F. ) ;
#1653 = ORIENTED_EDGE ( 'NONE', *, *, #1392, .T. ) ;
#1654 = CIRCLE ( 'NONE', #2880, 1.189685039370078634 ) ;
#1655 = AXIS2_PLACEMENT_3D ( 'NONE', #2608, #465, #766 ) ;
#1656 = CARTESIAN_POINT ( 'NONE',  ( 1.706484101467309999, 0.4214969742379388595, 0.08000000000000022371 ) ) ;
#1657 = EDGE_CURVE ( 'NONE', #3580, #2078, #1359, .T. ) ;
#1658 = FACE_OUTER_BOUND ( 'NONE', #1344, .T. ) ;
#1659 = CARTESIAN_POINT ( 'NONE',  ( -0.02197822681241057979, 0.1477374750293251882, -2.924914788581756575 ) ) ;
#1660 = CARTESIAN_POINT ( 'NONE',  ( 1.899804030908841090, 0.2795581267612806675, -0.3656293617801991136 ) ) ;
#1661 = CARTESIAN_POINT ( 'NONE',  ( 0.000000000000000000, 0.1999999999999999833, 0.2300000000000000100 ) ) ;
#1662 = VECTOR ( 'NONE', #3379, 39.37007874015748143 ) ;
#1663 = ORIENTED_EDGE ( 'NONE', *, *, #1092, .F. ) ;
#1664 = CARTESIAN_POINT ( 'NONE',  ( 1.894419796093576913, 0.9045484076771898030, -0.9185200105635582535 ) ) ;
#1665 = DIRECTION ( 'NONE',  ( 0.000000000000000000, 0.000000000000000000, 1.000000000000000000 ) ) ;
#1666 = CIRCLE ( 'NONE', #315, 1.189685039370078634 ) ;
#1667 = AXIS2_PLACEMENT_3D ( 'NONE', #814, #546, #3022 ) ;
#1668 = VERTEX_POINT ( 'NONE', #2600 ) ;
#1669 = DIRECTION ( 'NONE',  ( 0.000000000000000000, -1.000000000000000000, -0.000000000000000000 ) ) ;
#1670 = VERTEX_POINT ( 'NONE', #1646 ) ;
#1671 = CARTESIAN_POINT ( 'NONE',  ( 0.07948773938152754737, 0.2357152933267031847, -2.923572229390992927 ) ) ;
#1672 = CARTESIAN_POINT ( 'NONE',  ( 1.916866738507636780, 0.7298978494198807843, -0.6195559473142957518 ) ) ;
#1673 = EDGE_CURVE ( 'NONE', #2141, #2589, #2298, .T. ) ;
#1674 = ORIENTED_EDGE ( 'NONE', *, *, #260, .F. ) ;
#1675 = ORIENTED_EDGE ( 'NONE', *, *, #1568, .F. ) ;
#1676 = FACE_OUTER_BOUND ( 'NONE', #3342, .T. ) ;
#1677 = CARTESIAN_POINT ( 'NONE',  ( 1.887089984688909539, 0.7029812796325692892, -1.439188215957304173 ) ) ;
#1678 = CARTESIAN_POINT ( 'NONE',  ( -1.919798510311492512, 1.204755632113885699, -0.6503402031229408298 ) ) ;
#1679 = CARTESIAN_POINT ( 'NONE',  ( -1.475963485241161166, 1.675773339897899339, 0.2300000000000000100 ) ) ;
#1680 = ORIENTED_EDGE ( 'NONE', *, *, #3758, .T. ) ;
#1681 = CARTESIAN_POINT ( 'NONE',  ( 1.906115748690750289, 0.5586813896724387440, -0.8278522344985831394 ) ) ;
#1682 = AXIS2_PLACEMENT_3D ( 'NONE', #3141, #971, #2495 ) ;
#1683 = AXIS2_PLACEMENT_3D ( 'NONE', #3170, #2543, #697 ) ;
#1684 = CARTESIAN_POINT ( 'NONE',  ( -1.069040324972697409, 0.3054248503961792816, -2.662267615676722876 ) ) ;
#1685 = CARTESIAN_POINT ( 'NONE',  ( 0.03436538461581213622, 0.8923006732450341483, 0.2300000000000000100 ) ) ;
#1686 = ORIENTED_EDGE ( 'NONE', *, *, #2809, .T. ) ;
#1687 = DIRECTION ( 'NONE',  ( 0.000000000000000000, 0.000000000000000000, -1.000000000000000000 ) ) ;
#1688 = VERTEX_POINT ( 'NONE', #136 ) ;
#1689 = CARTESIAN_POINT ( 'NONE',  ( 0.07191902127935811961, 0.1896596603656334756, -2.923827236444777267 ) ) ;
#1690 = ADVANCED_FACE ( 'NONE', ( #1058 ), #2294, .F. ) ;
#1691 = DIRECTION ( 'NONE',  ( 0.000000000000000000, 0.000000000000000000, -1.000000000000000000 ) ) ;
#1692 = ORIENTED_EDGE ( 'NONE', *, *, #757, .F. ) ;
#1693 = VERTEX_POINT ( 'NONE', #3822 ) ;
#1694 = EDGE_CURVE ( 'NONE', #3580, #2563, #2584, .T. ) ;
#1695 = DIRECTION ( 'NONE',  ( -0.8660254037844363761, 0.000000000000000000, 0.5000000000000041078 ) ) ;
#1696 = EDGE_CURVE ( 'NONE', #1728, #1113, #905, .T. ) ;
#1697 = DIRECTION ( 'NONE',  ( -0.000000000000000000, 1.000000000000000000, -0.000000000000000000 ) ) ;
#1698 = CARTESIAN_POINT ( 'NONE',  ( -0.07606318882381755964, 0.2506423246763666013, -2.923793428112751336 ) ) ;
#1699 = AXIS2_PLACEMENT_3D ( 'NONE', #3610, #830, #527 ) ;
#1700 = LINE ( 'NONE', #2267, #880 ) ;
#1701 = ORIENTED_EDGE ( 'NONE', *, *, #3446, .T. ) ;
#1702 = CARTESIAN_POINT ( 'NONE',  ( -1.676139000409748503, 0.5918884232162087145, 0.08000000000000022371 ) ) ;
#1703 = CARTESIAN_POINT ( 'NONE',  ( -1.069040324972696965, 0.1448136763892438617, -2.662267615676723320 ) ) ;
#1704 = CARTESIAN_POINT ( 'NONE',  ( -0.001547626114818544075, -6.505382386916236825, -0.6249999999999994449 ) ) ;
#1705 = ORIENTED_EDGE ( 'NONE', *, *, #1593, .T. ) ;
#1706 = CARTESIAN_POINT ( 'NONE',  ( -0.07441826909487012087, 0.2280490553036139123, -2.542035145174533994 ) ) ;
#1707 = ORIENTED_EDGE ( 'NONE', *, *, #1548, .F. ) ;
#1708 = CARTESIAN_POINT ( 'NONE',  ( 1.642064426724666015, 1.530023647208842652, -1.938534839344391747 ) ) ;
#1709 = PLANE ( 'NONE',  #1647 ) ;
#1710 = ORIENTED_EDGE ( 'NONE', *, *, #2181, .F. ) ;
#1711 = AXIS2_PLACEMENT_3D ( 'NONE', #3173, #2012, #1924 ) ;
#1712 = VERTEX_POINT ( 'NONE', #515 ) ;
#1713 = CARTESIAN_POINT ( 'NONE',  ( -1.112090883961755150, 0.2889549185545564614, -2.639128217787255259 ) ) ;
#1714 = CIRCLE ( 'NONE', #1255, 2.098715398087330986 ) ;
#1715 = CARTESIAN_POINT ( 'NONE',  ( 1.835397363149959382, 0.7300251210259773860, -1.393464527407825670 ) ) ;
#1716 = EDGE_CURVE ( 'NONE', #132, #935, #1748, .T. ) ;
#1717 = CARTESIAN_POINT ( 'NONE',  ( 0.9972215817184280073, 0.2303617956875759765, -2.696825298988585917 ) ) ;
#1718 = CARTESIAN_POINT ( 'NONE',  ( 1.870638190285706104, 0.2384265851723023077, -1.044254227552115166 ) ) ;
#1719 = VERTEX_POINT ( 'NONE', #3027 ) ;
#1720 = DIRECTION ( 'NONE',  ( -0.9848077530122097967, 0.000000000000000000, -0.1736481776669204780 ) ) ;
#1721 = EDGE_CURVE ( 'NONE', #2483, #1025, #1156, .T. ) ;
#1722 = CARTESIAN_POINT ( 'NONE',  ( -1.598200725305749970, 0.5151402271626858154, -1.688497748685731104 ) ) ;
#1723 = CARTESIAN_POINT ( 'NONE',  ( -1.889318532442261445, 0.4708729124180868197, -0.2713940932194557898 ) ) ;
#1724 = ORIENTED_EDGE ( 'NONE', *, *, #3504, .F. ) ;
#1725 = CARTESIAN_POINT ( 'NONE',  ( 0.000000000000000000, 1.204755632113885699, -1.882019221841687351 ) ) ;
#1726 = ORIENTED_EDGE ( 'NONE', *, *, #603, .F. ) ;
#1727 = DIRECTION ( 'NONE',  ( 0.000000000000000000, 0.000000000000000000, 1.000000000000000000 ) ) ;
#1728 = VERTEX_POINT ( 'NONE', #1767 ) ;
#1729 = CARTESIAN_POINT ( 'NONE',  ( 0.04974728571697507179, 0.1956725071760424539, -2.542732362097432919 ) ) ;
#1730 = CARTESIAN_POINT ( 'NONE',  ( 1.077944582624781988, 0.3054254661841580010, -2.655961838063553238 ) ) ;
#1731 = ORIENTED_EDGE ( 'NONE', *, *, #1271, .T. ) ;
#1732 = EDGE_CURVE ( 'NONE', #3705, #915, #3951, .T. ) ;
#1733 = CARTESIAN_POINT ( 'NONE',  ( 0.000000000000000000, 0.000000000000000000, 0.2276221842784289795 ) ) ;
#1734 = CARTESIAN_POINT ( 'NONE',  ( -1.130485533397189490, 0.1848228521258656887, -2.628875011437519671 ) ) ;
#1735 = LINE ( 'NONE', #3932, #2305 ) ;
#1736 = CARTESIAN_POINT ( 'NONE',  ( 0.3998501083915089738, 1.575750662032042504, 1.477616696973489852 ) ) ;
#1737 = VERTEX_POINT ( 'NONE', #3677 ) ;
#1738 = DIRECTION ( 'NONE',  ( -0.000000000000000000, -1.000000000000000000, -0.000000000000000000 ) ) ;
#1739 = ADVANCED_FACE ( 'NONE', ( #215 ), #372, .T. ) ;
#1740 = CARTESIAN_POINT ( 'NONE',  ( -2.024932779914573100, 1.583881157220675684, -1.343256275219888218 ) ) ;
#1741 = CARTESIAN_POINT ( 'NONE',  ( 1.380714260419333872, 0.2126498191490678868, -1.955293447946984564 ) ) ;
#1742 = CYLINDRICAL_SURFACE ( 'NONE', #2464, 1.000000000000000000 ) ;
#1743 = VECTOR ( 'NONE', #3229, 39.37007874015748854 ) ;
#1744 = VERTEX_POINT ( 'NONE', #1177 ) ;
#1745 = DIRECTION ( 'NONE',  ( 0.000000000000000000, 0.000000000000000000, 1.000000000000000000 ) ) ;
#1746 = EDGE_LOOP ( 'NONE', ( #1447, #2247 ) ) ;
#1747 = CARTESIAN_POINT ( 'NONE',  ( 0.04359904325729311442, 0.2000000000000000111, -2.408553692915554212 ) ) ;
#1748 = CIRCLE ( 'NONE', #3823, 1.000000000000000000 ) ;
#1749 = CARTESIAN_POINT ( 'NONE',  ( -0.001547626114818544075, 1.400000000000000355, 1.675000000000000488 ) ) ;
#1750 = VERTEX_POINT ( 'NONE', #2092 ) ;
#1751 = ORIENTED_EDGE ( 'NONE', *, *, #1098, .F. ) ;
#1752 = CARTESIAN_POINT ( 'NONE',  ( 1.990310802589385419, 1.900000000000000133, -1.775000000000008793 ) ) ;
#1753 = EDGE_CURVE ( 'NONE', #416, #2389, #2787, .T. ) ;
#1754 = CARTESIAN_POINT ( 'NONE',  ( 0.000000000000000000, 0.2000000000000000111, 0.2276221842784289795 ) ) ;
#1755 = DIRECTION ( 'NONE',  ( 0.9987702375714583303, -0.04957834750627353876, 0.000000000000000000 ) ) ;
#1756 = ORIENTED_EDGE ( 'NONE', *, *, #1561, .F. ) ;
#1757 = LINE ( 'NONE', #1776, #2736 ) ;
#1758 = B_SPLINE_CURVE_WITH_KNOTS ( 'NONE', 3,
 ( #2915, #1329, #1048, #745, #443, #1678 ),
 .UNSPECIFIED., .F., .F.,
 ( 4, 2, 4 ),
 ( 2.756010708879623964E-07, 0.003477636615023500105, 0.006954997628976111734 ),
 .UNSPECIFIED. ) ;
#1759 = CARTESIAN_POINT ( 'NONE',  ( -0.001547626114818544075, 1.400000000000000355, -0.6249999999999994449 ) ) ;
#1760 = DIRECTION ( 'NONE',  ( -0.4629547600703696753, 0.08715574274764505136, 0.8820865981491231578 ) ) ;
#1761 = CARTESIAN_POINT ( 'NONE',  ( 1.607274140168331478, 1.565604493587914980, -2.024670555105230640 ) ) ;
#1762 = DIRECTION ( 'NONE',  ( -0.04957834750627355264, -0.9987702375714583303, -0.000000000000000000 ) ) ;
#1763 = VERTEX_POINT ( 'NONE', #1443 ) ;
#1764 = CARTESIAN_POINT ( 'NONE',  ( 0.04090191772909751444, 0.1972209636824870660, -2.452554375930406483 ) ) ;
#1765 = ORIENTED_EDGE ( 'NONE', *, *, #2000, .F. ) ;
#1766 = EDGE_CURVE ( 'NONE', #2273, #1719, #1555, .T. ) ;
#1767 = CARTESIAN_POINT ( 'NONE',  ( -0.06210589465035028928, 0.2000000000000000389, -2.542462196948771513 ) ) ;
#1768 = CALENDAR_DATE ( 2026, 8, 7 ) ;
#1769 = DIRECTION ( 'NONE',  ( -0.6427876096865464683, 0.000000000000000000, -0.7660444431189719072 ) ) ;
#1770 = ORIENTED_EDGE ( 'NONE', *, *, #1584, .T. ) ;
#1771 = CARTESIAN_POINT ( 'NONE',  ( -1.917600481021337178, 0.7484883391296013322, -0.7202367461656523639 ) ) ;
#1772 = CARTESIAN_POINT ( 'NONE',  ( -0.04359904325729311442, 0.2000000000000000111, -2.408553692915554212 ) ) ;
#1773 = CARTESIAN_POINT ( 'NONE',  ( 0.3214692776937579932, 1.551789513796347997, 1.471681207862713947 ) ) ;
#1774 = ORIENTED_EDGE ( 'NONE', *, *, #2898, .T. ) ;
#1775 = AXIS2_PLACEMENT_3D ( 'NONE', #1375, #2615, #373 ) ;
#1776 = CARTESIAN_POINT ( 'NONE',  ( -2.069491319407450014, 1.400000000000000355, -0.9900804052757047335 ) ) ;
#1777 = AXIS2_PLACEMENT_3D ( 'NONE', #977, #2781, #1825 ) ;
#1778 = DIRECTION ( 'NONE',  ( 0.000000000000000000, 0.000000000000000000, 1.000000000000000000 ) ) ;
#1779 = CYLINDRICAL_SURFACE ( 'NONE', #1070, 0.05000000000000000971 ) ;
#1780 = CARTESIAN_POINT ( 'NONE',  ( -1.351401606456565707, 1.400000000000000355, -2.233693330549841871 ) ) ;
#1781 = DIRECTION ( 'NONE',  ( -0.04957834750627355264, -0.9987702375714583303, -0.000000000000000000 ) ) ;
#1782 = AXIS2_PLACEMENT_3D ( 'NONE', #2047, #3973, #2333 ) ;
#1783 = AXIS2_PLACEMENT_3D ( 'NONE', #127, #3226, #1011 ) ;
#1784 = ORIENTED_EDGE ( 'NONE', *, *, #1753, .F. ) ;
#1785 = CYLINDRICAL_SURFACE ( 'NONE', #1650, 2.584933136962217493 ) ;
#1786 = EDGE_LOOP ( 'NONE', ( #1243, #2325, #1362, #848 ) ) ;
#1787 = CARTESIAN_POINT ( 'NONE',  ( -3.714646831872425031E-19, 0.1448136763892438617, -2.924999479315899098 ) ) ;
#1788 = AXIS2_PLACEMENT_3D ( 'NONE', #2669, #3911, #1123 ) ;
#1789 = DIRECTION ( 'NONE',  ( 0.9987702375714582193, -0.04957834750627355958, 0.000000000000000000 ) ) ;
#1790 = ORIENTED_EDGE ( 'NONE', *, *, #263, .F. ) ;
#1791 = ORIENTED_EDGE ( 'NONE', *, *, #1973, .F. ) ;
#1792 = AXIS2_PLACEMENT_3D ( 'NONE', #1062, #2929, #801 ) ;
#1793 = AXIS2_PLACEMENT_3D ( 'NONE', #986, #2144, #3099 ) ;
#1794 = CARTESIAN_POINT ( 'NONE',  ( -0.03895954808103140737, 0.2000000000000000389, -2.408748831761040599 ) ) ;
#1795 = ORIENTED_EDGE ( 'NONE', *, *, #2065, .F. ) ;
#1796 = ORIENTED_EDGE ( 'NONE', *, *, #2446, .T. ) ;
#1797 = CARTESIAN_POINT ( 'NONE',  ( -0.001290115771802329610, 0.1448236575027373185, -2.924999999999999378 ) ) ;
#1798 = CARTESIAN_POINT ( 'NONE',  ( -0.02565390273591674000, 0.1928384845549064863, -2.423833527801131815 ) ) ;
#1799 = DIRECTION ( 'NONE',  ( 0.4629547600703817767, 0.08715574274764505136, 0.8820865981491169405 ) ) ;
#1800 = CARTESIAN_POINT ( 'NONE',  ( 9.696777289146593628E-18, 0.3388089368204809659, -2.543417625406168003 ) ) ;
#1801 = ORIENTED_EDGE ( 'NONE', *, *, #535, .F. ) ;
#1802 = CARTESIAN_POINT ( 'NONE',  ( -1.388616338288591656, 0.4740174176028163489, -1.950280713028327506 ) ) ;
#1803 = ORIENTED_EDGE ( 'NONE', *, *, #1520, .T. ) ;
#1804 = DIRECTION ( 'NONE',  ( 0.8660254037844432595, 0.000000000000000000, 0.4999999999999919509 ) ) ;
#1805 = ORIENTED_EDGE ( 'NONE', *, *, #507, .T. ) ;
#1806 = CARTESIAN_POINT ( 'NONE',  ( 0.9611994501603845498, 0.2487527119422225375, -2.284352186817671715 ) ) ;
#1807 = CIRCLE ( 'NONE', #1490, 2.068594911240863254 ) ;
#1808 = PRODUCT_DEFINITION ( 'UNKNOWN', '', #828, #2312 ) ;
#1809 = CARTESIAN_POINT ( 'NONE',  ( -0.04187915333592977241, 0.2000000000000000111, -2.408553692915554212 ) ) ;
#1810 = EDGE_CURVE ( 'NONE', #2406, #3097, #3702, .T. ) ;
#1811 = TOROIDAL_SURFACE ( 'NONE', #1425, 1.800013993365072729, 0.1000000000000008521 ) ;
#1812 = DIRECTION ( 'NONE',  ( 1.000000000000000000, 0.000000000000000000, 0.000000000000000000 ) ) ;
#1813 = ORIENTED_EDGE ( 'NONE', *, *, #979, .T. ) ;
#1814 = EDGE_CURVE ( 'NONE', #1501, #3894, #3642, .T. ) ;
#1815 = EDGE_LOOP ( 'NONE', ( #188, #2909, #3516, #159 ) ) ;
#1816 = ADVANCED_FACE ( 'NONE', ( #3962 ), #577, .T. ) ;
#1817 = CARTESIAN_POINT ( 'NONE',  ( -1.797981806295142038, 1.683929003985464190, 0.05470990767260149740 ) ) ;
#1818 = CARTESIAN_POINT ( 'NONE',  ( -0.8952850601243635964, 0.1999999999999999833, -2.231168914798130398 ) ) ;
#1819 = CARTESIAN_POINT ( 'NONE',  ( -1.877501121834542985, 0.8490022825198391132, -1.027119670091727111 ) ) ;
#1820 = DIRECTION ( 'NONE',  ( -0.04957834750627355264, -0.9987702375714583303, -0.000000000000000000 ) ) ;
#1821 = CARTESIAN_POINT ( 'NONE',  ( 0.05312087644768438699, 0.3191894822813450272, -2.542651038223481041 ) ) ;
#1822 = ORIENTED_EDGE ( 'NONE', *, *, #1442, .T. ) ;
#1823 = CARTESIAN_POINT ( 'NONE',  ( -0.8343941456990203731, 0.7720964771347079703, -2.768913868329714756 ) ) ;
#1824 = ORIENTED_EDGE ( 'NONE', *, *, #2365, .F. ) ;
#1825 = DIRECTION ( 'NONE',  ( 0.000000000000000000, 0.000000000000000000, 1.000000000000000000 ) ) ;
#1826 = CARTESIAN_POINT ( 'NONE',  ( 0.04972585577165079124, 0.2000000000000000389, -2.442634394235795536 ) ) ;
#1827 = ORIENTED_EDGE ( 'NONE', *, *, #939, .T. ) ;
#1828 = CARTESIAN_POINT ( 'NONE',  ( -0.8224737620879807309, 0.2806581087063717561, -2.358902333918634575 ) ) ;
#1829 = CARTESIAN_POINT ( 'NONE',  ( 1.796638514445959567, 1.684390440590241900, 0.05038456036373333696 ) ) ;
#1830 = DIRECTION ( 'NONE',  ( 0.000000000000000000, 1.000000000000000000, 0.000000000000000000 ) ) ;
#1831 = CARTESIAN_POINT ( 'NONE',  ( -1.620658575915971067, 1.302861378793661817, 0.2300000000000000100 ) ) ;
#1832 = ORIENTED_EDGE ( 'NONE', *, *, #1519, .T. ) ;
#1833 = LINE ( 'NONE', #867, #1527 ) ;
#1834 = CARTESIAN_POINT ( 'NONE',  ( -0.001547626114818544075, -6.505382386916236825, -0.6249999999999994449 ) ) ;
#1835 = FACE_OUTER_BOUND ( 'NONE', #2299, .T. ) ;
#1836 = CARTESIAN_POINT ( 'NONE',  ( 0.8949171830781067483, 0.2000000000000000111, -2.229711967487053581 ) ) ;
#1837 = CARTESIAN_POINT ( 'NONE',  ( -0.001547626114818262399, -6.505382386916236825, -2.924999999999999378 ) ) ;
#1838 = AXIS2_PLACEMENT_3D ( 'NONE', #191, #1417, #2678 ) ;
#1839 = ADVANCED_FACE ( 'NONE', ( #3048 ), #275, .F. ) ;
#1840 = ORIENTED_EDGE ( 'NONE', *, *, #635, .F. ) ;
#1841 = FACE_OUTER_BOUND ( 'NONE', #2428, .T. ) ;
#1842 = VERTEX_POINT ( 'NONE', #353 ) ;
#1843 = DIRECTION ( 'NONE',  ( -0.04050329323151604516, -0.9961946980917464334, 0.07717257758618678576 ) ) ;
#1844 = DIRECTION ( 'NONE',  ( -0.000000000000000000, 0.08715574274764505136, 0.9961946980917466554 ) ) ;
#1845 = CIRCLE ( 'NONE', #2692, 0.01968503937007875723 ) ;
#1846 =( BOUNDED_CURVE ( )  B_SPLINE_CURVE ( 3, ( #1856, #887, #284, #3686 ),
 .UNSPECIFIED., .F., .F. ) 
 B_SPLINE_CURVE_WITH_KNOTS ( ( 4, 4 ),
 ( 5.610726276850066974, 5.830515535273960381 ),
 .UNSPECIFIED. ) 
 CURVE ( )  GEOMETRIC_REPRESENTATION_ITEM ( )  RATIONAL_B_SPLINE_CURVE ( ( 1.000000000000000000, 0.9959784399098646768, 0.9959784399098646768, 1.000000000000000000 ) ) 
 REPRESENTATION_ITEM ( '' )  );
#1847 = ORIENTED_EDGE ( 'NONE', *, *, #719, .T. ) ;
#1848 = B_SPLINE_CURVE_WITH_KNOTS ( 'NONE', 3,
 ( #3420, #943, #2769, #3681, #660, #1221, #1888, #2524 ),
 .UNSPECIFIED., .F., .F.,
 ( 4, 2, 2, 4 ),
 ( 0.1261326921237236331, 0.1294832931367089490, 0.1328338941496942927, 0.1395350961756649522 ),
 .UNSPECIFIED. ) ;
#1849 = DIRECTION ( 'NONE',  ( 0.000000000000000000, 1.000000000000000000, 0.000000000000000000 ) ) ;
#1850 = DIRECTION ( 'NONE',  ( 0.000000000000000000, 0.000000000000000000, 1.000000000000000000 ) ) ;
#1851 = CYLINDRICAL_SURFACE ( 'NONE', #2496, 0.05000000000000000971 ) ;
#1852 = CARTESIAN_POINT ( 'NONE',  ( 1.037119941823152924, 0.2972896326092303032, -2.677119211540446742 ) ) ;
#1853 = ORIENTED_EDGE ( 'NONE', *, *, #202, .T. ) ;
#1854 = ADVANCED_FACE ( 'NONE', ( #978 ), #2802, .T. ) ;
#1855 = TOROIDAL_SURFACE ( 'NONE', #3221, 1.679834335884258900, 0.3999999999999994116 ) ;
#1856 = CARTESIAN_POINT ( 'NONE',  ( 0.06209496227078607072, 0.2000000000000000389, -2.542362303154834802 ) ) ;
#1857 = CARTESIAN_POINT ( 'NONE',  ( 1.771525526426535047, 0.3201836340978479467, 0.08000000000000022371 ) ) ;
#1858 = DIRECTION ( 'NONE',  ( 0.9987702375714582193, -0.04957834750627355264, 0.000000000000000000 ) ) ;
#1859 = DIRECTION ( 'NONE',  ( 0.000000000000000000, 1.000000000000000000, 0.000000000000000000 ) ) ;
#1860 = CARTESIAN_POINT ( 'NONE',  ( 0.07911249622692348438, 0.2441722098289574316, -2.541723171802142023 ) ) ;
#1861 = EDGE_CURVE ( 'NONE', #2729, #430, #389, .T. ) ;
#1862 = CARTESIAN_POINT ( 'NONE',  ( -1.179458383133634714, 0.4638889286064237227, -2.073430737316853900 ) ) ;
#1863 = ORIENTED_EDGE ( 'NONE', *, *, #1353, .T. ) ;
#1864 = LINE ( 'NONE', #3454, #3922 ) ;
#1865 = CARTESIAN_POINT ( 'NONE',  ( -1.915095844582119122, 0.4405372814068247433, -0.7690467987790180482 ) ) ;
#1866 = B_SPLINE_CURVE_WITH_KNOTS ( 'NONE', 3,
 ( #2815, #2212, #1191, #914 ),
 .UNSPECIFIED., .F., .F.,
 ( 4, 4 ),
 ( 7.361066080477451457E-05, 0.01089007368421445431 ),
 .UNSPECIFIED. ) ;
#1867 = VERTEX_POINT ( 'NONE', #3125 ) ;
#1868 = CARTESIAN_POINT ( 'NONE',  ( -0.8428692799915424860, 0.2000000000000000389, -2.349095837050181323 ) ) ;
#1869 = CARTESIAN_POINT ( 'NONE',  ( 1.153329311814807134, 0.1999999999999999278, 0.2300000000000080591 ) ) ;
#1870 = AXIS2_PLACEMENT_3D ( 'NONE', #71, #2229, #2820 ) ;
#1871 = CARTESIAN_POINT ( 'NONE',  ( -0.7197899270987236919, 1.900000000000000133, 1.348354503650408542 ) ) ;
#1872 = CARTESIAN_POINT ( 'NONE',  ( -1.773804629915989972, 0.7614582676841213926, -1.359461498714075844 ) ) ;
#1873 = CARTESIAN_POINT ( 'NONE',  ( 1.835755481707423531, 1.344327951388976095, -0.07257496801675124287 ) ) ;
#1874 = CARTESIAN_POINT ( 'NONE',  ( 1.607274140168331478, 1.400000000000000355, -1.974670555105230596 ) ) ;
#1875 = EDGE_CURVE ( 'NONE', #1431, #2141, #3366, .T. ) ;
#1876 = CARTESIAN_POINT ( 'NONE',  ( 1.741810552370601117, 0.3374718611552230962, 0.08000000000000022371 ) ) ;
#1877 = EDGE_CURVE ( 'NONE', #1744, #2962, #1280, .T. ) ;
#1878 = LINE ( 'NONE', #3993, #3081 ) ;
#1879 = FACE_OUTER_BOUND ( 'NONE', #2780, .T. ) ;
#1880 = DIRECTION ( 'NONE',  ( -0.5000000000000039968, 0.000000000000000000, -0.8660254037844363761 ) ) ;
#1881 = VERTEX_POINT ( 'NONE', #31 ) ;
#1882 = CARTESIAN_POINT ( 'NONE',  ( 1.885068812224548696, 0.4954192804355772584, -0.9742299879551835629 ) ) ;
#1883 = CARTESIAN_POINT ( 'NONE',  ( -1.974807496717371658, 1.655905511811023745, -1.343445242209933443 ) ) ;
#1884 = VERTEX_POINT ( 'NONE', #1544 ) ;
#1885 = CARTESIAN_POINT ( 'NONE',  ( 0.3628904782045718758, 1.655905511811023745, 1.443115797315176252 ) ) ;
#1886 = EDGE_CURVE ( 'NONE', #3507, #1336, #609, .T. ) ;
#1887 = AXIS2_PLACEMENT_3D ( 'NONE', #3547, #768, #3244 ) ;
#1888 = CARTESIAN_POINT ( 'NONE',  ( 1.305872595485519039, 0.2163620887478653054, -2.002579982460107377 ) ) ;
#1889 = DIRECTION ( 'NONE',  ( -0.000000000000000000, 1.000000000000000000, -0.000000000000000000 ) ) ;
#1890 = EDGE_CURVE ( 'NONE', #1483, #3567, #3393, .T. ) ;
#1891 = DATE_AND_TIME ( #359, #2367 ) ;
#1892 = VERTEX_POINT ( 'NONE', #3166 ) ;
#1893 = FACE_OUTER_BOUND ( 'NONE', #780, .T. ) ;
#1894 = DIRECTION ( 'NONE',  ( 0.8660254037844433705, 0.000000000000000000, 0.4999999999999920064 ) ) ;
#1895 = CARTESIAN_POINT ( 'NONE',  ( -1.957148019671685280, 1.400000000000000355, -1.390222831614186250 ) ) ;
#1896 = DIRECTION ( 'NONE',  ( 0.04050329323151606598, -0.9961946980917469885, 0.07717257758617999952 ) ) ;
#1897 = CARTESIAN_POINT ( 'NONE',  ( -0.05761750969577879994, 0.1999999999999997058, -2.542603951410373320 ) ) ;
#1898 = CIRCLE ( 'NONE', #996, 1.918418249656636654 ) ;
#1899 = EDGE_LOOP ( 'NONE', ( #377, #404, #1631 ) ) ;
#1900 = CARTESIAN_POINT ( 'NONE',  ( -0.001547626114818544075, 1.400000000000000355, 1.675000000000000488 ) ) ;
#1901 = ADVANCED_FACE ( 'NONE', ( #3716 ), #2975, .T. ) ;
#1902 = CARTESIAN_POINT ( 'NONE',  ( -1.797909090245815467, 0.4040514437181859653, -1.299889512222137000 ) ) ;
#1903 = CIRCLE ( 'NONE', #2872, 1.570415290101632610 ) ;
#1904 = ORIENTED_EDGE ( 'NONE', *, *, #1875, .F. ) ;
#1905 = DIRECTION ( 'NONE',  ( -0.3420201433256685464, 0.000000000000000000, 0.9396926207859085389 ) ) ;
#1906 = DIRECTION ( 'NONE',  ( -0.000000000000000000, 1.000000000000000000, -0.000000000000000000 ) ) ;
#1907 = AXIS2_PLACEMENT_3D ( 'NONE', #2647, #3282, #3910 ) ;
#1908 = CARTESIAN_POINT ( 'NONE',  ( -0.001547626114818262399, -6.505382386916236825, -2.924999999999999378 ) ) ;
#1909 = PERSON_AND_ORGANIZATION_ROLE ( 'design_owner' ) ;
#1910 = PLANE ( 'NONE',  #2557 ) ;
#1911 = B_SPLINE_CURVE_WITH_KNOTS ( 'NONE', 3,
 ( #63, #3217, #441, #1267, #3747, #967, #2208, #3445, #3931, #2390, #1734, #2686, #1363, #3844, #1381, #1405, #1143, #3582, #3627, #2646, #3281, #3561, #1713, #2304, #1105, #142, #2037, #1992, #3239, #2604 ),
 .UNSPECIFIED., .F., .F.,
 ( 4, 2, 2, 2, 2, 2, 2, 2, 2, 2, 2, 2, 2, 2, 4 ),
 ( 3.496446946337351263E-18, 0.0003978600325388901909, 0.0007957200650777769124, 0.001193580097616663092, 0.001591440130155549271, 0.002387160195233341796, 0.003182880260311135405, 0.003580740292850030908, 0.003978600325388925545, 0.004376460357927820614, 0.004774320390466715684, 0.005172180423005610754, 0.005570040455544506691, 0.005967900488083401761, 0.006365760520622296831 ),
 .UNSPECIFIED. ) ;
#1912 = DIRECTION ( 'NONE',  ( 0.000000000000000000, 1.000000000000000000, 0.000000000000000000 ) ) ;
#1913 = CARTESIAN_POINT ( 'NONE',  ( 0.8636260109986916289, 0.3329008390705301967, -2.337267957117857176 ) ) ;
#1914 = EDGE_CURVE ( 'NONE', #3645, #493, #937, .T. ) ;
#1915 = CARTESIAN_POINT ( 'NONE',  ( -1.681900423577763037, 0.5579660493595780535, 0.08000000000000023759 ) ) ;
#1916 = CARTESIAN_POINT ( 'NONE',  ( -1.346237545705282423, 0.3473662747480716351, -1.977271679570591800 ) ) ;
#1917 = VERTEX_POINT ( 'NONE', #388 ) ;
#1918 = CARTESIAN_POINT ( 'NONE',  ( -0.9979941510593701715, 0.2357152933267033790, -2.697943643014575343 ) ) ;
#1919 = CARTESIAN_POINT ( 'NONE',  ( 0.9051384246276570344, 0.2362266926978959236, -2.191252316234604258 ) ) ;
#1920 = EDGE_CURVE ( 'NONE', #3663, #3036, #3455, .T. ) ;
#1921 = EDGE_LOOP ( 'NONE', ( #1795, #1512, #1196, #824 ) ) ;
#1922 = CARTESIAN_POINT ( 'NONE',  ( 0.04359904325729311442, 0.2000000000000000111, -2.408553692915554212 ) ) ;
#1923 = CARTESIAN_POINT ( 'NONE',  ( -1.957148019671685280, 1.527952755905511939, -1.390222831614186472 ) ) ;
#1924 = DIRECTION ( 'NONE',  ( -0.9987702375714583303, 0.04957834750627354570, 0.000000000000000000 ) ) ;
#1925 = VERTEX_POINT ( 'NONE', #1253 ) ;
#1926 = PERSON_AND_ORGANIZATION ( #4006, #3787 ) ;
#1927 = VERTEX_POINT ( 'NONE', #2173 ) ;
#1928 = VECTOR ( 'NONE', #690, 39.37007874015748143 ) ;
#1929 = CARTESIAN_POINT ( 'NONE',  ( -1.919798510311492512, 1.204755632113885699, -0.6503402031229408298 ) ) ;
#1930 = CARTESIAN_POINT ( 'NONE',  ( -0.001547626114818533884, 1.400000000000000355, -0.6249999999999994449 ) ) ;
#1931 = VECTOR ( 'NONE', #616, 39.37007874015748143 ) ;
#1932 = CARTESIAN_POINT ( 'NONE',  ( 0.8199678014324774944, 0.2487529831664009872, -2.358621650297935801 ) ) ;
#1933 = EDGE_CURVE ( 'NONE', #3280, #3492, #1528, .T. ) ;
#1934 = ADVANCED_FACE ( 'NONE', ( #2024 ), #3528, .T. ) ;
#1935 = CARTESIAN_POINT ( 'NONE',  ( 1.909935946342828261, 0.5802439743789706839, -0.7891172379513203827 ) ) ;
#1936 = CARTESIAN_POINT ( 'NONE',  ( 0.3020237588880743118, 0.2660689339145034804, -2.337350911902872141 ) ) ;
#1937 = AXIS2_PLACEMENT_3D ( 'NONE', #2071, #229, #1459 ) ;
#1938 = ORIENTED_EDGE ( 'NONE', *, *, #3394, .F. ) ;
#1939 = DIRECTION ( 'NONE',  ( -0.000000000000000000, 1.000000000000000000, -0.000000000000000000 ) ) ;
#1940 = DIRECTION ( 'NONE',  ( 0.8660254037844432595, 0.000000000000000000, 0.4999999999999919509 ) ) ;
#1941 = ORIENTED_EDGE ( 'NONE', *, *, #3538, .T. ) ;
#1942 = DIRECTION ( 'NONE',  ( -0.8660254037844362651, 0.000000000000000000, 0.5000000000000039968 ) ) ;
#1943 = ORIENTED_EDGE ( 'NONE', *, *, #2833, .F. ) ;
#1944 = DIRECTION ( 'NONE',  ( -0.000000000000000000, 1.000000000000000000, -0.000000000000000000 ) ) ;
#1945 = CARTESIAN_POINT ( 'NONE',  ( 9.586090385610664561E-18, 0.3054248503961792260, -2.924999479315899098 ) ) ;
#1946 = CARTESIAN_POINT ( 'NONE',  ( 2.066548655210817653, 1.400000000000000355, -0.9896611731005617862 ) ) ;
#1947 = ADVANCED_FACE ( 'NONE', ( #150 ), #2334, .F. ) ;
#1948 = CARTESIAN_POINT ( 'NONE',  ( -0.7197899270987242470, 1.900000000000000133, 1.348354503650408098 ) ) ;
#1949 = ORIENTED_EDGE ( 'NONE', *, *, #2268, .T. ) ;
#1950 = EDGE_LOOP ( 'NONE', ( #2171, #1118, #2339, #1805, #817 ) ) ;
#1951 = DIRECTION ( 'NONE',  ( 0.000000000000000000, 1.000000000000000000, 0.000000000000000000 ) ) ;
#1952 = DIRECTION ( 'NONE',  ( 0.000000000000000000, 0.000000000000000000, -1.000000000000000000 ) ) ;
#1953 = CARTESIAN_POINT ( 'NONE',  ( -0.02696692655655575158, 0.3009167563409255730, -2.924864487394922108 ) ) ;
#1954 = CARTESIAN_POINT ( 'NONE',  ( 1.876508519301164357, 0.2898836565723940106, -0.2309364198993344997 ) ) ;
#1955 = DIRECTION ( 'NONE',  ( 6.217297227768264358E-15, 0.000000000000000000, 1.000000000000000000 ) ) ;
#1956 = EDGE_LOOP ( 'NONE', ( #395, #533, #1701, #354, #2581 ) ) ;
#1957 = CARTESIAN_POINT ( 'NONE',  ( -1.001208431679617261, 0.1993826929878971810, -2.696396216351958142 ) ) ;
#1958 = CYLINDRICAL_SURFACE ( 'NONE', #3238, 2.100000000000000533 ) ;
#1959 = EDGE_CURVE ( 'NONE', #3498, #174, #2203, .T. ) ;
#1960 = ORIENTED_EDGE ( 'NONE', *, *, #3256, .F. ) ;
#1961 = DIRECTION ( 'NONE',  ( 0.000000000000000000, -1.000000000000000000, 0.000000000000000000 ) ) ;
#1962 = ORIENTED_EDGE ( 'NONE', *, *, #2716, .T. ) ;
#1963 = CARTESIAN_POINT ( 'NONE',  ( 0.06947509467989045062, 0.2653752565088239312, -2.923905000316514791 ) ) ;
#1964 = VECTOR ( 'NONE', #1606, 39.37007874015748143 ) ;
#1965 = AXIS2_PLACEMENT_3D ( 'NONE', #3744, #61, #2486 ) ;
#1966 = CARTESIAN_POINT ( 'NONE',  ( 1.911398229867098841, 0.5911155710308954037, -0.7697989388678229128 ) ) ;
#1967 = VERTEX_POINT ( 'NONE', #1979 ) ;
#1968 = ORIENTED_EDGE ( 'NONE', *, *, #3110, .F. ) ;
#1969 = AXIS2_PLACEMENT_3D ( 'NONE', #3613, #3018, #2738 ) ;
#1970 = CARTESIAN_POINT ( 'NONE',  ( -0.0005151310013453137783, 0.3388089004631190115, -2.543418040972716287 ) ) ;
#1971 = CARTESIAN_POINT ( 'NONE',  ( -0.7757735616061749440, 0.7594359270062839284, -2.502850993636273724 ) ) ;
#1972 = CARTESIAN_POINT ( 'NONE',  ( 0.8205316136266718186, 0.2726950551828568048, -2.358353590605948291 ) ) ;
#1973 = EDGE_CURVE ( 'NONE', #1750, #451, #3805, .T. ) ;
#1974 = CARTESIAN_POINT ( 'NONE',  ( 1.908176935039178623, 0.5694327039857204342, -0.8084684218663517052 ) ) ;
#1975 = EDGE_LOOP ( 'NONE', ( #3684, #767, #3188, #2575, #3512, #3292, #1369, #3164 ) ) ;
#1976 = DIRECTION ( 'NONE',  ( 0.9987702375714583303, -0.04957834750627353182, 0.000000000000000000 ) ) ;
#1977 = VECTOR ( 'NONE', #1994, 39.37007874015748143 ) ;
#1978 = CARTESIAN_POINT ( 'NONE',  ( -1.050400718611577577, 0.3033207734406985212, -2.671948992528757838 ) ) ;
#1979 = CARTESIAN_POINT ( 'NONE',  ( 0.000000000000000000, -0.2000000000000000111, -0.7723778157215710483 ) ) ;
#1980 = EDGE_CURVE ( 'NONE', #1025, #1113, #198, .T. ) ;
#1981 = AXIS2_PLACEMENT_3D ( 'NONE', #1704, #1152, #791 ) ;
#1982 = EDGE_LOOP ( 'NONE', ( #2658, #1033, #1198, #3923, #3530 ) ) ;
#1983 = AXIS2_PLACEMENT_3D ( 'NONE', #2209, #3428, #1228 ) ;
#1984 = LINE ( 'NONE', #3232, #1964 ) ;
#1985 = ORIENTED_EDGE ( 'NONE', *, *, #3179, .T. ) ;
#1986 = CARTESIAN_POINT ( 'NONE',  ( 0.07947913063957472157, 0.2147112901856664258, -2.923572533701941811 ) ) ;
#1987 = EDGE_CURVE ( 'NONE', #2363, #3155, #1222, .T. ) ;
#1988 = EDGE_CURVE ( 'NONE', #1019, #2063, #841, .T. ) ;
#1989 = CARTESIAN_POINT ( 'NONE',  ( 1.912622497411557321, 1.050512603412044443, -0.7554001759739290556 ) ) ;
#1990 = ORIENTED_EDGE ( 'NONE', *, *, #1988, .F. ) ;
#1991 = EDGE_LOOP ( 'NONE', ( #3977, #1155, #3215, #3123, #1663 ) ) ;
#1992 = CARTESIAN_POINT ( 'NONE',  ( -1.078371367894162436, 0.3048986532224917112, -2.657357498248960059 ) ) ;
#1993 = CARTESIAN_POINT ( 'NONE',  ( -0.9192418858641281387, 0.3329008390705299747, -2.309703007936991792 ) ) ;
#1994 = DIRECTION ( 'NONE',  ( 0.3420201433256694346, 0.000000000000000000, 0.9396926207859080948 ) ) ;
#1995 = CARTESIAN_POINT ( 'NONE',  ( 1.918959684993944981, 0.2607853153762891840, -0.6384130399748357831 ) ) ;
#1996 = ORIENTED_EDGE ( 'NONE', *, *, #1547, .T. ) ;
#1997 = CARTESIAN_POINT ( 'NONE',  ( -0.7881939557638578675, 1.900000000000000133, 1.536293027807589695 ) ) ;
#1998 = EDGE_CURVE ( 'NONE', #2767, #1185, #3797, .T. ) ;
#1999 = CIRCLE ( 'NONE', #1612, 0.04999999999999991257 ) ;
#2000 = EDGE_CURVE ( 'NONE', #3837, #1744, #1640, .T. ) ;
#2001 = B_SPLINE_CURVE_WITH_KNOTS ( 'NONE', 3,
 ( #852, #2086, #2493, #1515, #1538, #347, #1819, #3448, #3060, #3080, #2210, #2454, #3406, #931 ),
 .UNSPECIFIED., .F., .F.,
 ( 4, 2, 2, 2, 2, 2, 4 ),
 ( 1.304955990918154511E-06, 0.003908216697833209567, 0.007815128439675501915, 0.009768584310596640716, 0.01172204018151777952, 0.01367549605243891832, 0.01562895192336005712 ),
 .UNSPECIFIED. ) ;
#2002 = AXIS2_PLACEMENT_3D ( 'NONE', #2046, #3017, #2737 ) ;
#2003 = DIRECTION ( 'NONE',  ( 0.000000000000000000, 0.000000000000000000, 1.000000000000000000 ) ) ;
#2004 = DIRECTION ( 'NONE',  ( -0.000000000000000000, 1.000000000000000000, -0.000000000000000000 ) ) ;
#2005 = AXIS2_PLACEMENT_3D ( 'NONE', #1211, #653, #50 ) ;
#2006 = VERTEX_POINT ( 'NONE', #110 ) ;
#2007 = CARTESIAN_POINT ( 'NONE',  ( 1.916848167758089083, 0.7380512614958926187, -0.6157178307290599450 ) ) ;
#2008 = ORIENTED_EDGE ( 'NONE', *, *, #3332, .F. ) ;
#2009 = CARTESIAN_POINT ( 'NONE',  ( 0.05625176034697764588, 0.2008722188243906304, -2.542558382422660745 ) ) ;
#2010 = DATE_AND_TIME ( #79, #620 ) ;
#2011 = ADVANCED_FACE ( 'NONE', ( #3857 ), #2649, .T. ) ;
#2012 = DIRECTION ( 'NONE',  ( 0.04957834750627355264, 0.9987702375714583303, 0.000000000000000000 ) ) ;
#2013 = ORIENTED_EDGE ( 'NONE', *, *, #285, .F. ) ;
#2014 = ORIENTED_EDGE ( 'NONE', *, *, #845, .T. ) ;
#2015 = DIRECTION ( 'NONE',  ( 0.000000000000000000, 1.000000000000000000, 0.000000000000000000 ) ) ;
#2016 = EDGE_CURVE ( 'NONE', #408, #2947, #1035, .T. ) ;
#2017 = CARTESIAN_POINT ( 'NONE',  ( -0.001547626114818544075, 0.2000000000000000389, -0.6249999999999994449 ) ) ;
#2018 = CARTESIAN_POINT ( 'NONE',  ( 1.380714260419334538, 0.9499999999999994005, -1.955293447946984342 ) ) ;
#2019 = AXIS2_PLACEMENT_3D ( 'NONE', #3936, #3632, #506 ) ;
#2020 = CARTESIAN_POINT ( 'NONE',  ( 1.897883621729204995, 0.2450767193939406841, -0.9094088485196820670 ) ) ;
#2021 = ORIENTED_EDGE ( 'NONE', *, *, #2315, .F. ) ;
#2022 = CARTESIAN_POINT ( 'NONE',  ( -1.915446703170013532, 0.8965107094323188086, -0.4926352344709356568 ) ) ;
#2023 = DIRECTION ( 'NONE',  ( 0.000000000000000000, 1.000000000000000000, 0.000000000000000000 ) ) ;
#2024 = FACE_OUTER_BOUND ( 'NONE', #1530, .T. ) ;
#2025 = EDGE_LOOP ( 'NONE', ( #3942, #3475 ) ) ;
#2026 = DIRECTION ( 'NONE',  ( 0.000000000000000000, 0.000000000000000000, 1.000000000000000000 ) ) ;
#2027 = ORIENTED_EDGE ( 'NONE', *, *, #2956, .T. ) ;
#2028 = ADVANCED_FACE ( 'NONE', ( #1073 ), #1958, .T. ) ;
#2029 = FACE_OUTER_BOUND ( 'NONE', #2609, .T. ) ;
#2030 = ORIENTED_EDGE ( 'NONE', *, *, #179, .F. ) ;
#2031 = CARTESIAN_POINT ( 'NONE',  ( 1.646513924551733066, 1.587601871366220108, -2.005822397611163321 ) ) ;
#2032 = PERSON_AND_ORGANIZATION ( #4006, #3787 ) ;
#2033 = CARTESIAN_POINT ( 'NONE',  ( 1.456943975458059765E-16, 8.537024980200822558E-18, -0.9620628550916497934 ) ) ;
#2034 = ORIENTED_EDGE ( 'NONE', *, *, #90, .F. ) ;
#2035 = CIRCLE ( 'NONE', #297, 2.100000000000000533 ) ;
#2036 = ORIENTED_EDGE ( 'NONE', *, *, #2161, .T. ) ;
#2037 = CARTESIAN_POINT ( 'NONE',  ( -1.087436076334295176, 0.3028436027018513443, -2.652528703922185649 ) ) ;
#2038 = VECTOR ( 'NONE', #1317, 39.37007874015748143 ) ;
#2039 = AXIS2_PLACEMENT_3D ( 'NONE', #3124, #3105, #69 ) ;
#2040 = CARTESIAN_POINT ( 'NONE',  ( 1.916580831040994193, 0.8554243600694030336, -0.5604659150776497567 ) ) ;
#2041 = CARTESIAN_POINT ( 'NONE',  ( 0.3249744083775099046, 1.558161486138695428, 1.476299724299888538 ) ) ;
#2042 = AXIS2_PLACEMENT_3D ( 'NONE', #2890, #3518, #2564 ) ;
#2043 = ORIENTED_EDGE ( 'NONE', *, *, #241, .T. ) ;
#2044 = CIRCLE ( 'NONE', #3602, 0.4761393935349992890 ) ;
#2045 = DIRECTION ( 'NONE',  ( 0.8660254037844433705, 0.000000000000000000, 0.4999999999999919509 ) ) ;
#2046 = CARTESIAN_POINT ( 'NONE',  ( -0.002660124004940618049, 1.525000000000000355, -0.6256423009563343296 ) ) ;
#2047 = CARTESIAN_POINT ( 'NONE',  ( -0.8417802023396095956, 0.2679031949846373828, -2.229259629242161811 ) ) ;
#2048 = LINE ( 'NONE', #1436, #1550 ) ;
#2049 = CARTESIAN_POINT ( 'NONE',  ( 0.03598442463655689150, 0.9249167055956923900, 0.2300000000000000100 ) ) ;
#2050 = ORIENTED_EDGE ( 'NONE', *, *, #585, .F. ) ;
#2051 = CARTESIAN_POINT ( 'NONE',  ( 0.000000000000000000, 0.2000000000000000111, 0.2300000000000000100 ) ) ;
#2052 = ORIENTED_EDGE ( 'NONE', *, *, #2907, .F. ) ;
#2053 = CARTESIAN_POINT ( 'NONE',  ( 1.460950838390360440, 0.6910006635278715947, -1.867953346942769155 ) ) ;
#2054 = AXIS2_PLACEMENT_3D ( 'NONE', #1491, #3603, #1181 ) ;
#2055 = EDGE_CURVE ( 'NONE', #111, #3666, #2902, .T. ) ;
#2056 = LINE ( 'NONE', #1139, #3919 ) ;
#2057 = VERTEX_POINT ( 'NONE', #3836 ) ;
#2058 = DIRECTION ( 'NONE',  ( 0.000000000000000000, 1.000000000000000000, 0.000000000000000000 ) ) ;
#2059 = CARTESIAN_POINT ( 'NONE',  ( 0.4120239469246362307, 1.527952755905511939, 1.433847450562142800 ) ) ;
#2060 = PRODUCT_RELATED_PRODUCT_CATEGORY ( 'detail', '', ( #2150 ) ) ;
#2061 = DIRECTION ( 'NONE',  ( 0.000000000000000000, 0.000000000000000000, 1.000000000000000000 ) ) ;
#2062 = CARTESIAN_POINT ( 'NONE',  ( 0.3400459298106410233, 1.575831619311786280, 1.488228819574460404 ) ) ;
#2063 = VERTEX_POINT ( 'NONE', #1054 ) ;
#2064 = DIRECTION ( 'NONE',  ( -0.000000000000000000, 0.000000000000000000, -1.000000000000000000 ) ) ;
#2065 = EDGE_CURVE ( 'NONE', #3014, #3817, #3550, .T. ) ;
#2066 = EDGE_CURVE ( 'NONE', #843, #962, #545, .T. ) ;
#2067 = CARTESIAN_POINT ( 'NONE',  ( 1.697215131225887186, 0.3900323883704854278, -1.517846106415413621 ) ) ;
#2068 = FACE_OUTER_BOUND ( 'NONE', #3353, .T. ) ;
#2069 = CARTESIAN_POINT ( 'NONE',  ( -1.962714524021721640, 1.532436933839536719, -1.392324298514172831 ) ) ;
#2070 = AXIS2_PLACEMENT_3D ( 'NONE', #2398, #1411, #3327 ) ;
#2071 = CARTESIAN_POINT ( 'NONE',  ( 0.06227003317048502434, 1.454447938495695203, 0.2300000000000000100 ) ) ;
#2072 = VERTEX_POINT ( 'NONE', #590 ) ;
#2073 = CARTESIAN_POINT ( 'NONE',  ( 0.04974728571697507179, 0.1956725071760424539, -2.542732362097432919 ) ) ;
#2074 = ORIENTED_EDGE ( 'NONE', *, *, #1657, .T. ) ;
#2075 = CARTESIAN_POINT ( 'NONE',  ( 0.05607281357195168653, 0.2000000000000000389, -2.487183733607915670 ) ) ;
#2076 = AXIS2_PLACEMENT_3D ( 'NONE', #3373, #1526, #3333 ) ;
#2077 = PLANE ( 'NONE',  #3592 ) ;
#2078 = VERTEX_POINT ( 'NONE', #1800 ) ;
#2079 = EDGE_CURVE ( 'NONE', #2080, #1451, #3225, .T. ) ;
#2080 = VERTEX_POINT ( 'NONE', #3917 ) ;
#2081 = LINE ( 'NONE', #3319, #636 ) ;
#2082 = CARTESIAN_POINT ( 'NONE',  ( 0.4131752034316515942, 1.538462083743648456, 1.444601690367206315 ) ) ;
#2083 = ORIENTED_EDGE ( 'NONE', *, *, #3851, .F. ) ;
#2084 = CARTESIAN_POINT ( 'NONE',  ( -1.620658575915971067, 1.302861378793661817, 0.2300000000000000100 ) ) ;
#2085 = CARTESIAN_POINT ( 'NONE',  ( 1.765255846258965811, 0.4114595613921869788, -1.379517097246229840 ) ) ;
#2086 = CARTESIAN_POINT ( 'NONE',  ( -1.793427388642310438, 0.7693168036804327592, -1.312111744305560990 ) ) ;
#2087 = CARTESIAN_POINT ( 'NONE',  ( -1.627695026705806569, 0.5238494123059421748, -1.644217290361240869 ) ) ;
#2088 = CARTESIAN_POINT ( 'NONE',  ( 0.9051502110483842234, 0.2362218778107280925, -2.191277022152641862 ) ) ;
#2089 = EDGE_LOOP ( 'NONE', ( #641, #906, #2480, #531, #896 ) ) ;
#2090 = CARTESIAN_POINT ( 'NONE',  ( -0.06179097679544789251, 0.2069312731057929844, -2.542477503161544750 ) ) ;
#2091 = VERTEX_POINT ( 'NONE', #2415 ) ;
#2092 = CARTESIAN_POINT ( 'NONE',  ( 1.915562201068724546, 1.389943778214778547, -0.5541586904982720441 ) ) ;
#2093 = APPROVAL_DATE_TIME ( #1421, #2485 ) ;
#2094 = EDGE_CURVE ( 'NONE', #1451, #3492, #2048, .T. ) ;
#2095 = CARTESIAN_POINT ( 'NONE',  ( -2.069491319407450014, 1.525000000000000355, -0.9900804052757047335 ) ) ;
#2096 = EDGE_LOOP ( 'NONE', ( #2393, #2614, #3372, #1827 ) ) ;
#2097 = ORIENTED_EDGE ( 'NONE', *, *, #1548, .T. ) ;
#2098 = EDGE_CURVE ( 'NONE', #3304, #2623, #901, .T. ) ;
#2099 = CARTESIAN_POINT ( 'NONE',  ( -0.001547626114818533884, 1.900000000000000133, -0.6249999999999994449 ) ) ;
#2100 = ORIENTED_EDGE ( 'NONE', *, *, #1890, .T. ) ;
#2101 = ORIENTED_EDGE ( 'NONE', *, *, #701, .F. ) ;
#2102 = AXIS2_PLACEMENT_3D ( 'NONE', #1643, #1961, #1687 ) ;
#2103 = CARTESIAN_POINT ( 'NONE',  ( -3.714646831872425031E-19, 0.1448136763892438617, -2.924999479315899098 ) ) ;
#2104 = AXIS2_PLACEMENT_3D ( 'NONE', #337, #919, #1564 ) ;
#2105 = CARTESIAN_POINT ( 'NONE',  ( -0.9166016869554568514, 0.1999999999999999833, -2.262531946068332633 ) ) ;
#2106 = DIRECTION ( 'NONE',  ( 0.04050329323151636435, -0.9961946980917467664, 0.07717257758618331631 ) ) ;
#2107 = CARTESIAN_POINT ( 'NONE',  ( -1.689114365166321630, 1.541385595477685166, 0.08000000000000022371 ) ) ;
#2108 = DIRECTION ( 'NONE',  ( 0.000000000000000000, 1.000000000000000000, 0.000000000000000000 ) ) ;
#2109 = VECTOR ( 'NONE', #727, 39.37007874015748143 ) ;
#2110 = AXIS2_PLACEMENT_3D ( 'NONE', #1754, #3584, #803 ) ;
#2111 = ORIENTED_EDGE ( 'NONE', *, *, #3426, .F. ) ;
#2112 = DIRECTION ( 'NONE',  ( 0.9987702375714582193, -0.04957834750627353876, 0.000000000000000000 ) ) ;
#2113 = ORIENTED_EDGE ( 'NONE', *, *, #520, .F. ) ;
#2114 = EDGE_CURVE ( 'NONE', #223, #1108, #2246, .T. ) ;
#2115 = DIRECTION ( 'NONE',  ( -0.000000000000000000, -1.000000000000000000, 0.000000000000000000 ) ) ;
#2116 = FACE_OUTER_BOUND ( 'NONE', #1511, .T. ) ;
#2117 = EDGE_CURVE ( 'NONE', #3, #3247, #3363, .T. ) ;
#2118 = EDGE_CURVE ( 'NONE', #2589, #1184, #2435, .T. ) ;
#2119 = ORIENTED_EDGE ( 'NONE', *, *, #1014, .T. ) ;
#2120 = LINE ( 'NONE', #1509, #1662 ) ;
#2121 = ORIENTED_EDGE ( 'NONE', *, *, #1433, .F. ) ;
#2122 = ORIENTED_EDGE ( 'NONE', *, *, #678, .F. ) ;
#2123 = CARTESIAN_POINT ( 'NONE',  ( -2.266529122699372678, 1.400000000000000355, -1.024823486215595825 ) ) ;
#2124 = CARTESIAN_POINT ( 'NONE',  ( 0.000000000000000000, 0.1431676147002793609, -2.943814050514337755 ) ) ;
#2125 = DIRECTION ( 'NONE',  ( 0.000000000000000000, -0.000000000000000000, 1.000000000000000000 ) ) ;
#2126 = CARTESIAN_POINT ( 'NONE',  ( -1.755638702360611481, 1.508353193285557614, 0.08000000000000018208 ) ) ;
#2127 = DIRECTION ( 'NONE',  ( -0.000000000000000000, -1.000000000000000000, 0.000000000000000000 ) ) ;
#2128 = VERTEX_POINT ( 'NONE', #1780 ) ;
#2129 = DIRECTION ( 'NONE',  ( -0.000000000000000000, -1.000000000000000000, -0.000000000000000000 ) ) ;
#2130 = ORIENTED_EDGE ( 'NONE', *, *, #224, .T. ) ;
#2131 = CARTESIAN_POINT ( 'NONE',  ( 0.04499998625123682178, 0.1966018709336657955, -2.488608689674702834 ) ) ;
#2132 = VERTEX_POINT ( 'NONE', #3367 ) ;
#2133 = CARTESIAN_POINT ( 'NONE',  ( -0.8403306461711790298, 0.3149300741820536542, -2.350339462109324096 ) ) ;
#2134 = AXIS2_PLACEMENT_3D ( 'NONE', #3658, #4001, #3620 ) ;
#2135 = CARTESIAN_POINT ( 'NONE',  ( -1.919735659692864749, 0.7812907286141985708, -0.6547194961872965235 ) ) ;
#2136 = EDGE_CURVE ( 'NONE', #3554, #134, #5, .T. ) ;
#2137 = VECTOR ( 'NONE', #3430, 39.37007874015748143 ) ;
#2138 = CARTESIAN_POINT ( 'NONE',  ( 0.8300751009627576060, 1.658662601581720741, -3.100000000000000089 ) ) ;
#2139 = DIRECTION ( 'NONE',  ( 0.000000000000000000, 0.000000000000000000, 1.000000000000000000 ) ) ;
#2140 = ORIENTED_EDGE ( 'NONE', *, *, #3538, .F. ) ;
#2141 = VERTEX_POINT ( 'NONE', #1761 ) ;
#2142 = EDGE_CURVE ( 'NONE', #1501, #1763, #2355, .T. ) ;
#2143 = CARTESIAN_POINT ( 'NONE',  ( -0.001547626114818272808, 0.1448286590893573811, -2.924999999999999378 ) ) ;
#2144 = DIRECTION ( 'NONE',  ( 0.000000000000000000, 1.000000000000000000, 0.000000000000000000 ) ) ;
#2145 = CARTESIAN_POINT ( 'NONE',  ( 1.885172064955795923, 1.596444302755065658, -0.2747168304755546187 ) ) ;
#2146 = CARTESIAN_POINT ( 'NONE',  ( 1.800767660163441697, 1.371921507826240338, 0.03232113630927795772 ) ) ;
#2147 = CARTESIAN_POINT ( 'NONE',  ( 1.782633861463066127, 1.185374344566401561, 0.08000000000000022371 ) ) ;
#2148 = B_SPLINE_CURVE_WITH_KNOTS ( 'NONE', 3,
 ( #1450, #3341, #183, #2690, #1146, #3892, #562, #3260, #2931, #481, #163, #1386, #2628, #1717, #2952, #1407, #1107, #3358, #626, #2183, #3075, #2, #2807, #1263, #1852, #1573, #261, #2731, #281, #3745 ),
 .UNSPECIFIED., .F., .F.,
 ( 4, 2, 2, 2, 2, 2, 2, 2, 2, 2, 2, 2, 2, 2, 4 ),
 ( 0.000000000000000000, 0.0003978600325389015208, 0.0007957200650778030416, 0.001193580097616704508, 0.001591440130155606083, 0.002387160195233389501, 0.003182880260311172702, 0.003580740292850063868, 0.003978600325388955902, 0.004376460357927846635, 0.004774320390466739103, 0.005172180423005630703, 0.005570040455544522304, 0.005967900488083413904, 0.006365760520622305504 ),
 .UNSPECIFIED. ) ;
#2149 = ORIENTED_EDGE ( 'NONE', *, *, #1168, .T. ) ;
#2150 = PRODUCT ( 'TopOfIbexHoleCover', 'TopOfIbexHoleCover', '', ( #3764 ) ) ;
#2151 = CYLINDRICAL_SURFACE ( 'NONE', #3467, 2.098715398087330541 ) ;
#2152 = ORIENTED_EDGE ( 'NONE', *, *, #4004, .T. ) ;
#2153 = DIRECTION ( 'NONE',  ( -0.3420201433256694346, 0.000000000000000000, -0.9396926207859080948 ) ) ;
#2154 = CARTESIAN_POINT ( 'NONE',  ( -1.725118516347445397, 0.3912858029578902275, -1.467707147219460495 ) ) ;
#2155 = ORIENTED_EDGE ( 'NONE', *, *, #3410, .T. ) ;
#2156 = CARTESIAN_POINT ( 'NONE',  ( -0.8845883553836167978, 0.3388095042713276106, -2.328124273790078913 ) ) ;
#2157 = ADVANCED_FACE ( 'NONE', ( #3614 ), #1742, .F. ) ;
#2158 = DIRECTION ( 'NONE',  ( 0.000000000000000000, 0.000000000000000000, 1.000000000000000000 ) ) ;
#2159 = CARTESIAN_POINT ( 'NONE',  ( 0.4004814016365439988, 0.000000000000000000, -1.103436015748876731 ) ) ;
#2160 = CARTESIAN_POINT ( 'NONE',  ( -0.04348795467705013351, 0.2000000000000000389, -2.407934765254088116 ) ) ;
#2161 = EDGE_CURVE ( 'NONE', #3554, #2597, #276, .T. ) ;
#2162 = ORIENTED_EDGE ( 'NONE', *, *, #2855, .T. ) ;
#2163 = DIRECTION ( 'NONE',  ( -0.8660254037844362651, 0.000000000000000000, 0.5000000000000039968 ) ) ;
#2164 = CARTESIAN_POINT ( 'NONE',  ( 1.746357333091021813, 0.3338679480255650756, 0.08000000000000022371 ) ) ;
#2165 = CARTESIAN_POINT ( 'NONE',  ( 1.904730881305642942, 1.529271690403176454, -0.4083922036132200395 ) ) ;
#2166 = CONICAL_SURFACE ( 'NONE', #484, 2.592076750190625667, 1.417513291298624134 ) ;
#2167 = LINE ( 'NONE', #3690, #1928 ) ;
#2168 = CARTESIAN_POINT ( 'NONE',  ( 0.08018604085554398297, 0.2525250689626611367, -2.541676350822521968 ) ) ;
#2169 = AXIS2_PLACEMENT_3D ( 'NONE', #3997, #1213, #2460 ) ;
#2170 = CARTESIAN_POINT ( 'NONE',  ( 0.6579926148009517251, 0.3745944723119815079, -2.269972679339961719 ) ) ;
#2171 = ORIENTED_EDGE ( 'NONE', *, *, #3707, .T. ) ;
#2172 = FACE_OUTER_BOUND ( 'NONE', #886, .T. ) ;
#2173 = CARTESIAN_POINT ( 'NONE',  ( 0.8300751009627576060, 1.658662601581720963, -2.353795019782185527 ) ) ;
#2174 = AXIS2_PLACEMENT_3D ( 'NONE', #3427, #648, #4 ) ;
#2175 = VECTOR ( 'NONE', #1387, 39.37007874015748854 ) ;
#2176 = ORIENTED_EDGE ( 'NONE', *, *, #1182, .T. ) ;
#2177 = CARTESIAN_POINT ( 'NONE',  ( -0.8260538601638163225, 0.2256763409022868316, -2.357204837018295418 ) ) ;
#2178 = CARTESIAN_POINT ( 'NONE',  ( -1.917600481021337178, 0.7484883391296013322, -0.7202367461656523639 ) ) ;
#2179 = ADVANCED_FACE ( 'NONE', ( #2720 ), #2583, .F. ) ;
#2180 = AXIS2_PLACEMENT_3D ( 'NONE', #2099, #1475, #2328 ) ;
#2181 = EDGE_CURVE ( 'NONE', #3666, #2764, #3818, .T. ) ;
#2182 = CARTESIAN_POINT ( 'NONE',  ( -1.974807496717371658, 1.655905511811023745, -1.343445242209933443 ) ) ;
#2183 = CARTESIAN_POINT ( 'NONE',  ( 1.011901333546328274, 0.2740682236101760205, -2.689686312879817631 ) ) ;
#2184 = CARTESIAN_POINT ( 'NONE',  ( 1.814656557119770364, 1.362651806108976293, -0.006719828016451912488 ) ) ;
#2185 = ORIENTED_EDGE ( 'NONE', *, *, #2289, .T. ) ;
#2186 = VECTOR ( 'NONE', #1549, 39.37007874015748143 ) ;
#2187 = AXIS2_PLACEMENT_3D ( 'NONE', #702, #3808, #741 ) ;
#2188 = CARTESIAN_POINT ( 'NONE',  ( -0.8019372449405131054, 0.2000000000000000111, -2.243461560680248379 ) ) ;
#2189 = VECTOR ( 'NONE', #3972, 39.37007874015748143 ) ;
#2190 = DIRECTION ( 'NONE',  ( 0.000000000000000000, 1.000000000000000000, 0.000000000000000000 ) ) ;
#2191 = CARTESIAN_POINT ( 'NONE',  ( 1.907044900857074676, 1.515574141325316315, -0.4300025612434213995 ) ) ;
#2192 = CARTESIAN_POINT ( 'NONE',  ( -1.742665552329787371, 0.4970225339913525997, 0.08000000000000022371 ) ) ;
#2193 = CARTESIAN_POINT ( 'NONE',  ( -1.974807496717371658, 1.400000000000000355, -1.343445242209933443 ) ) ;
#2194 = EDGE_CURVE ( 'NONE', #605, #3574, #3752, .T. ) ;
#2195 = CYLINDRICAL_SURFACE ( 'NONE', #2169, 0.08000000000000001554 ) ;
#2196 = ORIENTED_EDGE ( 'NONE', *, *, #1519, .F. ) ;
#2197 = CARTESIAN_POINT ( 'NONE',  ( 0.000000000000000000, 1.231878152392601677, 0.2300000000000000100 ) ) ;
#2198 = DIRECTION ( 'NONE',  ( 0.000000000000000000, -0.9961946980917469885, 0.08715574274764328888 ) ) ;
#2199 = ADVANCED_FACE ( 'NONE', ( #48 ), #610, .F. ) ;
#2200 = ORIENTED_EDGE ( 'NONE', *, *, #447, .F. ) ;
#2201 = DIRECTION ( 'NONE',  ( 0.000000000000000000, 1.000000000000000000, 0.000000000000000000 ) ) ;
#2202 = FACE_OUTER_BOUND ( 'NONE', #2701, .T. ) ;
#2203 = CIRCLE ( 'NONE', #968, 2.098715398087330541 ) ;
#2204 = B_SPLINE_CURVE_WITH_KNOTS ( 'NONE', 3,
 ( #3732, #952, #2192, #3429, #104, #1330, #2932, #3848, #2568, #1915, #3872, #3484, #1349, #2549 ),
 .UNSPECIFIED., .F., .F.,
 ( 4, 2, 2, 2, 2, 2, 4 ),
 ( 0.01547413447404602516, 0.01637107499346221809, 0.01726801551287841102, 0.01771648577258650575, 0.01816495603229460049, 0.01861342629200269522, 0.01906189655171078995 ),
 .UNSPECIFIED. ) ;
#2205 = LINE ( 'NONE', #2448, #1064 ) ;
#2206 = VECTOR ( 'NONE', #286, 39.37007874015748143 ) ;
#2207 = COORDINATED_UNIVERSAL_TIME_OFFSET ( 5, 0, .BEHIND. ) ;
#2208 = CARTESIAN_POINT ( 'NONE',  ( -1.104421797167874031, 0.1554754496993060453, -2.643337799753617379 ) ) ;
#2209 = CARTESIAN_POINT ( 'NONE',  ( 0.000000000000000000, -0.2000000000000000111, 0.2276221842784289795 ) ) ;
#2210 = CARTESIAN_POINT ( 'NONE',  ( -1.901681980776466663, 0.9176439872052021274, -0.8900670266895513993 ) ) ;
#2211 = CARTESIAN_POINT ( 'NONE',  ( 1.803867185223247960, 1.369881693479057638, 0.02375949232580030004 ) ) ;
#2212 = CARTESIAN_POINT ( 'NONE',  ( -1.895228342273248101, 1.161796968332028612, -0.3077076541344899163 ) ) ;
#2213 = VERTEX_POINT ( 'NONE', #1248 ) ;
#2214 = CARTESIAN_POINT ( 'NONE',  ( 1.832769908541810100, 0.4438272825108251496, -1.186789785121498575 ) ) ;
#2215 = DIRECTION ( 'NONE',  ( 0.000000000000000000, -1.000000000000000000, 0.000000000000000000 ) ) ;
#2216 = VERTEX_POINT ( 'NONE', #988 ) ;
#2217 = CARTESIAN_POINT ( 'NONE',  ( 0.9606603320334872187, 0.2727119007124693129, -2.284664060157674648 ) ) ;
#2218 = CIRCLE ( 'NONE', #1505, 1.169999999999999929 ) ;
#2219 = DIRECTION ( 'NONE',  ( 0.000000000000000000, 1.000000000000000000, 0.000000000000000000 ) ) ;
#2220 = EDGE_CURVE ( 'NONE', #2623, #2364, #195, .T. ) ;
#2221 = DIRECTION ( 'NONE',  ( -0.04957834750627355264, -0.9987702375714583303, -0.000000000000000000 ) ) ;
#2222 = CARTESIAN_POINT ( 'NONE',  ( -1.919772311851278834, 1.328071334193586139, -0.5813232560157853834 ) ) ;
#2223 = DIRECTION ( 'NONE',  ( 0.000000000000000000, 0.000000000000000000, -1.000000000000000000 ) ) ;
#2224 = CARTESIAN_POINT ( 'NONE',  ( -0.01195730786544288611, 0.3046934776780151899, -2.924981983740249092 ) ) ;
#2225 = DIRECTION ( 'NONE',  ( 0.000000000000000000, 1.000000000000000000, 0.000000000000000000 ) ) ;
#2226 = DIRECTION ( 'NONE',  ( 0.000000000000000000, 0.000000000000000000, -1.000000000000000000 ) ) ;
#2227 = ORIENTED_EDGE ( 'NONE', *, *, #2935, .F. ) ;
#2228 = FACE_OUTER_BOUND ( 'NONE', #2451, .T. ) ;
#2229 = DIRECTION ( 'NONE',  ( 0.000000000000000000, 1.000000000000000000, 0.000000000000000000 ) ) ;
#2230 = AXIS2_PLACEMENT_3D ( 'NONE', #494, #213, #1727 ) ;
#2231 = AXIS2_PLACEMENT_3D ( 'NONE', #3854, #730, #2290 ) ;
#2232 = ORIENTED_EDGE ( 'NONE', *, *, #3633, .F. ) ;
#2233 = CARTESIAN_POINT ( 'NONE',  ( 1.570415290101632610, 1.569215992375967206, 0.2300000000000109734 ) ) ;
#2234 = CIRCLE ( 'NONE', #491, 2.505738313872543088 ) ;
#2235 = DIRECTION ( 'NONE',  ( 0.9987702375714583303, -0.04957834750627353876, 0.000000000000000000 ) ) ;
#2236 = EDGE_CURVE ( 'NONE', #2389, #3920, #649, .T. ) ;
#2237 = ADVANCED_FACE ( 'NONE', ( #932 ), #2516, .F. ) ;
#2238 = DIRECTION ( 'NONE',  ( 0.000000000000000000, -1.000000000000000000, 0.000000000000000000 ) ) ;
#2239 =( NAMED_UNIT ( * ) PLANE_ANGLE_UNIT ( ) SI_UNIT ( $, .RADIAN. ) );
#2240 = ORIENTED_EDGE ( 'NONE', *, *, #2503, .T. ) ;
#2241 = CARTESIAN_POINT ( 'NONE',  ( 0.000000000000000000, 1.389943778214778547, -1.839851056971786303 ) ) ;
#2242 = CARTESIAN_POINT ( 'NONE',  ( 9.586090385610664561E-18, 0.3054248503961792260, -2.924999479315899098 ) ) ;
#2243 = CARTESIAN_POINT ( 'NONE',  ( -0.08000704699494597116, 0.2302898416951267291, -2.923661375524015060 ) ) ;
#2244 = PLANE ( 'NONE',  #1005 ) ;
#2245 = CARTESIAN_POINT ( 'NONE',  ( 0.8300751009627576060, 1.658662601581720741, -3.100000000000000089 ) ) ;
#2246 = B_SPLINE_CURVE_WITH_KNOTS ( 'NONE', 3,
 ( #570, #1457, #3019, #2675, #3042, #1151, #3653, #1129, #270, #2696, #1171, #870, #1498, #2739 ),
 .UNSPECIFIED., .F., .F.,
 ( 4, 2, 2, 2, 2, 2, 4 ),
 ( 2.239529028554905271E-07, 0.001919248834390719412, 0.003838273715878583094, 0.005757298597366447210, 0.007676323478854310892, 0.01151437324183004693, 0.01535242300480578123 ),
 .UNSPECIFIED. ) ;
#2247 = ORIENTED_EDGE ( 'NONE', *, *, #2489, .F. ) ;
#2248 = CARTESIAN_POINT ( 'NONE',  ( -1.012233152174955908, 0.2741026059138372273, -2.691040463002092764 ) ) ;
#2249 = CARTESIAN_POINT ( 'NONE',  ( -1.802592947041403937, 0.4881188535884244950, 0.03732178826900680452 ) ) ;
#2250 = EDGE_LOOP ( 'NONE', ( #3586, #3843, #495, #1416 ) ) ;
#2251 = CARTESIAN_POINT ( 'NONE',  ( 0.000000000000000000, -0.01968503937007872254, 0.2276221842784289795 ) ) ;
#2252 = ORIENTED_EDGE ( 'NONE', *, *, #2194, .T. ) ;
#2253 = DIRECTION ( 'NONE',  ( -0.04050329323151605210, -0.9961946980917466554, 0.07717257758618338570 ) ) ;
#2254 = CARTESIAN_POINT ( 'NONE',  ( 1.607274140168331478, 1.400000000000000355, -1.974670555105230596 ) ) ;
#2255 = B_SPLINE_CURVE_WITH_KNOTS ( 'NONE', 3,
 ( #3350, #3615, #189, #2961 ),
 .UNSPECIFIED., .F., .F.,
 ( 4, 4 ),
 ( 0.03842839368767368008, 0.05786408047843782931 ),
 .UNSPECIFIED. ) ;
#2256 = DIRECTION ( 'NONE',  ( -0.3420201433256685464, 0.000000000000000000, 0.9396926207859085389 ) ) ;
#2257 = EDGE_LOOP ( 'NONE', ( #2792, #3820, #3510, #453, #474, #883 ) ) ;
#2258 = VERTEX_POINT ( 'NONE', #366 ) ;
#2259 = AXIS2_PLACEMENT_3D ( 'NONE', #3974, #891, #1190 ) ;
#2260 = FACE_BOUND ( 'NONE', #1746, .T. ) ;
#2261 = B_SPLINE_CURVE_WITH_KNOTS ( 'NONE', 3,
 ( #3902, #3921, #1134, #2381 ),
 .UNSPECIFIED., .F., .F.,
 ( 4, 4 ),
 ( 0.01618803948843267060, 0.01668917637892501291 ),
 .UNSPECIFIED. ) ;
#2262 = B_SPLINE_CURVE_WITH_KNOTS ( 'NONE', 3,
 ( #607, #2474, #1557, #3465, #2794, #950, #346, #1576, #379, #2811, #43, #2514, #3748, #969, #1993, #1384, #480, #3240 ),
 .UNSPECIFIED., .F., .F.,
 ( 4, 2, 2, 2, 2, 2, 2, 2, 4 ),
 ( 0.0006610851413549283630, 0.001266094394298330258, 0.001871103647241731827, 0.002476112900185133830, 0.003081122153128535400, 0.003686131406071937837, 0.004291140659015337672, 0.004896149911958736639, 0.005501159164902136474 ),
 .UNSPECIFIED. ) ;
#2263 = DIRECTION ( 'NONE',  ( -0.000000000000000000, -1.000000000000000000, -0.000000000000000000 ) ) ;
#2264 = VECTOR ( 'NONE', #1486, 39.37007874015748143 ) ;
#2265 = CARTESIAN_POINT ( 'NONE',  ( 0.8400036153076640977, 0.3149024034578971620, -2.348990903679273767 ) ) ;
#2266 = EDGE_CURVE ( 'NONE', #962, #3064, #2167, .T. ) ;
#2267 = CARTESIAN_POINT ( 'NONE',  ( -1.718901282359109439, -6.505382386916236825, 0.2300000000000000100 ) ) ;
#2268 = EDGE_CURVE ( 'NONE', #3894, #174, #1999, .T. ) ;
#2269 = CARTESIAN_POINT ( 'NONE',  ( -0.9460336287686965662, 0.3276636696665440329, -2.177646726610146022 ) ) ;
#2270 = ORIENTED_EDGE ( 'NONE', *, *, #507, .F. ) ;
#2271 = CARTESIAN_POINT ( 'NONE',  ( -1.050306435978511255, 0.1469636616340936064, -2.671997232951626611 ) ) ;
#2272 = CARTESIAN_POINT ( 'NONE',  ( -0.001547626114818544075, -6.505382386916236825, 1.675000000000000488 ) ) ;
#2273 = VERTEX_POINT ( 'NONE', #3061 ) ;
#2274 = CARTESIAN_POINT ( 'NONE',  ( -0.001547626114818544075, 1.658662601581720963, -0.6249999999999994449 ) ) ;
#2275 = ORIENTED_EDGE ( 'NONE', *, *, #3131, .T. ) ;
#2276 = CARTESIAN_POINT ( 'NONE',  ( 1.616912652507755954, 1.574167903823565196, -2.024021043474034887 ) ) ;
#2277 = EDGE_CURVE ( 'NONE', #1304, #3267, #708, .T. ) ;
#2278 = FACE_OUTER_BOUND ( 'NONE', #3539, .T. ) ;
#2279 = VERTEX_POINT ( 'NONE', #3994 ) ;
#2280 = ORIENTED_EDGE ( 'NONE', *, *, #635, .T. ) ;
#2281 = DIRECTION ( 'NONE',  ( 0.000000000000000000, -0.000000000000000000, 1.000000000000000000 ) ) ;
#2282 = FACE_OUTER_BOUND ( 'NONE', #3331, .T. ) ;
#2283 = EDGE_CURVE ( 'NONE', #3417, #3323, #1578, .T. ) ;
#2284 = CARTESIAN_POINT ( 'NONE',  ( -1.835044714062846749, 1.424441097239051102, -0.05983404643599437439 ) ) ;
#2285 = FACE_OUTER_BOUND ( 'NONE', #2096, .T. ) ;
#2286 = EDGE_LOOP ( 'NONE', ( #350, #152, #190 ) ) ;
#2287 =( BOUNDED_CURVE ( )  B_SPLINE_CURVE ( 3, ( #2866, #1287, #3196, #1006 ),
 .UNSPECIFIED., .F., .F. ) 
 B_SPLINE_CURVE_WITH_KNOTS ( ( 4, 4 ),
 ( 5.529704509439953952, 5.732244079809806436 ),
 .UNSPECIFIED. ) 
 CURVE ( )  GEOMETRIC_REPRESENTATION_ITEM ( )  RATIONAL_B_SPLINE_CURVE ( ( 1.000000000000000000, 0.9965843974460668608, 0.9965843974460668608, 1.000000000000000000 ) ) 
 REPRESENTATION_ITEM ( '' )  );
#2288 = CARTESIAN_POINT ( 'NONE',  ( 0.2770110359617079521, 0.2673055906461394016, -2.340169814332609288 ) ) ;
#2289 = EDGE_CURVE ( 'NONE', #1140, #1493, #3408, .T. ) ;
#2290 = DIRECTION ( 'NONE',  ( 0.000000000000000000, 0.000000000000000000, -1.000000000000000000 ) ) ;
#2291 = CARTESIAN_POINT ( 'NONE',  ( -0.8428692799915424860, 0.2000000000000000389, -2.349095837050181323 ) ) ;
#2292 = ORIENTED_EDGE ( 'NONE', *, *, #752, .T. ) ;
#2293 = ORIENTED_EDGE ( 'NONE', *, *, #834, .T. ) ;
#2294 = PLANE ( 'NONE',  #3496 ) ;
#2295 = AXIS2_PLACEMENT_3D ( 'NONE', #758, #458, #1691 ) ;
#2296 = VECTOR ( 'NONE', #966, 39.37007874015748143 ) ;
#2297 = CARTESIAN_POINT ( 'NONE',  ( 1.916429290822487586, 0.6650708984255937484, -0.6682965986759300536 ) ) ;
#2298 = B_SPLINE_CURVE_WITH_KNOTS ( 'NONE', 3,
 ( #2361, #3555, #2276, #2943, #496, #2617, #1077, #2031, #3840, #795, #2882, #1419, #774, #1116, #1041, #2321, #3190, #1340, #3250, #2641, #1708, #2578 ),
 .UNSPECIFIED., .F., .F.,
 ( 4, 2, 2, 2, 2, 2, 2, 2, 2, 2, 4 ),
 ( 0.001362082661128090778, 0.001844975259772761896, 0.002327867858417433013, 0.002569314157739752309, 0.002810760457062071171, 0.003052206756384390034, 0.003293653055706709330, 0.003776545654351378713, 0.004259438252996046795, 0.004742330851640716612, 0.005225223450285385561 ),
 .UNSPECIFIED. ) ;
#2299 = EDGE_LOOP ( 'NONE', ( #2933, #2683, #3389, #1847 ) ) ;
#2300 = EDGE_LOOP ( 'NONE', ( #3908, #2540, #1174, #3360, #34 ) ) ;
#2301 = ADVANCED_FACE ( 'NONE', ( #633 ), #712, .T. ) ;
#2302 = ADVANCED_FACE ( 'NONE', ( #8 ), #3711, .T. ) ;
#2303 = AXIS2_PLACEMENT_3D ( 'NONE', #2434, #3118, #666 ) ;
#2304 = CARTESIAN_POINT ( 'NONE',  ( -1.104487999741334825, 0.2947743003994173216, -2.643301597249715140 ) ) ;
#2305 = VECTOR ( 'NONE', #2970, 39.37007874015748143 ) ;
#2306 = CARTESIAN_POINT ( 'NONE',  ( -1.820200974062149646, 1.400000000000000355, -1.674999999999982503 ) ) ;
#2307 = CARTESIAN_POINT ( 'NONE',  ( -0.006762077098976966398, 0.1449299386262024869, -2.924999999999998934 ) ) ;
#2308 = DIRECTION ( 'NONE',  ( -0.3420201433256685464, 0.000000000000000000, 0.9396926207859085389 ) ) ;
#2309 = ORIENTED_EDGE ( 'NONE', *, *, #3132, .T. ) ;
#2310 = DIRECTION ( 'NONE',  ( 0.000000000000000000, 0.000000000000000000, 1.000000000000000000 ) ) ;
#2311 = VECTOR ( 'NONE', #411, 39.37007874015748854 ) ;
#2312 = DESIGN_CONTEXT ( 'detailed design', #1466, 'design' ) ;
#2313 = DIRECTION ( 'NONE',  ( 0.000000000000000000, 1.000000000000000000, 0.000000000000000000 ) ) ;
#2314 = DIRECTION ( 'NONE',  ( 0.000000000000000000, 1.000000000000000000, -0.000000000000000000 ) ) ;
#2315 = EDGE_CURVE ( 'NONE', #2591, #3817, #1559, .T. ) ;
#2316 = VECTOR ( 'NONE', #3606, 39.37007874015748143 ) ;
#2317 = ORIENTED_EDGE ( 'NONE', *, *, #1266, .F. ) ;
#2318 = CIRCLE ( 'NONE', #960, 2.299999999999999822 ) ;
#2319 = CARTESIAN_POINT ( 'NONE',  ( -0.9999999999999995559, 0.1999999999999999278, 0.2300000000000000100 ) ) ;
#2320 = EDGE_LOOP ( 'NONE', ( #258, #1040, #1949, #3964 ) ) ;
#2321 = CARTESIAN_POINT ( 'NONE',  ( 1.656329041857053319, 1.563758172917117939, -1.963872147550639324 ) ) ;
#2322 = EDGE_CURVE ( 'NONE', #1076, #1304, #2204, .T. ) ;
#2323 = FACE_BOUND ( 'NONE', #3593, .T. ) ;
#2324 = ORIENTED_EDGE ( 'NONE', *, *, #1861, .F. ) ;
#2325 = ORIENTED_EDGE ( 'NONE', *, *, #2642, .T. ) ;
#2326 = DIRECTION ( 'NONE',  ( 0.000000000000000000, 0.000000000000000000, 1.000000000000000000 ) ) ;
#2327 = DIRECTION ( 'NONE',  ( 0.8660254037844431485, 0.000000000000000000, 0.4999999999999918954 ) ) ;
#2328 = DIRECTION ( 'NONE',  ( -0.8660254037844363761, 0.000000000000000000, 0.5000000000000039968 ) ) ;
#2329 = DIRECTION ( 'NONE',  ( 0.000000000000000000, 0.000000000000000000, 1.000000000000000000 ) ) ;
#2330 = ORIENTED_EDGE ( 'NONE', *, *, #2055, .T. ) ;
#2331 = EDGE_CURVE ( 'NONE', #2364, #3631, #2044, .T. ) ;
#2332 = DIRECTION ( 'NONE',  ( 0.000000000000000000, 0.000000000000000000, -1.000000000000000000 ) ) ;
#2333 = DIRECTION ( 'NONE',  ( 0.04050329323151605210, -0.9961946980917466554, 0.07717257758618338570 ) ) ;
#2334 = PLANE ( 'NONE',  #3493 ) ;
#2335 = CARTESIAN_POINT ( 'NONE',  ( -0.001547626114818544075, 1.900000000000000133, -0.6249999999999994449 ) ) ;
#2336 = AXIS2_PLACEMENT_3D ( 'NONE', #2458, #573, #2477 ) ;
#2337 = ORIENTED_EDGE ( 'NONE', *, *, #1368, .F. ) ;
#2338 = CARTESIAN_POINT ( 'NONE',  ( -0.8343941456990204841, 1.658662601581720963, -2.353205790822410215 ) ) ;
#2339 = ORIENTED_EDGE ( 'NONE', *, *, #877, .F. ) ;
#2340 = CARTESIAN_POINT ( 'NONE',  ( 0.07593051586065058256, 0.2510608492966544536, -2.923695531811990378 ) ) ;
#2341 = APPROVAL_ROLE ( '' ) ;
#2342 = DIRECTION ( 'NONE',  ( 0.000000000000000000, -0.000000000000000000, -1.000000000000000000 ) ) ;
#2343 = ORIENTED_EDGE ( 'NONE', *, *, #2788, .T. ) ;
#2344 = ORIENTED_EDGE ( 'NONE', *, *, #1137, .F. ) ;
#2345 = B_SPLINE_CURVE_WITH_KNOTS ( 'NONE', 3,
 ( #3786, #1009, #3483, #421, #2284, #3521, #2648, #3585, #2349, #2392, #804, #3013, #863, #3608 ),
 .UNSPECIFIED., .F., .F.,
 ( 4, 2, 2, 2, 2, 2, 4 ),
 ( 0.004298340109105001396, 0.006748126882970293360, 0.009197913656835584456, 0.01042280704376823998, 0.01164770043070089550, 0.01287259381763354582, 0.01409748720456619961 ),
 .UNSPECIFIED. ) ;
#2346 = EDGE_CURVE ( 'NONE', #980, #2063, #1845, .T. ) ;
#2347 = CARTESIAN_POINT ( 'NONE',  ( 1.380714260419333872, 0.3392928441445153265, -1.955293447946985230 ) ) ;
#2348 = CARTESIAN_POINT ( 'NONE',  ( 1.806906216081391126, 1.367845258825650223, 0.01517441471945802159 ) ) ;
#2349 = CARTESIAN_POINT ( 'NONE',  ( -1.860925954278149330, 1.362019913615007072, -0.1525609273867482019 ) ) ;
#2350 = ORIENTED_EDGE ( 'NONE', *, *, #1390, .T. ) ;
#2351 = CARTESIAN_POINT ( 'NONE',  ( -0.7881939557638578675, 1.400000000000000355, 1.536293027807589695 ) ) ;
#2352 = DIRECTION ( 'NONE',  ( 0.000000000000000000, 0.000000000000000000, -1.000000000000000000 ) ) ;
#2353 = CARTESIAN_POINT ( 'NONE',  ( 0.000000000000000000, 0.1999999999999999278, 0.2300000000000000100 ) ) ;
#2354 = EDGE_CURVE ( 'NONE', #715, #866, #1422, .T. ) ;
#2355 = B_SPLINE_CURVE_WITH_KNOTS ( 'NONE', 3,
 ( #1111, #835, #2069, #2356 ),
 .UNSPECIFIED., .F., .F.,
 ( 4, 4 ),
 ( 0.004510356311247137526, 0.005225223450285363877 ),
 .UNSPECIFIED. ) ;
#2356 = CARTESIAN_POINT ( 'NONE',  ( -1.957148019671685280, 1.525000000000000355, -1.390222831614186250 ) ) ;
#2357 = CARTESIAN_POINT ( 'NONE',  ( -2.266529122699372678, 1.775000000000000133, -1.024823486215595825 ) ) ;
#2358 = ORIENTED_EDGE ( 'NONE', *, *, #802, .F. ) ;
#2359 = CARTESIAN_POINT ( 'NONE',  ( -0.001547626114818215345, 0.3387938539515721881, -2.543418249656636210 ) ) ;
#2360 = VERTEX_POINT ( 'NONE', #2630 ) ;
#2361 = CARTESIAN_POINT ( 'NONE',  ( 1.607274140168331478, 1.565604493587914980, -2.024670555105230640 ) ) ;
#2362 = CARTESIAN_POINT ( 'NONE',  ( 1.138849016942409476, 0.2199308945539847626, -2.622372147724747027 ) ) ;
#2363 = VERTEX_POINT ( 'NONE', #1030 ) ;
#2364 = VERTEX_POINT ( 'NONE', #1679 ) ;
#2365 = EDGE_CURVE ( 'NONE', #2072, #3631, #1700, .T. ) ;
#2366 = CARTESIAN_POINT ( 'NONE',  ( -2.069491319407450014, 1.400000000000000355, -0.9900804052757047335 ) ) ;
#2367 = LOCAL_TIME ( 10, 41, 44.00000000000000000, #2207 ) ;
#2368 = LINE ( 'NONE', #3607, #689 ) ;
#2369 = LINE ( 'NONE', #2018, #3934 ) ;
#2370 = CIRCLE ( 'NONE', #813, 2.300000000000000266 ) ;
#2371 = ORIENTED_EDGE ( 'NONE', *, *, #1628, .F. ) ;
#2372 = VECTOR ( 'NONE', #26, 39.37007874015748854 ) ;
#2373 = CYLINDRICAL_SURFACE ( 'NONE', #1699, 2.098715398087330986 ) ;
#2374 = CARTESIAN_POINT ( 'NONE',  ( -0.01321821158063037419, 0.1892928623993753168, -2.426184965558682904 ) ) ;
#2375 = DIRECTION ( 'NONE',  ( -0.000000000000000000, -1.000000000000000000, -0.000000000000000000 ) ) ;
#2376 = CARTESIAN_POINT ( 'NONE',  ( -1.706383138244305098, 1.534606687845369910, 0.08000000000000020983 ) ) ;
#2377 = VECTOR ( 'NONE', #222, 39.37007874015748143 ) ;
#2378 = CARTESIAN_POINT ( 'NONE',  ( -1.974807496717371658, 1.547028277803313312, -1.393445242209933488 ) ) ;
#2379 = EDGE_CURVE ( 'NONE', #2213, #2063, #2894, .T. ) ;
#2380 = EDGE_LOOP ( 'NONE', ( #2400, #1380, #2027, #1503, #1376 ) ) ;
#2381 = CARTESIAN_POINT ( 'NONE',  ( -1.766104196088158940, 0.4924411036749866133, 0.08000000000000022371 ) ) ;
#2382 = EDGE_LOOP ( 'NONE', ( #2677, #1050, #1765, #537 ) ) ;
#2383 = CARTESIAN_POINT ( 'NONE',  ( 0.03990636273135667045, 0.1973656872501986237, -2.444126061584445786 ) ) ;
#2384 = PERSON_AND_ORGANIZATION_ROLE ( 'classification_officer' ) ;
#2385 = AXIS2_PLACEMENT_3D ( 'NONE', #301, #4005, #3762 ) ;
#2386 = VECTOR ( 'NONE', #2636, 39.37007874015747433 ) ;
#2387 = CARTESIAN_POINT ( 'NONE',  ( 1.111763135348706522, 0.1614219311479050956, -2.637599852005497514 ) ) ;
#2388 = ORIENTED_EDGE ( 'NONE', *, *, #1980, .T. ) ;
#2389 = VERTEX_POINT ( 'NONE', #402 ) ;
#2390 = CARTESIAN_POINT ( 'NONE',  ( -1.125304734520532035, 0.1758609711961947875, -2.631794520931025616 ) ) ;
#2391 = CARTESIAN_POINT ( 'NONE',  ( 0.8891380349438403607, 0.2114582109486332906, -2.197202685681922230 ) ) ;
#2392 = CARTESIAN_POINT ( 'NONE',  ( -1.866954521057087257, 1.340843430141428705, -0.1769558494110494151 ) ) ;
#2393 = ORIENTED_EDGE ( 'NONE', *, *, #3332, .T. ) ;
#2394 = CARTESIAN_POINT ( 'NONE',  ( -1.920034270594617620, 0.7997927962673322400, -0.6194269046344710317 ) ) ;
#2395 = CARTESIAN_POINT ( 'NONE',  ( -0.8761015422816205156, 0.2000000000000000111, -2.204537134718687064 ) ) ;
#2396 = CARTESIAN_POINT ( 'NONE',  ( 1.822706544157830955, 0.2305669935800440662, -1.220385495103424978 ) ) ;
#2397 = EDGE_CURVE ( 'NONE', #3064, #2767, #1086, .T. ) ;
#2398 = CARTESIAN_POINT ( 'NONE',  ( 1.620658575915971067, 1.302861378793661817, 0.2300000000000113065 ) ) ;
#2399 = CARTESIAN_POINT ( 'NONE',  ( -1.684849260459538645, 1.543059874867359627, 0.08000000000000022371 ) ) ;
#2400 = ORIENTED_EDGE ( 'NONE', *, *, #3680, .F. ) ;
#2401 = CARTESIAN_POINT ( 'NONE',  ( -0.06940534836664749574, 0.2993767935113897938, -2.542223804531390297 ) ) ;
#2402 = ORIENTED_EDGE ( 'NONE', *, *, #3384, .T. ) ;
#2403 = CARTESIAN_POINT ( 'NONE',  ( 0.02110961349658518199, 0.1469636616340935786, -2.924908555241169772 ) ) ;
#2404 = COORDINATED_UNIVERSAL_TIME_OFFSET ( 5, 0, .BEHIND. ) ;
#2405 = CARTESIAN_POINT ( 'NONE',  ( -0.001547626114818309020, 1.658662601581720963, -2.543418249656636210 ) ) ;
#2406 = VERTEX_POINT ( 'NONE', #1049 ) ;
#2407 = CARTESIAN_POINT ( 'NONE',  ( -1.874245831461836209, 0.6402788546427304883, -1.042687451530088127 ) ) ;
#2408 = CARTESIAN_POINT ( 'NONE',  ( 0.3801077212115073212, 1.586766675410870242, 1.490241184093051841 ) ) ;
#2409 = ORIENTED_EDGE ( 'NONE', *, *, #1000, .F. ) ;
#2410 = VERTEX_POINT ( 'NONE', #1010 ) ;
#2411 = CARTESIAN_POINT ( 'NONE',  ( 0.03406249349160642148, 0.1966124105234554331, -2.419906770490261927 ) ) ;
#2412 = ADVANCED_FACE ( 'NONE', ( #2285 ), #2244, .F. ) ;
#2413 = CARTESIAN_POINT ( 'NONE',  ( -2.020309095778145547, 1.569595598878005926, -1.321877576607284110 ) ) ;
#2414 = CARTESIAN_POINT ( 'NONE',  ( 1.501836192146215110, 0.2136409346722241420, -1.820187056508290269 ) ) ;
#2415 = CARTESIAN_POINT ( 'NONE',  ( 0.8425484337307322935, 0.2000000000000000389, -2.347739220650893355 ) ) ;
#2416 = CARTESIAN_POINT ( 'NONE',  ( -1.676319001841811263, 1.546408308300888601, 0.08000000000000022371 ) ) ;
#2417 = EDGE_CURVE ( 'NONE', #292, #408, #558, .T. ) ;
#2418 = VERTEX_POINT ( 'NONE', #1310 ) ;
#2419 = EDGE_CURVE ( 'NONE', #2552, #3174, #2870, .T. ) ;
#2420 = DIRECTION ( 'NONE',  ( 0.8660254037844432595, 0.000000000000000000, 0.4999999999999919509 ) ) ;
#2421 = ORIENTED_EDGE ( 'NONE', *, *, #3831, .F. ) ;
#2422 = CARTESIAN_POINT ( 'NONE',  ( 1.745295803744453478, 0.7524289165112323374, -1.420194797999255520 ) ) ;
#2423 = COORDINATED_UNIVERSAL_TIME_OFFSET ( 5, 0, .BEHIND. ) ;
#2424 = CARTESIAN_POINT ( 'NONE',  ( 1.112017403362696166, 0.2893332113921696647, -2.637467993958260593 ) ) ;
#2425 = ORIENTED_EDGE ( 'NONE', *, *, #1886, .F. ) ;
#2426 = TOROIDAL_SURFACE ( 'NONE', #3008, 1.189685039370078634, 0.01968503937007873988 ) ;
#2427 = CARTESIAN_POINT ( 'NONE',  ( -0.04500606560387868799, 0.1966009596341439236, -2.488661761332430888 ) ) ;
#2428 = EDGE_LOOP ( 'NONE', ( #3424, #298, #1813, #1017 ) ) ;
#2429 = ORIENTED_EDGE ( 'NONE', *, *, #1500, .F. ) ;
#2430 = VECTOR ( 'NONE', #2129, 39.37007874015748143 ) ;
#2431 = CARTESIAN_POINT ( 'NONE',  ( 1.990310802589385419, 1.400000000000000355, -1.775000000000008793 ) ) ;
#2432 = CONICAL_SURFACE ( 'NONE', #3986, 1.983949312203603155, 0.2356384289447967517 ) ;
#2433 = CARTESIAN_POINT ( 'NONE',  ( -0.03139456173911656101, 0.1952422537968848959, -2.421495405489157093 ) ) ;
#2434 = CARTESIAN_POINT ( 'NONE',  ( -0.0004351282246964497183, 1.525000000000000355, -0.6256423009563343296 ) ) ;
#2435 = LINE ( 'NONE', #510, #3687 ) ;
#2436 = CARTESIAN_POINT ( 'NONE',  ( 9.696777289146593628E-18, 0.3388089368204809659, -2.543417625406168003 ) ) ;
#2437 = CIRCLE ( 'NONE', #1391, 2.098715398087330541 ) ;
#2438 = ORIENTED_EDGE ( 'NONE', *, *, #1433, .T. ) ;
#2439 = CARTESIAN_POINT ( 'NONE',  ( 0.9051462822555470522, 0.2362234827726863440, -2.191268786840014471 ) ) ;
#2440 = ORIENTED_EDGE ( 'NONE', *, *, #429, .F. ) ;
#2441 = ADVANCED_FACE ( 'NONE', ( #3565 ), #815, .F. ) ;
#2442 = CARTESIAN_POINT ( 'NONE',  ( 0.05010807083501211956, 0.2000000000000000944, -2.488725907600271015 ) ) ;
#2443 = B_SPLINE_CURVE_WITH_KNOTS ( 'NONE', 3,
 ( #3165, #2592, #3835, #1621, #1664, #1053, #3526, #3472, #2857, #2919, #2874, #149, #87, #750 ),
 .UNSPECIFIED., .F., .F.,
 ( 4, 2, 2, 2, 2, 2, 4 ),
 ( 2.719283858386214255E-07, 0.001956050726379173800, 0.003911829524372508436, 0.005867608322365843940, 0.007823387120359178576, 0.01173494471634584264, 0.01564650231233252059 ),
 .UNSPECIFIED. ) ;
#2444 = ORIENTED_EDGE ( 'NONE', *, *, #1608, .T. ) ;
#2445 = CARTESIAN_POINT ( 'NONE',  ( -0.001547626114818544075, -6.505382386916236825, -0.6249999999999994449 ) ) ;
#2446 = EDGE_CURVE ( 'NONE', #837, #921, #3161, .T. ) ;
#2447 = DIRECTION ( 'NONE',  ( 0.000000000000000000, -1.000000000000000000, 0.000000000000000000 ) ) ;
#2448 = CARTESIAN_POINT ( 'NONE',  ( -1.479959128393874446, 1.400000000000000355, -2.386902219173636208 ) ) ;
#2449 = CARTESIAN_POINT ( 'NONE',  ( -1.388616338287992802, 0.6811476702523848736, -1.950280713028708979 ) ) ;
#2450 = ORIENTED_EDGE ( 'NONE', *, *, #3895, .F. ) ;
#2451 = EDGE_LOOP ( 'NONE', ( #753, #1770, #721, #722 ) ) ;
#2452 = DIRECTION ( 'NONE',  ( 0.000000000000000000, 1.000000000000000000, 0.000000000000000000 ) ) ;
#2453 = CARTESIAN_POINT ( 'NONE',  ( -0.001547626114818544075, 0.000000000000000000, 1.675000000000000488 ) ) ;
#2454 = CARTESIAN_POINT ( 'NONE',  ( -1.907037475171241114, 0.9472896429298411913, -0.8483372551689658536 ) ) ;
#2455 = DIRECTION ( 'NONE',  ( -0.4629547600703697863, 0.08715574274764506524, 0.8820865981491232688 ) ) ;
#2456 = EDGE_CURVE ( 'NONE', #1237, #3645, #2629, .T. ) ;
#2457 = B_SPLINE_CURVE_WITH_KNOTS ( 'NONE', 3,
 ( #3669, #1575, #2810, #586, #2754, #1167, #2411, #3991 ),
 .UNSPECIFIED., .F., .F.,
 ( 4, 2, 2, 4 ),
 ( 2.439454888092384977E-18, 0.0004991201041763461844, 0.0007486801562645183008, 0.0009982402083526906340 ),
 .UNSPECIFIED. ) ;
#2458 = CARTESIAN_POINT ( 'NONE',  ( 0.000000000000000000, 0.1999999999999999278, 0.2300000000000000100 ) ) ;
#2459 = ORIENTED_EDGE ( 'NONE', *, *, #32, .F. ) ;
#2460 = DIRECTION ( 'NONE',  ( -0.04050329323151604516, -0.9961946980917464334, 0.07717257758618678576 ) ) ;
#2461 = VERTEX_POINT ( 'NONE', #544 ) ;
#2462 = FACE_OUTER_BOUND ( 'NONE', #3175, .T. ) ;
#2463 = CARTESIAN_POINT ( 'NONE',  ( -1.388616338287992802, 0.3494512181925119032, -1.950280713028708757 ) ) ;
#2464 = AXIS2_PLACEMENT_3D ( 'NONE', #3590, #2978, #3310 ) ;
#2465 = EDGE_LOOP ( 'NONE', ( #1074, #1822, #3033 ) ) ;
#2466 = B_SPLINE_CURVE_WITH_KNOTS ( 'NONE', 3,
 ( #1440, #1397, #2963, #3881, #3573 ),
 .UNSPECIFIED., .F., .F.,
 ( 4, 1, 4 ),
 ( 0.003153638341649006235, 0.003216375651846889450, 0.003279112962044773098 ),
 .UNSPECIFIED. ) ;
#2467 = CARTESIAN_POINT ( 'NONE',  ( -0.001547626114818544075, 1.658662601581720963, -0.6249999999999994449 ) ) ;
#2468 = ADVANCED_FACE ( 'NONE', ( #3652 ), #3897, .F. ) ;
#2469 = FACE_BOUND ( 'NONE', #3262, .T. ) ;
#2470 = PLANE ( 'NONE',  #166 ) ;
#2471 = DIRECTION ( 'NONE',  ( -0.4629547600703696753, 0.08715574274764505136, 0.8820865981491231578 ) ) ;
#2472 = ORIENTED_EDGE ( 'NONE', *, *, #1571, .F. ) ;
#2473 = FACE_OUTER_BOUND ( 'NONE', #1975, .T. ) ;
#2474 = CARTESIAN_POINT ( 'NONE',  ( -0.9449325127177845562, 0.2055177471214971463, -2.295445365200038612 ) ) ;
#2475 = DIRECTION ( 'NONE',  ( 0.000000000000000000, 0.000000000000000000, 1.000000000000000000 ) ) ;
#2476 = DIRECTION ( 'NONE',  ( 0.000000000000000000, 0.000000000000000000, 1.000000000000000000 ) ) ;
#2477 = DIRECTION ( 'NONE',  ( 0.000000000000000000, 0.000000000000000000, 1.000000000000000000 ) ) ;
#2478 = ADVANCED_FACE ( 'NONE', ( #810 ), #3569, .F. ) ;
#2479 = CARTESIAN_POINT ( 'NONE',  ( 0.9492022649698402814, 0.3603850678263712526, -2.177403954134725428 ) ) ;
#2480 = ORIENTED_EDGE ( 'NONE', *, *, #3502, .T. ) ;
#2481 = CARTESIAN_POINT ( 'NONE',  ( -0.001547626114818544075, 1.900000000000000133, 1.293418249656637098 ) ) ;
#2482 = CARTESIAN_POINT ( 'NONE',  ( -1.899891145105390589, 0.4316257905053099697, -0.9055433758219199047 ) ) ;
#2483 = VERTEX_POINT ( 'NONE', #528 ) ;
#2484 = CARTESIAN_POINT ( 'NONE',  ( -0.8197326876681245711, 0.2568753053902033678, -2.360195133797350131 ) ) ;
#2485 = APPROVAL ( #2944, 'UNSPECIFIED' ) ;
#2486 = DIRECTION ( 'NONE',  ( 1.000000000000000000, 0.000000000000000000, -0.000000000000000000 ) ) ;
#2487 = CARTESIAN_POINT ( 'NONE',  ( 0.000000000000000000, 0.2228631905476190778, -2.950786509934149482 ) ) ;
#2488 = CARTESIAN_POINT ( 'NONE',  ( 1.904450771345781446, 1.160473531270951542, -0.4069203440752106049 ) ) ;
#2489 = EDGE_CURVE ( 'NONE', #1881, #3036, #425, .T. ) ;
#2490 = VERTEX_POINT ( 'NONE', #569 ) ;
#2491 = CARTESIAN_POINT ( 'NONE',  ( 0.04974728571697507179, 0.1956725071760424539, -2.542732362097432919 ) ) ;
#2492 = CARTESIAN_POINT ( 'NONE',  ( 1.713916615250782760, 0.3740011326005949766, 0.08000000000000022371 ) ) ;
#2493 = CARTESIAN_POINT ( 'NONE',  ( -1.810911589464125449, 0.7787174884795446950, -1.264557061464709919 ) ) ;
#2494 = AXIS2_PLACEMENT_3D ( 'NONE', #476, #1042, #2620 ) ;
#2495 = DIRECTION ( 'NONE',  ( 0.8660254037844362651, 0.000000000000000000, -0.5000000000000041078 ) ) ;
#2496 = AXIS2_PLACEMENT_3D ( 'NONE', #2182, #661, #1261 ) ;
#2497 = LINE ( 'NONE', #3409, #911 ) ;
#2498 = CARTESIAN_POINT ( 'NONE',  ( -1.039870582436394519, 0.4571244508607993917, -2.136746340260381682 ) ) ;
#2499 = VERTEX_POINT ( 'NONE', #209 ) ;
#2500 = FACE_OUTER_BOUND ( 'NONE', #2848, .T. ) ;
#2501 = CARTESIAN_POINT ( 'NONE',  ( -1.922127783418826619, 0.4492425150802365486, -0.6321537454991839056 ) ) ;
#2502 = VECTOR ( 'NONE', #3505, 39.37007874015748143 ) ;
#2503 = EDGE_CURVE ( 'NONE', #2072, #3663, #2821, .T. ) ;
#2504 = ORIENTED_EDGE ( 'NONE', *, *, #725, .T. ) ;
#2505 = CARTESIAN_POINT ( 'NONE',  ( -0.8376378001420561326, 0.2054928032378915970, -2.351648686598686311 ) ) ;
#2506 = LINE ( 'NONE', #1809, #1099 ) ;
#2507 = AXIS2_PLACEMENT_3D ( 'NONE', #1831, #344, #3988 ) ;
#2508 = CARTESIAN_POINT ( 'NONE',  ( -1.084264419097721532, 0.3025587663949588224, -2.691274703528251155 ) ) ;
#2509 = CARTESIAN_POINT ( 'NONE',  ( -0.04992924656097388891, 0.1956369847483491742, -2.544801093753640941 ) ) ;
#2510 = CARTESIAN_POINT ( 'NONE',  ( 1.785707074730771504, 0.3161313511041295432, 0.07217229930697789675 ) ) ;
#2511 = AXIS2_PLACEMENT_3D ( 'NONE', #2049, #1781, #3879 ) ;
#2512 = DIRECTION ( 'NONE',  ( -0.04957834750627355264, -0.9987702375714583303, -0.000000000000000000 ) ) ;
#2513 = AXIS2_PLACEMENT_3D ( 'NONE', #1930, #3197, #2327 ) ;
#2514 = CARTESIAN_POINT ( 'NONE',  ( -0.9423087319703143949, 0.3149024034578964959, -2.296921550078874663 ) ) ;
#2515 = CARTESIAN_POINT ( 'NONE',  ( 1.913846741735615087, 1.441755537280513755, -0.5169608663628471046 ) ) ;
#2516 = PLANE ( 'NONE',  #1682 ) ;
#2517 = CARTESIAN_POINT ( 'NONE',  ( 1.787771372919154667, 1.248235643905061920, 0.06699822293308914378 ) ) ;
#2518 = CARTESIAN_POINT ( 'NONE',  ( 1.783663045931913160, 0.3166465300293370144, 0.07739538740905005376 ) ) ;
#2519 = ORIENTED_EDGE ( 'NONE', *, *, #3851, .T. ) ;
#2520 = DIRECTION ( 'NONE',  ( 0.9987702375714582193, -0.04957834750627358039, 0.000000000000000000 ) ) ;
#2521 = DIRECTION ( 'NONE',  ( -0.000000000000000000, -1.000000000000000000, -0.000000000000000000 ) ) ;
#2522 = ORIENTED_EDGE ( 'NONE', *, *, #781, .F. ) ;
#2523 = CARTESIAN_POINT ( 'NONE',  ( 0.9540519193840744094, 0.2954452699395738180, -2.288480247233078302 ) ) ;
#2524 = CARTESIAN_POINT ( 'NONE',  ( 1.380714260419333872, 0.2126498191490678868, -1.955293447946984564 ) ) ;
#2525 = LINE ( 'NONE', #1908, #2755 ) ;
#2526 = AXIS2_PLACEMENT_3D ( 'NONE', #1759, #831, #851 ) ;
#2527 = CIRCLE ( 'NONE', #392, 0.04999999999999991257 ) ;
#2528 = CARTESIAN_POINT ( 'NONE',  ( -1.920256133356379014, 1.266342702825470790, -0.6156981836323167645 ) ) ;
#2529 = LINE ( 'NONE', #3079, #1602 ) ;
#2530 = CARTESIAN_POINT ( 'NONE',  ( -0.04952841165964116249, 0.1618846925009442550, -2.924503432678283943 ) ) ;
#2531 = CARTESIAN_POINT ( 'NONE',  ( 0.9394302588029637135, 0.2000000000000000389, -2.296792212181671733 ) ) ;
#2532 = CC_DESIGN_PERSON_AND_ORGANIZATION_ASSIGNMENT ( #3334, #3946, ( #828 ) ) ;
#2533 = CARTESIAN_POINT ( 'NONE',  ( 0.000000000000000000, -0.2000000000000000111, 0.2276221842784289795 ) ) ;
#2534 = EDGE_CURVE ( 'NONE', #2091, #3401, #944, .T. ) ;
#2535 = ORIENTED_EDGE ( 'NONE', *, *, #472, .F. ) ;
#2536 = CARTESIAN_POINT ( 'NONE',  ( 1.865876834290141728, 0.4690069794559585392, -1.065500681413048767 ) ) ;
#2537 = CARTESIAN_POINT ( 'NONE',  ( -1.754199542890570562, 0.3961010922475791118, -1.405425500770679736 ) ) ;
#2538 = ADVANCED_FACE ( 'NONE', ( #1435 ), #1779, .T. ) ;
#2539 = EDGE_CURVE ( 'NONE', #3760, #438, #1589, .T. ) ;
#2540 = ORIENTED_EDGE ( 'NONE', *, *, #2688, .T. ) ;
#2541 = CARTESIAN_POINT ( 'NONE',  ( 0.01503951521541816577, 0.5029754104402537340, 0.2300000000000000100 ) ) ;
#2542 = VECTOR ( 'NONE', #3305, 39.37007874015748143 ) ;
#2543 = DIRECTION ( 'NONE',  ( 0.000000000000000000, 1.000000000000000000, 0.000000000000000000 ) ) ;
#2544 = CARTESIAN_POINT ( 'NONE',  ( 1.916857129645332947, 0.7065976098048669662, -0.6336772073627979784 ) ) ;
#2545 = ORIENTED_EDGE ( 'NONE', *, *, #939, .F. ) ;
#2546 = DIRECTION ( 'NONE',  ( -0.000000000000000000, -1.000000000000000000, -0.000000000000000000 ) ) ;
#2547 = DIMENSIONAL_EXPONENTS ( 1.000000000000000000, 0.000000000000000000, 0.000000000000000000, 0.000000000000000000, 0.000000000000000000, 0.000000000000000000, 0.000000000000000000 ) ;
#2548 = CARTESIAN_POINT ( 'NONE',  ( -0.06407831054466080201, 0.2735491822411943996, -2.924151560891088852 ) ) ;
#2549 = CARTESIAN_POINT ( 'NONE',  ( -1.676261495760456022, 0.5869305645943886374, 0.08000000000000022371 ) ) ;
#2550 = CARTESIAN_POINT ( 'NONE',  ( -1.388616338288591656, 0.4740174176028163489, -1.950280713028327506 ) ) ;
#2551 = AXIS2_PLACEMENT_3D ( 'NONE', #1024, #3192, #436 ) ;
#2552 = VERTEX_POINT ( 'NONE', #869 ) ;
#2553 = CARTESIAN_POINT ( 'NONE',  ( -1.059774982930907772, 0.3054254661841581120, -2.667122493310825515 ) ) ;
#2554 = CARTESIAN_POINT ( 'NONE',  ( 1.607274140168331478, 1.655905511811023745, -1.974670555105230596 ) ) ;
#2555 = AXIS2_PLACEMENT_3D ( 'NONE', #3734, #957, #2112 ) ;
#2556 = EDGE_LOOP ( 'NONE', ( #108, #2275, #563, #612 ) ) ;
#2557 = AXIS2_PLACEMENT_3D ( 'NONE', #3157, #378, #2281 ) ;
#2558 = TOROIDAL_SURFACE ( 'NONE', #1326, 2.682631778622652785, 0.3999999999999995781 ) ;
#2559 = DIRECTION ( 'NONE',  ( 0.000000000000000000, 0.000000000000000000, 1.000000000000000000 ) ) ;
#2560 = DIRECTION ( 'NONE',  ( -0.6427876096865351441, 0.000000000000000000, 0.7660444431189815662 ) ) ;
#2561 = EDGE_CURVE ( 'NONE', #2063, #1019, #1529, .T. ) ;
#2562 = ORIENTED_EDGE ( 'NONE', *, *, #1886, .T. ) ;
#2563 = VERTEX_POINT ( 'NONE', #3915 ) ;
#2564 = DIRECTION ( 'NONE',  ( 0.000000000000000000, -0.000000000000000000, 1.000000000000000000 ) ) ;
#2565 = PLANE ( 'NONE',  #3227 ) ;
#2566 = CARTESIAN_POINT ( 'NONE',  ( -0.07216937677853241251, 0.2602519951965098777, -2.923916345270834327 ) ) ;
#2567 = AXIS2_PLACEMENT_3D ( 'NONE', #924, #1283, #2158 ) ;
#2568 = CARTESIAN_POINT ( 'NONE',  ( -1.686549033316435020, 0.5471392514119151063, 0.08000000000000022371 ) ) ;
#2569 = CARTESIAN_POINT ( 'NONE',  ( -1.598200725305749970, 0.5151402271626858154, -1.688497748685731104 ) ) ;
#2570 = LOCAL_TIME ( 10, 41, 44.00000000000000000, #3659 ) ;
#2571 = ORIENTED_EDGE ( 'NONE', *, *, #1628, .T. ) ;
#2572 = DIRECTION ( 'NONE',  ( 0.000000000000000000, -1.000000000000000000, -0.000000000000000000 ) ) ;
#2573 = CARTESIAN_POINT ( 'NONE',  ( 1.917181982290438347, 1.266342702825471234, -0.6226442882425804459 ) ) ;
#2574 = EDGE_CURVE ( 'NONE', #962, #1431, #3863, .T. ) ;
#2575 = ORIENTED_EDGE ( 'NONE', *, *, #2000, .T. ) ;
#2576 = CARTESIAN_POINT ( 'NONE',  ( -0.001547626114818533884, 1.900000000000000133, -0.6249999999999994449 ) ) ;
#2577 = VERTEX_POINT ( 'NONE', #3589 ) ;
#2578 = CARTESIAN_POINT ( 'NONE',  ( 1.638954982397368365, 1.525000000000000577, -1.935988204663990908 ) ) ;
#2579 = EDGE_CURVE ( 'NONE', #415, #1025, #3793, .T. ) ;
#2580 = CARTESIAN_POINT ( 'NONE',  ( 1.916598952376729281, 1.204755632113885699, -0.6572844240587069065 ) ) ;
#2581 = ORIENTED_EDGE ( 'NONE', *, *, #3638, .T. ) ;
#2582 = ORIENTED_EDGE ( 'NONE', *, *, #1220, .T. ) ;
#2583 = TOROIDAL_SURFACE ( 'NONE', #3630, 1.627474719520241031, 0.2506240200606984492 ) ;
#2584 = B_SPLINE_CURVE_WITH_KNOTS ( 'NONE', 3,
 ( #1945, #3533, #412, #3513, #756, #735, #3883, #1963, #434, #2340, #2924, #1671, #2906, #475, #1986, #3234, #455, #1689, #156, #1377, #3861, #175, #1399, #3575, #234, #2403, #2983, #1787 ),
 .UNSPECIFIED., .F., .F.,
 ( 4, 2, 2, 2, 2, 2, 2, 2, 2, 2, 2, 2, 2, 4 ),
 ( 0.006365760520622313311, 0.007161317241752581005, 0.007956873962882849566, 0.008354652323447984280, 0.008752430684013117260, 0.009150209044578251974, 0.009547987405143384954, 0.009945765765708519668, 0.01034354412627365438, 0.01074132248683878736, 0.01113910084740392034, 0.01153687920796905506, 0.01193465756853418977, 0.01273021428966445746 ),
 .UNSPECIFIED. ) ;
#2585 = CARTESIAN_POINT ( 'NONE',  ( -1.878774949529429250, 1.279442582591726385, -0.2295936813336834637 ) ) ;
#2586 = CARTESIAN_POINT ( 'NONE',  ( -0.8343941456990204841, 1.658662601581720741, -3.100000000000000089 ) ) ;
#2587 = CARTESIAN_POINT ( 'NONE',  ( -0.07793571844070419641, 0.2043778186118647977, -2.923734431281155288 ) ) ;
#2588 = CARTESIAN_POINT ( 'NONE',  ( 0.000000000000000000, -0.01968503937007872254, 1.417307223648507586 ) ) ;
#2589 = VERTEX_POINT ( 'NONE', #2997 ) ;
#2590 = CARTESIAN_POINT ( 'NONE',  ( 0.07767602979081174308, 0.2771577977538133286, -2.354243315170186257 ) ) ;
#2591 = VERTEX_POINT ( 'NONE', #3265 ) ;
#2592 = CARTESIAN_POINT ( 'NONE',  ( 1.905400877122072956, 0.9637061274834711755, -0.8352651534732999927 ) ) ;
#2593 = B_SPLINE_CURVE_WITH_KNOTS ( 'NONE', 3,
 ( #2088, #252, #1415, #3637, #836, #171 ),
 .UNSPECIFIED., .F., .F.,
 ( 4, 2, 4 ),
 ( 2.253854299878528232E-05, 0.0004048337222998828330, 0.0007871289016009804006 ),
 .UNSPECIFIED. ) ;
#2594 = CARTESIAN_POINT ( 'NONE',  ( 1.915562201068724546, 1.389943778214778547, -0.5541586904982720441 ) ) ;
#2595 = VERTEX_POINT ( 'NONE', #488 ) ;
#2596 = DIRECTION ( 'NONE',  ( 0.000000000000000000, 0.000000000000000000, 1.000000000000000000 ) ) ;
#2597 = VERTEX_POINT ( 'NONE', #1722 ) ;
#2598 = ADVANCED_FACE ( 'NONE', ( #2068 ), #3289, .F. ) ;
#2599 = EDGE_CURVE ( 'NONE', #2461, #1494, #2001, .T. ) ;
#2600 = CARTESIAN_POINT ( 'NONE',  ( 0.3135501589298477776, 1.525000000000000355, 1.451211036278189592 ) ) ;
#2601 = CARTESIAN_POINT ( 'NONE',  ( 1.916828188154248380, 0.6992687515401361242, -0.6389318687062794933 ) ) ;
#2602 = ORIENTED_EDGE ( 'NONE', *, *, #2354, .T. ) ;
#2603 = ORIENTED_EDGE ( 'NONE', *, *, #3438, .F. ) ;
#2604 = CARTESIAN_POINT ( 'NONE',  ( -1.069040324972697409, 0.3054248503961792816, -2.662267615676722876 ) ) ;
#2605 = CARTESIAN_POINT ( 'NONE',  ( 0.8086461173069979802, 0.7029812796325694002, -2.658415982922102572 ) ) ;
#2606 = ADVANCED_FACE ( 'NONE', ( #970, #3729 ), #287, .T. ) ;
#2607 = CARTESIAN_POINT ( 'NONE',  ( 0.7162553151387998085, 1.400000000000000355, 1.348431974625094343 ) ) ;
#2608 = CARTESIAN_POINT ( 'NONE',  ( 0.000000000000000000, 0.1999999999999999278, 0.2300000000000000100 ) ) ;
#2609 = EDGE_LOOP ( 'NONE', ( #3982, #2545, #1060, #2847, #2616 ) ) ;
#2610 = LINE ( 'NONE', #3850, #3148 ) ;
#2611 = EDGE_CURVE ( 'NONE', #3304, #3066, #45, .T. ) ;
#2612 = CARTESIAN_POINT ( 'NONE',  ( -1.037424716398943847, 0.1530144386858771355, -2.678529116440541813 ) ) ;
#2613 = CARTESIAN_POINT ( 'NONE',  ( 0.000000000000000000, -0.01968503937007872254, 0.2276221842784289795 ) ) ;
#2614 = ORIENTED_EDGE ( 'NONE', *, *, #2446, .F. ) ;
#2615 = DIRECTION ( 'NONE',  ( -0.1736481776669204780, 0.000000000000000000, 0.9848077530122097967 ) ) ;
#2616 = ORIENTED_EDGE ( 'NONE', *, *, #2913, .T. ) ;
#2617 = CARTESIAN_POINT ( 'NONE',  ( 1.639866746478505943, 1.586794774448013534, -2.012715715713604858 ) ) ;
#2618 = AXIS2_PLACEMENT_3D ( 'NONE', #2445, #1849, #299 ) ;
#2619 = TOROIDAL_SURFACE ( 'NONE', #3142, 1.189685039370078634, 0.01968503937007873988 ) ;
#2620 = DIRECTION ( 'NONE',  ( 0.000000000000000000, 0.000000000000000000, -1.000000000000000000 ) ) ;
#2621 = ORIENTED_EDGE ( 'NONE', *, *, #2534, .T. ) ;
#2622 = EDGE_CURVE ( 'NONE', #2216, #2552, #1878, .T. ) ;
#2623 = VERTEX_POINT ( 'NONE', #632 ) ;
#2624 = CIRCLE ( 'NONE', #2303, 2.098715398087330986 ) ;
#2625 = CARTESIAN_POINT ( 'NONE',  ( -1.993406054819037987, 1.775000000000000133, -1.774999999999981037 ) ) ;
#2626 = CIRCLE ( 'NONE', #365, 2.584933136962217493 ) ;
#2627 = CARTESIAN_POINT ( 'NONE',  ( 0.7644721699218218758, 0.7614582676841213926, -2.500630354666049104 ) ) ;
#2628 = CARTESIAN_POINT ( 'NONE',  ( 0.9972397087968047913, 0.2146752802472147448, -2.696816560364386106 ) ) ;
#2629 = B_SPLINE_CURVE_WITH_KNOTS ( 'NONE', 3,
 ( #126, #3544, #383, #1954, #164, #1660, #1617, #84, #1995, #3242, #2020, #3261, #1718, #785, #482, #2953, #2396, #2958, #3940, #249, #3326, #227, #2653, #2414, #1410, #1741 ),
 .UNSPECIFIED., .F., .F.,
 ( 4, 2, 2, 2, 2, 2, 2, 2, 2, 2, 2, 2, 4 ),
 ( 0.004368499566919305417, 0.01128100277007928337, 0.01473725437165927105, 0.01819350597323925872, 0.02510600917639923060, 0.03201851237955920249, 0.03374663818034920326, 0.03547476398113920404, 0.03893101558271919865, 0.04584351878587921564, 0.04929977038745921719, 0.05275602198903921874, 0.05966852519219923573 ),
 .UNSPECIFIED. ) ;
#2630 = CARTESIAN_POINT ( 'NONE',  ( -0.001547626114818215345, 0.3387938539515721881, -2.543418249656636210 ) ) ;
#2631 = ORIENTED_EDGE ( 'NONE', *, *, #2379, .F. ) ;
#2632 = CARTESIAN_POINT ( 'NONE',  ( 0.000000000000000000, 0.2000000000000000111, -0.7723778157215710483 ) ) ;
#2633 = UNCERTAINTY_MEASURE_WITH_UNIT (LENGTH_MEASURE( 1.000000000000000082E-05 ), #3746, 'distance_accuracy_value', 'NONE');
#2634 = CARTESIAN_POINT ( 'NONE',  ( -1.059658935682600500, 0.1448142998898899747, -2.667183300044972061 ) ) ;
#2635 = CARTESIAN_POINT ( 'NONE',  ( -1.857616128534527400, 0.4784565670894898037, -0.1377267883324688469 ) ) ;
#2636 = DIRECTION ( 'NONE',  ( -0.4629547600703697863, 0.08715574274764506524, 0.8820865981491232688 ) ) ;
#2637 = CC_DESIGN_SECURITY_CLASSIFICATION ( #3156, ( #828 ) ) ;
#2638 = VERTEX_POINT ( 'NONE', #3689 ) ;
#2639 = CARTESIAN_POINT ( 'NONE',  ( 0.04548559726382447183, 0.1965019955455823975, -2.494425166898372126 ) ) ;
#2640 = VERTEX_POINT ( 'NONE', #1895 ) ;
#2641 = CARTESIAN_POINT ( 'NONE',  ( 1.644850350346992007, 1.535006072577739467, -1.941433688482300690 ) ) ;
#2642 = EDGE_CURVE ( 'NONE', #2589, #2552, #2624, .T. ) ;
#2643 = CARTESIAN_POINT ( 'NONE',  ( 1.068685782480680801, 0.1448136763892438617, -2.660829180242305192 ) ) ;
#2644 = EDGE_LOOP ( 'NONE', ( #3272, #747, #2409, #1082 ) ) ;
#2645 = CARTESIAN_POINT ( 'NONE',  ( -0.001547626114818544075, 1.900000000000000133, 1.475000000000000755 ) ) ;
#2646 = CARTESIAN_POINT ( 'NONE',  ( -1.125046523151484790, 0.2740682236101760205, -2.631927650113206063 ) ) ;
#2647 = CARTESIAN_POINT ( 'NONE',  ( 0.8414256598475993165, 0.2679031949846373828, -2.227821193807741018 ) ) ;
#2648 = CARTESIAN_POINT ( 'NONE',  ( -1.850669454522311241, 1.390666700369878939, -0.1138652536834498658 ) ) ;
#2649 = TOROIDAL_SURFACE ( 'NONE', #3821, 2.482098836722430146, 0.3999999999999995781 ) ;
#2650 = ORIENTED_EDGE ( 'NONE', *, *, #3551, .T. ) ;
#2651 = CARTESIAN_POINT ( 'NONE',  ( 1.456943975458059765E-16, -0.01968503937007872254, -0.9620628550916497934 ) ) ;
#2652 = AXIS2_PLACEMENT_3D ( 'NONE', #878, #2115, #1804 ) ;
#2653 = CARTESIAN_POINT ( 'NONE',  ( 1.581737033496406042, 0.2155516571869948994, -1.709257752273421360 ) ) ;
#2654 = CARTESIAN_POINT ( 'NONE',  ( 0.01657865911541542628, 0.5339819121890775344, 0.2300000000000000100 ) ) ;
#2655 = ORIENTED_EDGE ( 'NONE', *, *, #3583, .F. ) ;
#2656 = CARTESIAN_POINT ( 'NONE',  ( -1.919798510311492512, 1.204755632113885699, -0.6503402031229408298 ) ) ;
#2657 = TOROIDAL_SURFACE ( 'NONE', #1294, 1.620658575915971067, 0.3999999999999995781 ) ;
#2658 = ORIENTED_EDGE ( 'NONE', *, *, #1998, .T. ) ;
#2659 = FACE_OUTER_BOUND ( 'NONE', #2465, .T. ) ;
#2660 = VERTEX_POINT ( 'NONE', #1247 ) ;
#2661 = CARTESIAN_POINT ( 'NONE',  ( -0.8343941456990204841, 1.658662601581720741, -3.100000000000000089 ) ) ;
#2662 = CALENDAR_DATE ( 2026, 8, 7 ) ;
#2663 = ADVANCED_FACE ( 'NONE', ( #1209 ), #3279, .F. ) ;
#2664 = DIRECTION ( 'NONE',  ( 1.000000000000000000, 0.000000000000000000, 0.000000000000000000 ) ) ;
#2665 = EDGE_LOOP ( 'NONE', ( #958, #669, #259, #3655, #2438, #1675 ) ) ;
#2666 = CARTESIAN_POINT ( 'NONE',  ( -1.917600481021337178, 0.7484883391296013322, -0.7202367461656523639 ) ) ;
#2667 = CARTESIAN_POINT ( 'NONE',  ( 0.9051384246276570344, 0.2362266926978959236, -2.191252316234604258 ) ) ;
#2668 = CARTESIAN_POINT ( 'NONE',  ( 1.909159335314517314, 1.091411827128326184, -0.4531643571283713312 ) ) ;
#2669 = CARTESIAN_POINT ( 'NONE',  ( -0.001547626114818544075, 0.2000000000000000389, -0.6249999999999994449 ) ) ;
#2670 = EDGE_LOOP ( 'NONE', ( #197, #253, #594, #2232 ) ) ;
#2671 = EDGE_CURVE ( 'NONE', #3294, #3280, #951, .T. ) ;
#2672 = LINE ( 'NONE', #3286, #1305 ) ;
#2673 = CARTESIAN_POINT ( 'NONE',  ( 1.570415290101632610, 1.569215992375967206, 0.2300000000000109734 ) ) ;
#2674 = DIRECTION ( 'NONE',  ( 0.000000000000000000, 1.000000000000000000, 0.000000000000000000 ) ) ;
#2675 = CARTESIAN_POINT ( 'NONE',  ( -1.914872498865690442, 1.468496988720224161, -0.4842018085788993287 ) ) ;
#2676 = CARTESIAN_POINT ( 'NONE',  ( -0.001547626114818544075, 1.525000000000000355, 1.475000000000000977 ) ) ;
#2677 = ORIENTED_EDGE ( 'NONE', *, *, #1284, .T. ) ;
#2678 = DIRECTION ( 'NONE',  ( 0.000000000000000000, 0.000000000000000000, 1.000000000000000000 ) ) ;
#2679 = ORIENTED_EDGE ( 'NONE', *, *, #1753, .T. ) ;
#2680 = CARTESIAN_POINT ( 'NONE',  ( 0.000000000000000000, 0.2000000000000000111, 0.2276221842784289795 ) ) ;
#2681 = B_SPLINE_CURVE_WITH_KNOTS ( 'NONE', 3,
 ( #3933, #847, #2082, #3320, #2713, #504, #1736, #2971, #204, #2408, #540, #1430, #3647, #3952, #3871, #2062, #2992, #2041, #1773, #3284, #242, #1085 ),
 .UNSPECIFIED., .F., .F.,
 ( 4, 2, 2, 2, 2, 2, 2, 2, 2, 2, 4 ),
 ( 2.523944867380226850E-07, 0.0006533737764615623169, 0.001306495158436386589, 0.001959616540411210969, 0.002286177231398626736, 0.002612737922386042504, 0.002939298613373458706, 0.003265859304360874474, 0.003918980686335706877, 0.004572102068310540147, 0.005225223450285373418 ),
 .UNSPECIFIED. ) ;
#2682 = CARTESIAN_POINT ( 'NONE',  ( 1.136647014271545020, 0.2459638507653632566, -2.623628025617664505 ) ) ;
#2683 = ORIENTED_EDGE ( 'NONE', *, *, #1315, .T. ) ;
#2684 = CIRCLE ( 'NONE', #2551, 0.05000000000000000971 ) ;
#2685 = ORIENTED_EDGE ( 'NONE', *, *, #472, .T. ) ;
#2686 = CARTESIAN_POINT ( 'NONE',  ( -1.137418174426312989, 0.2041296046529835484, -2.624953488819519176 ) ) ;
#2687 = AXIS2_PLACEMENT_3D ( 'NONE', #335, #1880, #3085 ) ;
#2688 = EDGE_CURVE ( 'NONE', #1521, #1750, #1616, .T. ) ;
#2689 = DIRECTION ( 'NONE',  ( 0.000000000000000000, 1.000000000000000000, 0.000000000000000000 ) ) ;
#2690 = CARTESIAN_POINT ( 'NONE',  ( 1.050280964367739323, 0.1473906838770802363, -2.670405301364979778 ) ) ;
#2691 = ORIENTED_EDGE ( 'NONE', *, *, #3779, .F. ) ;
#2692 = AXIS2_PLACEMENT_3D ( 'NONE', #2588, #3811, #746 ) ;
#2693 = CARTESIAN_POINT ( 'NONE',  ( 1.477150647861490862, 1.775000000000000133, -2.386560457973171179 ) ) ;
#2694 = CARTESIAN_POINT ( 'NONE',  ( 1.672535306868620397, 0.3831884700304843405, -1.563334528206193674 ) ) ;
#2695 = DIRECTION ( 'NONE',  ( -0.4629547600703696197, 0.08715574274764505136, 0.8820865981491232688 ) ) ;
#2696 = CARTESIAN_POINT ( 'NONE',  ( -1.887180150568983583, 1.596098783721164649, -0.2688395956530700848 ) ) ;
#2697 = AXIS2_PLACEMENT_3D ( 'NONE', #3967, #2471, #2253 ) ;
#2698 = DIRECTION ( 'NONE',  ( 0.000000000000000000, 1.000000000000000000, 0.000000000000000000 ) ) ;
#2699 = ORIENTED_EDGE ( 'NONE', *, *, #3256, .T. ) ;
#2700 = CARTESIAN_POINT ( 'NONE',  ( -0.03342123093148275520, 0.3319526840633229003, -2.543169272407173054 ) ) ;
#2701 = EDGE_LOOP ( 'NONE', ( #592, #2324, #2744, #2293 ) ) ;
#2702 = CARTESIAN_POINT ( 'NONE',  ( -0.001547626114818544075, 0.2000000000000000389, -0.6249999999999994449 ) ) ;
#2703 = SECURITY_CLASSIFICATION_LEVEL ( 'unclassified' ) ;
#2704 = ADVANCED_FACE ( 'NONE', ( #1835 ), #2558, .T. ) ;
#2705 = CC_DESIGN_APPROVAL ( #672, ( #3156 ) ) ;
#2706 = AXIS2_PLACEMENT_3D ( 'NONE', #825, #3950, #2712 ) ;
#2707 = VECTOR ( 'NONE', #1912, 39.37007874015748143 ) ;
#2708 = CARTESIAN_POINT ( 'NONE',  ( 0.000000000000000000, 0.2000000000000000111, 0.2300000000000000100 ) ) ;
#2709 = EDGE_LOOP ( 'NONE', ( #1960, #861, #459, #12, #2388, #3959 ) ) ;
#2710 = CARTESIAN_POINT ( 'NONE',  ( -1.903379153151399272, 0.6843823622137996665, -0.8788668826121086575 ) ) ;
#2711 = EDGE_CURVE ( 'NONE', #2091, #2258, #1226, .T. ) ;
#2712 = DIRECTION ( 'NONE',  ( -1.000000000000000000, 0.000000000000000000, -6.956714225483296640E-15 ) ) ;
#2713 = CARTESIAN_POINT ( 'NONE',  ( 0.4099026863696133005, 1.558058941497282968, 1.461240228329286017 ) ) ;
#2714 = EDGE_CURVE ( 'NONE', #1494, #1426, #1758, .T. ) ;
#2715 = ORIENTED_EDGE ( 'NONE', *, *, #2711, .F. ) ;
#2716 = EDGE_CURVE ( 'NONE', #3641, #438, #3466, .T. ) ;
#2717 = CARTESIAN_POINT ( 'NONE',  ( 0.3135501589298477776, 1.400000000000000355, 1.451211036278189592 ) ) ;
#2718 = CARTESIAN_POINT ( 'NONE',  ( 1.561258445455842470, 0.3583065943536244968, -1.737639098395118431 ) ) ;
#2719 = DIRECTION ( 'NONE',  ( 0.000000000000000000, 1.000000000000000000, 0.000000000000000000 ) ) ;
#2720 = FACE_OUTER_BOUND ( 'NONE', #1581, .T. ) ;
#2721 = CARTESIAN_POINT ( 'NONE',  ( -1.785729113692703152, 1.487018932111242364, 0.08000000000000022371 ) ) ;
#2722 = VECTOR ( 'NONE', #374, 39.37007874015748143 ) ;
#2723 = VERTEX_POINT ( 'NONE', #1029 ) ;
#2724 = CARTESIAN_POINT ( 'NONE',  ( -0.04975435257079555834, 0.1956711315353688030, -2.542812475749396839 ) ) ;
#2725 = ORIENTED_EDGE ( 'NONE', *, *, #2346, .T. ) ;
#2726 = CARTESIAN_POINT ( 'NONE',  ( 1.421898230285838283, 0.6858705316532124341, -1.912500610043067262 ) ) ;
#2727 = EDGE_CURVE ( 'NONE', #1061, #3641, #83, .T. ) ;
#2728 = CARTESIAN_POINT ( 'NONE',  ( 1.135312940660256009, 0.2510608492966547312, -2.624387921882153751 ) ) ;
#2729 = VERTEX_POINT ( 'NONE', #2607 ) ;
#2730 = ORIENTED_EDGE ( 'NONE', *, *, #678, .T. ) ;
#2731 = CARTESIAN_POINT ( 'NONE',  ( 1.059344198524068581, 0.3048986532224917667, -2.665719213405608912 ) ) ;
#2732 = ORIENTED_EDGE ( 'NONE', *, *, #1284, .F. ) ;
#2733 = EDGE_LOOP ( 'NONE', ( #2679, #754, #3051, #3298, #1968, #1840 ) ) ;
#2734 = LINE ( 'NONE', #2431, #3078 ) ;
#2735 = EDGE_CURVE ( 'NONE', #2729, #3453, #987, .T. ) ;
#2736 = VECTOR ( 'NONE', #1720, 39.37007874015748143 ) ;
#2737 = DIRECTION ( 'NONE',  ( 0.8660254037844432595, 0.000000000000000000, 0.4999999999999919509 ) ) ;
#2738 = DIRECTION ( 'NONE',  ( -0.8660254037844362651, 0.000000000000000000, 0.5000000000000039968 ) ) ;
#2739 = CARTESIAN_POINT ( 'NONE',  ( -1.826927436805638960, 1.664978863901724671, -0.03481602246589334676 ) ) ;
#2740 = CARTESIAN_POINT ( 'NONE',  ( -0.001547626114818544075, 1.525000000000000355, -0.6237153980873296755 ) ) ;
#2741 = EDGE_CURVE ( 'NONE', #3032, #1166, #3460, .T. ) ;
#2742 = ORIENTED_EDGE ( 'NONE', *, *, #2365, .T. ) ;
#2743 = CARTESIAN_POINT ( 'NONE',  ( 0.8300751009627563848, -6.505382386916236825, -2.353795019782185971 ) ) ;
#2744 = ORIENTED_EDGE ( 'NONE', *, *, #572, .F. ) ;
#2745 = DIRECTION ( 'NONE',  ( 0.000000000000000000, 1.000000000000000000, 0.000000000000000000 ) ) ;
#2746 = ORIENTED_EDGE ( 'NONE', *, *, #314, .T. ) ;
#2747 = CARTESIAN_POINT ( 'NONE',  ( -0.8917103954294247625, 0.3388089368204809659, -2.324393663852429182 ) ) ;
#2748 = CARTESIAN_POINT ( 'NONE',  ( -1.993406054819037987, 1.400000000000000355, -1.774999999999981037 ) ) ;
#2749 = CIRCLE ( 'NONE', #3852, 2.300000000000000266 ) ;
#2750 = EDGE_CURVE ( 'NONE', #1451, #1161, #2345, .T. ) ;
#2751 = CARTESIAN_POINT ( 'NONE',  ( 1.382654909905815410, 1.378798922997412246, 0.2300000000000096689 ) ) ;
#2752 = ORIENTED_EDGE ( 'NONE', *, *, #3758, .F. ) ;
#2753 = EDGE_LOOP ( 'NONE', ( #113, #471, #3055, #3037, #3903 ) ) ;
#2754 = CARTESIAN_POINT ( 'NONE',  ( 0.02564306507755916703, 0.1928353705122066164, -2.423834761085597922 ) ) ;
#2755 = VECTOR ( 'NONE', #902, 39.37007874015748143 ) ;
#2756 = CIRCLE ( 'NONE', #1004, 1.784745644180738777 ) ;
#2757 = CARTESIAN_POINT ( 'NONE',  ( 1.591081303954070991, 0.3640471316286877368, -1.695750093775519218 ) ) ;
#2758 = CARTESIAN_POINT ( 'NONE',  ( -0.001547626114818544075, 0.2000000000000000111, -0.6249999999999994449 ) ) ;
#2759 = VECTOR ( 'NONE', #3710, 39.37007874015748143 ) ;
#2760 = CARTESIAN_POINT ( 'NONE',  ( 0.9162175891270323280, 0.2000000000000000111, -2.261050028694733260 ) ) ;
#2761 = DIRECTION ( 'NONE',  ( 0.000000000000000000, 0.000000000000000000, -1.000000000000000000 ) ) ;
#2762 = ORIENTED_EDGE ( 'NONE', *, *, #3394, .T. ) ;
#2763 = CYLINDRICAL_SURFACE ( 'NONE', #809, 0.01968503937007875723 ) ;
#2764 = VERTEX_POINT ( 'NONE', #3629 ) ;
#2765 = CARTESIAN_POINT ( 'NONE',  ( -0.001547626114818272808, 0.1448286590893573811, -2.924999999999999378 ) ) ;
#2766 = CARTESIAN_POINT ( 'NONE',  ( 0.05529708404144065281, 0.2000000000000000666, -2.544113687415477720 ) ) ;
#2767 = VERTEX_POINT ( 'NONE', #784 ) ;
#2768 = CARTESIAN_POINT ( 'NONE',  ( 0.9367339004461540108, 0.3204313503744958269, -2.298320019954565030 ) ) ;
#2769 = CARTESIAN_POINT ( 'NONE',  ( 0.9873425366287033045, 0.2321503956695750714, -2.159350084925439006 ) ) ;
#2770 = DIRECTION ( 'NONE',  ( 1.000000000000000000, -1.540690490158434435E-16, 0.000000000000000000 ) ) ;
#2771 = DIRECTION ( 'NONE',  ( -0.000000000000000000, 1.000000000000000000, -0.000000000000000000 ) ) ;
#2772 = ORIENTED_EDGE ( 'NONE', *, *, #1890, .F. ) ;
#2773 = EDGE_CURVE ( 'NONE', #3047, #1668, #2681, .T. ) ;
#2774 = B_SPLINE_CURVE_WITH_KNOTS ( 'NONE', 3,
 ( #1684, #2553, #1978, #693, #109, #1334, #2248, #1393, #387, #129, #3876, #1918, #1639, #2901, #468, #3549, #1957, #3228, #1013, #1371, #2936, #1034, #3204, #169, #2612, #2271, #2634, #1703 ),
 .UNSPECIFIED., .F., .F.,
 ( 4, 2, 2, 2, 2, 2, 2, 2, 2, 2, 2, 2, 2, 4 ),
 ( 0.006365760520622296831, 0.007161317241752573198, 0.007956873962882849566, 0.008354652323447982545, 0.008752430684013113790, 0.009150209044578246770, 0.009547987405143378015, 0.009945765765708509260, 0.01034354412627364050, 0.01074132248683877348, 0.01113910084740390646, 0.01153687920796903771, 0.01193465756853416895, 0.01273021428966444185 ),
 .UNSPECIFIED. ) ;
#2775 = CARTESIAN_POINT ( 'NONE',  ( 1.706340526191292506, 0.4190202562861188862, 0.08000000000000022371 ) ) ;
#2776 = DIRECTION ( 'NONE',  ( 0.000000000000000000, 1.000000000000000000, 0.000000000000000000 ) ) ;
#2777 = DIRECTION ( 'NONE',  ( 0.000000000000000000, 1.000000000000000000, 0.000000000000000000 ) ) ;
#2778 = DIRECTION ( 'NONE',  ( 0.000000000000000000, 1.000000000000000000, 0.000000000000000000 ) ) ;
#2779 = CARTESIAN_POINT ( 'NONE',  ( 1.380714260419333872, 0.3392928441445153265, -1.955293447946985230 ) ) ;
#2780 = EDGE_LOOP ( 'NONE', ( #1629, #440, #3889, #2152, #2196 ) ) ;
#2781 = DIRECTION ( 'NONE',  ( -0.000000000000000000, 1.000000000000000000, -0.000000000000000000 ) ) ;
#2782 = CARTESIAN_POINT ( 'NONE',  ( -1.842786579681411130, 0.4134371576191061548, -1.171273583574455213 ) ) ;
#2783 = VECTOR ( 'NONE', #2455, 39.37007874015747433 ) ;
#2784 = ORIENTED_EDGE ( 'NONE', *, *, #1460, .F. ) ;
#2785 = CARTESIAN_POINT ( 'NONE',  ( -1.858108031898185741, 0.6270402200321850694, -1.108230835412151505 ) ) ;
#2786 = EDGE_CURVE ( 'NONE', #2595, #3294, #433, .T. ) ;
#2787 = CIRCLE ( 'NONE', #2076, 2.300000000000000266 ) ;
#2788 = EDGE_CURVE ( 'NONE', #3174, #3546, #630, .T. ) ;
#2789 = CARTESIAN_POINT ( 'NONE',  ( 1.715806030129466198, 1.703193642316471745, 0.2300000000000120004 ) ) ;
#2790 = CARTESIAN_POINT ( 'NONE',  ( -1.570415290101632610, 1.569215992375967206, 0.2300000000000000100 ) ) ;
#2791 = CARTESIAN_POINT ( 'NONE',  ( 1.806906216081391126, 1.367845258825650223, 0.01517441471945802159 ) ) ;
#2792 = ORIENTED_EDGE ( 'NONE', *, *, #1385, .F. ) ;
#2793 = DIRECTION ( 'NONE',  ( 0.000000000000000000, 1.000000000000000000, -0.000000000000000000 ) ) ;
#2794 = CARTESIAN_POINT ( 'NONE',  ( -0.9585939826738754110, 0.2332113845130280860, -2.287646653825457843 ) ) ;
#2795 = CARTESIAN_POINT ( 'NONE',  ( 0.8231194485168920050, 0.2332113845130295293, -2.357124660669183136 ) ) ;
#2796 = CARTESIAN_POINT ( 'NONE',  ( -1.993406054819037987, 1.900000000000000133, -1.774999999999981037 ) ) ;
#2797 = EDGE_CURVE ( 'NONE', #3097, #561, #2369, .T. ) ;
#2798 = CARTESIAN_POINT ( 'NONE',  ( 0.05905640984744849747, 0.3133877703662878988, -2.542467142666657853 ) ) ;
#2799 = DIRECTION ( 'NONE',  ( 0.5410017808004616846, -0.7808688094430308313, 0.3123475237772067592 ) ) ;
#2800 = ORIENTED_EDGE ( 'NONE', *, *, #2986, .F. ) ;
#2801 = CARTESIAN_POINT ( 'NONE',  ( 0.4120239469246362307, 1.525000000000000355, 1.433847450562143022 ) ) ;
#2802 = CYLINDRICAL_SURFACE ( 'NONE', #3172, 0.05000000000000000971 ) ;
#2803 = EDGE_LOOP ( 'NONE', ( #839, #1535, #2270, #3391 ) ) ;
#2804 = CARTESIAN_POINT ( 'NONE',  ( 1.797607698307194246, 1.373964698477175617, 0.04085936895079748943 ) ) ;
#2805 = CARTESIAN_POINT ( 'NONE',  ( 1.224646799147353207E-16, 0.2000000000000000111, 1.227622184278428952 ) ) ;
#2806 = CARTESIAN_POINT ( 'NONE',  ( 0.04883311391364643372, 1.183757289988643269, 0.2300000000000000100 ) ) ;
#2807 = CARTESIAN_POINT ( 'NONE',  ( 1.025186926462400283, 0.2889549185545565169, -2.683114419506409831 ) ) ;
#2808 =( LENGTH_UNIT ( ) NAMED_UNIT ( * ) SI_UNIT ( $, .METRE. ) );
#2809 = EDGE_CURVE ( 'NONE', #3127, #3318, #3540, .T. ) ;
#2810 = CARTESIAN_POINT ( 'NONE',  ( 0.01311511246495677442, 0.1892698198431926326, -2.426197989463440230 ) ) ;
#2811 = CARTESIAN_POINT ( 'NONE',  ( -0.9544669926099713653, 0.2954185957023789388, -2.290017022763061849 ) ) ;
#2812 = DIRECTION ( 'NONE',  ( -0.04957834750627355264, -0.9987702375714583303, -0.000000000000000000 ) ) ;
#2813 = CIRCLE ( 'NONE', #3525, 1.000000000000000000 ) ;
#2814 = DIRECTION ( 'NONE',  ( -6.982962677686265922E-15, -0.000000000000000000, 1.000000000000000000 ) ) ;
#2815 = CARTESIAN_POINT ( 'NONE',  ( -1.878774949529429250, 1.279442582591726385, -0.2295936813336834637 ) ) ;
#2816 = CARTESIAN_POINT ( 'NONE',  ( -0.7828700325791578818, 0.4446642383875540894, -2.234279709072315434 ) ) ;
#2817 = ORIENTED_EDGE ( 'NONE', *, *, #2995, .T. ) ;
#2818 = CARTESIAN_POINT ( 'NONE',  ( 1.899374522914069052, 0.5295613846349123133, -0.8852211551937393397 ) ) ;
#2819 = EDGE_CURVE ( 'NONE', #3920, #3440, #3564, .T. ) ;
#2820 = DIRECTION ( 'NONE',  ( 0.8660254037844362651, 0.000000000000000000, -0.5000000000000039968 ) ) ;
#2821 = CIRCLE ( 'NONE', #3534, 1.918418249656636654 ) ;
#2822 = ORIENTED_EDGE ( 'NONE', *, *, #3766, .T. ) ;
#2823 = CYLINDRICAL_SURFACE ( 'NONE', #357, 0.05000000000000000971 ) ;
#2824 = FACE_OUTER_BOUND ( 'NONE', #2300, .T. ) ;
#2825 = MANIFOLD_SOLID_BREP ( 'CirPattern4', #3803 ) ;
#2826 = FACE_OUTER_BOUND ( 'NONE', #2873, .T. ) ;
#2827 = PERSON_AND_ORGANIZATION ( #4006, #3787 ) ;
#2828 = EDGE_CURVE ( 'NONE', #3417, #2967, #2148, .T. ) ;
#2829 = CARTESIAN_POINT ( 'NONE',  ( 9.696777289146593628E-18, 0.3388089368204809659, -2.543417625406168003 ) ) ;
#2830 = CIRCLE ( 'NONE', #3355, 2.300000000000000266 ) ;
#2831 = CARTESIAN_POINT ( 'NONE',  ( 1.706270396370674236, 0.4074765533369943404, 0.08000000000000022371 ) ) ;
#2832 = CARTESIAN_POINT ( 'NONE',  ( 1.914299078984520008, 1.432086219066691424, -0.5254008299762894518 ) ) ;
#2833 = EDGE_CURVE ( 'NONE', #3832, #1061, #2889, .T. ) ;
#2834 = EDGE_CURVE ( 'NONE', #2837, #2461, #3605, .T. ) ;
#2835 = CARTESIAN_POINT ( 'NONE',  ( 0.8757469997896104585, 0.2000000000000000111, -2.203098699284266715 ) ) ;
#2836 = CARTESIAN_POINT ( 'NONE',  ( 1.607274140168331478, 1.400000000000000355, -2.024670555105230640 ) ) ;
#2837 = VERTEX_POINT ( 'NONE', #2449 ) ;
#2838 = CARTESIAN_POINT ( 'NONE',  ( 1.068685782480680579, 0.3054248503961792816, -2.660829180242305192 ) ) ;
#2839 = B_SPLINE_CURVE_WITH_KNOTS ( 'NONE', 3,
 ( #3783, #42, #1970, #2829 ),
 .UNSPECIFIED., .F., .F.,
 ( 4, 4 ),
 ( 0.004801286851828756065, 0.004840107373171067574 ),
 .UNSPECIFIED. ) ;
#2840 = DIRECTION ( 'NONE',  ( -0.000000000000000000, -1.000000000000000000, -0.000000000000000000 ) ) ;
#2841 = EDGE_LOOP ( 'NONE', ( #1938, #3998, #140, #1379 ) ) ;
#2842 = CARTESIAN_POINT ( 'NONE',  ( 0.000000000000000000, 0.6811476702523848736, 0.2300000000000000100 ) ) ;
#2843 = DIRECTION ( 'NONE',  ( -0.04957834750627355264, -0.9987702375714583303, -0.000000000000000000 ) ) ;
#2844 = FACE_OUTER_BOUND ( 'NONE', #3254, .T. ) ;
#2845 = CIRCLE ( 'NONE', #73, 1.846020418388669482 ) ;
#2846 = CARTESIAN_POINT ( 'NONE',  ( 1.908270302004862362, 1.113394180099043451, -0.4432788519717256737 ) ) ;
#2847 = ORIENTED_EDGE ( 'NONE', *, *, #1142, .T. ) ;
#2848 = EDGE_LOOP ( 'NONE', ( #1303, #673, #2130, #865, #21, #3297 ) ) ;
#2849 = CIRCLE ( 'NONE', #3176, 2.098715398087330541 ) ;
#2850 = DIRECTION ( 'NONE',  ( 0.9987702375714583303, -0.04957834750627353876, 0.000000000000000000 ) ) ;
#2851 = CARTESIAN_POINT ( 'NONE',  ( -1.979686166401276370, 1.552711122123915599, -1.393445242209935264 ) ) ;
#2852 = CARTESIAN_POINT ( 'NONE',  ( 0.8913558529374128181, 0.3388089368204809659, -2.322955228418008833 ) ) ;
#2853 = DIRECTION ( 'NONE',  ( 0.000000000000000000, 1.000000000000000000, 0.000000000000000000 ) ) ;
#2854 = CARTESIAN_POINT ( 'NONE',  ( -0.07134473716775845131, 0.2845198538363537533, -2.355857743806859084 ) ) ;
#2855 = EDGE_CURVE ( 'NONE', #111, #3323, #243, .T. ) ;
#2856 = ORIENTED_EDGE ( 'NONE', *, *, #3154, .F. ) ;
#2857 = CARTESIAN_POINT ( 'NONE',  ( 1.867766522450218680, 0.8401643258695583594, -1.056955283831150227 ) ) ;
#2858 = CARTESIAN_POINT ( 'NONE',  ( 0.000000000000000000, 0.2228631905476190778, -2.950786509934149482 ) ) ;
#2859 = ADVANCED_FACE ( 'NONE', ( #1552 ), #1065, .T. ) ;
#2860 = ORIENTED_EDGE ( 'NONE', *, *, #2896, .T. ) ;
#2861 = DIRECTION ( 'NONE',  ( 0.000000000000000000, 1.000000000000000000, 0.000000000000000000 ) ) ;
#2862 = CARTESIAN_POINT ( 'NONE',  ( 0.000000000000000000, 1.664978863901724671, 0.2300000000000000100 ) ) ;
#2863 = CARTESIAN_POINT ( 'NONE',  ( 1.915233556945397320, 0.6287873239630984434, -0.7086920059763308632 ) ) ;
#2864 = ORIENTED_EDGE ( 'NONE', *, *, #916, .T. ) ;
#2865 = ORIENTED_EDGE ( 'NONE', *, *, #3706, .T. ) ;
#2866 = CARTESIAN_POINT ( 'NONE',  ( 0.8425484337307322935, 0.2000000000000000389, -2.347739220650893355 ) ) ;
#2867 = CARTESIAN_POINT ( 'NONE',  ( 0.8944147307207427344, 0.2199237937240736129, -2.195269715295168123 ) ) ;
#2868 = CARTESIAN_POINT ( 'NONE',  ( -0.04991867053408233224, 0.2887832624361907907, -2.924502857313157733 ) ) ;
#2869 = ADVANCED_FACE ( 'NONE', ( #3665 ), #20, .F. ) ;
#2870 = LINE ( 'NONE', #1367, #2502 ) ;
#2871 = CARTESIAN_POINT ( 'NONE',  ( -1.171732810461876051, 0.3387777894597413519, -2.074645116265678713 ) ) ;
#2872 = AXIS2_PLACEMENT_3D ( 'NONE', #736, #3865, #1378 ) ;
#2873 = EDGE_LOOP ( 'NONE', ( #2459, #3559, #3572, #1620 ) ) ;
#2874 = CARTESIAN_POINT ( 'NONE',  ( 1.836873328450778553, 0.8017911473146720480, -1.175502821773102502 ) ) ;
#2875 = CARTESIAN_POINT ( 'NONE',  ( 2.066548655210817653, 1.400000000000000355, -0.9896611731005617862 ) ) ;
#2876 = EDGE_CURVE ( 'NONE', #3499, #1881, #2120, .T. ) ;
#2877 = ORIENTED_EDGE ( 'NONE', *, *, #3604, .T. ) ;
#2878 = DIRECTION ( 'NONE',  ( 0.000000000000000000, -1.000000000000000000, -0.000000000000000000 ) ) ;
#2879 = EDGE_LOOP ( 'NONE', ( #713, #1705, #2350, #3644, #2864 ) ) ;
#2880 = AXIS2_PLACEMENT_3D ( 'NONE', #3765, #1951, #3177 ) ;
#2881 = CARTESIAN_POINT ( 'NONE',  ( 2.066548655210817653, 1.400000000000000355, -0.9896611731005624524 ) ) ;
#2882 = CARTESIAN_POINT ( 'NONE',  ( 1.653076041249071482, 1.585201316503768831, -1.994944018568653776 ) ) ;
#2883 = AXIS2_PLACEMENT_3D ( 'NONE', #1539, #2777, #652 ) ;
#2884 = CARTESIAN_POINT ( 'NONE',  ( -1.991347607338193715, 1.400000000000000355, -1.296260236745793160 ) ) ;
#2885 = DIRECTION ( 'NONE',  ( -0.7660444431189815662, 0.000000000000000000, -0.6427876096865351441 ) ) ;
#2886 = VERTEX_POINT ( 'NONE', #2751 ) ;
#2887 = B_SPLINE_CURVE_WITH_KNOTS ( 'NONE', 3,
 ( #2914, #1046, #144, #3563, #2242 ),
 .UNSPECIFIED., .F., .F.,
 ( 4, 1, 4 ),
 ( 0.006326548917754633121, 0.006346154719188473216, 0.006365760520622313311 ),
 .UNSPECIFIED. ) ;
#2888 = ORIENTED_EDGE ( 'NONE', *, *, #2456, .T. ) ;
#2889 = CIRCLE ( 'NONE', #3216, 0.2506240200606985602 ) ;
#2890 = CARTESIAN_POINT ( 'NONE',  ( -0.001547626114818544075, 1.900000000000000133, -0.6249999999999994449 ) ) ;
#2891 = CARTESIAN_POINT ( 'NONE',  ( 1.784003836235798390, 0.7614582676841213926, -1.348005397107929104 ) ) ;
#2892 = CARTESIAN_POINT ( 'NONE',  ( 0.8571391566853940880, 0.3294005792395738874, -2.340525841869372403 ) ) ;
#2893 = CIRCLE ( 'NONE', #3419, 2.069851056971786285 ) ;
#2894 = LINE ( 'NONE', #3830, #624 ) ;
#2895 = VECTOR ( 'NONE', #3591, 39.37007874015748854 ) ;
#2896 = EDGE_CURVE ( 'NONE', #3066, #2364, #114, .T. ) ;
#2897 = CARTESIAN_POINT ( 'NONE',  ( 0.4264886968470830708, 0.2599145692103612681, -2.321482401562668052 ) ) ;
#2898 = EDGE_CURVE ( 'NONE', #3036, #1881, #3021, .T. ) ;
#2899 = EDGE_CURVE ( 'NONE', #2410, #1019, #306, .T. ) ;
#2900 = EDGE_LOOP ( 'NONE', ( #3619, #2903, #1853, #244 ) ) ;
#2901 = CARTESIAN_POINT ( 'NONE',  ( -0.9975335476662582357, 0.2199308945539850124, -2.698164741180521187 ) ) ;
#2902 = LINE ( 'NONE', #130, #1351 ) ;
#2903 = ORIENTED_EDGE ( 'NONE', *, *, #2142, .T. ) ;
#2904 = PLANE ( 'NONE',  #1775 ) ;
#2905 = ORIENTED_EDGE ( 'NONE', *, *, #291, .T. ) ;
#2906 = CARTESIAN_POINT ( 'NONE',  ( 0.08000165915805784733, 0.2305098846676444935, -2.923553831015112348 ) ) ;
#2907 = EDGE_CURVE ( 'NONE', #3567, #3304, #3400, .T. ) ;
#2908 = CARTESIAN_POINT ( 'NONE',  ( 1.227932858168453212, 1.378798922997412246, 0.2300000000000085865 ) ) ;
#2909 = ORIENTED_EDGE ( 'NONE', *, *, #1673, .T. ) ;
#2910 = ORIENTED_EDGE ( 'NONE', *, *, #2611, .F. ) ;
#2911 = AXIS2_PLACEMENT_3D ( 'NONE', #3449, #3750, #3468 ) ;
#2912 = FACE_OUTER_BOUND ( 'NONE', #2380, .T. ) ;
#2913 = EDGE_CURVE ( 'NONE', #1563, #3, #716, .T. ) ;
#2914 = CARTESIAN_POINT ( 'NONE',  ( -0.001547626114825226664, 0.3054097765882181625, -2.925000000000001599 ) ) ;
#2915 = CARTESIAN_POINT ( 'NONE',  ( -1.911012279627445576, 0.9825830745650996345, -0.8101305420569492322 ) ) ;
#2916 = DIRECTION ( 'NONE',  ( 1.000000000000000000, 0.000000000000000000, 0.000000000000000000 ) ) ;
#2917 = ORIENTED_EDGE ( 'NONE', *, *, #1973, .T. ) ;
#2918 = CARTESIAN_POINT ( 'NONE',  ( -1.466902419563487436, 0.4841026948179440459, -1.868344733074847275 ) ) ;
#2919 = CARTESIAN_POINT ( 'NONE',  ( 1.850429287296139425, 0.8153320717758646419, -1.127870543347126109 ) ) ;
#2920 = DIRECTION ( 'NONE',  ( 0.9987702375714583303, -0.04957834750627355264, 0.000000000000000000 ) ) ;
#2921 = ORIENTED_EDGE ( 'NONE', *, *, #1206, .T. ) ;
#2922 = CARTESIAN_POINT ( 'NONE',  ( 1.380714260419333872, 0.2126498191490678868, -1.955293447946984564 ) ) ;
#2923 = ORIENTED_EDGE ( 'NONE', *, *, #2828, .T. ) ;
#2924 = CARTESIAN_POINT ( 'NONE',  ( 0.07746492078088877686, 0.2459638507653632011, -2.923642652006105624 ) ) ;
#2925 = VECTOR ( 'NONE', #3182, 39.37007874015748143 ) ;
#2926 = FACE_OUTER_BOUND ( 'NONE', #2025, .T. ) ;
#2927 = ORIENTED_EDGE ( 'NONE', *, *, #2161, .F. ) ;
#2928 = ORIENTED_EDGE ( 'NONE', *, *, #3971, .T. ) ;
#2929 = DIRECTION ( 'NONE',  ( -0.000000000000000000, 1.000000000000000000, 0.000000000000000000 ) ) ;
#2930 = LINE ( 'NONE', #161, #3030 ) ;
#2931 = CARTESIAN_POINT ( 'NONE',  ( 1.021551361954739612, 0.1647283777810649164, -2.684922821999367049 ) ) ;
#2932 = CARTESIAN_POINT ( 'NONE',  ( -1.695873610983414270, 0.5320396440828288886, 0.08000000000000023759 ) ) ;
#2933 = ORIENTED_EDGE ( 'NONE', *, *, #3930, .F. ) ;
#2934 = DIRECTION ( 'NONE',  ( 0.000000000000000000, 0.000000000000000000, 1.000000000000000000 ) ) ;
#2935 = EDGE_CURVE ( 'NONE', #3837, #3546, #1645, .T. ) ;
#2936 = CARTESIAN_POINT ( 'NONE',  ( -1.015242971612203116, 0.1721839071267764198, -2.689566617571525153 ) ) ;
#2937 = CARTESIAN_POINT ( 'NONE',  ( -0.8019372449405131054, 0.2000000000000000111, -2.243461560680248379 ) ) ;
#2938 = CARTESIAN_POINT ( 'NONE',  ( -1.680584139468280558, 1.544734112774139634, 0.08000000000000022371 ) ) ;
#2939 = AXIS2_PLACEMENT_3D ( 'NONE', #994, #2878, #1942 ) ;
#2940 = ORIENTED_EDGE ( 'NONE', *, *, #3583, .T. ) ;
#2941 = CARTESIAN_POINT ( 'NONE',  ( 0.03604376072392122959, 0.1978219588902471737, -2.417554014405062013 ) ) ;
#2942 = ORIENTED_EDGE ( 'NONE', *, *, #1673, .F. ) ;
#2943 = CARTESIAN_POINT ( 'NONE',  ( 1.627092970247531856, 1.581252371892406083, -2.020882951674208616 ) ) ;
#2944 = APPROVAL_STATUS ( 'not_yet_approved' ) ;
#2945 = CARTESIAN_POINT ( 'NONE',  ( 1.138851907380436623, 0.2305098846676444935, -2.622370497430702496 ) ) ;
#2946 = ORIENTED_EDGE ( 'NONE', *, *, #381, .F. ) ;
#2947 = VERTEX_POINT ( 'NONE', #1900 ) ;
#2948 = CYLINDRICAL_SURFACE ( 'NONE', #955, 2.584933136962217493 ) ;
#2949 = VECTOR ( 'NONE', #3450, 39.37007874015748143 ) ;
#2950 = APPROVAL ( #1265, 'UNSPECIFIED' ) ;
#2951 = DIRECTION ( 'NONE',  ( 0.000000000000000000, -1.000000000000000000, 0.000000000000000000 ) ) ;
#2952 = CARTESIAN_POINT ( 'NONE',  ( 0.9976845654023639431, 0.2356735076367294790, -2.696602291915481509 ) ) ;
#2953 = CARTESIAN_POINT ( 'NONE',  ( 1.836306058356856452, 0.2323844148493751649, -1.176999818075443516 ) ) ;
#2954 = ORIENTED_EDGE ( 'NONE', *, *, #2876, .F. ) ;
#2955 = CARTESIAN_POINT ( 'NONE',  ( -1.917195968554076702, 0.8686120258526276450, -0.5209733860206157141 ) ) ;
#2956 = EDGE_CURVE ( 'NONE', #180, #1494, #875, .T. ) ;
#2957 = ADVANCED_FACE ( 'NONE', ( #2172 ), #1582, .F. ) ;
#2958 = CARTESIAN_POINT ( 'NONE',  ( 1.777427122789518421, 0.2255130134854656798, -1.348748411439138151 ) ) ;
#2959 = DIRECTION ( 'NONE',  ( 0.000000000000000000, 0.000000000000000000, 1.000000000000000000 ) ) ;
#2960 = ORIENTED_EDGE ( 'NONE', *, *, #3438, .T. ) ;
#2961 = CARTESIAN_POINT ( 'NONE',  ( 1.706709633348874489, 0.4239658732477449288, 0.08000000000000022371 ) ) ;
#2962 = VERTEX_POINT ( 'NONE', #3434 ) ;
#2963 = CARTESIAN_POINT ( 'NONE',  ( -1.676159195425553250, 0.5894048258147945862, 0.08000000000000022371 ) ) ;
#2964 = EDGE_LOOP ( 'NONE', ( #2752, #647, #3343, #2817 ) ) ;
#2965 = DIRECTION ( 'NONE',  ( 0.000000000000000000, -1.000000000000000000, -0.000000000000000000 ) ) ;
#2966 = CARTESIAN_POINT ( 'NONE',  ( 1.087335162426018575, 0.1469636616340935786, -2.650938544427706489 ) ) ;
#2967 = VERTEX_POINT ( 'NONE', #2838 ) ;
#2968 = ORIENTED_EDGE ( 'NONE', *, *, #1173, .T. ) ;
#2969 = CARTESIAN_POINT ( 'NONE',  ( -0.001547626114818309020, 0.7720964771347078592, -2.543418249656636210 ) ) ;
#2970 = DIRECTION ( 'NONE',  ( -0.000000000000000000, -1.000000000000000000, 0.000000000000000000 ) ) ;
#2971 = CARTESIAN_POINT ( 'NONE',  ( 0.3910317421875196264, 1.582313137298921202, 1.484614602679175333 ) ) ;
#2972 = AXIS2_PLACEMENT_3D ( 'NONE', #3387, #3082, #288 ) ;
#2973 = ORIENTED_EDGE ( 'NONE', *, *, #907, .F. ) ;
#2974 = CARTESIAN_POINT ( 'NONE',  ( 0.03604376072392122959, 0.1978219588902471737, -2.417554014405062013 ) ) ;
#2975 = CONICAL_SURFACE ( 'NONE', #1870, 2.298715398087330719, 0.6747409422235518539 ) ;
#2976 = CARTESIAN_POINT ( 'NONE',  ( -2.023814537183763917, 1.587100768761968039, -1.354033694217340100 ) ) ;
#2977 = CARTESIAN_POINT ( 'NONE',  ( -0.001547626114818544075, 1.900000000000000133, -0.6249999999999994449 ) ) ;
#2978 = DIRECTION ( 'NONE',  ( -0.000000000000000000, -1.000000000000000000, -0.000000000000000000 ) ) ;
#2979 = LINE ( 'NONE', #3654, #759 ) ;
#2980 = ORIENTED_EDGE ( 'NONE', *, *, #72, .T. ) ;
#2981 = CYLINDRICAL_SURFACE ( 'NONE', #2230, 2.300000000000000266 ) ;
#2982 = ORIENTED_EDGE ( 'NONE', *, *, #1988, .T. ) ;
#2983 = CARTESIAN_POINT ( 'NONE',  ( 0.01059124010829324766, 0.1448142998898899469, -2.924992352670903628 ) ) ;
#2984 = CALENDAR_DATE ( 2026, 8, 7 ) ;
#2985 = ADVANCED_FACE ( 'NONE', ( #2228 ), #2432, .F. ) ;
#2986 = EDGE_CURVE ( 'NONE', #466, #695, #595, .T. ) ;
#2987 = DIRECTION ( 'NONE',  ( 0.000000000000000000, 0.000000000000000000, -1.000000000000000000 ) ) ;
#2988 = ORIENTED_EDGE ( 'NONE', *, *, #752, .F. ) ;
#2989 = ORIENTED_EDGE ( 'NONE', *, *, #4000, .F. ) ;
#2990 = PLANE ( 'NONE',  #1792 ) ;
#2991 = CARTESIAN_POINT ( 'NONE',  ( -0.002660124004940618049, 1.525000000000000355, -0.6256423009563343296 ) ) ;
#2992 = CARTESIAN_POINT ( 'NONE',  ( 0.3342752161716691095, 1.570203771729407727, 1.484588295914195610 ) ) ;
#2993 = ORIENTED_EDGE ( 'NONE', *, *, #4000, .T. ) ;
#2994 = DIRECTION ( 'NONE',  ( 0.000000000000000000, 1.000000000000000000, 0.000000000000000000 ) ) ;
#2995 = EDGE_CURVE ( 'NONE', #134, #715, #3119, .T. ) ;
#2996 = CARTESIAN_POINT ( 'NONE',  ( -1.991347607338193715, 1.525000000000000355, -1.296260236745793160 ) ) ;
#2997 = CARTESIAN_POINT ( 'NONE',  ( 1.638954982397368365, 1.525000000000000577, -1.935988204663990908 ) ) ;
#2998 = CARTESIAN_POINT ( 'NONE',  ( -1.858108031898185741, 0.6270402200321850694, -1.108230835412151505 ) ) ;
#2999 = DIRECTION ( 'NONE',  ( 0.9848077530122097967, 0.000000000000000000, 0.1736481776669204780 ) ) ;
#3000 = ORIENTED_EDGE ( 'NONE', *, *, #1390, .F. ) ;
#3001 = CC_DESIGN_PERSON_AND_ORGANIZATION_ASSIGNMENT ( #325, #662, ( #1808 ) ) ;
#3002 = CARTESIAN_POINT ( 'NONE',  ( 2.066548655210817653, 1.400000000000000355, -0.9896611731005624524 ) ) ;
#3003 = ORIENTED_EDGE ( 'NONE', *, *, #2833, .T. ) ;
#3004 = ADVANCED_FACE ( 'NONE', ( #639 ), #1001, .T. ) ;
#3005 = CARTESIAN_POINT ( 'NONE',  ( 0.04992042428464531223, 0.1956387119288762189, -2.544700507356137287 ) ) ;
#3006 = CARTESIAN_POINT ( 'NONE',  ( -2.069491319407450014, 1.400000000000000355, -0.9900804052757047335 ) ) ;
#3007 = EDGE_LOOP ( 'NONE', ( #521, #2036, #2149, #1469 ) ) ;
#3008 = AXIS2_PLACEMENT_3D ( 'NONE', #2251, #3187, #409 ) ;
#3009 = ADVANCED_FACE ( 'NONE', ( #295 ), #3414, .T. ) ;
#3010 = CARTESIAN_POINT ( 'NONE',  ( -1.916061322333655337, 0.7330486907650328732, -0.7512028334840177290 ) ) ;
#3011 = AXIS2_PLACEMENT_3D ( 'NONE', #3087, #1296, #1843 ) ;
#3012 = CARTESIAN_POINT ( 'NONE',  ( -0.06210589465035028928, 0.2000000000000000389, -2.542462196948771513 ) ) ;
#3013 = CARTESIAN_POINT ( 'NONE',  ( -1.874681654516611395, 1.305655200335259281, -0.2104855174296873799 ) ) ;
#3014 = VERTEX_POINT ( 'NONE', #53 ) ;
#3015 = AXIS2_PLACEMENT_3D ( 'NONE', #2017, #3259, #82 ) ;
#3016 = FACE_OUTER_BOUND ( 'NONE', #1068, .T. ) ;
#3017 = DIRECTION ( 'NONE',  ( -0.000000000000000000, -1.000000000000000000, 0.000000000000000000 ) ) ;
#3018 = DIRECTION ( 'NONE',  ( 0.000000000000000000, -1.000000000000000000, -0.000000000000000000 ) ) ;
#3019 = CARTESIAN_POINT ( 'NONE',  ( -1.917126945452051867, 1.432195964977886149, -0.5192074165071393077 ) ) ;
#3020 = EDGE_CURVE ( 'NONE', #695, #2577, #1864, .T. ) ;
#3021 = CIRCLE ( 'NONE', #1268, 1.918418249656636654 ) ;
#3022 = DIRECTION ( 'NONE',  ( -0.04050329323151605210, -0.9961946980917466554, 0.07717257758618338570 ) ) ;
#3023 = ADVANCED_FACE ( 'NONE', ( #615 ), #670, .T. ) ;
#3024 = ORIENTED_EDGE ( 'NONE', *, *, #552, .T. ) ;
#3025 = CARTESIAN_POINT ( 'NONE',  ( -0.07087552622908517563, 0.2204846570511418413, -2.542170539805367557 ) ) ;
#3026 = ORIENTED_EDGE ( 'NONE', *, *, #916, .F. ) ;
#3027 = CARTESIAN_POINT ( 'NONE',  ( 0.8300751009627576060, 1.658662601581720963, -2.769388873270902884 ) ) ;
#3028 = PERSON_AND_ORGANIZATION_ROLE ( 'design_supplier' ) ;
#3029 = VECTOR ( 'NONE', #1695, 39.37007874015747433 ) ;
#3030 = VECTOR ( 'NONE', #2263, 39.37007874015748143 ) ;
#3031 = CARTESIAN_POINT ( 'NONE',  ( 1.121689496161110577, 0.2782308891699135089, -2.632075482520949805 ) ) ;
#3032 = VERTEX_POINT ( 'NONE', #2765 ) ;
#3033 = ORIENTED_EDGE ( 'NONE', *, *, #3868, .T. ) ;
#3034 = ADVANCED_FACE ( 'NONE', ( #656 ), #3999, .F. ) ;
#3035 = CARTESIAN_POINT ( 'NONE',  ( -0.03490028590196127267, 0.1979606234285572752, -2.409478560709369610 ) ) ;
#3036 = VERTEX_POINT ( 'NONE', #2481 ) ;
#3037 = ORIENTED_EDGE ( 'NONE', *, *, #864, .F. ) ;
#3038 = ADVANCED_FACE ( 'NONE', ( #2462 ), #3696, .T. ) ;
#3039 = CARTESIAN_POINT ( 'NONE',  ( -1.826927436805638960, 1.664978863901724671, -0.03481602246589334676 ) ) ;
#3040 = CARTESIAN_POINT ( 'NONE',  ( -2.024457530583758658, 1.586293538362437916, -1.350333918511625653 ) ) ;
#3041 = DIRECTION ( 'NONE',  ( 0.000000000000000000, 0.000000000000000000, 1.000000000000000000 ) ) ;
#3042 = CARTESIAN_POINT ( 'NONE',  ( -1.913359314654418553, 1.485048946745327392, -0.4646275753761379690 ) ) ;
#3043 = CARTESIAN_POINT ( 'NONE',  ( 0.000000000000000000, 0.1999999999999999278, 0.2300000000000000100 ) ) ;
#3044 = CIRCLE ( 'NONE', #2002, 2.098715398087330541 ) ;
#3045 = ORIENTED_EDGE ( 'NONE', *, *, #1374, .F. ) ;
#3046 = CARTESIAN_POINT ( 'NONE',  ( -1.286348216664281008, 0.4690661049419468376, -2.015415071060763896 ) ) ;
#3047 = VERTEX_POINT ( 'NONE', #2801 ) ;
#3048 = FACE_OUTER_BOUND ( 'NONE', #658, .T. ) ;
#3049 = VECTOR ( 'NONE', #2999, 39.37007874015748143 ) ;
#3050 = ADVANCED_FACE ( 'NONE', ( #2500 ), #1383, .T. ) ;
#3051 = ORIENTED_EDGE ( 'NONE', *, *, #3633, .T. ) ;
#3052 = CARTESIAN_POINT ( 'NONE',  ( 0.9581855460099657495, 0.2332383822134718732, -2.286097182917464110 ) ) ;
#3053 = DIRECTION ( 'NONE',  ( 0.000000000000000000, 0.000000000000000000, -1.000000000000000000 ) ) ;
#3054 = CARTESIAN_POINT ( 'NONE',  ( -1.468548611935023063, 0.6910020705803593399, -1.862637718891416716 ) ) ;
#3055 = ORIENTED_EDGE ( 'NONE', *, *, #3338, .T. ) ;
#3056 = ORIENTED_EDGE ( 'NONE', *, *, #1920, .F. ) ;
#3057 = CARTESIAN_POINT ( 'NONE',  ( -1.766104196088158940, 0.4924411036749866133, 0.08000000000000022371 ) ) ;
#3058 = AXIS2_PLACEMENT_3D ( 'NONE', #3955, #3913, #2045 ) ;
#3059 = CARTESIAN_POINT ( 'NONE',  ( 1.802840279778188837, 0.4269777453404351997, -1.284513959360446433 ) ) ;
#3060 = CARTESIAN_POINT ( 'NONE',  ( -1.891174860820618919, 0.8801462375322133269, -0.9568993051274589101 ) ) ;
#3061 = CARTESIAN_POINT ( 'NONE',  ( -0.001547626114818262399, 1.658662601581720963, -2.924999999999999378 ) ) ;
#3062 = DIRECTION ( 'NONE',  ( 0.000000000000000000, 0.000000000000000000, 1.000000000000000000 ) ) ;
#3063 = ADVANCED_FACE ( 'NONE', ( #959 ), #3664, .T. ) ;
#3064 = VERTEX_POINT ( 'NONE', #1072 ) ;
#3065 = CARTESIAN_POINT ( 'NONE',  ( -0.1255581951961629583, 0.4127461275168581856, -2.352613180839662199 ) ) ;
#3066 = VERTEX_POINT ( 'NONE', #769 ) ;
#3067 = DIRECTION ( 'NONE',  ( 0.000000000000000000, 0.000000000000000000, 1.000000000000000000 ) ) ;
#3068 = DIRECTION ( 'NONE',  ( 0.000000000000000000, 0.000000000000000000, 1.000000000000000000 ) ) ;
#3069 = ORIENTED_EDGE ( 'NONE', *, *, #497, .F. ) ;
#3070 = CARTESIAN_POINT ( 'NONE',  ( -0.03604376072392124347, 0.1978219588902471460, -2.417554014405062013 ) ) ;
#3071 = EDGE_CURVE ( 'NONE', #1884, #3249, #2774, .T. ) ;
#3072 = CARTESIAN_POINT ( 'NONE',  ( -1.919396938552769161, 0.7702987746695478810, -0.6765816042646078943 ) ) ;
#3073 = AXIS2_PLACEMENT_3D ( 'NONE', #2842, #75, #2596 ) ;
#3074 = DIRECTION ( 'NONE',  ( 0.000000000000000000, 0.000000000000000000, 1.000000000000000000 ) ) ;
#3075 = CARTESIAN_POINT ( 'NONE',  ( 1.014867014351917618, 0.2781240797716592605, -2.688229317216624281 ) ) ;
#3076 = ORIENTED_EDGE ( 'NONE', *, *, #1385, .T. ) ;
#3077 = DIRECTION ( 'NONE',  ( 0.000000000000000000, -1.000000000000000000, 0.000000000000000000 ) ) ;
#3078 = VECTOR ( 'NONE', #2793, 39.37007874015748143 ) ;
#3079 = CARTESIAN_POINT ( 'NONE',  ( -2.584933136962217493, 0.1999999999999999833, 0.2300000000000000100 ) ) ;
#3080 = CARTESIAN_POINT ( 'NONE',  ( -1.898527898522185176, 0.9044007798296910261, -0.9119043063170246821 ) ) ;
#3081 = VECTOR ( 'NONE', #331, 39.37007874015748143 ) ;
#3082 = DIRECTION ( 'NONE',  ( -0.04957834750627355264, -0.9987702375714583303, -0.000000000000000000 ) ) ;
#3083 = CARTESIAN_POINT ( 'NONE',  ( 0.000000000000000000, 1.302861378793661817, 0.2300000000000000100 ) ) ;
#3084 = ADVANCED_FACE ( 'NONE', ( #710 ), #1195, .F. ) ;
#3085 = DIRECTION ( 'NONE',  ( -0.8660254037844362651, 0.000000000000000000, 0.5000000000000038858 ) ) ;
#3086 = ORIENTED_EDGE ( 'NONE', *, *, #1608, .F. ) ;
#3087 = CARTESIAN_POINT ( 'NONE',  ( 1.080669613147183572, 0.2228631905476190778, -2.683662461886939354 ) ) ;
#3088 = B_SPLINE_CURVE_WITH_KNOTS ( 'NONE', 3,
 ( #542, #787, #2022, #2955, #1409, #3896, #185, #2394, #1109, #3874 ),
 .UNSPECIFIED., .F., .F.,
 ( 4, 2, 2, 2, 4 ),
 ( 0.0001649173876520049990, 0.001681463154414795198, 0.003198008921177585180, 0.004714554687940374945, 0.006231100454703161241 ),
 .UNSPECIFIED. ) ;
#3089 = CARTESIAN_POINT ( 'NONE',  ( -1.662548636942902558, 0.3816668022656765080, -1.589209416992917401 ) ) ;
#3090 = ORIENTED_EDGE ( 'NONE', *, *, #1914, .F. ) ;
#3091 = CARTESIAN_POINT ( 'NONE',  ( 0.9590868222189726788, 0.2806581087063726443, -2.285577755170393743 ) ) ;
#3092 = CIRCLE ( 'NONE', #2054, 1.570415290101632610 ) ;
#3093 = PRODUCT_DEFINITION_SHAPE ( 'NONE', 'NONE',  #1808 ) ;
#3094 = DIRECTION ( 'NONE',  ( 0.000000000000000000, 0.000000000000000000, -1.000000000000000000 ) ) ;
#3095 = FACE_OUTER_BOUND ( 'NONE', #3674, .T. ) ;
#3096 = DIRECTION ( 'NONE',  ( -0.000000000000000000, -0.000000000000000000, -1.000000000000000000 ) ) ;
#3097 = VERTEX_POINT ( 'NONE', #1354 ) ;
#3098 = CARTESIAN_POINT ( 'NONE',  ( -1.718901282359109439, 1.702739280147236300, 0.2300000000000000100 ) ) ;
#3099 = DIRECTION ( 'NONE',  ( 0.000000000000000000, 0.000000000000000000, 1.000000000000000000 ) ) ;
#3100 = CARTESIAN_POINT ( 'NONE',  ( 0.8425484337307322935, 0.2000000000000000389, -2.347739220650893355 ) ) ;
#3101 = CARTESIAN_POINT ( 'NONE',  ( 1.620658575915971067, 1.302861378793661817, 0.2300000000000113065 ) ) ;
#3102 = CARTESIAN_POINT ( 'NONE',  ( 0.07455909038435079572, 0.2283906753424001235, -2.541909371974367282 ) ) ;
#3103 = CARTESIAN_POINT ( 'NONE',  ( 1.170368424461564194, 0.3495803343766930027, -2.077989707349393367 ) ) ;
#3104 = ORIENTED_EDGE ( 'NONE', *, *, #1694, .F. ) ;
#3105 = DIRECTION ( 'NONE',  ( -0.000000000000000000, 1.000000000000000000, -0.000000000000000000 ) ) ;
#3106 = CARTESIAN_POINT ( 'NONE',  ( 1.380714260419334538, 0.9499999999999994005, -1.955293447946984342 ) ) ;
#3107 = AXIS2_PLACEMENT_3D ( 'NONE', #2613, #3185, #2959 ) ;
#3108 = ORIENTED_EDGE ( 'NONE', *, *, #33, .F. ) ;
#3109 = CARTESIAN_POINT ( 'NONE',  ( 9.586090385610664561E-18, 0.3054248503961792260, -2.924999479315899098 ) ) ;
#3110 = EDGE_CURVE ( 'NONE', #1737, #1299, #3340, .T. ) ;
#3111 = CARTESIAN_POINT ( 'NONE',  ( 0.000000000000000000, 1.301135235426748249, 0.2300000000000000100 ) ) ;
#3112 = B_SPLINE_CURVE_WITH_KNOTS ( 'NONE', 3,
 ( #2580, #3841, #1627, #1989, #777, #1079 ),
 .UNSPECIFIED., .F., .F.,
 ( 4, 2, 4 ),
 ( 2.195584379468803276E-07, 0.003477580572393992528, 0.006954941586350038042 ),
 .UNSPECIFIED. ) ;
#3113 = PLANE ( 'NONE',  #1649 ) ;
#3114 = CARTESIAN_POINT ( 'NONE',  ( -1.429645133452174033, 0.6858705330752572493, -1.907339049793951302 ) ) ;
#3115 = LINE ( 'NONE', #1556, #3451 ) ;
#3116 =( BOUNDED_CURVE ( )  B_SPLINE_CURVE ( 3, ( #2941, #1764, #2639, #2073 ),
 .UNSPECIFIED., .F., .F. ) 
 B_SPLINE_CURVE_WITH_KNOTS ( ( 4, 4 ),
 ( 0.4673779661860251733, 0.6710913891134128173 ),
 .UNSPECIFIED. ) 
 CURVE ( )  GEOMETRIC_REPRESENTATION_ITEM ( )  RATIONAL_B_SPLINE_CURVE ( ( 1.000000000000000000, 0.9965447256389379227, 0.9965447256389379227, 1.000000000000000000 ) ) 
 REPRESENTATION_ITEM ( '' )  );
#3117 = LINE ( 'NONE', #910, #2707 ) ;
#3118 = DIRECTION ( 'NONE',  ( 0.000000000000000000, -1.000000000000000000, -0.000000000000000000 ) ) ;
#3119 = B_SPLINE_CURVE_WITH_KNOTS ( 'NONE', 3,
 ( #2214, #3773, #13, #2536, #3715, #1882, #3392, #2818, #3145, #991 ),
 .UNSPECIFIED., .F., .F.,
 ( 4, 2, 2, 2, 4 ),
 ( 0.02736232666704613292, 0.02980615156348721123, 0.03224997645992828954, 0.03469380135636937479, 0.03713762625281045310 ),
 .UNSPECIFIED. ) ;
#3120 = DIRECTION ( 'NONE',  ( 0.000000000000000000, 1.000000000000000000, 0.000000000000000000 ) ) ;
#3121 = CARTESIAN_POINT ( 'NONE',  ( 1.792762994028844981, 1.311098743805936939, 0.05394978399050339574 ) ) ;
#3122 = CARTESIAN_POINT ( 'NONE',  ( 1.627474719520241031, 1.325173739997801636, 0.2300000000000113898 ) ) ;
#3123 = ORIENTED_EDGE ( 'NONE', *, *, #1732, .T. ) ;
#3124 = CARTESIAN_POINT ( 'NONE',  ( -0.001547626114818533884, 1.400000000000000355, -0.6249999999999994449 ) ) ;
#3125 = CARTESIAN_POINT ( 'NONE',  ( -0.04975435257079555834, 0.1956711315353688030, -2.542812475749396839 ) ) ;
#3126 = B_SPLINE_CURVE_WITH_KNOTS ( 'NONE', 3,
 ( #2103, #908, #3345, #1797, #2143 ),
 .UNSPECIFIED., .F., .F.,
 ( 4, 1, 4 ),
 ( 3.646648974231621519E-19, 1.940708542933656733E-05, 3.881417085867276874E-05 ),
 .UNSPECIFIED. ) ;
#3127 = VERTEX_POINT ( 'NONE', #427 ) ;
#3128 = CARTESIAN_POINT ( 'NONE',  ( 0.9252020273379841786, 0.3294221113436005544, -2.304734262343732354 ) ) ;
#3129 = EDGE_CURVE ( 'NONE', #1184, #2216, #1714, .T. ) ;
#3130 = CARTESIAN_POINT ( 'NONE',  ( 0.000000000000000000, 0.1999999999999999278, 0.2300000000000000100 ) ) ;
#3131 = EDGE_CURVE ( 'NONE', #180, #2406, #2443, .T. ) ;
#3132 = EDGE_CURVE ( 'NONE', #2483, #415, #3722, .T. ) ;
#3133 = CARTESIAN_POINT ( 'NONE',  ( 1.706340526191292506, 0.4190202562861188862, 0.08000000000000022371 ) ) ;
#3134 = ADVANCED_FACE ( 'NONE', ( #3095 ), #3275, .F. ) ;
#3135 = APPROVAL_ROLE ( '' ) ;
#3136 = ORIENTED_EDGE ( 'NONE', *, *, #2277, .T. ) ;
#3137 = CARTESIAN_POINT ( 'NONE',  ( 1.706340526191292506, 0.4190202562861188862, 0.08000000000000022371 ) ) ;
#3138 = CARTESIAN_POINT ( 'NONE',  ( -0.001547626114818544075, 1.400000000000000355, -0.6249999999999994449 ) ) ;
#3139 = CARTESIAN_POINT ( 'NONE',  ( 1.915332781363463077, 1.401205831632851062, -0.5479501269553114229 ) ) ;
#3140 = VECTOR ( 'NONE', #3335, 39.37007874015748854 ) ;
#3141 = CARTESIAN_POINT ( 'NONE',  ( 1.477150647861490862, 1.775000000000000133, -2.386560457973171179 ) ) ;
#3142 = AXIS2_PLACEMENT_3D ( 'NONE', #925, #1830, #3074 ) ;
#3143 = CARTESIAN_POINT ( 'NONE',  ( -0.04975435257079555834, 0.1956711315353688030, -2.542812475749396839 ) ) ;
#3144 = ORIENTED_EDGE ( 'NONE', *, *, #701, .T. ) ;
#3145 = CARTESIAN_POINT ( 'NONE',  ( 1.903105665312313510, 0.5429805518828991762, -0.8561596664100156184 ) ) ;
#3146 = CARTESIAN_POINT ( 'NONE',  ( -1.911086849439479929, 0.4375742736713056913, -0.8149280295156984266 ) ) ;
#3147 = AXIS2_PLACEMENT_3D ( 'NONE', #3199, #444, #2329 ) ;
#3148 = VECTOR ( 'NONE', #1069, 39.37007874015748143 ) ;
#3149 = ORIENTED_EDGE ( 'NONE', *, *, #2786, .F. ) ;
#3150 = CARTESIAN_POINT ( 'NONE',  ( -1.153329311814807134, 0.1999999999999999278, 0.2300000000000000100 ) ) ;
#3151 = CARTESIAN_POINT ( 'NONE',  ( -1.077783892180679048, 0.1431676147002793609, -2.678927091114462478 ) ) ;
#3152 = CARTESIAN_POINT ( 'NONE',  ( 1.561258445455842470, 0.3583065943536244968, -1.737639098395118431 ) ) ;
#3153 = CARTESIAN_POINT ( 'NONE',  ( 1.907000078144395649, 1.133105096754081664, -0.4300271082365841879 ) ) ;
#3154 = EDGE_CURVE ( 'NONE', #292, #3032, #2525, .T. ) ;
#3155 = VERTEX_POINT ( 'NONE', #323 ) ;
#3156 = SECURITY_CLASSIFICATION ( '', '', #2703 ) ;
#3157 = CARTESIAN_POINT ( 'NONE',  ( -0.001547626114818544075, 0.2000000000000000111, -0.6249999999999994449 ) ) ;
#3158 = CARTESIAN_POINT ( 'NONE',  ( -2.007506162900369873, 1.579807756028130283, -1.381399925032924525 ) ) ;
#3159 = CARTESIAN_POINT ( 'NONE',  ( -0.07998567596624640841, 0.2147956838381310796, -2.923662104907706283 ) ) ;
#3160 = ADVANCED_FACE ( 'NONE', ( #343 ), #3113, .F. ) ;
#3161 = LINE ( 'NONE', #423, #2109 ) ;
#3162 = DIRECTION ( 'NONE',  ( 0.000000000000000000, 0.000000000000000000, 1.000000000000000000 ) ) ;
#3163 = B_SPLINE_CURVE_WITH_KNOTS ( 'NONE', 3,
 ( #3906, #1730, #3947, #3356, #2424, #3031, #579, #1488, #555, #2728, #2682, #3316, #2945, #2362, #3660, #177, #3926, #797, #218, #1117, #1444, #1402, #2387, #3600, #196, #2966, #822, #2643 ),
 .UNSPECIFIED., .F., .F.,
 ( 4, 2, 2, 2, 2, 2, 2, 2, 2, 2, 2, 2, 2, 4 ),
 ( 0.006365760520622305504, 0.007161317241752573198, 0.007956873962882840892, 0.008354652323447973872, 0.008752430684013106851, 0.009150209044578239831, 0.009547987405143371076, 0.009945765765708505790, 0.01034354412627363703, 0.01074132248683877175, 0.01113910084740390473, 0.01153687920796903597, 0.01193465756853416548, 0.01273021428966444706 ),
 .UNSPECIFIED. ) ;
#3164 = ORIENTED_EDGE ( 'NONE', *, *, #1047, .F. ) ;
#3165 = CARTESIAN_POINT ( 'NONE',  ( 1.907234311685326311, 0.9825830745650996345, -0.8170419083001266847 ) ) ;
#3166 = CARTESIAN_POINT ( 'NONE',  ( 1.224646799147353207E-16, -0.2000000000000000111, 1.227622184278428952 ) ) ;
#3167 = VERTEX_POINT ( 'NONE', #3152 ) ;
#3168 = DIRECTION ( 'NONE',  ( 0.8660254037844433705, 0.000000000000000000, 0.4999999999999919509 ) ) ;
#3169 = VECTOR ( 'NONE', #3736, 39.37007874015748143 ) ;
#3170 = CARTESIAN_POINT ( 'NONE',  ( 0.000000000000000000, 0.7614582676841213926, 0.2300000000000000100 ) ) ;
#3171 = EDGE_CURVE ( 'NONE', #3760, #132, #1585, .T. ) ;
#3172 = AXIS2_PLACEMENT_3D ( 'NONE', #1883, #2840, #3474 ) ;
#3173 = CARTESIAN_POINT ( 'NONE',  ( 0.01528531646956325825, 0.5079271482319768216, 0.2300000000000000100 ) ) ;
#3174 = VERTEX_POINT ( 'NONE', #1591 ) ;
#3175 = EDGE_LOOP ( 'NONE', ( #317, #655, #598, #771 ) ) ;
#3176 = AXIS2_PLACEMENT_3D ( 'NONE', #333, #2127, #3733 ) ;
#3177 = DIRECTION ( 'NONE',  ( 0.000000000000000000, 0.000000000000000000, 1.000000000000000000 ) ) ;
#3178 = DIRECTION ( 'NONE',  ( 0.000000000000000000, -0.000000000000000000, 1.000000000000000000 ) ) ;
#3179 = EDGE_CURVE ( 'NONE', #1688, #3832, #3763, .T. ) ;
#3180 = CARTESIAN_POINT ( 'NONE',  ( 0.7162553151387998085, 1.400000000000000355, 1.348431974625094343 ) ) ;
#3181 = DIRECTION ( 'NONE',  ( -0.000000000000000000, 1.000000000000000000, -0.000000000000000000 ) ) ;
#3182 = DIRECTION ( 'NONE',  ( 0.000000000000000000, 1.000000000000000000, 0.000000000000000000 ) ) ;
#3183 = VERTEX_POINT ( 'NONE', #3703 ) ;
#3184 = CARTESIAN_POINT ( 'NONE',  ( -0.0004351282246964497183, 1.400000000000000355, -0.6256423009563343296 ) ) ;
#3185 = DIRECTION ( 'NONE',  ( -0.000000000000000000, -1.000000000000000000, -0.000000000000000000 ) ) ;
#3186 = ORIENTED_EDGE ( 'NONE', *, *, #330, .F. ) ;
#3187 = DIRECTION ( 'NONE',  ( 0.000000000000000000, 1.000000000000000000, 0.000000000000000000 ) ) ;
#3188 = ORIENTED_EDGE ( 'NONE', *, *, #585, .T. ) ;
#3189 = CARTESIAN_POINT ( 'NONE',  ( -0.001547626114818544075, 1.400000000000000355, 1.475000000000000755 ) ) ;
#3190 = CARTESIAN_POINT ( 'NONE',  ( 1.655125232769949051, 1.559194961220947695, -1.959547699600005410 ) ) ;
#3191 = DIRECTION ( 'NONE',  ( 0.9848077530122071321, 0.000000000000000000, -0.1736481776669351051 ) ) ;
#3192 = DIRECTION ( 'NONE',  ( 0.000000000000000000, 1.000000000000000000, 0.000000000000000000 ) ) ;
#3193 = ADVANCED_FACE ( 'NONE', ( #2844 ), #376, .F. ) ;
#3194 = ORIENTED_EDGE ( 'NONE', *, *, #263, .T. ) ;
#3195 = ORIENTED_EDGE ( 'NONE', *, *, #2773, .T. ) ;
#3196 = CARTESIAN_POINT ( 'NONE',  ( 0.8126027475691622870, 0.2000000000000000111, -2.272939426327317936 ) ) ;
#3197 = DIRECTION ( 'NONE',  ( 0.000000000000000000, -1.000000000000000000, 0.000000000000000000 ) ) ;
#3198 = DIRECTION ( 'NONE',  ( 0.1909616875810603576, -0.9815974907650250048, -0.000000000000000000 ) ) ;
#3199 = CARTESIAN_POINT ( 'NONE',  ( -0.001547626114818544075, 0.000000000000000000, -0.6249999999999994449 ) ) ;
#3200 = CC_DESIGN_DATE_AND_TIME_ASSIGNMENT ( #2010, #1553, ( #1808 ) ) ;
#3201 = CARTESIAN_POINT ( 'NONE',  ( 0.7170746989271836735, 0.2455356124178515453, -2.255463893554946253 ) ) ;
#3202 = VECTOR ( 'NONE', #1322, 39.37007874015748143 ) ;
#3203 = ORIENTED_EDGE ( 'NONE', *, *, #597, .F. ) ;
#3204 = CARTESIAN_POINT ( 'NONE',  ( -1.025452237071432959, 0.1614219311479051511, -2.684523819610939555 ) ) ;
#3205 = AXIS2_PLACEMENT_3D ( 'NONE', #2197, #2313, #3487 ) ;
#3206 = CARTESIAN_POINT ( 'NONE',  ( -1.845394333291560773, 0.4809398906023573672, -0.09334293592297654429 ) ) ;
#3207 = ADVANCED_FACE ( 'NONE', ( #644 ), #1851, .T. ) ;
#3208 = ORIENTED_EDGE ( 'NONE', *, *, #3110, .T. ) ;
#3209 = CARTESIAN_POINT ( 'NONE',  ( -1.718901282359109439, 1.702739280147236300, 0.2300000000000000100 ) ) ;
#3210 = ORIENTED_EDGE ( 'NONE', *, *, #572, .T. ) ;
#3211 = CARTESIAN_POINT ( 'NONE',  ( 9.797174393178827075E-18, 0.3025587663949588224, -2.957758969353960765 ) ) ;
#3212 = AXIS2_PLACEMENT_3D ( 'NONE', #1170, #2023, #1497 ) ;
#3213 = CARTESIAN_POINT ( 'NONE',  ( 0.02406525836077834032, 0.6848016325508189395, 0.2300000000000000100 ) ) ;
#3214 = ORIENTED_EDGE ( 'NONE', *, *, #2828, .F. ) ;
#3215 = ORIENTED_EDGE ( 'NONE', *, *, #137, .F. ) ;
#3216 = AXIS2_PLACEMENT_3D ( 'NONE', #582, #3096, #1812 ) ;
#3217 = CARTESIAN_POINT ( 'NONE',  ( -1.073731982712594180, 0.1448133645749121179, -2.659809268847695307 ) ) ;
#3218 = ADVANCED_FACE ( 'NONE', ( #3721 ), #19, .F. ) ;
#3219 = CARTESIAN_POINT ( 'NONE',  ( -0.7966600187206382966, 0.7300251210259773860, -2.576428617190013703 ) ) ;
#3220 = CARTESIAN_POINT ( 'NONE',  ( 0.8310876630277629351, 0.3024760367037290787, -2.353314671344037823 ) ) ;
#3221 = AXIS2_PLACEMENT_3D ( 'NONE', #3111, #1569, #1201 ) ;
#3222 = DIRECTION ( 'NONE',  ( -0.9396926207859085389, 0.000000000000000000, -0.3420201433256685464 ) ) ;
#3223 = CIRCLE ( 'NONE', #2706, 0.4761393935349992890 ) ;
#3224 = EDGE_LOOP ( 'NONE', ( #628, #1205, #3965, #3880 ) ) ;
#3225 = B_SPLINE_CURVE_WITH_KNOTS ( 'NONE', 3,
 ( #2107, #2376, #187, #2126, #3290, #3672 ),
 .UNSPECIFIED., .F., .F.,
 ( 4, 2, 4 ),
 ( 0.05069670068910394484, 0.05210211971745920545, 0.05350753874581445912 ),
 .UNSPECIFIED. ) ;
#3226 = DIRECTION ( 'NONE',  ( 0.000000000000000000, 1.000000000000000000, 0.000000000000000000 ) ) ;
#3227 = AXIS2_PLACEMENT_3D ( 'NONE', #2586, #1633, #3178 ) ;
#3228 = CARTESIAN_POINT ( 'NONE',  ( -1.004814425796334287, 0.1896596603656336422, -2.694652081862185966 ) ) ;
#3229 = DIRECTION ( 'NONE',  ( 0.9848077530122071321, 0.000000000000000000, -0.1736481776669351051 ) ) ;
#3230 = ORIENTED_EDGE ( 'NONE', *, *, #705, .T. ) ;
#3231 = B_SPLINE_CURVE_WITH_KNOTS ( 'NONE', 3,
 ( #2416, #2938, #2399, #3268 ),
 .UNSPECIFIED., .F., .F.,
 ( 4, 4 ),
 ( 0.008859765259159650685, 0.009208910377481803466 ),
 .UNSPECIFIED. ) ;
#3232 = CARTESIAN_POINT ( 'NONE',  ( 1.224646799147353207E-16, 0.2000000000000000111, 1.227622184278428952 ) ) ;
#3233 = ORIENTED_EDGE ( 'NONE', *, *, #855, .T. ) ;
#3234 = CARTESIAN_POINT ( 'NONE',  ( 0.07745255226276363814, 0.2044675488862434665, -2.923643077951731506 ) ) ;
#3235 = CARTESIAN_POINT ( 'NONE',  ( 1.068685782480680801, 0.1448136763892438617, -2.660829180242305192 ) ) ;
#3236 = ORIENTED_EDGE ( 'NONE', *, *, #2819, .F. ) ;
#3237 = ORIENTED_EDGE ( 'NONE', *, *, #422, .F. ) ;
#3238 = AXIS2_PLACEMENT_3D ( 'NONE', #428, #2314, #1665 ) ;
#3239 = CARTESIAN_POINT ( 'NONE',  ( -1.073673947175012522, 0.3054245424389729902, -2.659839678457196044 ) ) ;
#3240 = CARTESIAN_POINT ( 'NONE',  ( -0.8917103954294247625, 0.3388089368204809659, -2.324393663852429182 ) ) ;
#3241 = CARTESIAN_POINT ( 'NONE',  ( -0.07752936536054402805, 0.2456987870293547982, -2.923744821394542281 ) ) ;
#3242 = CARTESIAN_POINT ( 'NONE',  ( 1.909157631105376840, 0.2499956966122262869, -0.8192515423225437132 ) ) ;
#3243 = VERTEX_POINT ( 'NONE', #1551 ) ;
#3244 = DIRECTION ( 'NONE',  ( 0.000000000000000000, 0.000000000000000000, 1.000000000000000000 ) ) ;
#3245 = DIRECTION ( 'NONE',  ( 3.552656224864964680E-15, 0.000000000000000000, -1.000000000000000000 ) ) ;
#3246 = CARTESIAN_POINT ( 'NONE',  ( -2.266452870009891374, 1.775000000000000133, -1.024810040809088774 ) ) ;
#3247 = VERTEX_POINT ( 'NONE', #1871 ) ;
#3248 = CARTESIAN_POINT ( 'NONE',  ( -0.002660124004940618049, 1.775000000000000133, -0.6256423009563343296 ) ) ;
#3249 = VERTEX_POINT ( 'NONE', #1572 ) ;
#3250 = CARTESIAN_POINT ( 'NONE',  ( 1.649743512946344692, 1.544885678666746420, -1.947968247149859167 ) ) ;
#3251 = EDGE_CURVE ( 'NONE', #1161, #2418, #743, .T. ) ;
#3252 = AXIS2_PLACEMENT_3D ( 'NONE', #3587, #245, #807 ) ;
#3253 = LINE ( 'NONE', #3536, #3202 ) ;
#3254 = EDGE_LOOP ( 'NONE', ( #2113, #3237, #1586, #3000 ) ) ;
#3255 = EDGE_LOOP ( 'NONE', ( #2988, #3395, #3626, #3086 ) ) ;
#3256 = EDGE_CURVE ( 'NONE', #1884, #2006, #983, .T. ) ;
#3257 = FACE_OUTER_BOUND ( 'NONE', #1611, .T. ) ;
#3258 = EDGE_CURVE ( 'NONE', #3685, #230, #2205, .T. ) ;
#3259 = DIRECTION ( 'NONE',  ( 0.000000000000000000, 1.000000000000000000, 0.000000000000000000 ) ) ;
#3260 = CARTESIAN_POINT ( 'NONE',  ( 1.025232643456751580, 0.1613275852632298224, -2.683091637684963171 ) ) ;
#3261 = CARTESIAN_POINT ( 'NONE',  ( 1.875533026760237920, 0.2395118579587619256, -1.021764077355132416 ) ) ;
#3262 = EDGE_LOOP ( 'NONE', ( #904, #1003 ) ) ;
#3263 = CIRCLE ( 'NONE', #3778, 0.2506240200606985602 ) ;
#3264 = CARTESIAN_POINT ( 'NONE',  ( -0.001547626114818544075, 1.525000000000000355, -0.6237153980873296755 ) ) ;
#3265 = CARTESIAN_POINT ( 'NONE',  ( -1.993406054819038209, 1.900000000000000133, -1.774999999999981037 ) ) ;
#3266 = CARTESIAN_POINT ( 'NONE',  ( -0.001547626114818544075, 1.900000000000000133, -0.6249999999999994449 ) ) ;
#3267 = VERTEX_POINT ( 'NONE', #3133 ) ;
#3268 = CARTESIAN_POINT ( 'NONE',  ( -1.689114365166321630, 1.541385595477685166, 0.08000000000000022371 ) ) ;
#3269 = VECTOR ( 'NONE', #1343, 39.37007874015748143 ) ;
#3270 = ORIENTED_EDGE ( 'NONE', *, *, #3930, .T. ) ;
#3271 = CYLINDRICAL_SURFACE ( 'NONE', #1838, 2.100000000000000533 ) ;
#3272 = ORIENTED_EDGE ( 'NONE', *, *, #1732, .F. ) ;
#3273 = CARTESIAN_POINT ( 'NONE',  ( 0.06191017655756677479, 0.2070763358979375024, -2.542373835575798324 ) ) ;
#3274 = AXIS2_PLACEMENT_3D ( 'NONE', #3781, #1574, #775 ) ;
#3275 = CONICAL_SURFACE ( 'NONE', #550, 1.747460045181752575, 1.145759816146636689 ) ;
#3276 = CIRCLE ( 'NONE', #3792, 2.300000000000000711 ) ;
#3277 = DIRECTION ( 'NONE',  ( 0.000000000000000000, 1.000000000000000000, 0.000000000000000000 ) ) ;
#3278 = ORIENTED_EDGE ( 'NONE', *, *, #1477, .F. ) ;
#3279 = CONICAL_SURFACE ( 'NONE', #304, 2.305205371972321782, 1.112708753017300989 ) ;
#3280 = VERTEX_POINT ( 'NONE', #3682 ) ;
#3281 = CARTESIAN_POINT ( 'NONE',  ( -1.122162740512286927, 0.2781240797716589830, -2.633540689695194281 ) ) ;
#3282 = DIRECTION ( 'NONE',  ( -0.4629547600703696753, 0.08715574274764505136, 0.8820865981491231578 ) ) ;
#3283 = ADVANCED_FACE ( 'NONE', ( #2826 ), #2619, .F. ) ;
#3284 = CARTESIAN_POINT ( 'NONE',  ( 0.3161539696496606933, 1.538517725663796076, 1.461754394354737752 ) ) ;
#3285 = ORIENTED_EDGE ( 'NONE', *, *, #877, .T. ) ;
#3286 = CARTESIAN_POINT ( 'NONE',  ( -0.8343941456990192629, -6.505382386916236825, -2.353205790822410659 ) ) ;
#3287 = CARTESIAN_POINT ( 'NONE',  ( -2.007655336216608077, 1.547990249913602234, -1.305451572557668971 ) ) ;
#3288 = EDGE_CURVE ( 'NONE', #1185, #843, #3378, .T. ) ;
#3289 = PLANE ( 'NONE',  #237 ) ;
#3290 = CARTESIAN_POINT ( 'NONE',  ( -1.771044548474009162, 1.498209413499171694, 0.08000000000000023759 ) ) ;
#3291 = CARTESIAN_POINT ( 'NONE',  ( -0.001547626114818544075, 0.2000000000000000389, -0.6249999999999994449 ) ) ;
#3292 = ORIENTED_EDGE ( 'NONE', *, *, #2397, .F. ) ;
#3293 = DIRECTION ( 'NONE',  ( 0.000000000000000000, 1.000000000000000000, 0.000000000000000000 ) ) ;
#3294 = VERTEX_POINT ( 'NONE', #1 ) ;
#3295 = DIRECTION ( 'NONE',  ( 0.000000000000000000, 0.000000000000000000, 1.000000000000000000 ) ) ;
#3296 = DIRECTION ( 'NONE',  ( 0.000000000000000000, 0.000000000000000000, 1.000000000000000000 ) ) ;
#3297 = ORIENTED_EDGE ( 'NONE', *, *, #2220, .F. ) ;
#3298 = ORIENTED_EDGE ( 'NONE', *, *, #314, .F. ) ;
#3299 = ADVANCED_FACE ( 'NONE', ( #1223 ), #2470, .F. ) ;
#3300 = DIRECTION ( 'NONE',  ( 0.000000000000000000, 1.000000000000000000, 0.000000000000000000 ) ) ;
#3301 = DIRECTION ( 'NONE',  ( 0.000000000000000000, 1.000000000000000000, 0.000000000000000000 ) ) ;
#3302 = CARTESIAN_POINT ( 'NONE',  ( 0.01528531646956325825, 0.5079271482319768216, 0.2300000000000000100 ) ) ;
#3303 = VECTOR ( 'NONE', #731, 39.37007874015748143 ) ;
#3304 = VERTEX_POINT ( 'NONE', #2908 ) ;
#3305 = DIRECTION ( 'NONE',  ( -0.000000000000000000, -1.000000000000000000, -0.000000000000000000 ) ) ;
#3306 = ADVANCED_FACE ( 'NONE', ( #3804 ), #3398, .F. ) ;
#3307 = VECTOR ( 'NONE', #596, 39.37007874015748854 ) ;
#3308 = CARTESIAN_POINT ( 'NONE',  ( -1.995773933881753504, 1.530862578121833240, -1.297811829883362522 ) ) ;
#3309 = DIRECTION ( 'NONE',  ( 0.000000000000000000, 0.000000000000000000, 1.000000000000000000 ) ) ;
#3310 = DIRECTION ( 'NONE',  ( 0.000000000000000000, 0.000000000000000000, -1.000000000000000000 ) ) ;
#3311 = FACE_OUTER_BOUND ( 'NONE', #3927, .T. ) ;
#3312 = EDGE_LOOP ( 'NONE', ( #1542, #2074, #3775, #2691, #2444, #2043, #1790, #3639, #128 ) ) ;
#3313 = CARTESIAN_POINT ( 'NONE',  ( -0.07322823676908714330, 0.2919706841919638141, -2.542080387220337467 ) ) ;
#3314 = ORIENTED_EDGE ( 'NONE', *, *, #1315, .F. ) ;
#3315 = CARTESIAN_POINT ( 'NONE',  ( 1.534822921856039635, 0.7022143684168954403, -1.775391377177333752 ) ) ;
#3316 = CARTESIAN_POINT ( 'NONE',  ( 1.138405404169205326, 0.2357152933267032402, -2.622625618812213233 ) ) ;
#3317 = ORIENTED_EDGE ( 'NONE', *, *, #2268, .F. ) ;
#3318 = VERTEX_POINT ( 'NONE', #3558 ) ;
#3319 = CARTESIAN_POINT ( 'NONE',  ( 2.066548655210817653, 1.900000000000000133, -0.9896611731005617862 ) ) ;
#3320 = CARTESIAN_POINT ( 'NONE',  ( 0.4116271376342631183, 1.551547747250356046, 1.455585741058402771 ) ) ;
#3321 = EDGE_CURVE ( 'NONE', #876, #430, #2684, .T. ) ;
#3322 = EDGE_CURVE ( 'NONE', #451, #180, #3112, .T. ) ;
#3323 = VERTEX_POINT ( 'NONE', #157 ) ;
#3324 = DIRECTION ( 'NONE',  ( -1.000000000000000000, 0.000000000000000000, 0.000000000000000000 ) ) ;
#3325 = CARTESIAN_POINT ( 'NONE',  ( -0.02261937437649252924, 0.1918042150659201028, -2.424568958681553976 ) ) ;
#3326 = CARTESIAN_POINT ( 'NONE',  ( 1.655445001484286971, 0.2181391402772945576, -1.592894831362557939 ) ) ;
#3327 = DIRECTION ( 'NONE',  ( 1.000000000000000000, 0.000000000000000000, 7.000360483764681622E-15 ) ) ;
#3328 = DIRECTION ( 'NONE',  ( 0.000000000000000000, 0.000000000000000000, -1.000000000000000000 ) ) ;
#3329 = ORIENTED_EDGE ( 'NONE', *, *, #3322, .F. ) ;
#3330 = CARTESIAN_POINT ( 'NONE',  ( -0.009809670165957438265, 0.3386333814497816119, -2.543418249656636654 ) ) ;
#3331 = EDGE_LOOP ( 'NONE', ( #3825, #1055, #3842, #320 ) ) ;
#3332 = EDGE_CURVE ( 'NONE', #3247, #921, #698, .T. ) ;
#3333 = DIRECTION ( 'NONE',  ( 8.881521776276859610E-16, 0.000000000000000000, -1.000000000000000000 ) ) ;
#3334 = PERSON_AND_ORGANIZATION ( #4006, #3787 ) ;
#3335 = DIRECTION ( 'NONE',  ( 0.6152045260999273735, -0.7808688094430308313, 0.1084771566053758518 ) ) ;
#3336 = ORIENTED_EDGE ( 'NONE', *, *, #1121, .T. ) ;
#3337 = VECTOR ( 'NONE', #2256, 39.37007874015748854 ) ;
#3338 = EDGE_CURVE ( 'NONE', #1892, #1967, #742, .T. ) ;
#3339 = ORIENTED_EDGE ( 'NONE', *, *, #2419, .T. ) ;
#3340 = CIRCLE ( 'NONE', #3469, 1.918418249656636654 ) ;
#3341 = CARTESIAN_POINT ( 'NONE',  ( 1.063997437337856011, 0.1448133645749120624, -2.663293838697726290 ) ) ;
#3342 = EDGE_LOOP ( 'NONE', ( #1234, #3625, #2917, #199 ) ) ;
#3343 = ORIENTED_EDGE ( 'NONE', *, *, #2136, .T. ) ;
#3344 = AXIS2_PLACEMENT_3D ( 'NONE', #1292, #748, #1976 ) ;
#3345 = CARTESIAN_POINT ( 'NONE',  ( -0.0007746690498561096573, 0.1448161511410782365, -2.924999913506918681 ) ) ;
#3346 = CARTESIAN_POINT ( 'NONE',  ( -2.024781474825839034, 1.582266414421586553, -1.339810516808942698 ) ) ;
#3347 = DIRECTION ( 'NONE',  ( -0.04050329323151604516, -0.9961946980917464334, 0.07717257758618678576 ) ) ;
#3348 = DIRECTION ( 'NONE',  ( -0.000000000000000000, -1.000000000000000000, -0.000000000000000000 ) ) ;
#3349 = ADVANCED_FACE ( 'NONE', ( #2278 ), #938, .T. ) ;
#3350 = CARTESIAN_POINT ( 'NONE',  ( 1.782633861463066127, 1.185374344566401561, 0.08000000000000022371 ) ) ;
#3351 = ORIENTED_EDGE ( 'NONE', *, *, #1037, .T. ) ;
#3352 = CARTESIAN_POINT ( 'NONE',  ( -0.8406012328154126578, 0.4474641513460685394, -2.215197723591271206 ) ) ;
#3353 = EDGE_LOOP ( 'NONE', ( #1441, #2562, #56 ) ) ;
#3354 = CARTESIAN_POINT ( 'NONE',  ( 0.04348802144994989155, 0.2000000000000000389, -2.407935136691954359 ) ) ;
#3355 = AXIS2_PLACEMENT_3D ( 'NONE', #400, #703, #1952 ) ;
#3356 = CARTESIAN_POINT ( 'NONE',  ( 1.104191701992277341, 0.2953165836024784219, -2.641787922894168528 ) ) ;
#3357 = PLANE ( 'NONE',  #1335 ) ;
#3358 = CARTESIAN_POINT ( 'NONE',  ( 1.004457692811429492, 0.2606691992950948000, -2.693322336128530559 ) ) ;
#3359 = ORIENTED_EDGE ( 'NONE', *, *, #560, .F. ) ;
#3360 = ORIENTED_EDGE ( 'NONE', *, *, #330, .T. ) ;
#3361 = ADVANCED_FACE ( 'NONE', ( #3497 ), #3662, .T. ) ;
#3362 = CARTESIAN_POINT ( 'NONE',  ( 1.348593125924184122, 1.525000000000000355, -2.233351569349375509 ) ) ;
#3363 = CIRCLE ( 'NONE', #2259, 2.100000000000000533 ) ;
#3364 = CARTESIAN_POINT ( 'NONE',  ( -0.006618972877634073798, 0.1884276688058104943, -2.426489264862231376 ) ) ;
#3365 = CARTESIAN_POINT ( 'NONE',  ( 0.02946324579917631095, 0.7935456602853850905, 0.2300000000000000100 ) ) ;
#3366 = B_SPLINE_CURVE_WITH_KNOTS ( 'NONE', 3,
 ( #370, #3774, #89, #1603, #657, #694 ),
 .UNSPECIFIED., .F., .F.,
 ( 4, 2, 4 ),
 ( 2.523944867354662866E-07, 0.0006811675278074131104, 0.001362082661128090778 ),
 .UNSPECIFIED. ) ;
#3367 = CARTESIAN_POINT ( 'NONE',  ( 0.000000000000000000, 0.2000000000000000111, -0.7723778157215710483 ) ) ;
#3368 = CARTESIAN_POINT ( 'NONE',  ( 0.01641612425191411526, 0.3375482668494269589, -2.543350514036901266 ) ) ;
#3369 = AXIS2_PLACEMENT_3D ( 'NONE', #1946, #3459, #3191 ) ;
#3370 = ORIENTED_EDGE ( 'NONE', *, *, #3904, .F. ) ;
#3371 = FACE_OUTER_BOUND ( 'NONE', #3224, .T. ) ;
#3372 = ORIENTED_EDGE ( 'NONE', *, *, #3719, .F. ) ;
#3373 = CARTESIAN_POINT ( 'NONE',  ( -0.001547626114818544075, 0.7720964771347078592, -0.6249999999999994449 ) ) ;
#3374 = AXIS2_PLACEMENT_3D ( 'NONE', #2740, #3975, #2761 ) ;
#3375 = ORIENTED_EDGE ( 'NONE', *, *, #2899, .T. ) ;
#3376 = CARTESIAN_POINT ( 'NONE',  ( -0.03846446069942236617, 0.1992997775580696851, -2.414679431660789355 ) ) ;
#3377 = CARTESIAN_POINT ( 'NONE',  ( -1.866603377537147557, 0.6332809001271092475, -1.075591936585909680 ) ) ;
#3378 = LINE ( 'NONE', #305, #418 ) ;
#3379 = DIRECTION ( 'NONE',  ( 0.000000000000000000, 1.000000000000000000, 0.000000000000000000 ) ) ;
#3380 = B_SPLINE_CURVE_WITH_KNOTS ( 'NONE', 3,
 ( #2569, #3812, #2918, #2550 ),
 .UNSPECIFIED., .F., .F.,
 ( 4, 4 ),
 ( 0.005644894810997922591, 0.01420946591403136720 ),
 .UNSPECIFIED. ) ;
#3381 = ORIENTED_EDGE ( 'NONE', *, *, #2727, .T. ) ;
#3382 = EDGE_CURVE ( 'NONE', #3440, #3813, #414, .T. ) ;
#3383 = ORIENTED_EDGE ( 'NONE', *, *, #1584, .F. ) ;
#3384 = EDGE_CURVE ( 'NONE', #1842, #1688, #1903, .T. ) ;
#3385 = CARTESIAN_POINT ( 'NONE',  ( 1.755998893682013451, 0.3275034635427785945, 0.08000000000000022371 ) ) ;
#3386 = CARTESIAN_POINT ( 'NONE',  ( 1.912216705333475764, 1.469305155029671850, -0.4902687972655050963 ) ) ;
#3387 = CARTESIAN_POINT ( 'NONE',  ( 0.01503951521541816577, 0.5029754104402537340, 0.2300000000000000100 ) ) ;
#3388 = CARTESIAN_POINT ( 'NONE',  ( -0.04090461715158141137, 0.1972206297410408760, -2.452573823791549312 ) ) ;
#3389 = ORIENTED_EDGE ( 'NONE', *, *, #1168, .F. ) ;
#3390 = CARTESIAN_POINT ( 'NONE',  ( -0.002660124004940618049, 1.902884585545088658, -0.6256423009563343296 ) ) ;
#3391 = ORIENTED_EDGE ( 'NONE', *, *, #1547, .F. ) ;
#3392 = CARTESIAN_POINT ( 'NONE',  ( 1.890355759859740470, 0.5057688341635577789, -0.9442516944621763830 ) ) ;
#3393 = LINE ( 'NONE', #1565, #200 ) ;
#3394 = EDGE_CURVE ( 'NONE', #1668, #876, #394, .T. ) ;
#3395 = ORIENTED_EDGE ( 'NONE', *, *, #1353, .F. ) ;
#3396 = CARTESIAN_POINT ( 'NONE',  ( -0.8208279503799038590, 0.2727119007124682581, -2.359678269182815313 ) ) ;
#3397 = DIRECTION ( 'NONE',  ( 0.000000000000000000, 1.000000000000000000, 0.000000000000000000 ) ) ;
#3398 = CONICAL_SURFACE ( 'NONE', #1063, 2.137849560099872370, 0.6447852310008063137 ) ;
#3399 = DIRECTION ( 'NONE',  ( -0.04957834750627355264, -0.9987702375714583303, -0.000000000000000000 ) ) ;
#3400 = LINE ( 'NONE', #3723, #2311 ) ;
#3401 = VERTEX_POINT ( 'NONE', #3824 ) ;
#3402 = AXIS2_PLACEMENT_3D ( 'NONE', #2541, #3776, #391 ) ;
#3403 = CARTESIAN_POINT ( 'NONE',  ( 0.05760804510924762839, 0.2000000000000000111, -2.542511236416723719 ) ) ;
#3404 = AXIS2_PLACEMENT_3D ( 'NONE', #3727, #3077, #1536 ) ;
#3405 = CARTESIAN_POINT ( 'NONE',  ( -2.000037612312851376, 1.573581223105705362, -1.387062717382194776 ) ) ;
#3406 = CARTESIAN_POINT ( 'NONE',  ( -1.909239423421974946, 0.9636484021444131631, -0.8284160514175865631 ) ) ;
#3407 = AXIS2_PLACEMENT_3D ( 'NONE', #1480, #1799, #2106 ) ;
#3408 = LINE ( 'NONE', #913, #3886 ) ;
#3409 = CARTESIAN_POINT ( 'NONE',  ( -1.388616338287993468, 0.9499999999999994005, -1.950280713028708757 ) ) ;
#3410 = EDGE_CURVE ( 'NONE', #866, #3807, #217, .T. ) ;
#3411 = EDGE_CURVE ( 'NONE', #2128, #1917, #3253, .T. ) ;
#3412 = CARTESIAN_POINT ( 'NONE',  ( -0.2481411970285006263, 0.4187042502070730254, -2.343729132710926422 ) ) ;
#3413 = EDGE_LOOP ( 'NONE', ( #548, #3351, #732, #3866, #2685, #1012, #3996, #1323 ) ) ;
#3414 = CYLINDRICAL_SURFACE ( 'NONE', #683, 2.098715398087330986 ) ;
#3415 = CARTESIAN_POINT ( 'NONE',  ( -1.714972319527238831, 0.3896824769466631366, -1.488147075644452144 ) ) ;
#3416 = VECTOR ( 'NONE', #1543, 39.37007874015748143 ) ;
#3417 = VERTEX_POINT ( 'NONE', #3235 ) ;
#3418 = CARTESIAN_POINT ( 'NONE',  ( 0.8984718646008722498, 0.3388095042713277771, -2.319213132357444085 ) ) ;
#3419 = AXIS2_PLACEMENT_3D ( 'NONE', #478, #3581, #799 ) ;
#3420 = CARTESIAN_POINT ( 'NONE',  ( 0.9051502110483842234, 0.2362218778107280925, -2.191277022152641862 ) ) ;
#3421 = DIRECTION ( 'NONE',  ( 0.9396926207859080948, 0.000000000000000000, -0.3420201433256694346 ) ) ;
#3422 = CARTESIAN_POINT ( 'NONE',  ( -0.03990931376448177831, 0.1973653376700679751, -2.444146420203677561 ) ) ;
#3423 = CARTESIAN_POINT ( 'NONE',  ( 1.903488031817677006, 1.169240799454319024, -0.3986323576052694384 ) ) ;
#3424 = ORIENTED_EDGE ( 'NONE', *, *, #2419, .F. ) ;
#3425 = B_SPLINE_CURVE_WITH_KNOTS ( 'NONE', 3,
 ( #1479, #226, #2433, #1798, #3325, #2374, #3364, #3956 ),
 .UNSPECIFIED., .F., .F.,
 ( 4, 2, 2, 4 ),
 ( -0.0009975579477114358481, -0.0007481684607835764524, -0.0004987789738557169483, 2.385244779468109755E-18 ),
 .UNSPECIFIED. ) ;
#3426 = EDGE_CURVE ( 'NONE', #695, #2723, #1125, .T. ) ;
#3427 = CARTESIAN_POINT ( 'NONE',  ( -0.001547626114818544075, 1.400000000000000355, -0.6237153980873296755 ) ) ;
#3428 = DIRECTION ( 'NONE',  ( 0.000000000000000000, -1.000000000000000000, 0.000000000000000000 ) ) ;
#3429 = CARTESIAN_POINT ( 'NONE',  ( -1.721533985810349110, 0.5074038733885222197, 0.08000000000000022371 ) ) ;
#3430 = DIRECTION ( 'NONE',  ( 0.000000000000000000, 1.000000000000000000, 0.000000000000000000 ) ) ;
#3431 = ADVANCED_FACE ( 'NONE', ( #2926, #2323 ), #1709, .T. ) ;
#3432 = CARTESIAN_POINT ( 'NONE',  ( -0.6081626841499492286, 0.4361886131241201614, -2.285301189069741223 ) ) ;
#3433 = VERTEX_POINT ( 'NONE', #498 ) ;
#3434 = CARTESIAN_POINT ( 'NONE',  ( 2.263510205813259013, 1.900000000000000133, -1.024390808633948602 ) ) ;
#3435 = DIRECTION ( 'NONE',  ( -1.000000000000000000, 0.000000000000000000, -6.982962677686265922E-15 ) ) ;
#3436 = VECTOR ( 'NONE', #2521, 39.37007874015748143 ) ;
#3437 = ADVANCED_FACE ( 'NONE', ( #1468 ), #1424, .F. ) ;
#3438 = EDGE_CURVE ( 'NONE', #2128, #3685, #2056, .T. ) ;
#3439 = AXIS2_PLACEMENT_3D ( 'NONE', #2254, #2219, #1626 ) ;
#3440 = VERTEX_POINT ( 'NONE', #1101 ) ;
#3441 = DIRECTION ( 'NONE',  ( -0.000000000000000000, -1.000000000000000000, -0.000000000000000000 ) ) ;
#3442 = CYLINDRICAL_SURFACE ( 'NONE', #3562, 2.098715398087330986 ) ;
#3443 = DIRECTION ( 'NONE',  ( 0.000000000000000000, 0.000000000000000000, 1.000000000000000000 ) ) ;
#3444 = APPROVAL_DATE_TIME ( #1891, #2950 ) ;
#3445 = CARTESIAN_POINT ( 'NONE',  ( -1.112046164677451099, 0.1613275852632300444, -2.639152900586372308 ) ) ;
#3446 = EDGE_CURVE ( 'NONE', #935, #2132, #2813, .T. ) ;
#3447 = DIRECTION ( 'NONE',  ( 0.000000000000000000, 0.000000000000000000, 1.000000000000000000 ) ) ;
#3448 = CARTESIAN_POINT ( 'NONE',  ( -1.886951839440239143, 0.8690997025993539848, -0.9801798129856023056 ) ) ;
#3449 = CARTESIAN_POINT ( 'NONE',  ( -0.001547626114818544075, 0.7720964771347078592, -0.6249999999999994449 ) ) ;
#3450 = DIRECTION ( 'NONE',  ( -0.000000000000000000, -0.000000000000000000, 1.000000000000000000 ) ) ;
#3451 = VECTOR ( 'NONE', #266, 39.37007874015748143 ) ;
#3452 = DIRECTION ( 'NONE',  ( 0.000000000000000000, 0.000000000000000000, 1.000000000000000000 ) ) ;
#3453 = VERTEX_POINT ( 'NONE', #860 ) ;
#3454 = CARTESIAN_POINT ( 'NONE',  ( 0.7162553151387998085, 1.525000000000000355, 1.348431974625094343 ) ) ;
#3455 = LINE ( 'NONE', #1622, #3169 ) ;
#3456 = ORIENTED_EDGE ( 'NONE', *, *, #2016, .T. ) ;
#3457 = CARTESIAN_POINT ( 'NONE',  ( 0.9617078834070720283, 0.2568753053902047556, -2.284056289183316046 ) ) ;
#3458 = ADVANCED_FACE ( 'NONE', ( #3623 ), #3579, .F. ) ;
#3459 = DIRECTION ( 'NONE',  ( 0.1736481776669351329, 0.000000000000000000, 0.9848077530122072432 ) ) ;
#3460 = B_SPLINE_CURVE_WITH_KNOTS ( 'NONE', 3,
 ( #688, #2307, #1309, #1659, #401, #3503, #3543, #2530, #1348, #704, #765, #2587, #3159, #2243, #726, #3241, #1698, #2566, #3829, #2548, #65, #2868, #1634, #1953, #3768, #2224, #102, #380 ),
 .UNSPECIFIED., .F., .F.,
 ( 4, 2, 2, 2, 2, 2, 2, 2, 2, 2, 2, 2, 2, 4 ),
 ( 3.881417085867276874E-05, 0.0004317975925396710696, 0.0008247810142206693637, 0.001217764435901667929, 0.001610747857582665952, 0.002396714700944661564, 0.003182681544306657610, 0.003575664965987654549, 0.003968648387668651488, 0.004361631809349648427, 0.004754615231030645366, 0.005540582074392640111, 0.005933565496073637049, 0.006326548917754633121 ),
 .UNSPECIFIED. ) ;
#3461 = ADVANCED_FACE ( 'NONE', ( #2116 ), #2166, .T. ) ;
#3462 = CARTESIAN_POINT ( 'NONE',  ( 1.896437358812858243, 1.216094045097590781, -0.3451375246621730120 ) ) ;
#3463 = CARTESIAN_POINT ( 'NONE',  ( -1.918388433503679602, 1.389943778214778547, -0.5472188985392200111 ) ) ;
#3464 = VECTOR ( 'NONE', #1625, 39.37007874015748143 ) ;
#3465 = CARTESIAN_POINT ( 'NONE',  ( -0.9560783473437094448, 0.2256926826160125799, -2.289095947258897645 ) ) ;
#3466 = LINE ( 'NONE', #3847, #385 ) ;
#3467 = AXIS2_PLACEMENT_3D ( 'NONE', #3390, #613, #2420 ) ;
#3468 = DIRECTION ( 'NONE',  ( 0.000000000000000000, 0.000000000000000000, -1.000000000000000000 ) ) ;
#3469 = AXIS2_PLACEMENT_3D ( 'NONE', #449, #1939, #3245 ) ;
#3470 = FACE_OUTER_BOUND ( 'NONE', #1373, .T. ) ;
#3471 = ORIENTED_EDGE ( 'NONE', *, *, #3779, .T. ) ;
#3472 = CARTESIAN_POINT ( 'NONE',  ( 1.873045930190226915, 0.8492035259727368501, -1.033408198638857689 ) ) ;
#3473 = EDGE_CURVE ( 'NONE', #2967, #3417, #3163, .T. ) ;
#3474 = DIRECTION ( 'NONE',  ( 0.000000000000000000, 0.000000000000000000, -1.000000000000000000 ) ) ;
#3475 = ORIENTED_EDGE ( 'NONE', *, *, #381, .T. ) ;
#3476 = LINE ( 'NONE', #2319, #1189 ) ;
#3477 = CARTESIAN_POINT ( 'NONE',  ( 1.907234311685326311, 0.9825830745650996345, -0.8170419083001266847 ) ) ;
#3478 = CARTESIAN_POINT ( 'NONE',  ( 0.3135501589298477776, 1.527952755905511939, 1.451211036278189592 ) ) ;
#3479 = CARTESIAN_POINT ( 'NONE',  ( 1.901372726263109714, 1.185797267939573629, -0.3814896305626609418 ) ) ;
#3480 = ORIENTED_EDGE ( 'NONE', *, *, #1721, .T. ) ;
#3481 = CARTESIAN_POINT ( 'NONE',  ( 1.785707074730771504, 0.3161313511041295432, 0.07217229930697789675 ) ) ;
#3482 = CARTESIAN_POINT ( 'NONE',  ( 0.8891380349438403607, 0.2114582109486332906, -2.197202685681922230 ) ) ;
#3483 = CARTESIAN_POINT ( 'NONE',  ( -1.807263166070290472, 1.465063778086068469, 0.02352761120517866608 ) ) ;
#3484 = CARTESIAN_POINT ( 'NONE',  ( -1.677363614098869693, 0.5752091407175724536, 0.08000000000000022371 ) ) ;
#3485 = CARTESIAN_POINT ( 'NONE',  ( -0.05326129737002142234, 0.1984747550006466521, -2.542724324102261679 ) ) ;
#3486 = ORIENTED_EDGE ( 'NONE', *, *, #705, .F. ) ;
#3487 = DIRECTION ( 'NONE',  ( 0.000000000000000000, 0.000000000000000000, 1.000000000000000000 ) ) ;
#3488 = DIRECTION ( 'NONE',  ( -0.000000000000000000, -1.000000000000000000, 0.000000000000000000 ) ) ;
#3489 = ADVANCED_FACE ( 'NONE', ( #518 ), #2077, .F. ) ;
#3490 = VERTEX_POINT ( 'NONE', #2033 ) ;
#3491 = DIRECTION ( 'NONE',  ( 0.000000000000000000, -1.000000000000000000, -0.000000000000000000 ) ) ;
#3492 = VERTEX_POINT ( 'NONE', #536 ) ;
#3493 = AXIS2_PLACEMENT_3D ( 'NONE', #3246, #3509, #1314 ) ;
#3494 = CARTESIAN_POINT ( 'NONE',  ( -0.04972953300077652405, 0.2000000000000000389, -2.442654783750688896 ) ) ;
#3495 = PLANE ( 'NONE',  #3369 ) ;
#3496 = AXIS2_PLACEMENT_3D ( 'NONE', #2661, #115, #717 ) ;
#3497 = FACE_OUTER_BOUND ( 'NONE', #2879, .T. ) ;
#3498 = VERTEX_POINT ( 'NONE', #3006 ) ;
#3499 = VERTEX_POINT ( 'NONE', #2405 ) ;
#3500 = CARTESIAN_POINT ( 'NONE',  ( 1.477200418269831061, 1.775000000000000133, -2.386619772036115528 ) ) ;
#3501 = FACE_OUTER_BOUND ( 'NONE', #3929, .T. ) ;
#3502 = EDGE_CURVE ( 'NONE', #1693, #1925, #3643, .T. ) ;
#3503 = CARTESIAN_POINT ( 'NONE',  ( -0.03649204217788473703, 0.1534892531314177022, -2.924739433634456098 ) ) ;
#3504 = EDGE_CURVE ( 'NONE', #3440, #2273, #2749, .T. ) ;
#3505 = DIRECTION ( 'NONE',  ( 0.000000000000000000, 1.000000000000000000, -0.000000000000000000 ) ) ;
#3506 = CARTESIAN_POINT ( 'NONE',  ( -0.7585143015097239871, 0.3184236442625946184, -2.243135346341365910 ) ) ;
#3507 = VERTEX_POINT ( 'NONE', #1238 ) ;
#3508 = DIRECTION ( 'NONE',  ( -0.8660254037844362651, 0.000000000000000000, 0.5000000000000039968 ) ) ;
#3509 = DIRECTION ( 'NONE',  ( 0.000000000000000000, 1.000000000000000000, 0.000000000000000000 ) ) ;
#3510 = ORIENTED_EDGE ( 'NONE', *, *, #2283, .T. ) ;
#3511 = CARTESIAN_POINT ( 'NONE',  ( -0.8343941456990203731, 0.7720964771347079703, -3.100000000000000089 ) ) ;
#3512 = ORIENTED_EDGE ( 'NONE', *, *, #956, .T. ) ;
#3513 = CARTESIAN_POINT ( 'NONE',  ( 0.04028784389242869024, 0.2953165836024783109, -2.924639706802737660 ) ) ;
#3514 = EDGE_CURVE ( 'NONE', #2638, #1044, #1318, .T. ) ;
#3515 = CARTESIAN_POINT ( 'NONE',  ( 0.000000000000000000, 1.378798922997412246, 0.2300000000000000100 ) ) ;
#3516 = ORIENTED_EDGE ( 'NONE', *, *, #2118, .T. ) ;
#3517 = ORIENTED_EDGE ( 'NONE', *, *, #1998, .F. ) ;
#3518 = DIRECTION ( 'NONE',  ( 0.000000000000000000, 1.000000000000000000, 0.000000000000000000 ) ) ;
#3519 = B_SPLINE_CURVE_WITH_KNOTS ( 'NONE', 3,
 ( #2747, #2156, #3983, #1199, #3679, #899, #2133, #599, #321, #1828, #3396, #2484, #340, #941, #2177, #1257, #2505, #1868 ),
 .UNSPECIFIED., .F., .F.,
 ( 4, 2, 2, 2, 2, 2, 2, 2, 4 ),
 ( 0.005501159164902136474, 0.006106195239120351149, 0.006711231313338564958, 0.007316267387556779633, 0.007921303461774994309, 0.008526339535993208985, 0.009131375610211423660, 0.009736411684429636601, 0.01034144775864785128 ),
 .UNSPECIFIED. ) ;
#3520 = CARTESIAN_POINT ( 'NONE',  ( 1.916598952376729281, 1.204755632113885699, -0.6572844240587069065 ) ) ;
#3521 = CARTESIAN_POINT ( 'NONE',  ( -1.846911626869316425, 1.399523063565037528, -0.1004438334872674587 ) ) ;
#3522 = CARTESIAN_POINT ( 'NONE',  ( -1.648201067044650525, 1.231878152392601677, 0.2300000000000000100 ) ) ;
#3523 = ORIENTED_EDGE ( 'NONE', *, *, #1721, .F. ) ;
#3524 = CARTESIAN_POINT ( 'NONE',  ( 0.9049490720335684468, 0.2362318405177507574, -2.191352204779575708 ) ) ;
#3525 = AXIS2_PLACEMENT_3D ( 'NONE', #235, #3277, #3296 ) ;
#3526 = CARTESIAN_POINT ( 'NONE',  ( 1.882626496570748431, 0.8692669287450578430, -0.9866436553541438892 ) ) ;
#3527 = AXIS2_PLACEMENT_3D ( 'NONE', #2806, #3399, #625 ) ;
#3528 = CYLINDRICAL_SURFACE ( 'NONE', #1159, 0.05000000000000000971 ) ;
#3529 = ADVANCED_FACE ( 'NONE', ( #3700 ), #2823, .T. ) ;
#3530 = ORIENTED_EDGE ( 'NONE', *, *, #2397, .T. ) ;
#3531 = FACE_OUTER_BOUND ( 'NONE', #819, .T. ) ;
#3532 = ORIENTED_EDGE ( 'NONE', *, *, #1933, .T. ) ;
#3533 = CARTESIAN_POINT ( 'NONE',  ( 0.01046022707464485356, 0.3054254661841580010, -2.924992440827093088 ) ) ;
#3534 = AXIS2_PLACEMENT_3D ( 'NONE', #788, #3957, #3041 ) ;
#3535 = CIRCLE ( 'NONE', #176, 2.100000000000000977 ) ;
#3536 = CARTESIAN_POINT ( 'NONE',  ( -1.351401606456565707, 1.400000000000000355, -2.233693330549841871 ) ) ;
#3537 = ORIENTED_EDGE ( 'NONE', *, *, #1696, .T. ) ;
#3538 = EDGE_CURVE ( 'NONE', #3453, #466, #1282, .T. ) ;
#3539 = EDGE_LOOP ( 'NONE', ( #2122, #97, #490, #1225 ) ) ;
#3540 = CIRCLE ( 'NONE', #755, 1.700136969607926485 ) ;
#3541 = LINE ( 'NONE', #2059, #58 ) ;
#3542 = LINE ( 'NONE', #764, #3741 ) ;
#3543 = CARTESIAN_POINT ( 'NONE',  ( -0.04099937695183914627, 0.1559955586211707601, -2.924665573955612885 ) ) ;
#3544 = CARTESIAN_POINT ( 'NONE',  ( 1.818651353170308793, 0.3082104603772404250, -0.01228288711617844982 ) ) ;
#3545 = AXIS2_PLACEMENT_3D ( 'NONE', #461, #763, #846 ) ;
#3546 = VERTEX_POINT ( 'NONE', #981 ) ;
#3547 = CARTESIAN_POINT ( 'NONE',  ( -0.001547626114818544075, 1.658662601581720963, -0.6249999999999994449 ) ) ;
#3548 = CIRCLE ( 'NONE', #1793, 2.300000000000000266 ) ;
#3549 = CARTESIAN_POINT ( 'NONE',  ( -0.9998291447248925934, 0.2044675488862436052, -2.697060577686054561 ) ) ;
#3550 = LINE ( 'NONE', #770, #454 ) ;
#3551 = EDGE_CURVE ( 'NONE', #2258, #2764, #1341, .T. ) ;
#3552 = ORIENTED_EDGE ( 'NONE', *, *, #3916, .T. ) ;
#3553 = DIRECTION ( 'NONE',  ( 0.000000000000000000, -0.000000000000000000, -1.000000000000000000 ) ) ;
#3554 = VERTEX_POINT ( 'NONE', #2785 ) ;
#3555 = CARTESIAN_POINT ( 'NONE',  ( 1.611928006131511770, 1.569992905620055001, -2.024670555105230196 ) ) ;
#3556 = CARTESIAN_POINT ( 'NONE',  ( 1.842167175446046246, 1.337485351927748090, -0.09438740597998013238 ) ) ;
#3557 = ADVANCED_FACE ( 'NONE', ( #278, #642 ), #16, .T. ) ;
#3558 = CARTESIAN_POINT ( 'NONE',  ( 1.706709633348874489, 0.4239658732477449288, 0.08000000000000022371 ) ) ;
#3559 = ORIENTED_EDGE ( 'NONE', *, *, #802, .T. ) ;
#3560 = ORIENTED_EDGE ( 'NONE', *, *, #535, .T. ) ;
#3561 = CARTESIAN_POINT ( 'NONE',  ( -1.115636607178014383, 0.2856242860550909368, -2.637167905282974179 ) ) ;
#3562 = AXIS2_PLACEMENT_3D ( 'NONE', #59, #2447, #3053 ) ;
#3563 = CARTESIAN_POINT ( 'NONE',  ( -0.0002577831718736494086, 0.3054248352206217487, -2.924999652773316416 ) ) ;
#3564 = LINE ( 'NONE', #1164, #2377 ) ;
#3565 = FACE_OUTER_BOUND ( 'NONE', #3901, .T. ) ;
#3566 = CIRCLE ( 'NONE', #588, 2.098715398087330986 ) ;
#3567 = VERTEX_POINT ( 'NONE', #1507 ) ;
#3568 = LINE ( 'NONE', #2632, #2542 ) ;
#3569 = PLANE ( 'NONE',  #3407 ) ;
#3570 = CARTESIAN_POINT ( 'NONE',  ( -0.8266403389703887994, 0.2000000000000000111, -2.309688310012437906 ) ) ;
#3571 = CARTESIAN_POINT ( 'NONE',  ( 1.153329311814807134, 0.1999999999999999278, 0.2300000000000080591 ) ) ;
#3572 = ORIENTED_EDGE ( 'NONE', *, *, #2561, .F. ) ;
#3573 = CARTESIAN_POINT ( 'NONE',  ( -1.676139000409748503, 0.5918884232162087145, 0.08000000000000022371 ) ) ;
#3574 = VERTEX_POINT ( 'NONE', #2804 ) ;
#3575 = CARTESIAN_POINT ( 'NONE',  ( 0.04021862186204382128, 0.1555327280335344065, -2.924624881673744348 ) ) ;
#3576 = DATE_TIME_ROLE ( 'classification_date' ) ;
#3577 = EDGE_CURVE ( 'NONE', #2006, #1113, #3519, .T. ) ;
#3578 = CIRCLE ( 'NONE', #1179, 2.300000000000000266 ) ;
#3579 = PLANE ( 'NONE',  #1452 ) ;
#3580 = VERTEX_POINT ( 'NONE', #3109 ) ;
#3581 = DIRECTION ( 'NONE',  ( 0.000000000000000000, 1.000000000000000000, 0.000000000000000000 ) ) ;
#3582 = CARTESIAN_POINT ( 'NONE',  ( -1.132267381510018378, 0.2606691992950946890, -2.627867150510764471 ) ) ;
#3583 = EDGE_CURVE ( 'NONE', #1917, #230, #1567, .T. ) ;
#3584 = DIRECTION ( 'NONE',  ( -0.000000000000000000, -1.000000000000000000, -0.000000000000000000 ) ) ;
#3585 = CARTESIAN_POINT ( 'NONE',  ( -1.857669130808992763, 1.371927864943736752, -0.1398987476856100032 ) ) ;
#3586 = ORIENTED_EDGE ( 'NONE', *, *, #3384, .F. ) ;
#3587 = CARTESIAN_POINT ( 'NONE',  ( -0.001547626114818544075, 1.774999999999999467, -0.6249999999999994449 ) ) ;
#3588 = DIRECTION ( 'NONE',  ( 0.04050329323151606598, -0.9961946980917469885, 0.07717257758617999952 ) ) ;
#3589 = CARTESIAN_POINT ( 'NONE',  ( 0.7162553151387998085, 1.525000000000000355, 1.348431974625094343 ) ) ;
#3590 = CARTESIAN_POINT ( 'NONE',  ( 0.000000000000000000, 0.2000000000000000111, 0.2276221842784289795 ) ) ;
#3591 = DIRECTION ( 'NONE',  ( -0.000000000000000000, -0.7808688094430308313, -0.6246950475544236214 ) ) ;
#3592 = AXIS2_PLACEMENT_3D ( 'NONE', #1160, #3887, #2342 ) ;
#3593 = EDGE_LOOP ( 'NONE', ( #3676, #1333 ) ) ;
#3594 = CARTESIAN_POINT ( 'NONE',  ( -0.07901813560849675622, 0.2436849359850416230, -2.541854767216718436 ) ) ;
#3595 = VERTEX_POINT ( 'NONE', #2233 ) ;
#3596 = CARTESIAN_POINT ( 'NONE',  ( 1.634517508378564576, 0.7215087862626644588, -1.628549311063556049 ) ) ;
#3597 = EDGE_CURVE ( 'NONE', #843, #2490, #3981, .T. ) ;
#3598 = CIRCLE ( 'NONE', #1192, 2.298715398087330275 ) ;
#3599 = VECTOR ( 'NONE', #2546, 39.37007874015748143 ) ;
#3600 = CARTESIAN_POINT ( 'NONE',  ( 1.104123519347393723, 0.1555327280335345730, -2.641806964975906613 ) ) ;
#3601 = ORIENTED_EDGE ( 'NONE', *, *, #2671, .F. ) ;
#3602 = AXIS2_PLACEMENT_3D ( 'NONE', #3522, #1067, #2916 ) ;
#3603 = DIRECTION ( 'NONE',  ( 0.000000000000000000, 1.000000000000000000, 0.000000000000000000 ) ) ;
#3604 = EDGE_CURVE ( 'NONE', #3499, #1927, #1898, .T. ) ;
#3605 = B_SPLINE_CURVE_WITH_KNOTS ( 'NONE', 3,
 ( #946, #3114, #3054, #1183, #926, #324, #1203, #1241, #3683, #1872 ),
 .UNSPECIFIED., .F., .F.,
 ( 4, 2, 2, 2, 4 ),
 ( 0.000000000000000000, 0.004532167106656166677, 0.009064334213312333355, 0.01359650131996850003, 0.01812866842662466671 ),
 .UNSPECIFIED. ) ;
#3606 = DIRECTION ( 'NONE',  ( 0.000000000000000000, -1.000000000000000000, -0.000000000000000000 ) ) ;
#3607 = CARTESIAN_POINT ( 'NONE',  ( 0.8300751009627573840, 0.7720964771347079703, -3.100000000000000089 ) ) ;
#3608 = CARTESIAN_POINT ( 'NONE',  ( -1.878774949529429250, 1.279442582591726385, -0.2295936813336834637 ) ) ;
#3609 = ORIENTED_EDGE ( 'NONE', *, *, #2688, .F. ) ;
#3610 = CARTESIAN_POINT ( 'NONE',  ( -0.0004351282246964497183, 1.902884585545088658, -0.6256423009563343296 ) ) ;
#3611 = VECTOR ( 'NONE', #1239, 39.37007874015748854 ) ;
#3612 = CARTESIAN_POINT ( 'NONE',  ( -2.009952405398591768, 1.581688702823693449, -1.379172911629806375 ) ) ;
#3613 = CARTESIAN_POINT ( 'NONE',  ( -0.0004351282246964497183, 1.525000000000000355, -0.6256423009563343296 ) ) ;
#3614 = FACE_OUTER_BOUND ( 'NONE', #1956, .T. ) ;
#3615 = CARTESIAN_POINT ( 'NONE',  ( 1.757326841697566033, 0.9315714154689866966, 0.08000000000000022371 ) ) ;
#3616 = LOCAL_TIME ( 10, 41, 44.00000000000000000, #2423 ) ;
#3617 = ORIENTED_EDGE ( 'NONE', *, *, #2855, .F. ) ;
#3618 = DIRECTION ( 'NONE',  ( -0.04957834750627355264, -0.9987702375714583303, -0.000000000000000000 ) ) ;
#3619 = ORIENTED_EDGE ( 'NONE', *, *, #1814, .F. ) ;
#3620 = DIRECTION ( 'NONE',  ( 0.000000000000000000, 0.000000000000000000, 1.000000000000000000 ) ) ;
#3621 = APPROVAL_DATE_TIME ( #554, #672 ) ;
#3622 = EDGE_CURVE ( 'NONE', #132, #1892, #1984, .T. ) ;
#3623 = FACE_OUTER_BOUND ( 'NONE', #1361, .T. ) ;
#3624 = ADVANCED_FACE ( 'NONE', ( #3531 ), #2426, .F. ) ;
#3625 = ORIENTED_EDGE ( 'NONE', *, *, #17, .F. ) ;
#3626 = ORIENTED_EDGE ( 'NONE', *, *, #3514, .F. ) ;
#3627 = CARTESIAN_POINT ( 'NONE',  ( -1.130090180596184046, 0.2653689595957943737, -2.629095822847848485 ) ) ;
#3628 = CARTESIAN_POINT ( 'NONE',  ( 1.715806030129466198, -6.505382386916236825, 0.2300000000000120004 ) ) ;
#3629 = CARTESIAN_POINT ( 'NONE',  ( 0.9394302588029637135, 0.2000000000000000389, -2.296792212181671733 ) ) ;
#3630 = AXIS2_PLACEMENT_3D ( 'NONE', #1517, #1859, #1598 ) ;
#3631 = VERTEX_POINT ( 'NONE', #3209 ) ;
#3632 = DIRECTION ( 'NONE',  ( 0.7660444431189720182, 0.000000000000000000, -0.6427876096865465794 ) ) ;
#3633 = EDGE_CURVE ( 'NONE', #3920, #3183, #153, .T. ) ;
#3634 = CARTESIAN_POINT ( 'NONE',  ( -1.991347607338193715, 1.525000000000000355, -1.296260236745793160 ) ) ;
#3635 = DIRECTION ( 'NONE',  ( -0.04050329323151530964, -0.9961946980917467664, 0.07717257758618387142 ) ) ;
#3636 = CARTESIAN_POINT ( 'NONE',  ( -1.796211268643334469, 0.5882483081192373398, -1.311157772819685041 ) ) ;
#3637 = CARTESIAN_POINT ( 'NONE',  ( 0.8956107166117964757, 0.2189094090618540212, -2.194823473222706323 ) ) ;
#3638 = EDGE_CURVE ( 'NONE', #1967, #1892, #3784, .T. ) ;
#3639 = ORIENTED_EDGE ( 'NONE', *, *, #1098, .T. ) ;
#3640 = CARTESIAN_POINT ( 'NONE',  ( -0.001547626114818544075, 1.400000000000000355, -0.6249999999999994449 ) ) ;
#3641 = VERTEX_POINT ( 'NONE', #3150 ) ;
#3642 = LINE ( 'NONE', #256, #2264 ) ;
#3643 = LINE ( 'NONE', #2095, #3140 ) ;
#3644 = ORIENTED_EDGE ( 'NONE', *, *, #2809, .F. ) ;
#3645 = VERTEX_POINT ( 'NONE', #2922 ) ;
#3646 = AXIS2_PLACEMENT_3D ( 'NONE', #2084, #2064, #3324 ) ;
#3647 = CARTESIAN_POINT ( 'NONE',  ( 0.3630224987440031637, 1.586811414045060653, 1.493290969956329040 ) ) ;
#3648 = ORIENTED_EDGE ( 'NONE', *, *, #137, .T. ) ;
#3649 = ORIENTED_EDGE ( 'NONE', *, *, #1000, .T. ) ;
#3650 = CARTESIAN_POINT ( 'NONE',  ( -1.382654909905815410, 1.378798922997412246, 0.2300000000000000100 ) ) ;
#3651 = CARTESIAN_POINT ( 'NONE',  ( -2.023156152253605011, 1.576436849774704552, -1.330357177532596857 ) ) ;
#3652 = FACE_OUTER_BOUND ( 'NONE', #2257, .T. ) ;
#3653 = CARTESIAN_POINT ( 'NONE',  ( -1.907197801059819398, 1.528369040275477042, -0.4029512470732581897 ) ) ;
#3654 = CARTESIAN_POINT ( 'NONE',  ( -0.001547626114818262399, -6.505382386916236825, -2.924999999999999378 ) ) ;
#3655 = ORIENTED_EDGE ( 'NONE', *, *, #3426, .T. ) ;
#3656 = CARTESIAN_POINT ( 'NONE',  ( -0.9264280471105602599, 0.4516255523717420672, -2.183408616556175463 ) ) ;
#3657 = ORIENTED_EDGE ( 'NONE', *, *, #3020, .T. ) ;
#3658 = CARTESIAN_POINT ( 'NONE',  ( -0.001547626114818544075, 1.658662601581720963, -0.6249999999999994449 ) ) ;
#3659 = COORDINATED_UNIVERSAL_TIME_OFFSET ( 5, 0, .BEHIND. ) ;
#3660 = CARTESIAN_POINT ( 'NONE',  ( 1.138397922927118833, 0.2147112901856665645, -2.622629888948043497 ) ) ;
#3661 = ADVANCED_FACE ( 'NONE', ( #1018 ), #2904, .F. ) ;
#3662 = CONICAL_SURFACE ( 'NONE', #1711, 1.700136969607926263, 0.04959868070497233661 ) ;
#3663 = VERTEX_POINT ( 'NONE', #3859 ) ;
#3664 = CONICAL_SURFACE ( 'NONE', #2231, 2.069851056971786285, 0.2238870806571627015 ) ;
#3665 = FACE_OUTER_BOUND ( 'NONE', #3312, .T. ) ;
#3666 = VERTEX_POINT ( 'NONE', #112 ) ;
#3667 = ORIENTED_EDGE ( 'NONE', *, *, #2417, .T. ) ;
#3668 = AXIS2_PLACEMENT_3D ( 'NONE', #1122, #3301, #2061 ) ;
#3669 = CARTESIAN_POINT ( 'NONE',  ( -6.065921084684207584E-32, 0.1884276688058104110, -2.426489264862230932 ) ) ;
#3670 = CARTESIAN_POINT ( 'NONE',  ( -1.999924949518886885, 1.536633992549091055, -1.299952563996507715 ) ) ;
#3671 = CARTESIAN_POINT ( 'NONE',  ( 1.841072781132945479, 1.654970591039119254, -0.08876506976276624106 ) ) ;
#3672 = CARTESIAN_POINT ( 'NONE',  ( -1.785729113692703152, 1.487018932111242364, 0.08000000000000022371 ) ) ;
#3673 = FACE_OUTER_BOUND ( 'NONE', #1214, .T. ) ;
#3674 = EDGE_LOOP ( 'NONE', ( #1832, #2252, #2450, #519 ) ) ;
#3675 = CARTESIAN_POINT ( 'NONE',  ( -1.820200974062149646, 1.525000000000000355, -1.674999999999982725 ) ) ;
#3676 = ORIENTED_EDGE ( 'NONE', *, *, #3638, .F. ) ;
#3677 = CARTESIAN_POINT ( 'NONE',  ( 0.8300751009627573840, 0.7720964771347078592, -2.353795019782185527 ) ) ;
#3678 = ORIENTED_EDGE ( 'NONE', *, *, #3504, .T. ) ;
#3679 = CARTESIAN_POINT ( 'NONE',  ( -0.8574880158406199548, 0.3294221113436004433, -2.341897830828141291 ) ) ;
#3680 = EDGE_CURVE ( 'NONE', #451, #1493, #1382, .T. ) ;
#3681 = CARTESIAN_POINT ( 'NONE',  ( 1.068579472345126291, 0.2281251414613192363, -2.124140400284617147 ) ) ;
#3682 = CARTESIAN_POINT ( 'NONE',  ( -1.388616338287992802, 0.3494512181925119032, -1.950280713028708757 ) ) ;
#3683 = CARTESIAN_POINT ( 'NONE',  ( -1.751258328057910596, 0.7524289091109167549, -1.413865768301734827 ) ) ;
#3684 = ORIENTED_EDGE ( 'NONE', *, *, #162, .F. ) ;
#3685 = VERTEX_POINT ( 'NONE', #3819 ) ;
#3686 = CARTESIAN_POINT ( 'NONE',  ( 0.04359904325729311442, 0.2000000000000000111, -2.408553692915554212 ) ) ;
#3687 = VECTOR ( 'NONE', #529, 39.37007874015748143 ) ;
#3688 = CARTESIAN_POINT ( 'NONE',  ( 1.729655810241094605, 0.3495909690977778705, 0.08000000000000023759 ) ) ;
#3689 = CARTESIAN_POINT ( 'NONE',  ( -0.03604376072392124347, 0.1978219588902471460, -2.417554014405062013 ) ) ;
#3690 = CARTESIAN_POINT ( 'NONE',  ( 1.348593125924184122, 1.400000000000000355, -2.233351569349375509 ) ) ;
#3691 = CARTESIAN_POINT ( 'NONE',  ( -0.04975435257079555834, 0.1956711315353688030, -2.542812475749396839 ) ) ;
#3692 = VECTOR ( 'NONE', #3905, 39.37007874015748143 ) ;
#3693 = ORIENTED_EDGE ( 'NONE', *, *, #845, .F. ) ;
#3694 = CARTESIAN_POINT ( 'NONE',  ( 0.9051423534486376932, 0.2362250877350756118, -2.191260551534001788 ) ) ;
#3695 = ORIENTED_EDGE ( 'NONE', *, *, #2322, .F. ) ;
#3696 = CYLINDRICAL_SURFACE ( 'NONE', #2104, 2.098715398087330986 ) ;
#3697 = CARTESIAN_POINT ( 'NONE',  ( -1.509970683644230594, 0.3623963241780668310, -1.813774503621782053 ) ) ;
#3698 = CIRCLE ( 'NONE', #1937, 1.759944734058173754 ) ;
#3699 = ORIENTED_EDGE ( 'NONE', *, *, #2117, .F. ) ;
#3700 = FACE_OUTER_BOUND ( 'NONE', #1476, .T. ) ;
#3701 = FACE_OUTER_BOUND ( 'NONE', #1338, .T. ) ;
#3702 = B_SPLINE_CURVE_WITH_KNOTS ( 'NONE', 3,
 ( #1216, #2422, #840, #553, #3596, #821, #3315, #2053, #2726, #534 ),
 .UNSPECIFIED., .F., .F.,
 ( 4, 2, 2, 2, 4 ),
 ( 0.000000000000000000, 0.004532147000890429482, 0.009064294001780858964, 0.01359644100267128758, 0.01812858800356171793 ),
 .UNSPECIFIED. ) ;
#3703 = CARTESIAN_POINT ( 'NONE',  ( -0.8343941456990203731, 0.7720964771347079703, -2.353205790822410659 ) ) ;
#3704 = CARTESIAN_POINT ( 'NONE',  ( -0.001547626114818544075, 1.900000000000000133, -0.6249999999999994449 ) ) ;
#3705 = VERTEX_POINT ( 'NONE', #1922 ) ;
#3706 = EDGE_CURVE ( 'NONE', #438, #3066, #3476, .T. ) ;
#3707 = EDGE_CURVE ( 'NONE', #3817, #1917, #2035, .T. ) ;
#3708 = CARTESIAN_POINT ( 'NONE',  ( -0.04359904325729311442, 0.2000000000000000111, -2.408553692915554212 ) ) ;
#3709 = CARTESIAN_POINT ( 'NONE',  ( -1.994845530906631081, 1.568640730737684175, -1.389564215543660941 ) ) ;
#3710 = DIRECTION ( 'NONE',  ( 0.000000000000000000, 1.000000000000000000, 0.000000000000000000 ) ) ;
#3711 = PLANE ( 'NONE',  #3928 ) ;
#3712 = CARTESIAN_POINT ( 'NONE',  ( 0.07286678679206966269, 0.2927881032219087909, -2.541976360475972196 ) ) ;
#3713 = CARTESIAN_POINT ( 'NONE',  ( 0.6877104632866284373, 0.3731450950491576046, -2.261961941789113251 ) ) ;
#3714 = ORIENTED_EDGE ( 'NONE', *, *, #832, .F. ) ;
#3715 = CARTESIAN_POINT ( 'NONE',  ( 1.872844488464839863, 0.4770434372082438257, -1.034801623594997277 ) ) ;
#3716 = FACE_OUTER_BOUND ( 'NONE', #139, .T. ) ;
#3717 = ORIENTED_EDGE ( 'NONE', *, *, #560, .T. ) ;
#3718 = DIRECTION ( 'NONE',  ( 0.000000000000000000, 0.000000000000000000, -1.000000000000000000 ) ) ;
#3719 = EDGE_CURVE ( 'NONE', #460, #837, #1039, .T. ) ;
#3720 = CARTESIAN_POINT ( 'NONE',  ( 1.153329311814807134, 0.1999999999999999278, 0.2300000000000080591 ) ) ;
#3721 = FACE_OUTER_BOUND ( 'NONE', #551, .T. ) ;
#3722 = CIRCLE ( 'NONE', #3790, 0.08000000000000000167 ) ;
#3723 = CARTESIAN_POINT ( 'NONE',  ( 0.9999999999999995559, 0.1999999999999999278, 0.2300000000000069766 ) ) ;
#3724 = APPLICATION_PROTOCOL_DEFINITION ( 'international standard', 'config_control_design', 1994, #23 ) ;
#3725 = EDGE_CURVE ( 'NONE', #1324, #2591, #1357, .T. ) ;
#3726 = ORIENTED_EDGE ( 'NONE', *, *, #907, .T. ) ;
#3727 = CARTESIAN_POINT ( 'NONE',  ( -0.001547626114818533884, 1.400000000000000355, -0.6249999999999994449 ) ) ;
#3728 = CARTESIAN_POINT ( 'NONE',  ( 1.761034922272125103, 0.3247716013714995742, 0.08000000000000022371 ) ) ;
#3729 = FACE_OUTER_BOUND ( 'NONE', #1545, .T. ) ;
#3730 = AXIS2_PLACEMENT_3D ( 'NONE', #1128, #2375, #833 ) ;
#3731 = EDGE_CURVE ( 'NONE', #3097, #2837, #806, .T. ) ;
#3732 = CARTESIAN_POINT ( 'NONE',  ( -1.766104196088158940, 0.4924411036749866133, 0.08000000000000022371 ) ) ;
#3733 = DIRECTION ( 'NONE',  ( 0.8660254037844432595, 0.000000000000000000, 0.4999999999999919509 ) ) ;
#3734 = CARTESIAN_POINT ( 'NONE',  ( 0.06255019590304544685, 1.460091898269115340, 0.2300000000000000100 ) ) ;
#3735 = ORIENTED_EDGE ( 'NONE', *, *, #10, .F. ) ;
#3736 = DIRECTION ( 'NONE',  ( 0.000000000000000000, 1.000000000000000000, 0.000000000000000000 ) ) ;
#3737 = AXIS2_PLACEMENT_3D ( 'NONE', #2487, #884, #602 ) ;
#3738 = VERTEX_POINT ( 'NONE', #3838 ) ;
#3739 = CARTESIAN_POINT ( 'NONE',  ( 0.9188786236412871400, 0.3329008589174658472, -2.308212066604940826 ) ) ;
#3740 = DIRECTION ( 'NONE',  ( -1.000000000000000000, 0.000000000000000000, -0.000000000000000000 ) ) ;
#3741 = VECTOR ( 'NONE', #463, 39.37007874015748143 ) ;
#3742 = ADVANCED_FACE ( 'NONE', ( #1056 ), #1319, .F. ) ;
#3743 = EDGE_CURVE ( 'NONE', #3899, #1842, #93, .T. ) ;
#3744 = CARTESIAN_POINT ( 'NONE',  ( 0.000000000000000000, 0.000000000000000000, 0.08000000000000022371 ) ) ;
#3745 = CARTESIAN_POINT ( 'NONE',  ( 1.068685782480680579, 0.3054248503961792816, -2.660829180242305192 ) ) ;
#3746 =( CONVERSION_BASED_UNIT ( 'INCH', #947 ) LENGTH_UNIT ( ) NAMED_UNIT ( #2547 ) );
#3747 = CARTESIAN_POINT ( 'NONE',  ( -1.091860332075415885, 0.1489452700728524648, -2.650152265356171988 ) ) ;
#3748 = CARTESIAN_POINT ( 'NONE',  ( -0.9371227007641926843, 0.3204260112521036818, -2.299834673862533041 ) ) ;
#3749 = DIRECTION ( 'NONE',  ( 0.9987702375714584413, -0.04957834750627356651, 0.000000000000000000 ) ) ;
#3750 = DIRECTION ( 'NONE',  ( -0.000000000000000000, 1.000000000000000000, -0.000000000000000000 ) ) ;
#3751 = EDGE_CURVE ( 'NONE', #915, #3738, #3116, .T. ) ;
#3752 = B_SPLINE_CURVE_WITH_KNOTS ( 'NONE', 3,
 ( #66, #2211, #2146, #3769 ),
 .UNSPECIFIED., .F., .F.,
 ( 4, 4 ),
 ( 3.990432367926516295E-05, 0.0007508974451977816792 ),
 .UNSPECIFIED. ) ;
#3753 = CARTESIAN_POINT ( 'NONE',  ( 0.000000000000000000, 0.1803149606299213059, -2.408553692915554212 ) ) ;
#3754 = ORIENTED_EDGE ( 'NONE', *, *, #2322, .T. ) ;
#3755 = DIRECTION ( 'NONE',  ( -0.04957834750627355264, -0.9987702375714583303, -0.000000000000000000 ) ) ;
#3756 = CARTESIAN_POINT ( 'NONE',  ( 0.9050753071221621093, 0.2362284090818057014, -2.191285612446550957 ) ) ;
#3757 = AXIS2_PLACEMENT_3D ( 'NONE', #667, #2225, #2476 ) ;
#3758 = EDGE_CURVE ( 'NONE', #29, #715, #3984, .T. ) ;
#3759 = AXIS2_PLACEMENT_3D ( 'NONE', #413, #1906, #1607 ) ;
#3760 = VERTEX_POINT ( 'NONE', #1114 ) ;
#3761 = CARTESIAN_POINT ( 'NONE',  ( 0.9418958505400647496, 0.3149300741820540983, -2.295409417060352286 ) ) ;
#3762 = DIRECTION ( 'NONE',  ( 0.000000000000000000, -0.000000000000000000, 1.000000000000000000 ) ) ;
#3763 = LINE ( 'NONE', #2790, #419 ) ;
#3764 = MECHANICAL_CONTEXT ( 'NONE', #23, 'mechanical' ) ;
#3765 = CARTESIAN_POINT ( 'NONE',  ( 0.000000000000000000, 0.000000000000000000, 0.2276221842784289795 ) ) ;
#3766 = EDGE_CURVE ( 'NONE', #1693, #1324, #3598, .T. ) ;
#3767 = CARTESIAN_POINT ( 'NONE',  ( 1.707695946530257247, 0.3960402963906004548, 0.08000000000000018208 ) ) ;
#3768 = CARTESIAN_POINT ( 'NONE',  ( -0.02205401081740603064, 0.3024945622679087731, -2.924914123438156821 ) ) ;
#3769 = CARTESIAN_POINT ( 'NONE',  ( 1.797607698307194246, 1.373964698477175617, 0.04085936895079748943 ) ) ;
#3770 = DIRECTION ( 'NONE',  ( 0.000000000000000000, -1.000000000000000000, 0.000000000000000000 ) ) ;
#3771 = AXIS2_PLACEMENT_3D ( 'NONE', #2651, #225, #485 ) ;
#3772 = ORIENTED_EDGE ( 'NONE', *, *, #597, .T. ) ;
#3773 = CARTESIAN_POINT ( 'NONE',  ( 1.841991004404346377, 0.4490184995056841211, -1.156681694377658776 ) ) ;
#3774 = CARTESIAN_POINT ( 'NONE',  ( 1.578976798411105609, 1.532080844676056541, -2.016280091928366769 ) ) ;
#3775 = ORIENTED_EDGE ( 'NONE', *, *, #1231, .F. ) ;
#3776 = DIRECTION ( 'NONE',  ( -0.04957834750627355264, -0.9987702375714583303, -0.000000000000000000 ) ) ;
#3777 = DIRECTION ( 'NONE',  ( -0.4999999999999920064, 0.000000000000000000, 0.8660254037844433705 ) ) ;
#3778 = AXIS2_PLACEMENT_3D ( 'NONE', #3122, #593, #1541 ) ;
#3779 = EDGE_CURVE ( 'NONE', #1867, #2360, #479, .T. ) ;
#3780 = CARTESIAN_POINT ( 'NONE',  ( 0.000000000000000000, -0.2000000000000000111, 0.2276221842784289795 ) ) ;
#3781 = CARTESIAN_POINT ( 'NONE',  ( 0.000000000000000000, 0.000000000000000000, 0.000000000000000000 ) ) ;
#3782 = ORIENTED_EDGE ( 'NONE', *, *, #3731, .F. ) ;
#3783 = CARTESIAN_POINT ( 'NONE',  ( -0.001547626114818215345, 0.3387938539515721881, -2.543418249656636210 ) ) ;
#3784 = CIRCLE ( 'NONE', #2102, 1.000000000000000000 ) ;
#3785 = LINE ( 'NONE', #3628, #1260 ) ;
#3786 = CARTESIAN_POINT ( 'NONE',  ( -1.785729113692703152, 1.487018932111242364, 0.08000000000000022371 ) ) ;
#3787 = ORGANIZATION ( 'UNSPECIFIED', 'UNSPECIFIED', '' ) ;
#3788 = CARTESIAN_POINT ( 'NONE',  ( 1.348593125924184122, 1.400000000000000355, -2.233351569349375509 ) ) ;
#3789 = ADVANCED_FACE ( 'NONE', ( #3943 ), #1785, .T. ) ;
#3790 = AXIS2_PLACEMENT_3D ( 'NONE', #1313, #1089, #1285 ) ;
#3791 = LINE ( 'NONE', #2245, #2949 ) ;
#3792 = AXIS2_PLACEMENT_3D ( 'NONE', #22, #2452, #2163 ) ;
#3793 = CIRCLE ( 'NONE', #1782, 0.08000000000000000167 ) ;
#3794 = EDGE_LOOP ( 'NONE', ( #2014, #729, #2429 ) ) ;
#3795 = CARTESIAN_POINT ( 'NONE',  ( 0.000000000000000000, 1.124484096089812146, 0.2300000000000000100 ) ) ;
#3796 =( BOUNDED_CURVE ( )  B_SPLINE_CURVE ( 3, ( #3691, #271, #3388, #290 ),
 .UNSPECIFIED., .F., .F. ) 
 B_SPLINE_CURVE_WITH_KNOTS ( ( 4, 4 ),
 ( 5.611981116729709562, 5.815807340993561780 ),
 .UNSPECIFIED. ) 
 CURVE ( )  GEOMETRIC_REPRESENTATION_ITEM ( )  RATIONAL_B_SPLINE_CURVE ( ( 1.000000000000000000, 0.9965409013452571907, 0.9965409013452571907, 1.000000000000000000 ) ) 
 REPRESENTATION_ITEM ( '' )  );
#3797 = LINE ( 'NONE', #1015, #1032 ) ;
#3798 = ORIENTED_EDGE ( 'NONE', *, *, #979, .F. ) ;
#3799 = CARTESIAN_POINT ( 'NONE',  ( 0.02244621834003385219, 0.6521856002001631403, 0.2300000000000000100 ) ) ;
#3800 = EDGE_LOOP ( 'NONE', ( #526, #3045, #1094, #823, #792, #578, #3144 ) ) ;
#3801 = CARTESIAN_POINT ( 'NONE',  ( -1.479959128393874446, 1.900000000000000133, -2.386902219173636208 ) ) ;
#3802 = ADVANCED_FACE ( 'NONE', ( #1484, #838 ), #2981, .T. ) ;
#3803 = CLOSED_SHELL ( 'NONE', ( #1471, #1934, #3207, #2957, #2199, #2869, #407, #3802, #3283, #168, #675, #3063, #928, #3038, #1901, #1816, #3878, #2301, #3009, #141, #3004, #3361, #3742, #1570, #3134, #3789, #1331, #2302, #800, #1200, #2606, #462, #3084, #1298, #1244, #131, #3050, #3461, #2704, #2663, #2011, #3306, #1446, #2985, #3193, #1272, #41, #2157, #3431, #60, #3624, #91, #2441, #3349, #2179, #3437, #1623, #3557, #1413, #1219, #3160, #3489, #1690, #486, #1839, #3976, #1739, #2859, #2478, #327, #2468, #3034, #3853, #2598, #2412, #3846, #3458, #3814, #1307, #3218, #3529, #850, #3023, #143, #457, #155, #2028, #3885, #1023, #2237, #3299, #1947, #3661, #1854, #2538 ) ) ;
#3804 = FACE_OUTER_BOUND ( 'NONE', #277, .T. ) ;
#3805 = B_SPLINE_CURVE_WITH_KNOTS ( 'NONE', 3,
 ( #2594, #1372, #2573, #469 ),
 .UNSPECIFIED., .F., .F.,
 ( 4, 4 ),
 ( 2.283929715703856072E-07, 0.005384228067674118497 ),
 .UNSPECIFIED. ) ;
#3806 = ORIENTED_EDGE ( 'NONE', *, *, #2503, .F. ) ;
#3807 = VERTEX_POINT ( 'NONE', #2007 ) ;
#3808 = DIRECTION ( 'NONE',  ( -0.000000000000000000, -1.000000000000000000, -0.000000000000000000 ) ) ;
#3809 = CARTESIAN_POINT ( 'NONE',  ( 0.7846858260850747557, 1.775000000000000133, 1.536443258251726895 ) ) ;
#3810 = DIRECTION ( 'NONE',  ( 1.000000000000000000, 0.000000000000000000, 0.000000000000000000 ) ) ;
#3811 = DIRECTION ( 'NONE',  ( -1.000000000000000000, 0.000000000000000000, 0.000000000000000000 ) ) ;
#3812 = CARTESIAN_POINT ( 'NONE',  ( -1.536677490672099688, 0.4969734215222053608, -1.780863965136556759 ) ) ;
#3813 = VERTEX_POINT ( 'NONE', #2338 ) ;
#3814 = ADVANCED_FACE ( 'NONE', ( #254 ), #1175, .F. ) ;
#3815 = DIRECTION ( 'NONE',  ( 0.000000000000000000, 1.000000000000000000, 0.000000000000000000 ) ) ;
#3816 = DIRECTION ( 'NONE',  ( -0.04957834750627355264, -0.9987702375714583303, -0.000000000000000000 ) ) ;
#3817 = VERTEX_POINT ( 'NONE', #772 ) ;
#3818 =( BOUNDED_CURVE ( )  B_SPLINE_CURVE ( 3, ( #2835, #1836, #2760, #2531 ),
 .UNSPECIFIED., .F., .F. ) 
 B_SPLINE_CURVE_WITH_KNOTS ( ( 4, 4 ),
 ( 0.5509412273697842366, 0.7533404919759659757 ),
 .UNSPECIFIED. ) 
 CURVE ( )  GEOMETRIC_REPRESENTATION_ITEM ( )  RATIONAL_B_SPLINE_CURVE ( ( 1.000000000000000000, 0.9965891239675102042, 0.9965891239675102042, 1.000000000000000000 ) ) 
 REPRESENTATION_ITEM ( '' )  );
#3819 = CARTESIAN_POINT ( 'NONE',  ( -1.479959128393874446, 1.400000000000000355, -2.386902219173636208 ) ) ;
#3820 = ORIENTED_EDGE ( 'NONE', *, *, #3473, .T. ) ;
#3821 = AXIS2_PLACEMENT_3D ( 'NONE', #1685, #3816, #2920 ) ;
#3822 = CARTESIAN_POINT ( 'NONE',  ( -2.266452870009891374, 1.775000000000000133, -1.024810040809088774 ) ) ;
#3823 = AXIS2_PLACEMENT_3D ( 'NONE', #2680, #3924, #3295 ) ;
#3824 = CARTESIAN_POINT ( 'NONE',  ( 0.06209496227078607072, 0.2000000000000000389, -2.542362303154834802 ) ) ;
#3825 = ORIENTED_EDGE ( 'NONE', *, *, #3731, .T. ) ;
#3826 = ORIENTED_EDGE ( 'NONE', *, *, #680, .F. ) ;
#3827 = DIRECTION ( 'NONE',  ( 0.000000000000000000, 1.000000000000000000, 0.000000000000000000 ) ) ;
#3828 = CARTESIAN_POINT ( 'NONE',  ( 1.380714260419334538, 0.2000000000000001499, -1.955293447946984342 ) ) ;
#3829 = CARTESIAN_POINT ( 'NONE',  ( -0.06972808740284679174, 0.2649128429551717567, -2.923990954993461955 ) ) ;
#3830 = CARTESIAN_POINT ( 'NONE',  ( 0.000000000000000000, -0.2000000000000000111, 1.397622184278428881 ) ) ;
#3831 = EDGE_CURVE ( 'NONE', #1304, #3127, #2466, .T. ) ;
#3832 = VERTEX_POINT ( 'NONE', #793 ) ;
#3833 = CARTESIAN_POINT ( 'NONE',  ( -0.4662803875521261410, 0.3040137194814794275, -2.314517490898364116 ) ) ;
#3834 = ORIENTED_EDGE ( 'NONE', *, *, #2716, .F. ) ;
#3835 = CARTESIAN_POINT ( 'NONE',  ( 1.903133932494444069, 0.9473793124251793651, -0.8551242985386753315 ) ) ;
#3836 = CARTESIAN_POINT ( 'NONE',  ( 0.9051502110483842234, 0.2362218778107280925, -2.191277022152641862 ) ) ;
#3837 = VERTEX_POINT ( 'NONE', #3002 ) ;
#3838 = CARTESIAN_POINT ( 'NONE',  ( 0.04974728571697507179, 0.1956725071760424539, -2.542732362097432919 ) ) ;
#3839 = ORIENTED_EDGE ( 'NONE', *, *, #447, .T. ) ;
#3840 = CARTESIAN_POINT ( 'NONE',  ( 1.648470788175293356, 1.587358314328422670, -2.003179873131861299 ) ) ;
#3841 = CARTESIAN_POINT ( 'NONE',  ( 1.916255882709164915, 1.163186313175647468, -0.6776675632413974304 ) ) ;
#3842 = ORIENTED_EDGE ( 'NONE', *, *, #216, .F. ) ;
#3843 = ORIENTED_EDGE ( 'NONE', *, *, #341, .T. ) ;
#3844 = CARTESIAN_POINT ( 'NONE',  ( -1.139260843042031901, 0.2303617956875759487, -2.623901857539315152 ) ) ;
#3845 = LINE ( 'NONE', #2306, #1474 ) ;
#3846 = ADVANCED_FACE ( 'NONE', ( #2029 ), #3271, .T. ) ;
#3847 = CARTESIAN_POINT ( 'NONE',  ( -1.153329311814807134, 0.1999999999999999278, 0.2300000000000000100 ) ) ;
#3848 = CARTESIAN_POINT ( 'NONE',  ( -1.689339698250662547, 0.5419520436155569332, 0.08000000000000022371 ) ) ;
#3849 = ORIENTED_EDGE ( 'NONE', *, *, #2622, .T. ) ;
#3850 = CARTESIAN_POINT ( 'NONE',  ( 1.817105721832498633, 1.525000000000000355, -1.675000000000008260 ) ) ;
#3851 = EDGE_CURVE ( 'NONE', #3492, #1076, #2261, .T. ) ;
#3852 = AXIS2_PLACEMENT_3D ( 'NONE', #2467, #922, #964 ) ;
#3853 = ADVANCED_FACE ( 'NONE', ( #2659 ), #2195, .F. ) ;
#3854 = CARTESIAN_POINT ( 'NONE',  ( 0.000000000000000000, 1.389943778214778547, 0.2300000000000000100 ) ) ;
#3855 = B_SPLINE_CURVE_WITH_KNOTS ( 'NONE', 3,
 ( #1929, #2528, #2222, #3463 ),
 .UNSPECIFIED., .F., .F.,
 ( 4, 4 ),
 ( 2.294513111699042454E-07, 0.005384229126013720217 ),
 .UNSPECIFIED. ) ;
#3856 = AXIS2_PLACEMENT_3D ( 'NONE', #1202, #601, #3443 ) ;
#3857 = FACE_OUTER_BOUND ( 'NONE', #2964, .T. ) ;
#3858 = ORIENTED_EDGE ( 'NONE', *, *, #2642, .F. ) ;
#3859 = CARTESIAN_POINT ( 'NONE',  ( -0.001547626114818544075, 0.2000000000000000389, 1.293418249656637098 ) ) ;
#3860 = ORIENTED_EDGE ( 'NONE', *, *, #3258, .T. ) ;
#3861 = CARTESIAN_POINT ( 'NONE',  ( 0.06032166945142517639, 0.1721839071267762811, -2.924170668336721235 ) ) ;
#3862 = CARTESIAN_POINT ( 'NONE',  ( 1.784687553996991749, 0.3163764775026600140, 0.07478591896149718032 ) ) ;
#3863 = CIRCLE ( 'NONE', #1969, 2.098715398087330986 ) ;
#3864 = CIRCLE ( 'NONE', #3668, 2.300000000000000266 ) ;
#3865 = DIRECTION ( 'NONE',  ( 0.000000000000000000, 1.000000000000000000, 0.000000000000000000 ) ) ;
#3866 = ORIENTED_EDGE ( 'NONE', *, *, #3719, .T. ) ;
#3867 = ORIENTED_EDGE ( 'NONE', *, *, #740, .T. ) ;
#3868 = EDGE_CURVE ( 'NONE', #1336, #2057, #963, .T. ) ;
#3869 = CARTESIAN_POINT ( 'NONE',  ( 0.000000000000000000, 0.2000000000000000111, 0.2300000000000000100 ) ) ;
#3870 = CARTESIAN_POINT ( 'NONE',  ( -0.8404084320441713718, 0.6811476702523848736, -2.730543040184390424 ) ) ;
#3871 = CARTESIAN_POINT ( 'NONE',  ( 0.3508055292780208889, 1.582400566584912793, 1.491780143109761925 ) ) ;
#3872 = CARTESIAN_POINT ( 'NONE',  ( -1.680031374368115449, 0.5636657457019894624, 0.08000000000000023759 ) ) ;
#3873 = ORIENTED_EDGE ( 'NONE', *, *, #2797, .T. ) ;
#3874 = CARTESIAN_POINT ( 'NONE',  ( -1.919735659692864749, 0.7812907286141985708, -0.6547194961872965235 ) ) ;
#3875 = CIRCLE ( 'NONE', #3015, 1.918418249656636654 ) ;
#3876 = CARTESIAN_POINT ( 'NONE',  ( -0.9998179949991876647, 0.2459638507653634787, -2.697065948466909280 ) ) ;
#3877 = CARTESIAN_POINT ( 'NONE',  ( -1.785729113692703152, 0.4904094603002466246, 0.08000000000000023759 ) ) ;
#3878 = ADVANCED_FACE ( 'NONE', ( #3371 ), #2151, .T. ) ;
#3879 = DIRECTION ( 'NONE',  ( 0.9987702375714582193, -0.04957834750627354570, 0.000000000000000000 ) ) ;
#3880 = ORIENTED_EDGE ( 'NONE', *, *, #285, .T. ) ;
#3881 = CARTESIAN_POINT ( 'NONE',  ( -1.676138839769776290, 0.5910597736921952006, 0.08000000000000025147 ) ) ;
#3882 = ORIENTED_EDGE ( 'NONE', *, *, #719, .F. ) ;
#3883 = CARTESIAN_POINT ( 'NONE',  ( 0.06367166233185977964, 0.2741026059138369497, -2.924076960817941995 ) ) ;
#3884 = APPROVAL_ROLE ( '' ) ;
#3885 = ADVANCED_FACE ( 'NONE', ( #1841 ), #654, .F. ) ;
#3886 = VECTOR ( 'NONE', #312, 39.37007874015748854 ) ;
#3887 = DIRECTION ( 'NONE',  ( 0.000000000000000000, -1.000000000000000000, 0.000000000000000000 ) ) ;
#3888 = ORIENTED_EDGE ( 'NONE', *, *, #2016, .F. ) ;
#3889 = ORIENTED_EDGE ( 'NONE', *, *, #3251, .T. ) ;
#3890 = LINE ( 'NONE', #1752, #3029 ) ;
#3891 = CARTESIAN_POINT ( 'NONE',  ( 1.913939230776366740, 0.9732235117253104084, -0.5063138631402432921 ) ) ;
#3892 = CARTESIAN_POINT ( 'NONE',  ( 1.037111583801784365, 0.1529970876489350484, -2.677123422290133892 ) ) ;
#3893 = TOROIDAL_SURFACE ( 'NONE', #2005, 1.595003116424840828, 0.3999999999999995781 ) ;
#3894 = VERTEX_POINT ( 'NONE', #874 ) ;
#3895 = EDGE_CURVE ( 'NONE', #1670, #3574, #942, .T. ) ;
#3896 = CARTESIAN_POINT ( 'NONE',  ( -1.919195221956504493, 0.8316806932245017769, -0.5683066830786120960 ) ) ;
#3897 = CYLINDRICAL_SURFACE ( 'NONE', #107, 0.08000000000000001554 ) ;
#3898 = DIRECTION ( 'NONE',  ( 0.9987702375714582193, -0.04957834750627355264, 0.000000000000000000 ) ) ;
#3899 = VERTEX_POINT ( 'NONE', #316 ) ;
#3900 = LINE ( 'NONE', #2676, #2895 ) ;
#3901 = EDGE_LOOP ( 'NONE', ( #1707, #233, #1624, #885, #1506, #1133 ) ) ;
#3902 = CARTESIAN_POINT ( 'NONE',  ( -1.785729113692703152, 0.4904094603002466246, 0.08000000000000023759 ) ) ;
#3903 = ORIENTED_EDGE ( 'NONE', *, *, #1158, .T. ) ;
#3904 = EDGE_CURVE ( 'NONE', #3595, #2886, #3263, .T. ) ;
#3905 = DIRECTION ( 'NONE',  ( -0.000000000000000000, 0.08715574274764505136, 0.9961946980917467664 ) ) ;
#3906 = CARTESIAN_POINT ( 'NONE',  ( 1.068685782480680579, 0.3054248503961792816, -2.660829180242305192 ) ) ;
#3907 = ORIENTED_EDGE ( 'NONE', *, *, #382, .T. ) ;
#3908 = ORIENTED_EDGE ( 'NONE', *, *, #224, .F. ) ;
#3909 = PLANE ( 'NONE',  #3545 ) ;
#3910 = DIRECTION ( 'NONE',  ( -0.04050329323151605210, -0.9961946980917466554, 0.07717257758618338570 ) ) ;
#3911 = DIRECTION ( 'NONE',  ( 0.000000000000000000, 1.000000000000000000, 0.000000000000000000 ) ) ;
#3912 = ORIENTED_EDGE ( 'NONE', *, *, #2142, .F. ) ;
#3913 = DIRECTION ( 'NONE',  ( 0.000000000000000000, -1.000000000000000000, -0.000000000000000000 ) ) ;
#3914 = LINE ( 'NONE', #2673, #2189 ) ;
#3915 = CARTESIAN_POINT ( 'NONE',  ( -3.714646831872425031E-19, 0.1448136763892438617, -2.924999479315899098 ) ) ;
#3916 = EDGE_CURVE ( 'NONE', #1324, #3014, #1562, .T. ) ;
#3917 = CARTESIAN_POINT ( 'NONE',  ( -1.689114365166321630, 1.541385595477685166, 0.08000000000000022371 ) ) ;
#3918 = CARTESIAN_POINT ( 'NONE',  ( -2.266452870009891374, 1.775000000000000133, -1.024810040809088774 ) ) ;
#3919 = VECTOR ( 'NONE', #1769, 39.37007874015748854 ) ;
#3920 = VERTEX_POINT ( 'NONE', #1823 ) ;
#3921 = CARTESIAN_POINT ( 'NONE',  ( -1.779187478347013185, 0.4910867120392664598, 0.08000000000000022371 ) ) ;
#3922 = VECTOR ( 'NONE', #1525, 39.37007874015748854 ) ;
#3923 = ORIENTED_EDGE ( 'NONE', *, *, #2266, .T. ) ;
#3924 = DIRECTION ( 'NONE',  ( 0.000000000000000000, 1.000000000000000000, 0.000000000000000000 ) ) ;
#3925 = AXIS2_PLACEMENT_3D ( 'NONE', #723, #3827, #1613 ) ;
#3926 = CARTESIAN_POINT ( 'NONE',  ( 1.135305977485754791, 0.1993826929878969589, -2.624391881367946766 ) ) ;
#3927 = EDGE_LOOP ( 'NONE', ( #3969, #990, #2571, #3649, #294, #685, #2650, #1103, #3090, #1057, #2989, #1212, #371, #760, #1485, #1726, #1096, #390, #336, #1462, #3314, #1277, #1524, #120, #3329, #1791, #3609, #583, #3359, #2784, #499, #1774, #2954, #2877, #2928, #3208 ) ) ;
#3928 = AXIS2_PLACEMENT_3D ( 'NONE', #3101, #2814, #332 ) ;
#3929 = EDGE_LOOP ( 'NONE', ( #2472, #1996, #3285, #2960, #3839, #1104, #3935, #3317 ) ) ;
#3930 = EDGE_CURVE ( 'NONE', #561, #1712, #1007, .T. ) ;
#3931 = CARTESIAN_POINT ( 'NONE',  ( -1.115644406067769268, 0.1647283777810648608, -2.637163496558183162 ) ) ;
#3932 = CARTESIAN_POINT ( 'NONE',  ( 0.7162553151387998085, 1.400000000000000355, 1.348431974625094343 ) ) ;
#3933 = CARTESIAN_POINT ( 'NONE',  ( 0.4120239469246362307, 1.525000000000000355, 1.433847450562143022 ) ) ;
#3934 = VECTOR ( 'NONE', #827, 39.37007874015748143 ) ;
#3935 = ORIENTED_EDGE ( 'NONE', *, *, #1959, .T. ) ;
#3936 = CARTESIAN_POINT ( 'NONE',  ( -1.351401606456565263, 1.400000000000000355, -2.233693330549841871 ) ) ;
#3937 = CIRCLE ( 'NONE', #116, 1.153329311814807134 ) ;
#3938 = CARTESIAN_POINT ( 'NONE',  ( -1.081024155639200179, 0.2228631905476190778, -2.685100897321356594 ) ) ;
#3939 = TOROIDAL_SURFACE ( 'NONE', #437, 3.473655045179679934, 1.388204731325233476 ) ;
#3940 = CARTESIAN_POINT ( 'NONE',  ( 1.741288736614890142, 0.2226728015119814608, -1.431940506684340697 ) ) ;
#3941 = CARTESIAN_POINT ( 'NONE',  ( -1.707325344734614614, 0.5510179084495956392, -1.504507687789694348 ) ) ;
#3942 = ORIENTED_EDGE ( 'NONE', *, *, #781, .T. ) ;
#3943 = FACE_OUTER_BOUND ( 'NONE', #3800, .T. ) ;
#3944 = VERTEX_POINT ( 'NONE', #273 ) ;
#3945 = CARTESIAN_POINT ( 'NONE',  ( 0.06220399325232377208, 0.2000000000000000389, -2.543359852834788271 ) ) ;
#3946 = PERSON_AND_ORGANIZATION_ROLE ( 'creator' ) ;
#3947 = CARTESIAN_POINT ( 'NONE',  ( 1.087241902696239659, 0.3033207734406985767, -2.650988733829955368 ) ) ;
#3948 = ORIENTED_EDGE ( 'NONE', *, *, #2786, .T. ) ;
#3949 = CARTESIAN_POINT ( 'NONE',  ( -1.893553123533307403, 0.6648214421482039338, -0.9439463106162231387 ) ) ;
#3950 = DIRECTION ( 'NONE',  ( 6.982962677686266711E-15, 0.000000000000000000, -1.000000000000000000 ) ) ;
#3951 = B_SPLINE_CURVE_WITH_KNOTS ( 'NONE', 3,
 ( #1747, #897, #1465, #296 ),
 .UNSPECIFIED., .F., .F.,
 ( 4, 4 ),
 ( -4.507631562100368937E-06, 0.0003023032469557660265 ),
 .UNSPECIFIED. ) ;
#3952 = CARTESIAN_POINT ( 'NONE',  ( 0.3546677642263026953, 1.584222802995436608, 1.492612790696834280 ) ) ;
#3953 = EDGE_LOOP ( 'NONE', ( #477, #2111, #2800 ) ) ;
#3954 = CIRCLE ( 'NONE', #2526, 2.300000000000000266 ) ;
#3955 = CARTESIAN_POINT ( 'NONE',  ( -0.001547626114818533884, 1.400000000000000355, -0.6249999999999994449 ) ) ;
#3956 = CARTESIAN_POINT ( 'NONE',  ( -6.065921084684207584E-32, 0.1884276688058104110, -2.426489264862230932 ) ) ;
#3957 = DIRECTION ( 'NONE',  ( 0.000000000000000000, 1.000000000000000000, 0.000000000000000000 ) ) ;
#3958 = CYLINDRICAL_SURFACE ( 'NONE', #1981, 1.918418249656636654 ) ;
#3959 = ORIENTED_EDGE ( 'NONE', *, *, #3577, .F. ) ;
#3960 = CARTESIAN_POINT ( 'NONE',  ( -0.07841679698015621702, 0.2765097902735035862, -2.541879352379572410 ) ) ;
#3961 = ORIENTED_EDGE ( 'NONE', *, *, #448, .F. ) ;
#3962 = FACE_OUTER_BOUND ( 'NONE', #2803, .T. ) ;
#3963 = DIRECTION ( 'NONE',  ( 0.000000000000000000, 1.000000000000000000, 0.000000000000000000 ) ) ;
#3964 = ORIENTED_EDGE ( 'NONE', *, *, #118, .T. ) ;
#3965 = ORIENTED_EDGE ( 'NONE', *, *, #1342, .F. ) ;
#3966 = CIRCLE ( 'NONE', #151, 2.098715398087330986 ) ;
#3967 = CARTESIAN_POINT ( 'NONE',  ( 0.8414256598475993165, 0.2679031949846373828, -2.227821193807741018 ) ) ;
#3968 = ORIENTED_EDGE ( 'NONE', *, *, #1987, .T. ) ;
#3969 = ORIENTED_EDGE ( 'NONE', *, *, #1014, .F. ) ;
#3970 = CARTESIAN_POINT ( 'NONE',  ( -1.826927436805638960, 1.664978863901724671, -0.03481602246589334676 ) ) ;
#3971 = EDGE_CURVE ( 'NONE', #1927, #1737, #1502, .T. ) ;
#3972 = DIRECTION ( 'NONE',  ( 0.000000000000000000, 1.000000000000000000, 0.000000000000000000 ) ) ;
#3973 = DIRECTION ( 'NONE',  ( 0.4629547600703817767, 0.08715574274764505136, 0.8820865981491168295 ) ) ;
#3974 = CARTESIAN_POINT ( 'NONE',  ( -0.001547626114818544075, 1.900000000000000133, -0.6249999999999994449 ) ) ;
#3975 = DIRECTION ( 'NONE',  ( 0.000000000000000000, -1.000000000000000000, 0.000000000000000000 ) ) ;
#3976 = ADVANCED_FACE ( 'NONE', ( #1194 ), #2763, .T. ) ;
#3977 = ORIENTED_EDGE ( 'NONE', *, *, #241, .F. ) ;
#3978 = CARTESIAN_POINT ( 'NONE',  ( -0.3089083543007227206, 0.4216568142788919005, -2.337130984311355242 ) ) ;
#3979 = ORIENTED_EDGE ( 'NONE', *, *, #3382, .F. ) ;
#3980 = CARTESIAN_POINT ( 'NONE',  ( -0.8403897484798912298, 0.2000000000000000111, -2.223280129982251552 ) ) ;
#3981 = CIRCLE ( 'NONE', #2939, 2.298715398087330719 ) ;
#3982 = ORIENTED_EDGE ( 'NONE', *, *, #2117, .T. ) ;
#3983 = CARTESIAN_POINT ( 'NONE',  ( -0.8776095133219257161, 0.3376248063528548560, -2.331722857463298659 ) ) ;
#3984 = CIRCLE ( 'NONE', #679, 2.162407289802674271 ) ;
#3985 = CARTESIAN_POINT ( 'NONE',  ( 1.825956787263555370, 1.664978863901724671, -0.04142806810282692598 ) ) ;
#3986 = AXIS2_PLACEMENT_3D ( 'NONE', #1278, #3755, #2520 ) ;
#3987 = VECTOR ( 'NONE', #1306, 39.37007874015748143 ) ;
#3988 = DIRECTION ( 'NONE',  ( -1.000000000000000000, 0.000000000000000000, 0.000000000000000000 ) ) ;
#3989 = EDGE_LOOP ( 'NONE', ( #283, #2699, #3961, #2905, #2309, #2030 ) ) ;
#3990 = ORIENTED_EDGE ( 'NONE', *, *, #2899, .F. ) ;
#3991 = CARTESIAN_POINT ( 'NONE',  ( 0.03604376072392122959, 0.1978219588902471737, -2.417554014405062013 ) ) ;
#3992 = CARTESIAN_POINT ( 'NONE',  ( -0.001547626114818544075, 0.7720964771347078592, -0.6249999999999994449 ) ) ;
#3993 = CARTESIAN_POINT ( 'NONE',  ( 1.817105721832498411, 1.400000000000000355, -1.675000000000008260 ) ) ;
#3994 = CARTESIAN_POINT ( 'NONE',  ( -0.001547626114818544075, 1.900000000000000133, 1.675000000000000488 ) ) ;
#3995 = CARTESIAN_POINT ( 'NONE',  ( -0.001547626114818544075, 1.525000000000000355, 1.475000000000000977 ) ) ;
#3996 = ORIENTED_EDGE ( 'NONE', *, *, #2735, .F. ) ;
#3997 = CARTESIAN_POINT ( 'NONE',  ( 1.080669613147183572, 0.2228631905476190778, -2.683662461886939354 ) ) ;
#3998 = ORIENTED_EDGE ( 'NONE', *, *, #1568, .T. ) ;
#3999 = PLANE ( 'NONE',  #39 ) ;
#4000 = EDGE_CURVE ( 'NONE', #3243, #1237, #909, .T. ) ;
#4001 = DIRECTION ( 'NONE',  ( 0.000000000000000000, -1.000000000000000000, -0.000000000000000000 ) ) ;
#4002 = EDGE_LOOP ( 'NONE', ( #2856, #762, #3456, #2535, #1796, #3203, #829, #3693, #1692, #2200, #3860, #2440, #386, #1724, #3236, #398, #1756, #307 ) ) ;
#4003 = CARTESIAN_POINT ( 'NONE',  ( 0.9394302588029637135, 0.2000000000000000389, -2.296792212181671733 ) ) ;
#4004 = EDGE_CURVE ( 'NONE', #2418, #605, #820, .T. ) ;
#4005 = DIRECTION ( 'NONE',  ( 0.000000000000000000, 1.000000000000000000, 0.000000000000000000 ) ) ;
#4006 = PERSON ( 'UNSPECIFIED', 'UNSPECIFIED', 'UNSPECIFIED', ('UNSPECIFIED'), ('UNSPECIFIED'), ('UNSPECIFIED') ) ;
#4007 = B_SPLINE_CURVE_WITH_KNOTS ( 'NONE', 3,
 ( #668, #1897, #3485, #3143 ),
 .UNSPECIFIED., .F., .F.,
 ( 4, 4 ),
 ( 2.168404344971008627E-19, 0.0003373519575648126559 ),
 .UNSPECIFIED. ) ;
ENDSEC;
END-ISO-10303-21;
