ISO-10303-21;
HEADER;
FILE_DESCRIPTION (( 'STEP AP203' ),
    '1' );
FILE_NAME ('sicklidar3.STEP',
    '2026-07-08T14:56:04',
    ( '' ),
    ( '' ),
    'SwSTEP 2.0',
    'SolidWorks 2025',
    '' );
FILE_SCHEMA (( 'CONFIG_CONTROL_DESIGN' ));
ENDSEC;

DATA;
#1 = FACE_OUTER_BOUND ( 'NONE', #218, .T. ) ;
#2 = CARTESIAN_POINT ( 'NONE',  ( 8.000000000000000000, -5.000000000000000000, 1.000000000000028200 ) ) ;
#3 = CARTESIAN_POINT ( 'NONE',  ( -23.09999999999999787, 6.619607700000002204, -1.816061818952170670 ) ) ;
#4 = VECTOR ( 'NONE', #1072, 1000.000000000000000 ) ;
#5 = DIRECTION ( 'NONE',  ( 0.000000000000000000, 0.000000000000000000, 1.000000000000000000 ) ) ;
#6 = AXIS2_PLACEMENT_3D ( 'NONE', #1487, #1172, #763 ) ;
#7 = VERTEX_POINT ( 'NONE', #1755 ) ;
#8 = AXIS2_PLACEMENT_3D ( 'NONE', #1217, #1805, #81 ) ;
#9 = VERTEX_POINT ( 'NONE', #1785 ) ;
#10 = VERTEX_POINT ( 'NONE', #448 ) ;
#11 = DIRECTION ( 'NONE',  ( -0.000000000000000000, -0.000000000000000000, -1.000000000000000000 ) ) ;
#12 = DIRECTION ( 'NONE',  ( 0.000000000000000000, 0.000000000000000000, 1.000000000000000000 ) ) ;
#13 = EDGE_CURVE ( 'NONE', #1891, #1317, #21, .T. ) ;
#14 = VECTOR ( 'NONE', #1374, 1000.000000000000000 ) ;
#15 = DIRECTION ( 'NONE',  ( 0.000000000000000000, 0.000000000000000000, 1.000000000000000000 ) ) ;
#16 = PLANE ( 'NONE',  #750 ) ;
#17 = VERTEX_POINT ( 'NONE', #308 ) ;
#18 = ORIENTED_EDGE ( 'NONE', *, *, #1253, .T. ) ;
#19 = ORIENTED_EDGE ( 'NONE', *, *, #560, .T. ) ;
#20 = CARTESIAN_POINT ( 'NONE',  ( 5.000000000000000000, 13.09373335919253378, -14.49999999999999467 ) ) ;
#21 = LINE ( 'NONE', #299, #250 ) ;
#22 = DIRECTION ( 'NONE',  ( -0.000000000000000000, -1.000000000000000000, -0.000000000000000000 ) ) ;
#23 = LINE ( 'NONE', #620, #1240 ) ;
#24 = ADVANCED_FACE ( 'NONE', ( #899 ), #1777, .T. ) ;
#25 = EDGE_CURVE ( 'NONE', #1016, #318, #153, .T. ) ;
#26 = CARTESIAN_POINT ( 'NONE',  ( -5.574123674157539854E-14, -5.000000000000000000, 7.000000000000000000 ) ) ;
#27 = EDGE_LOOP ( 'NONE', ( #1893, #1102 ) ) ;
#28 = VERTEX_POINT ( 'NONE', #292 ) ;
#29 = ADVANCED_FACE ( 'NONE', ( #1320, #1482, #164 ), #468, .F. ) ;
#30 = ORIENTED_EDGE ( 'NONE', *, *, #1556, .T. ) ;
#31 = DIRECTION ( 'NONE',  ( -0.000000000000000000, 1.000000000000000000, -0.000000000000000000 ) ) ;
#32 = CARTESIAN_POINT ( 'NONE',  ( -20.10000000000000142, 6.619607700000002204, 1.816061818952171114 ) ) ;
#33 = DIRECTION ( 'NONE',  ( 0.000000000000000000, 0.000000000000000000, -1.000000000000000000 ) ) ;
#34 = ORIENTED_EDGE ( 'NONE', *, *, #451, .F. ) ;
#35 = CARTESIAN_POINT ( 'NONE',  ( 5.656854249492350384, 5.000000000000000000, 4.656854249492410780 ) ) ;
#36 = AXIS2_PLACEMENT_3D ( 'NONE', #842, #864, #722 ) ;
#37 = VERTEX_POINT ( 'NONE', #759 ) ;
#38 = AXIS2_PLACEMENT_3D ( 'NONE', #641, #671, #47 ) ;
#39 = ORIENTED_EDGE ( 'NONE', *, *, #1279, .F. ) ;
#40 = ORIENTED_EDGE ( 'NONE', *, *, #818, .F. ) ;
#41 = VECTOR ( 'NONE', #1070, 1000.000000000000000 ) ;
#42 = CARTESIAN_POINT ( 'NONE',  ( 5.000000000000000000, 13.09373335919253378, 25.50010000000000687 ) ) ;
#43 = APPLICATION_CONTEXT ( 'configuration controlled 3d designs of mechanical parts and assemblies' ) ;
#44 = CARTESIAN_POINT ( 'NONE',  ( 23.09999999999999787, 6.625624816694061003, -1.816061818952170670 ) ) ;
#45 = DIRECTION ( 'NONE',  ( 0.000000000000000000, 1.000000000000000000, 0.000000000000000000 ) ) ;
#46 = AXIS2_PLACEMENT_3D ( 'NONE', #958, #806, #636 ) ;
#47 = DIRECTION ( 'NONE',  ( -1.000000000000000000, 0.000000000000000000, 0.000000000000000000 ) ) ;
#48 = EDGE_LOOP ( 'NONE', ( #193, #336, #327, #236, #1840, #1478 ) ) ;
#49 = EDGE_CURVE ( 'NONE', #737, #1196, #1030, .T. ) ;
#50 = ORIENTED_EDGE ( 'NONE', *, *, #1359, .T. ) ;
#51 = DIRECTION ( 'NONE',  ( -0.000000000000000000, 1.000000000000000000, -0.000000000000000000 ) ) ;
#52 = ADVANCED_FACE ( 'NONE', ( #890 ), #1050, .F. ) ;
#53 = LINE ( 'NONE', #197, #766 ) ;
#54 = FACE_BOUND ( 'NONE', #1530, .T. ) ;
#55 = ORIENTED_EDGE ( 'NONE', *, *, #1813, .F. ) ;
#56 = EDGE_CURVE ( 'NONE', #1663, #279, #1639, .T. ) ;
#57 = DIRECTION ( 'NONE',  ( 0.000000000000000000, 1.000000000000000000, 0.000000000000000000 ) ) ;
#58 = ORIENTED_EDGE ( 'NONE', *, *, #917, .F. ) ;
#59 = VERTEX_POINT ( 'NONE', #1627 ) ;
#60 = CARTESIAN_POINT ( 'NONE',  ( 0.000000000000000000, 5.000000000000000000, 0.000000000000000000 ) ) ;
#61 = EDGE_CURVE ( 'NONE', #1775, #615, #66, .T. ) ;
#62 = CARTESIAN_POINT ( 'NONE',  ( 23.09999999999999787, 6.625624816694061003, 1.816061818952170670 ) ) ;
#63 = LINE ( 'NONE', #1011, #1424 ) ;
#64 = DIRECTION ( 'NONE',  ( 0.000000000000000000, 0.000000000000000000, -1.000000000000000000 ) ) ;
#65 = ORIENTED_EDGE ( 'NONE', *, *, #1553, .F. ) ;
#66 = CIRCLE ( 'NONE', #1631, 1.000000000000000000 ) ;
#67 = ORIENTED_EDGE ( 'NONE', *, *, #1839, .T. ) ;
#68 = DIRECTION ( 'NONE',  ( -0.000000000000000000, 1.000000000000000000, -0.000000000000000000 ) ) ;
#69 = CIRCLE ( 'NONE', #1516, 4.049999999999999822 ) ;
#70 = CIRCLE ( 'NONE', #1031, 1.000000000000000000 ) ;
#71 = DIRECTION ( 'NONE',  ( 0.000000000000000000, 0.000000000000000000, -1.000000000000000000 ) ) ;
#72 = CARTESIAN_POINT ( 'NONE',  ( -5.586370142149013368E-14, 5.000000000000000000, 8.000000000000000000 ) ) ;
#73 = EDGE_CURVE ( 'NONE', #1465, #1130, #144, .T. ) ;
#74 = CARTESIAN_POINT ( 'NONE',  ( 17.10000000000000497, 10.00000000000000000, -14.49999999999999467 ) ) ;
#75 = EDGE_CURVE ( 'NONE', #1056, #1401, #994, .T. ) ;
#76 = VERTEX_POINT ( 'NONE', #1493 ) ;
#77 = CIRCLE ( 'NONE', #1522, 1.000000000000000000 ) ;
#78 = ORIENTED_EDGE ( 'NONE', *, *, #883, .F. ) ;
#79 = DIRECTION ( 'NONE',  ( -1.000000000000000000, 0.000000000000000000, 0.000000000000000000 ) ) ;
#80 = DIRECTION ( 'NONE',  ( -1.000000000000000000, -0.000000000000000000, -0.000000000000000000 ) ) ;
#81 = DIRECTION ( 'NONE',  ( 1.000000000000000000, 0.000000000000000000, -0.000000000000000000 ) ) ;
#82 = ORIENTED_EDGE ( 'NONE', *, *, #1082, .F. ) ;
#83 = PLANE ( 'NONE',  #1364 ) ;
#84 = EDGE_CURVE ( 'NONE', #1317, #1265, #749, .T. ) ;
#85 = ORIENTED_EDGE ( 'NONE', *, *, #771, .F. ) ;
#86 = AXIS2_PLACEMENT_3D ( 'NONE', #100, #695, #1698 ) ;
#87 = ORIENTED_EDGE ( 'NONE', *, *, #469, .F. ) ;
#88 = CARTESIAN_POINT ( 'NONE',  ( 0.000000000000000000, 2.000000000000000000, 4.049999999999999822 ) ) ;
#89 = EDGE_CURVE ( 'NONE', #306, #1341, #1188, .T. ) ;
#90 = DIRECTION ( 'NONE',  ( 1.000000000000000000, 0.000000000000000000, -0.000000000000000000 ) ) ;
#91 = LINE ( 'NONE', #1115, #663 ) ;
#92 = ORIENTED_EDGE ( 'NONE', *, *, #610, .F. ) ;
#93 = DIRECTION ( 'NONE',  ( 0.000000000000000000, 0.000000000000000000, -1.000000000000000000 ) ) ;
#94 = ORIENTED_EDGE ( 'NONE', *, *, #1696, .F. ) ;
#95 = ORIENTED_EDGE ( 'NONE', *, *, #254, .F. ) ;
#96 = DIRECTION ( 'NONE',  ( 1.000000000000000000, 0.000000000000000000, 0.000000000000000000 ) ) ;
#97 = AXIS2_PLACEMENT_3D ( 'NONE', #689, #561, #1144 ) ;
#98 = DIRECTION ( 'NONE',  ( -0.000000000000000000, 1.000000000000000000, -0.000000000000000000 ) ) ;
#99 = CARTESIAN_POINT ( 'NONE',  ( 5.656854249492350384, 2.000000000000000000, 4.656854249492410780 ) ) ;
#100 = CARTESIAN_POINT ( 'NONE',  ( -5.656854249492429432, -5.000000000000000000, 5.656854249492329956 ) ) ;
#101 = AXIS2_PLACEMENT_3D ( 'NONE', #372, #57, #933 ) ;
#102 = CIRCLE ( 'NONE', #285, 10.40000000000000036 ) ;
#103 = CARTESIAN_POINT ( 'NONE',  ( -5.656854249492429432, 5.000000000000000000, 6.656854249492329956 ) ) ;
#104 = LINE ( 'NONE', #118, #1540 ) ;
#105 = ORIENTED_EDGE ( 'NONE', *, *, #912, .T. ) ;
#106 = AXIS2_PLACEMENT_3D ( 'NONE', #365, #1664, #1232 ) ;
#107 = ADVANCED_FACE ( 'NONE', ( #1 ), #1161, .F. ) ;
#108 = DIRECTION ( 'NONE',  ( 0.000000000000000000, 0.000000000000000000, -1.000000000000000000 ) ) ;
#109 = CARTESIAN_POINT ( 'NONE',  ( 20.10000000000000142, 6.625624816694061003, -1.816061818952170670 ) ) ;
#110 = DIRECTION ( 'NONE',  ( -0.000000000000000000, -0.000000000000000000, 1.000000000000000000 ) ) ;
#111 = EDGE_CURVE ( 'NONE', #527, #1451, #1767, .T. ) ;
#112 = DIRECTION ( 'NONE',  ( 0.000000000000000000, 0.000000000000000000, -1.000000000000000000 ) ) ;
#113 = ORIENTED_EDGE ( 'NONE', *, *, #212, .T. ) ;
#114 = PERSON_AND_ORGANIZATION ( #528, #1339 ) ;
#115 = DIRECTION ( 'NONE',  ( 0.000000000000000000, 1.000000000000000000, 0.000000000000000000 ) ) ;
#116 = DIRECTION ( 'NONE',  ( 0.000000000000000000, 0.000000000000000000, 1.000000000000000000 ) ) ;
#117 = LINE ( 'NONE', #711, #1601 ) ;
#118 = CARTESIAN_POINT ( 'NONE',  ( 23.09999999999999787, 10.00601711335750998, -1.816061818952170670 ) ) ;
#119 = EDGE_CURVE ( 'NONE', #1047, #479, #608, .T. ) ;
#120 = VERTEX_POINT ( 'NONE', #1104 ) ;
#121 = APPROVAL_ROLE ( '' ) ;
#122 = ORIENTED_EDGE ( 'NONE', *, *, #334, .F. ) ;
#123 = LINE ( 'NONE', #1434, #353 ) ;
#124 = FACE_BOUND ( 'NONE', #1509, .T. ) ;
#125 = CIRCLE ( 'NONE', #930, 4.049999999999999822 ) ;
#126 = DIRECTION ( 'NONE',  ( -0.000000000000000000, -0.000000000000000000, -1.000000000000000000 ) ) ;
#127 = CIRCLE ( 'NONE', #503, 10.40000000000000036 ) ;
#128 = ADVANCED_FACE ( 'NONE', ( #339 ), #1515, .F. ) ;
#129 = VECTOR ( 'NONE', #1526, 1000.000000000000000 ) ;
#130 = EDGE_CURVE ( 'NONE', #295, #1394, #184, .T. ) ;
#131 = ORIENTED_EDGE ( 'NONE', *, *, #393, .F. ) ;
#132 = ORIENTED_EDGE ( 'NONE', *, *, #1444, .T. ) ;
#133 = LINE ( 'NONE', #727, #820 ) ;
#134 = CARTESIAN_POINT ( 'NONE',  ( 20.10000000000000142, 10.00000000000000000, 14.50000000000000533 ) ) ;
#135 = AXIS2_PLACEMENT_3D ( 'NONE', #778, #1531, #939 ) ;
#136 = CC_DESIGN_SECURITY_CLASSIFICATION ( #672, ( #609 ) ) ;
#137 = LINE ( 'NONE', #761, #441 ) ;
#138 = ADVANCED_FACE ( 'NONE', ( #1353, #645, #1244 ), #779, .T. ) ;
#139 = CARTESIAN_POINT ( 'NONE',  ( 5.656854249492391240, 2.000000000000000000, -5.656854249492370812 ) ) ;
#140 = ORIENTED_EDGE ( 'NONE', *, *, #1890, .T. ) ;
#141 = ORIENTED_EDGE ( 'NONE', *, *, #309, .F. ) ;
#142 = EDGE_LOOP ( 'NONE', ( #1201, #1251, #1595, #937 ) ) ;
#143 = DIRECTION ( 'NONE',  ( 0.000000000000000000, 1.000000000000000000, 0.000000000000000000 ) ) ;
#144 = LINE ( 'NONE', #1597, #1599 ) ;
#145 = AXIS2_PLACEMENT_3D ( 'NONE', #550, #1138, #397 ) ;
#146 = CARTESIAN_POINT ( 'NONE',  ( -23.09999999999999787, 6.619607700000002204, 1.816061818952171114 ) ) ;
#147 = DIRECTION ( 'NONE',  ( 0.000000000000000000, 0.000000000000000000, 1.000000000000000000 ) ) ;
#148 = DIRECTION ( 'NONE',  ( 1.000000000000000000, 0.000000000000000000, 0.000000000000000000 ) ) ;
#149 = ORIENTED_EDGE ( 'NONE', *, *, #1307, .T. ) ;
#150 = ORIENTED_EDGE ( 'NONE', *, *, #912, .F. ) ;
#151 = ORIENTED_EDGE ( 'NONE', *, *, #1609, .F. ) ;
#152 = CARTESIAN_POINT ( 'NONE',  ( -7.999999999999998224, 5.000000000000000000, -1.000000000000083933 ) ) ;
#153 = LINE ( 'NONE', #281, #1817 ) ;
#154 = CARTESIAN_POINT ( 'NONE',  ( 20.10000000000000142, 10.00601711335750998, 1.816061818952170670 ) ) ;
#155 = LINE ( 'NONE', #3, #1483 ) ;
#156 = VECTOR ( 'NONE', #719, 1000.000000000000000 ) ;
#157 = DIRECTION ( 'NONE',  ( -0.000000000000000000, -0.000000000000000000, 1.000000000000000000 ) ) ;
#158 = AXIS2_PLACEMENT_3D ( 'NONE', #369, #1079, #1086 ) ;
#159 = ORIENTED_EDGE ( 'NONE', *, *, #330, .F. ) ;
#160 = AXIS2_PLACEMENT_3D ( 'NONE', #420, #567, #1285 ) ;
#161 = ORIENTED_EDGE ( 'NONE', *, *, #634, .T. ) ;
#162 = ORIENTED_EDGE ( 'NONE', *, *, #1875, .F. ) ;
#163 = DIRECTION ( 'NONE',  ( 0.000000000000000000, -0.000000000000000000, 1.000000000000000000 ) ) ;
#164 = FACE_OUTER_BOUND ( 'NONE', #633, .T. ) ;
#165 = EDGE_CURVE ( 'NONE', #1409, #1646, #799, .T. ) ;
#166 = AXIS2_PLACEMENT_3D ( 'NONE', #617, #1819, #508 ) ;
#167 = CARTESIAN_POINT ( 'NONE',  ( -20.10000000000000853, 10.00000000000000000, -17.49999999999999645 ) ) ;
#168 = LINE ( 'NONE', #904, #597 ) ;
#169 = EDGE_CURVE ( 'NONE', #1394, #1299, #259, .T. ) ;
#170 = ORIENTED_EDGE ( 'NONE', *, *, #225, .F. ) ;
#171 = VERTEX_POINT ( 'NONE', #1129 ) ;
#172 = ORIENTED_EDGE ( 'NONE', *, *, #895, .F. ) ;
#173 = LINE ( 'NONE', #1618, #289 ) ;
#174 = CARTESIAN_POINT ( 'NONE',  ( 23.09999999999999787, 10.00601711335750998, 1.816061818952170670 ) ) ;
#175 = AXIS2_PLACEMENT_3D ( 'NONE', #358, #1842, #71 ) ;
#176 = LINE ( 'NONE', #1484, #1701 ) ;
#177 = CYLINDRICAL_SURFACE ( 'NONE', #1746, 1.000000000000000000 ) ;
#178 = ORIENTED_EDGE ( 'NONE', *, *, #61, .T. ) ;
#179 = CARTESIAN_POINT ( 'NONE',  ( -5.586370142149013368E-14, 5.000000000000000000, 9.000000000000001776 ) ) ;
#180 = EDGE_LOOP ( 'NONE', ( #1782, #1714 ) ) ;
#181 = ORIENTED_EDGE ( 'NONE', *, *, #1110, .F. ) ;
#182 = ORIENTED_EDGE ( 'NONE', *, *, #426, .F. ) ;
#183 = DIRECTION ( 'NONE',  ( 0.000000000000000000, 0.000000000000000000, 1.000000000000000000 ) ) ;
#184 = LINE ( 'NONE', #174, #1388 ) ;
#185 = CARTESIAN_POINT ( 'NONE',  ( -5.586370142149013368E-14, -5.000000000000000000, 9.000000000000001776 ) ) ;
#186 = CARTESIAN_POINT ( 'NONE',  ( 17.10000000000000497, 10.00000000000000000, -14.49999999999999467 ) ) ;
#187 = EDGE_LOOP ( 'NONE', ( #573, #650, #824, #1703 ) ) ;
#188 = EDGE_CURVE ( 'NONE', #1750, #626, #267, .T. ) ;
#189 = DIRECTION ( 'NONE',  ( 0.000000000000000000, 0.000000000000000000, -1.000000000000000000 ) ) ;
#190 = AXIS2_PLACEMENT_3D ( 'NONE', #579, #1423, #112 ) ;
#191 = ORIENTED_EDGE ( 'NONE', *, *, #744, .T. ) ;
#192 = AXIS2_PLACEMENT_3D ( 'NONE', #1661, #1671, #189 ) ;
#193 = ORIENTED_EDGE ( 'NONE', *, *, #572, .F. ) ;
#194 = VECTOR ( 'NONE', #1334, 1000.000000000000000 ) ;
#195 = DIRECTION ( 'NONE',  ( -0.000000000000000000, 1.000000000000000000, -0.000000000000000000 ) ) ;
#196 = CC_DESIGN_PERSON_AND_ORGANIZATION_ASSIGNMENT ( #825, #406, ( #1061 ) ) ;
#197 = CARTESIAN_POINT ( 'NONE',  ( 5.656854249492391240, -5.000000000000000000, -6.656854249492370812 ) ) ;
#198 = CARTESIAN_POINT ( 'NONE',  ( 5.656854249492391240, 5.000000000000000000, -4.656854249492370812 ) ) ;
#199 = CARTESIAN_POINT ( 'NONE',  ( 20.10000000000000142, 0.000000000000000000, -17.50000000000000711 ) ) ;
#200 = LOCAL_TIME ( 10, 56, 4.000000000000000000, #1735 ) ;
#201 = EDGE_CURVE ( 'NONE', #1547, #1902, #1564, .T. ) ;
#202 = EDGE_LOOP ( 'NONE', ( #1326, #926, #1260, #918, #113 ) ) ;
#203 = ORIENTED_EDGE ( 'NONE', *, *, #391, .T. ) ;
#204 = FACE_OUTER_BOUND ( 'NONE', #1501, .T. ) ;
#205 = DIRECTION ( 'NONE',  ( 0.000000000000000000, 0.000000000000000000, -1.000000000000000000 ) ) ;
#206 = CARTESIAN_POINT ( 'NONE',  ( -20.10000000000000853, 20.00000000000000000, -14.49999999999999467 ) ) ;
#207 = ORIENTED_EDGE ( 'NONE', *, *, #73, .F. ) ;
#208 = DIRECTION ( 'NONE',  ( -0.000000000000000000, -0.000000000000000000, 1.000000000000000000 ) ) ;
#209 = VERTEX_POINT ( 'NONE', #286 ) ;
#210 = EDGE_LOOP ( 'NONE', ( #238, #1742, #915, #1159 ) ) ;
#211 = FACE_OUTER_BOUND ( 'NONE', #187, .T. ) ;
#212 = EDGE_CURVE ( 'NONE', #295, #1196, #247, .T. ) ;
#213 = CARTESIAN_POINT ( 'NONE',  ( -23.09999999999999787, 10.00601711335750998, -1.816061818952170670 ) ) ;
#214 = CARTESIAN_POINT ( 'NONE',  ( 0.000000000000000000, 5.000000000000000000, -8.000000000000000000 ) ) ;
#215 = DIRECTION ( 'NONE',  ( -1.000000000000000000, 0.000000000000000000, 0.000000000000000000 ) ) ;
#216 = ORIENTED_EDGE ( 'NONE', *, *, #972, .F. ) ;
#217 = CIRCLE ( 'NONE', #1143, 1.000000000000000000 ) ;
#218 = EDGE_LOOP ( 'NONE', ( #249, #1643, #356, #67 ) ) ;
#219 = CARTESIAN_POINT ( 'NONE',  ( -6.000000000000000000, 13.09373335919253378, 14.50000000000000533 ) ) ;
#220 = AXIS2_PLACEMENT_3D ( 'NONE', #1384, #945, #245 ) ;
#221 = AXIS2_PLACEMENT_3D ( 'NONE', #702, #1877, #1256 ) ;
#222 = DIRECTION ( 'NONE',  ( -0.000000000000000000, -1.000000000000000000, -0.000000000000000000 ) ) ;
#223 = EDGE_CURVE ( 'NONE', #9, #844, #217, .T. ) ;
#224 = DIRECTION ( 'NONE',  ( -0.000000000000000000, 1.000000000000000000, -0.000000000000000000 ) ) ;
#225 = EDGE_CURVE ( 'NONE', #643, #506, #282, .T. ) ;
#226 = ORIENTED_EDGE ( 'NONE', *, *, #363, .T. ) ;
#227 = CARTESIAN_POINT ( 'NONE',  ( -5.656854249492311304, 2.000000000000000000, -5.656854249492450748 ) ) ;
#228 = EDGE_LOOP ( 'NONE', ( #488, #162 ) ) ;
#229 = ADVANCED_FACE ( 'NONE', ( #1280 ), #404, .F. ) ;
#230 = AXIS2_PLACEMENT_3D ( 'NONE', #1177, #143, #607 ) ;
#231 = LOCAL_TIME ( 10, 56, 4.000000000000000000, #1148 ) ;
#232 = EDGE_LOOP ( 'NONE', ( #87, #473, #424, #1657 ) ) ;
#233 = COORDINATED_UNIVERSAL_TIME_OFFSET ( 5, 0, .BEHIND. ) ;
#234 = FACE_BOUND ( 'NONE', #1781, .T. ) ;
#235 = DIRECTION ( 'NONE',  ( 0.000000000000000000, 0.000000000000000000, 1.000000000000000000 ) ) ;
#236 = ORIENTED_EDGE ( 'NONE', *, *, #1018, .T. ) ;
#237 = CARTESIAN_POINT ( 'NONE',  ( -20.10000000000000853, 20.00000000000000000, 14.50000000000000355 ) ) ;
#238 = ORIENTED_EDGE ( 'NONE', *, *, #910, .F. ) ;
#239 = AXIS2_PLACEMENT_3D ( 'NONE', #510, #368, #205 ) ;
#240 = EDGE_LOOP ( 'NONE', ( #736, #1743, #522, #1093 ) ) ;
#241 = PERSON_AND_ORGANIZATION ( #528, #1339 ) ;
#242 = DIRECTION ( 'NONE',  ( 0.000000000000000000, 0.000000000000000000, -1.000000000000000000 ) ) ;
#243 = CARTESIAN_POINT ( 'NONE',  ( 17.10000000000000497, 5.000000000000000000, 0.000000000000000000 ) ) ;
#244 = ORIENTED_EDGE ( 'NONE', *, *, #119, .F. ) ;
#245 = DIRECTION ( 'NONE',  ( -1.000000000000000000, 0.000000000000000000, 0.000000000000000000 ) ) ;
#246 = EDGE_CURVE ( 'NONE', #434, #1604, #1758, .T. ) ;
#247 = LINE ( 'NONE', #1864, #810 ) ;
#248 = EDGE_CURVE ( 'NONE', #1310, #788, #104, .T. ) ;
#249 = ORIENTED_EDGE ( 'NONE', *, *, #1332, .F. ) ;
#250 = VECTOR ( 'NONE', #1606, 1000.000000000000000 ) ;
#251 = VECTOR ( 'NONE', #773, 1000.000000000000000 ) ;
#252 = DIRECTION ( 'NONE',  ( -0.000000000000000000, 1.000000000000000000, -0.000000000000000000 ) ) ;
#253 = DIRECTION ( 'NONE',  ( 0.000000000000000000, 1.000000000000000000, 0.000000000000000000 ) ) ;
#254 = EDGE_CURVE ( 'NONE', #1386, #777, #1514, .T. ) ;
#255 = VECTOR ( 'NONE', #848, 1000.000000000000000 ) ;
#256 = CIRCLE ( 'NONE', #1089, 1.000000000000000000 ) ;
#257 = PLANE ( 'NONE',  #539 ) ;
#258 = CARTESIAN_POINT ( 'NONE',  ( 0.000000000000000000, -5.000000000000000000, -7.000000000000000000 ) ) ;
#259 = LINE ( 'NONE', #851, #1058 ) ;
#260 = ADVANCED_FACE ( 'NONE', ( #1154 ), #995, .F. ) ;
#261 = ORIENTED_EDGE ( 'NONE', *, *, #519, .F. ) ;
#262 = APPROVAL_STATUS ( 'not_yet_approved' ) ;
#263 = VECTOR ( 'NONE', #1715, 1000.000000000000000 ) ;
#264 = CARTESIAN_POINT ( 'NONE',  ( -5.000000000000000000, 13.09373335919253378, -14.49999999999999467 ) ) ;
#265 = CARTESIAN_POINT ( 'NONE',  ( -20.10000000000000853, 10.00000000000000000, 14.50000000000000355 ) ) ;
#266 = CARTESIAN_POINT ( 'NONE',  ( 1.273632671113247276E-15, 2.000000000000000000, 10.40000000000000036 ) ) ;
#267 = LINE ( 'NONE', #1574, #1323 ) ;
#268 = CARTESIAN_POINT ( 'NONE',  ( -5.656854249492429432, 5.000000000000000000, 4.656854249492329956 ) ) ;
#269 = VERTEX_POINT ( 'NONE', #1584 ) ;
#270 = PERSON_AND_ORGANIZATION ( #528, #1339 ) ;
#271 = AXIS2_PLACEMENT_3D ( 'NONE', #529, #1533, #500 ) ;
#272 = FACE_BOUND ( 'NONE', #699, .T. ) ;
#273 = EDGE_CURVE ( 'NONE', #1419, #1808, #125, .T. ) ;
#274 = CARTESIAN_POINT ( 'NONE',  ( -5.586370142149013368E-14, 5.000000000000000000, 8.000000000000000000 ) ) ;
#275 = ADVANCED_FACE ( 'NONE', ( #1748 ), #1872, .F. ) ;
#276 = CARTESIAN_POINT ( 'NONE',  ( 7.000000000000000000, 13.09373335919253378, -14.49999999999999467 ) ) ;
#277 = CARTESIAN_POINT ( 'NONE',  ( -7.999999999999998224, -5.000000000000000000, -8.379555213223520053E-14 ) ) ;
#278 = ORIENTED_EDGE ( 'NONE', *, *, #1587, .F. ) ;
#279 = VERTEX_POINT ( 'NONE', #1295 ) ;
#280 = DIRECTION ( 'NONE',  ( 0.000000000000000000, 0.000000000000000000, -1.000000000000000000 ) ) ;
#281 = CARTESIAN_POINT ( 'NONE',  ( -20.10000000000000853, 20.00000000000000000, -14.49999999999999467 ) ) ;
#282 = CIRCLE ( 'NONE', #36, 1.000000000000000222 ) ;
#283 = EDGE_CURVE ( 'NONE', #1016, #1750, #1731, .T. ) ;
#284 = CARTESIAN_POINT ( 'NONE',  ( 23.09999999999999787, 10.00601711335750998, -1.816061818952170670 ) ) ;
#285 = AXIS2_PLACEMENT_3D ( 'NONE', #1897, #586, #1171 ) ;
#286 = CARTESIAN_POINT ( 'NONE',  ( -17.09999999999999787, 5.000000000000000000, -14.49999999999999467 ) ) ;
#287 = ORIENTED_EDGE ( 'NONE', *, *, #683, .F. ) ;
#288 = ORIENTED_EDGE ( 'NONE', *, *, #772, .T. ) ;
#289 = VECTOR ( 'NONE', #768, 1000.000000000000000 ) ;
#290 = ORIENTED_EDGE ( 'NONE', *, *, #1693, .F. ) ;
#291 = DIRECTION ( 'NONE',  ( 0.000000000000000000, 1.000000000000000000, 0.000000000000000000 ) ) ;
#292 = CARTESIAN_POINT ( 'NONE',  ( -5.000000000000000000, 13.09373335919253378, 17.50000000000000711 ) ) ;
#293 = DIRECTION ( 'NONE',  ( -0.000000000000000000, 1.000000000000000000, -0.000000000000000000 ) ) ;
#294 = DIRECTION ( 'NONE',  ( 0.000000000000000000, 1.000000000000000000, 0.000000000000000000 ) ) ;
#295 = VERTEX_POINT ( 'NONE', #1268 ) ;
#296 = EDGE_LOOP ( 'NONE', ( #150, #1662, #343, #464 ) ) ;
#297 = ORIENTED_EDGE ( 'NONE', *, *, #662, .T. ) ;
#298 = CARTESIAN_POINT ( 'NONE',  ( -20.10000000000000142, 0.000000000000000000, -17.50000000000000711 ) ) ;
#299 = CARTESIAN_POINT ( 'NONE',  ( 20.10000000000000142, 20.00000000000000000, 14.50000000000000533 ) ) ;
#300 = DIRECTION ( 'NONE',  ( -0.000000000000000000, 1.000000000000000000, -0.000000000000000000 ) ) ;
#301 = CARTESIAN_POINT ( 'NONE',  ( -7.999999999999998224, 5.000000000000000000, -8.379555213223520053E-14 ) ) ;
#302 = DIRECTION ( 'NONE',  ( -0.000000000000000000, 1.000000000000000000, -0.000000000000000000 ) ) ;
#303 = VERTEX_POINT ( 'NONE', #571 ) ;
#304 = ADVANCED_FACE ( 'NONE', ( #1308 ), #1741, .F. ) ;
#305 = ORIENTED_EDGE ( 'NONE', *, *, #75, .T. ) ;
#306 = VERTEX_POINT ( 'NONE', #1357 ) ;
#307 = PLANE ( 'NONE',  #1007 ) ;
#308 = CARTESIAN_POINT ( 'NONE',  ( -5.586370142149013368E-14, 2.000000000000000000, 9.000000000000001776 ) ) ;
#309 = EDGE_CURVE ( 'NONE', #626, #1818, #1200, .T. ) ;
#310 = DIRECTION ( 'NONE',  ( 0.000000000000000000, 0.000000000000000000, 1.000000000000000000 ) ) ;
#311 = CARTESIAN_POINT ( 'NONE',  ( -17.09999999999999787, 10.00000000000000000, -14.49999999999999467 ) ) ;
#312 = VECTOR ( 'NONE', #1438, 1000.000000000000000 ) ;
#313 = AXIS2_PLACEMENT_3D ( 'NONE', #1520, #514, #821 ) ;
#314 = CARTESIAN_POINT ( 'NONE',  ( 7.000000000000000000, 13.09373335919253378, 25.50010000000000687 ) ) ;
#315 = VECTOR ( 'NONE', #310, 1000.000000000000000 ) ;
#316 = ORIENTED_EDGE ( 'NONE', *, *, #1332, .T. ) ;
#317 = ORIENTED_EDGE ( 'NONE', *, *, #1449, .F. ) ;
#318 = VERTEX_POINT ( 'NONE', #884 ) ;
#319 = CARTESIAN_POINT ( 'NONE',  ( 23.09999999999999787, 10.00601711335750998, -1.816061818952170670 ) ) ;
#320 = CARTESIAN_POINT ( 'NONE',  ( 6.000000000000000000, 13.09373335919253378, -14.49999999999999467 ) ) ;
#321 = VECTOR ( 'NONE', #1274, 1000.000000000000000 ) ;
#322 = CYLINDRICAL_SURFACE ( 'NONE', #787, 4.049999999999999822 ) ;
#323 = PLANE ( 'NONE',  #1824 ) ;
#324 = ORIENTED_EDGE ( 'NONE', *, *, #1224, .T. ) ;
#325 = DIRECTION ( 'NONE',  ( 0.000000000000000000, 0.000000000000000000, -1.000000000000000000 ) ) ;
#326 = ORIENTED_EDGE ( 'NONE', *, *, #624, .T. ) ;
#327 = ORIENTED_EDGE ( 'NONE', *, *, #84, .F. ) ;
#328 = EDGE_LOOP ( 'NONE', ( #203, #19 ) ) ;
#329 = DIRECTION ( 'NONE',  ( -0.000000000000000000, 1.000000000000000000, -0.000000000000000000 ) ) ;
#330 = EDGE_CURVE ( 'NONE', #615, #1775, #1205, .T. ) ;
#331 = AXIS2_PLACEMENT_3D ( 'NONE', #1078, #222, #928 ) ;
#332 = CARTESIAN_POINT ( 'NONE',  ( -6.000000000000000000, 13.09373335919253378, 25.50010000000000687 ) ) ;
#333 = FACE_BOUND ( 'NONE', #1502, .T. ) ;
#334 = EDGE_CURVE ( 'NONE', #7, #428, #783, .T. ) ;
#335 = CARTESIAN_POINT ( 'NONE',  ( -23.09999999999999787, 6.619607700000002204, -1.816061818952170670 ) ) ;
#336 = ORIENTED_EDGE ( 'NONE', *, *, #515, .F. ) ;
#337 = EDGE_LOOP ( 'NONE', ( #1558, #1360 ) ) ;
#338 = DIRECTION ( 'NONE',  ( 0.000000000000000000, 0.000000000000000000, -1.000000000000000000 ) ) ;
#339 = FACE_OUTER_BOUND ( 'NONE', #764, .T. ) ;
#340 = FACE_OUTER_BOUND ( 'NONE', #1350, .T. ) ;
#341 = CARTESIAN_POINT ( 'NONE',  ( -6.000000000000000000, 13.09373335919253378, -14.49999999999999467 ) ) ;
#342 = EDGE_CURVE ( 'NONE', #1185, #497, #168, .T. ) ;
#343 = ORIENTED_EDGE ( 'NONE', *, *, #1587, .T. ) ;
#344 = DIRECTION ( 'NONE',  ( 0.000000000000000000, 0.000000000000000000, 1.000000000000000000 ) ) ;
#345 = VECTOR ( 'NONE', #1504, 1000.000000000000000 ) ;
#346 = ORIENTED_EDGE ( 'NONE', *, *, #1054, .T. ) ;
#347 = VECTOR ( 'NONE', #110, 1000.000000000000000 ) ;
#348 = ORIENTED_EDGE ( 'NONE', *, *, #1134, .F. ) ;
#349 = LINE ( 'NONE', #42, #1429 ) ;
#350 = DIRECTION ( 'NONE',  ( 1.000000000000000000, 0.000000000000000000, -0.000000000000000000 ) ) ;
#351 = DIRECTION ( 'NONE',  ( 1.000000000000000000, -0.000000000000000000, -0.000000000000000000 ) ) ;
#352 = DIRECTION ( 'NONE',  ( -0.000000000000000000, -1.000000000000000000, -0.000000000000000000 ) ) ;
#353 = VECTOR ( 'NONE', #836, 1000.000000000000000 ) ;
#354 = CARTESIAN_POINT ( 'NONE',  ( -6.000000000000000000, 13.09373335919253378, 14.50000000000000533 ) ) ;
#355 = ORIENTED_EDGE ( 'NONE', *, *, #1156, .F. ) ;
#356 = ORIENTED_EDGE ( 'NONE', *, *, #1640, .T. ) ;
#357 = CARTESIAN_POINT ( 'NONE',  ( 5.656854249492350384, 5.000000000000000000, 5.656854249492410780 ) ) ;
#358 = CARTESIAN_POINT ( 'NONE',  ( -23.09999999999999787, 0.000000000000000000, 0.000000000000000000 ) ) ;
#359 = CARTESIAN_POINT ( 'NONE',  ( 0.000000000000000000, -5.000000000000000000, -8.000000000000000000 ) ) ;
#360 = VERTEX_POINT ( 'NONE', #1064 ) ;
#361 = LINE ( 'NONE', #955, #378 ) ;
#362 = ORIENTED_EDGE ( 'NONE', *, *, #662, .F. ) ;
#363 = EDGE_CURVE ( 'NONE', #1688, #76, #594, .T. ) ;
#364 = VERTEX_POINT ( 'NONE', #35 ) ;
#365 = CARTESIAN_POINT ( 'NONE',  ( -5.586370142149013368E-14, 2.000000000000000000, 8.000000000000000000 ) ) ;
#366 = EDGE_CURVE ( 'NONE', #303, #623, #127, .T. ) ;
#367 = CARTESIAN_POINT ( 'NONE',  ( 8.000000000000000000, -5.000000000000000000, 2.793185071074506684E-14 ) ) ;
#368 = DIRECTION ( 'NONE',  ( -0.000000000000000000, 1.000000000000000000, -0.000000000000000000 ) ) ;
#369 = CARTESIAN_POINT ( 'NONE',  ( 0.000000000000000000, -5.000000000000000000, 0.000000000000000000 ) ) ;
#370 = EDGE_LOOP ( 'NONE', ( #517, #1426, #443, #1370 ) ) ;
#371 = CC_DESIGN_DATE_AND_TIME_ASSIGNMENT ( #1123, #834, ( #1061 ) ) ;
#372 = CARTESIAN_POINT ( 'NONE',  ( -5.656854249492429432, 5.000000000000000000, 5.656854249492329956 ) ) ;
#373 = CARTESIAN_POINT ( 'NONE',  ( 5.656854249492350384, -5.000000000000000000, 4.656854249492410780 ) ) ;
#374 = ORIENTED_EDGE ( 'NONE', *, *, #25, .T. ) ;
#375 = AXIS2_PLACEMENT_3D ( 'NONE', #712, #705, #1014 ) ;
#376 = ORIENTED_EDGE ( 'NONE', *, *, #802, .T. ) ;
#377 = APPROVAL_ROLE ( '' ) ;
#378 = VECTOR ( 'NONE', #1536, 1000.000000000000000 ) ;
#379 = FACE_OUTER_BOUND ( 'NONE', #240, .T. ) ;
#380 = LINE ( 'NONE', #243, #568 ) ;
#381 = ORIENTED_EDGE ( 'NONE', *, *, #1237, .T. ) ;
#382 = CARTESIAN_POINT ( 'NONE',  ( 20.10000000000000142, 10.00000000000000000, -1.816061818952170670 ) ) ;
#383 = ORIENTED_EDGE ( 'NONE', *, *, #1900, .F. ) ;
#384 = AXIS2_PLACEMENT_3D ( 'NONE', #1387, #195, #1524 ) ;
#385 = CC_DESIGN_APPROVAL ( #482, ( #672 ) ) ;
#386 = ORIENTED_EDGE ( 'NONE', *, *, #883, .T. ) ;
#387 = APPROVAL_DATE_TIME ( #853, #1760 ) ;
#388 = CARTESIAN_POINT ( 'NONE',  ( 20.10000000000000142, 6.625624816694061003, 1.816061818952170670 ) ) ;
#389 = FACE_BOUND ( 'NONE', #1101, .T. ) ;
#390 = CARTESIAN_POINT ( 'NONE',  ( -5.656854249492311304, 2.000000000000000000, -4.656854249492450748 ) ) ;
#391 = EDGE_CURVE ( 'NONE', #1554, #682, #1666, .T. ) ;
#392 = ORIENTED_EDGE ( 'NONE', *, *, #1486, .T. ) ;
#393 = EDGE_CURVE ( 'NONE', #774, #604, #754, .T. ) ;
#394 = FACE_OUTER_BOUND ( 'NONE', #1083, .T. ) ;
#395 = DIRECTION ( 'NONE',  ( -1.000000000000000000, 0.000000000000000000, -0.000000000000000000 ) ) ;
#396 = EDGE_LOOP ( 'NONE', ( #1403, #1527 ) ) ;
#397 = DIRECTION ( 'NONE',  ( 0.000000000000000000, -0.000000000000000000, 1.000000000000000000 ) ) ;
#398 = EDGE_CURVE ( 'NONE', #788, #295, #1052, .T. ) ;
#399 = DIRECTION ( 'NONE',  ( -1.000000000000000000, 0.000000000000000000, 0.000000000000000000 ) ) ;
#400 = PRODUCT_DEFINITION_SHAPE ( 'NONE', 'NONE',  #1061 ) ;
#401 = DIRECTION ( 'NONE',  ( -0.000000000000000000, -0.000000000000000000, 1.000000000000000000 ) ) ;
#402 = LINE ( 'NONE', #1266, #347 ) ;
#403 = EDGE_CURVE ( 'NONE', #466, #1327, #1236, .T. ) ;
#404 = CYLINDRICAL_SURFACE ( 'NONE', #1294, 1.000000000000000222 ) ;
#405 = ORIENTED_EDGE ( 'NONE', *, *, #248, .F. ) ;
#406 = PERSON_AND_ORGANIZATION_ROLE ( 'creator' ) ;
#407 = CARTESIAN_POINT ( 'NONE',  ( 20.10000000000000142, 10.00601711335750998, -1.816061818952170670 ) ) ;
#408 = AXIS2_PLACEMENT_3D ( 'NONE', #367, #1797, #1677 ) ;
#409 = CIRCLE ( 'NONE', #439, 1.000000000000000888 ) ;
#410 = DIRECTION ( 'NONE',  ( 0.000000000000000000, -0.000000000000000000, 1.000000000000000000 ) ) ;
#411 = FACE_OUTER_BOUND ( 'NONE', #1491, .T. ) ;
#412 = VECTOR ( 'NONE', #611, 1000.000000000000000 ) ;
#413 = CARTESIAN_POINT ( 'NONE',  ( 17.10000000000000497, 5.000000000000000000, 14.50000000000000533 ) ) ;
#414 = CARTESIAN_POINT ( 'NONE',  ( 6.000000000000000000, 13.09373335919253378, 14.50000000000000533 ) ) ;
#415 = EDGE_CURVE ( 'NONE', #615, #796, #1464, .T. ) ;
#416 = VERTEX_POINT ( 'NONE', #487 ) ;
#417 =( NAMED_UNIT ( * ) SI_UNIT ( $, .STERADIAN. ) SOLID_ANGLE_UNIT ( ) );
#418 = VECTOR ( 'NONE', #98, 1000.000000000000000 ) ;
#419 = FACE_OUTER_BOUND ( 'NONE', #726, .T. ) ;
#420 = CARTESIAN_POINT ( 'NONE',  ( 6.000000000000000000, 13.09373335919253378, -17.50000000000000355 ) ) ;
#421 = CARTESIAN_POINT ( 'NONE',  ( 5.656854249492391240, 2.000000000000000000, -6.656854249492370812 ) ) ;
#422 = DIRECTION ( 'NONE',  ( -0.000000000000000000, 1.000000000000000000, -0.000000000000000000 ) ) ;
#423 = CARTESIAN_POINT ( 'NONE',  ( 20.10000000000000142, 0.000000000000000000, 17.50000000000000711 ) ) ;
#424 = ORIENTED_EDGE ( 'NONE', *, *, #602, .T. ) ;
#425 = CIRCLE ( 'NONE', #1838, 1.000000000000000222 ) ;
#426 = EDGE_CURVE ( 'NONE', #1604, #434, #1391, .T. ) ;
#427 = ADVANCED_FACE ( 'NONE', ( #1346 ), #1322, .T. ) ;
#428 = VERTEX_POINT ( 'NONE', #1182 ) ;
#429 = CARTESIAN_POINT ( 'NONE',  ( 6.000000000000000000, 13.09373335919253378, 14.50000000000000533 ) ) ;
#430 = CARTESIAN_POINT ( 'NONE',  ( 0.000000000000000000, 20.00000000000000000, 0.000000000000000000 ) ) ;
#431 = CARTESIAN_POINT ( 'NONE',  ( -20.10000000000000853, 10.00000000000000000, -17.49999999999999645 ) ) ;
#432 = EDGE_CURVE ( 'NONE', #1646, #1825, #893, .T. ) ;
#433 = ORIENTED_EDGE ( 'NONE', *, *, #1798, .T. ) ;
#434 = VERTEX_POINT ( 'NONE', #601 ) ;
#435 = ORIENTED_EDGE ( 'NONE', *, *, #165, .T. ) ;
#436 = DIRECTION ( 'NONE',  ( 0.000000000000000000, 0.000000000000000000, -1.000000000000000000 ) ) ;
#437 = DIRECTION ( 'NONE',  ( -0.000000000000000000, 1.000000000000000000, -0.000000000000000000 ) ) ;
#438 = CARTESIAN_POINT ( 'NONE',  ( 5.656854249492350384, 2.000000000000000000, 5.656854249492410780 ) ) ;
#439 = AXIS2_PLACEMENT_3D ( 'NONE', #696, #578, #830 ) ;
#440 = PLANE ( 'NONE',  #1001 ) ;
#441 = VECTOR ( 'NONE', #1628, 1000.000000000000000 ) ;
#442 = DIRECTION ( 'NONE',  ( 0.000000000000000000, 0.000000000000000000, -1.000000000000000000 ) ) ;
#443 = ORIENTED_EDGE ( 'NONE', *, *, #1553, .T. ) ;
#444 = ORIENTED_EDGE ( 'NONE', *, *, #570, .T. ) ;
#445 = AXIS2_PLACEMENT_3D ( 'NONE', #1319, #592, #1784 ) ;
#446 = ORIENTED_EDGE ( 'NONE', *, *, #1693, .T. ) ;
#447 = CARTESIAN_POINT ( 'NONE',  ( 0.000000000000000000, 2.000000000000000000, 0.000000000000000000 ) ) ;
#448 = CARTESIAN_POINT ( 'NONE',  ( -5.656854249492311304, 5.000000000000000000, -6.656854249492450748 ) ) ;
#449 = DIRECTION ( 'NONE',  ( 0.000000000000000000, -1.000000000000000000, 0.000000000000000000 ) ) ;
#450 = FACE_BOUND ( 'NONE', #956, .T. ) ;
#451 = EDGE_CURVE ( 'NONE', #580, #1663, #1035, .T. ) ;
#452 = DIRECTION ( 'NONE',  ( -0.000000000000000000, -0.000000000000000000, -1.000000000000000000 ) ) ;
#453 = VERTEX_POINT ( 'NONE', #179 ) ;
#454 = APPROVAL_DATE_TIME ( #733, #482 ) ;
#455 = ADVANCED_BREP_SHAPE_REPRESENTATION ( 'sicklidar3', ( #1020, #1038 ), #1372 ) ;
#456 = ORIENTED_EDGE ( 'NONE', *, *, #1158, .T. ) ;
#457 = EDGE_CURVE ( 'NONE', #673, #1562, #924, .T. ) ;
#458 = AXIS2_PLACEMENT_3D ( 'NONE', #1290, #1002, #108 ) ;
#459 = EDGE_LOOP ( 'NONE', ( #876, #1807, #1210, #1704 ) ) ;
#460 = LINE ( 'NONE', #1626, #1153 ) ;
#461 = DIRECTION ( 'NONE',  ( 0.000000000000000000, -0.000000000000000000, 1.000000000000000000 ) ) ;
#462 = DIRECTION ( 'NONE',  ( 0.000000000000000000, 0.000000000000000000, 1.000000000000000000 ) ) ;
#463 = DIRECTION ( 'NONE',  ( 0.000000000000000000, 0.000000000000000000, -1.000000000000000000 ) ) ;
#464 = ORIENTED_EDGE ( 'NONE', *, *, #223, .F. ) ;
#465 = ORIENTED_EDGE ( 'NONE', *, *, #572, .T. ) ;
#466 = VERTEX_POINT ( 'NONE', #1499 ) ;
#467 = CARTESIAN_POINT ( 'NONE',  ( 23.09999999999999787, 6.625624816694061003, 1.816061818952170670 ) ) ;
#468 = PLANE ( 'NONE',  #1475 ) ;
#469 = EDGE_CURVE ( 'NONE', #171, #1808, #1315, .T. ) ;
#470 = CARTESIAN_POINT ( 'NONE',  ( -7.000000000000000000, 13.09373335919253378, -14.49999999999999467 ) ) ;
#471 = DIRECTION ( 'NONE',  ( -0.000000000000000000, -1.000000000000000000, -0.000000000000000000 ) ) ;
#472 = AXIS2_PLACEMENT_3D ( 'NONE', #1225, #499, #350 ) ;
#473 = ORIENTED_EDGE ( 'NONE', *, *, #710, .F. ) ;
#474 = VECTOR ( 'NONE', #1292, 1000.000000000000000 ) ;
#475 = DIRECTION ( 'NONE',  ( 0.000000000000000000, 1.000000000000000000, 0.000000000000000000 ) ) ;
#476 = AXIS2_PLACEMENT_3D ( 'NONE', #341, #1383, #1518 ) ;
#477 = ORIENTED_EDGE ( 'NONE', *, *, #854, .T. ) ;
#478 = ADVANCED_FACE ( 'NONE', ( #1336 ), #16, .F. ) ;
#479 = VERTEX_POINT ( 'NONE', #1546 ) ;
#480 = ORIENTED_EDGE ( 'NONE', *, *, #1077, .T. ) ;
#481 = FACE_OUTER_BOUND ( 'NONE', #1092, .T. ) ;
#482 = APPROVAL ( #1440, 'UNSPECIFIED' ) ;
#483 = ADVANCED_FACE ( 'NONE', ( #1835 ), #83, .T. ) ;
#484 = CIRCLE ( 'NONE', #1550, 1.000000000000000000 ) ;
#485 = FACE_OUTER_BOUND ( 'NONE', #1521, .T. ) ;
#486 = CARTESIAN_POINT ( 'NONE',  ( -7.999999999999998224, -5.000000000000000000, -1.000000000000083933 ) ) ;
#487 = CARTESIAN_POINT ( 'NONE',  ( 1.224646799147352714E-16, 5.000000000000000000, -9.000000000000001776 ) ) ;
#488 = ORIENTED_EDGE ( 'NONE', *, *, #273, .F. ) ;
#489 = ORIENTED_EDGE ( 'NONE', *, *, #614, .T. ) ;
#490 = CARTESIAN_POINT ( 'NONE',  ( 23.09999999999999787, 10.00601711335750998, -1.816061818952170670 ) ) ;
#491 = EDGE_CURVE ( 'NONE', #796, #1358, #785, .T. ) ;
#492 = DIRECTION ( 'NONE',  ( 0.000000000000000000, 0.000000000000000000, 1.000000000000000000 ) ) ;
#493 = CARTESIAN_POINT ( 'NONE',  ( -20.10000000000000853, 20.00000000000000000, 17.50000000000000711 ) ) ;
#494 = ORIENTED_EDGE ( 'NONE', *, *, #342, .T. ) ;
#495 = DIRECTION ( 'NONE',  ( 0.000000000000000000, 0.000000000000000000, -1.000000000000000000 ) ) ;
#496 = ORIENTED_EDGE ( 'NONE', *, *, #577, .F. ) ;
#497 = VERTEX_POINT ( 'NONE', #382 ) ;
#498 = CARTESIAN_POINT ( 'NONE',  ( 5.656854249492350384, 2.000000000000000000, 5.656854249492410780 ) ) ;
#499 = DIRECTION ( 'NONE',  ( 0.000000000000000000, 0.000000000000000000, 1.000000000000000000 ) ) ;
#500 = DIRECTION ( 'NONE',  ( 0.000000000000000000, 0.000000000000000000, 1.000000000000000000 ) ) ;
#501 = CARTESIAN_POINT ( 'NONE',  ( 20.10000000000000142, 10.00000000000000000, -17.49999999999999645 ) ) ;
#502 = CYLINDRICAL_SURFACE ( 'NONE', #220, 1.000000000000000000 ) ;
#503 = AXIS2_PLACEMENT_3D ( 'NONE', #730, #631, #612 ) ;
#504 = VERTEX_POINT ( 'NONE', #1090 ) ;
#505 = VECTOR ( 'NONE', #1462, 1000.000000000000000 ) ;
#506 = VERTEX_POINT ( 'NONE', #1681 ) ;
#507 = CIRCLE ( 'NONE', #160, 1.000000000000000000 ) ;
#508 = DIRECTION ( 'NONE',  ( 1.000000000000000000, 0.000000000000000000, 0.000000000000000000 ) ) ;
#509 = CARTESIAN_POINT ( 'NONE',  ( 20.10000000000000142, 20.00000000000000000, 17.50000000000000711 ) ) ;
#510 = CARTESIAN_POINT ( 'NONE',  ( -5.656854249492429432, 2.000000000000000000, 5.656854249492329956 ) ) ;
#511 = FACE_OUTER_BOUND ( 'NONE', #1649, .T. ) ;
#512 = ORIENTED_EDGE ( 'NONE', *, *, #246, .T. ) ;
#513 = AXIS2_PLACEMENT_3D ( 'NONE', #557, #855, #566 ) ;
#514 = DIRECTION ( 'NONE',  ( -1.000000000000000000, 0.000000000000000000, 0.000000000000000000 ) ) ;
#515 = EDGE_CURVE ( 'NONE', #1265, #1498, #680, .T. ) ;
#516 = ORIENTED_EDGE ( 'NONE', *, *, #935, .T. ) ;
#517 = ORIENTED_EDGE ( 'NONE', *, *, #1466, .F. ) ;
#518 = DIRECTION ( 'NONE',  ( 0.000000000000000000, 0.000000000000000000, -1.000000000000000000 ) ) ;
#519 = EDGE_CURVE ( 'NONE', #1394, #1310, #1080, .T. ) ;
#520 = DIRECTION ( 'NONE',  ( -0.000000000000000000, -1.000000000000000000, -0.000000000000000000 ) ) ;
#521 = CARTESIAN_POINT ( 'NONE',  ( 20.10000000000000142, 10.00000000000000000, -17.49999999999999645 ) ) ;
#522 = ORIENTED_EDGE ( 'NONE', *, *, #1337, .T. ) ;
#523 = AXIS2_PLACEMENT_3D ( 'NONE', #654, #816, #646 ) ;
#524 = AXIS2_PLACEMENT_3D ( 'NONE', #861, #115, #410 ) ;
#525 = PLANE ( 'NONE',  #192 ) ;
#526 = ORIENTED_EDGE ( 'NONE', *, *, #1444, .F. ) ;
#527 = VERTEX_POINT ( 'NONE', #658 ) ;
#528 = PERSON ( 'UNSPECIFIED', 'UNSPECIFIED', 'UNSPECIFIED', ('UNSPECIFIED'), ('UNSPECIFIED'), ('UNSPECIFIED') ) ;
#529 = CARTESIAN_POINT ( 'NONE',  ( 5.656854249492391240, 5.000000000000000000, -5.656854249492370812 ) ) ;
#530 = CARTESIAN_POINT ( 'NONE',  ( -6.000000000000000000, 13.09373335919253378, -14.49999999999999467 ) ) ;
#531 = ORIENTED_EDGE ( 'NONE', *, *, #839, .F. ) ;
#532 = DIRECTION ( 'NONE',  ( 1.000000000000000000, 0.000000000000000000, 0.000000000000000000 ) ) ;
#533 = ORIENTED_EDGE ( 'NONE', *, *, #1004, .F. ) ;
#534 = EDGE_CURVE ( 'NONE', #743, #1341, #811, .T. ) ;
#535 = VECTOR ( 'NONE', #1059, 1000.000000000000000 ) ;
#536 = ORIENTED_EDGE ( 'NONE', *, *, #602, .F. ) ;
#537 = APPLICATION_PROTOCOL_DEFINITION ( 'international standard', 'config_control_design', 1994, #1749 ) ;
#538 = CARTESIAN_POINT ( 'NONE',  ( 8.000000000000000000, 5.000000000000000000, 2.793185071074506684E-14 ) ) ;
#539 = AXIS2_PLACEMENT_3D ( 'NONE', #1591, #1583, #1142 ) ;
#540 = ADVANCED_FACE ( 'NONE', ( #1258 ), #525, .F. ) ;
#541 = FACE_BOUND ( 'NONE', #1173, .T. ) ;
#542 = ADVANCED_FACE ( 'NONE', ( #803 ), #1689, .F. ) ;
#543 = CYLINDRICAL_SURFACE ( 'NONE', #902, 1.000000000000000000 ) ;
#544 = ORIENTED_EDGE ( 'NONE', *, *, #772, .F. ) ;
#545 = LINE ( 'NONE', #554, #691 ) ;
#546 = AXIS2_PLACEMENT_3D ( 'NONE', #1903, #280, #1753 ) ;
#547 = DIRECTION ( 'NONE',  ( 0.000000000000000000, 0.000000000000000000, 1.000000000000000000 ) ) ;
#548 = ORIENTED_EDGE ( 'NONE', *, *, #1337, .F. ) ;
#549 = SECURITY_CLASSIFICATION_LEVEL ( 'unclassified' ) ;
#550 = CARTESIAN_POINT ( 'NONE',  ( 0.000000000000000000, 0.000000000000000000, 0.000000000000000000 ) ) ;
#551 = CARTESIAN_POINT ( 'NONE',  ( 6.000000000000000000, 13.09373335919253378, 25.50010000000000687 ) ) ;
#552 = EDGE_CURVE ( 'NONE', #756, #1186, #1206, .T. ) ;
#553 = CARTESIAN_POINT ( 'NONE',  ( 20.10000000000000142, 0.000000000000000000, 0.000000000000000000 ) ) ;
#554 = CARTESIAN_POINT ( 'NONE',  ( -7.999999999999998224, -5.000000000000000000, 0.9999999999999165112 ) ) ;
#555 = DIRECTION ( 'NONE',  ( -0.000000000000000000, -0.000000000000000000, 1.000000000000000000 ) ) ;
#556 = ORIENTED_EDGE ( 'NONE', *, *, #75, .F. ) ;
#557 = CARTESIAN_POINT ( 'NONE',  ( -5.656854249492429432, 5.000000000000000000, 5.656854249492329956 ) ) ;
#558 = PLANE ( 'NONE',  #221 ) ;
#559 = CARTESIAN_POINT ( 'NONE',  ( -5.586370142149013368E-14, 2.000000000000000000, 8.000000000000000000 ) ) ;
#560 = EDGE_CURVE ( 'NONE', #682, #1554, #845, .T. ) ;
#561 = DIRECTION ( 'NONE',  ( 0.000000000000000000, -1.000000000000000000, 0.000000000000000000 ) ) ;
#562 = EDGE_LOOP ( 'NONE', ( #159, #746, #1873, #590 ) ) ;
#563 = CARTESIAN_POINT ( 'NONE',  ( 0.000000000000000000, 0.000000000000000000, 0.000000000000000000 ) ) ;
#564 = AXIS2_PLACEMENT_3D ( 'NONE', #911, #1304, #739 ) ;
#565 = AXIS2_PLACEMENT_3D ( 'NONE', #139, #1209, #463 ) ;
#566 = DIRECTION ( 'NONE',  ( 0.000000000000000000, 0.000000000000000000, 1.000000000000000000 ) ) ;
#567 = DIRECTION ( 'NONE',  ( -0.000000000000000000, -0.000000000000000000, -1.000000000000000000 ) ) ;
#568 = VECTOR ( 'NONE', #1718, 1000.000000000000000 ) ;
#569 = LINE ( 'NONE', #688, #474 ) ;
#570 = EDGE_CURVE ( 'NONE', #1465, #1385, #786, .T. ) ;
#571 = CARTESIAN_POINT ( 'NONE',  ( 0.000000000000000000, 2.000000000000000000, -10.40000000000000036 ) ) ;
#572 = EDGE_CURVE ( 'NONE', #1498, #1242, #361, .T. ) ;
#573 = ORIENTED_EDGE ( 'NONE', *, *, #89, .F. ) ;
#574 = ORIENTED_EDGE ( 'NONE', *, *, #1253, .F. ) ;
#575 = CARTESIAN_POINT ( 'NONE',  ( -7.000000000000000000, 13.09373335919253378, 17.50000000000000711 ) ) ;
#576 = DIRECTION ( 'NONE',  ( 1.000000000000000000, 0.000000000000000000, 0.000000000000000000 ) ) ;
#577 = EDGE_CURVE ( 'NONE', #120, #1902, #630, .T. ) ;
#578 = DIRECTION ( 'NONE',  ( -0.000000000000000000, 1.000000000000000000, -0.000000000000000000 ) ) ;
#579 = CARTESIAN_POINT ( 'NONE',  ( -7.999999999999998224, 2.000000000000000000, -8.379555213223520053E-14 ) ) ;
#580 = VERTEX_POINT ( 'NONE', #199 ) ;
#581 = CIRCLE ( 'NONE', #1655, 1.000000000000000000 ) ;
#582 = ADVANCED_FACE ( 'NONE', ( #1368 ), #1229, .F. ) ;
#583 = ORIENTED_EDGE ( 'NONE', *, *, #169, .T. ) ;
#584 = CYLINDRICAL_SURFACE ( 'NONE', #875, 10.40000000000000036 ) ;
#585 = VERTEX_POINT ( 'NONE', #1806 ) ;
#586 = DIRECTION ( 'NONE',  ( 0.000000000000000000, -1.000000000000000000, 0.000000000000000000 ) ) ;
#587 = DIRECTION ( 'NONE',  ( -0.000000000000000000, 1.000000000000000000, -0.000000000000000000 ) ) ;
#588 = UNCERTAINTY_MEASURE_WITH_UNIT (LENGTH_MEASURE( 1.000000000000000082E-05 ), #989, 'distance_accuracy_value', 'NONE');
#589 = ORIENTED_EDGE ( 'NONE', *, *, #1279, .T. ) ;
#590 = ORIENTED_EDGE ( 'NONE', *, *, #1791, .F. ) ;
#591 = ORIENTED_EDGE ( 'NONE', *, *, #1134, .T. ) ;
#592 = DIRECTION ( 'NONE',  ( 0.000000000000000000, -1.000000000000000000, 0.000000000000000000 ) ) ;
#593 = EDGE_CURVE ( 'NONE', #506, #7, #809, .T. ) ;
#594 = CIRCLE ( 'NONE', #717, 1.000000000000000222 ) ;
#595 = ORIENTED_EDGE ( 'NONE', *, *, #1754, .T. ) ;
#596 = ADVANCED_FACE ( 'NONE', ( #794 ), #502, .F. ) ;
#597 = VECTOR ( 'NONE', #302, 1000.000000000000000 ) ;
#598 = CARTESIAN_POINT ( 'NONE',  ( 7.000000000000000000, 13.09373335919253378, -17.50000000000000355 ) ) ;
#599 = VECTOR ( 'NONE', #157, 1000.000000000000000 ) ;
#600 = CIRCLE ( 'NONE', #1450, 1.000000000000000000 ) ;
#601 = CARTESIAN_POINT ( 'NONE',  ( -7.999999999999998224, 2.000000000000000000, -1.000000000000083933 ) ) ;
#602 = EDGE_CURVE ( 'NONE', #1288, #1419, #569, .T. ) ;
#603 = ORIENTED_EDGE ( 'NONE', *, *, #1670, .T. ) ;
#604 = VERTEX_POINT ( 'NONE', #1855 ) ;
#605 = CIRCLE ( 'NONE', #1674, 1.000000000000000000 ) ;
#606 = ORIENTED_EDGE ( 'NONE', *, *, #1149, .T. ) ;
#607 = DIRECTION ( 'NONE',  ( 0.000000000000000000, -0.000000000000000000, 1.000000000000000000 ) ) ;
#608 = LINE ( 'NONE', #509, #345 ) ;
#609 = PRODUCT_DEFINITION_FORMATION_WITH_SPECIFIED_SOURCE ( 'ANY', '', #1857, .NOT_KNOWN. ) ;
#610 = EDGE_CURVE ( 'NONE', #17, #673, #1176, .T. ) ;
#611 = DIRECTION ( 'NONE',  ( 0.000000000000000000, 0.000000000000000000, 1.000000000000000000 ) ) ;
#612 = DIRECTION ( 'NONE',  ( 0.000000000000000000, 0.000000000000000000, -1.000000000000000000 ) ) ;
#613 = VERTEX_POINT ( 'NONE', #413 ) ;
#614 = EDGE_CURVE ( 'NONE', #59, #416, #1152, .T. ) ;
#615 = VERTEX_POINT ( 'NONE', #276 ) ;
#616 = ORIENTED_EDGE ( 'NONE', *, *, #84, .T. ) ;
#617 = CARTESIAN_POINT ( 'NONE',  ( -6.000000000000000000, 13.09373335919253378, -17.50000000000000355 ) ) ;
#618 = DIRECTION ( 'NONE',  ( 0.000000000000000000, 0.000000000000000000, -1.000000000000000000 ) ) ;
#619 = DIRECTION ( 'NONE',  ( 0.000000000000000000, 0.000000000000000000, -1.000000000000000000 ) ) ;
#620 = CARTESIAN_POINT ( 'NONE',  ( -5.000000000000000000, 13.09373335919253378, 25.50010000000000687 ) ) ;
#621 = ADVANCED_FACE ( 'NONE', ( #394 ), #257, .F. ) ;
#622 = CARTESIAN_POINT ( 'NONE',  ( -7.000000000000000000, 13.09373335919253378, 25.50010000000000687 ) ) ;
#623 = VERTEX_POINT ( 'NONE', #266 ) ;
#624 = EDGE_CURVE ( 'NONE', #504, #306, #1325, .T. ) ;
#625 = EDGE_LOOP ( 'NONE', ( #969, #1865, #383, #288 ) ) ;
#626 = VERTEX_POINT ( 'NONE', #1135 ) ;
#627 = DIRECTION ( 'NONE',  ( 0.000000000000000000, 0.000000000000000000, -1.000000000000000000 ) ) ;
#628 = CARTESIAN_POINT ( 'NONE',  ( 5.000000000000000000, 13.09373335919253378, 14.50000000000000533 ) ) ;
#629 = AXIS2_PLACEMENT_3D ( 'NONE', #277, #422, #1593 ) ;
#630 = CIRCLE ( 'NONE', #1060, 1.000000000000000000 ) ;
#631 = DIRECTION ( 'NONE',  ( 0.000000000000000000, -1.000000000000000000, 0.000000000000000000 ) ) ;
#632 = AXIS2_PLACEMENT_3D ( 'NONE', #530, #1275, #856 ) ;
#633 = EDGE_LOOP ( 'NONE', ( #1585, #355, #244, #867 ) ) ;
#634 = EDGE_CURVE ( 'NONE', #1794, #1130, #850, .T. ) ;
#635 = EDGE_LOOP ( 'NONE', ( #1751, #182, #191, #381 ) ) ;
#636 = DIRECTION ( 'NONE',  ( 0.000000000000000000, -0.000000000000000000, 1.000000000000000000 ) ) ;
#637 = CYLINDRICAL_SURFACE ( 'NONE', #331, 10.40000000000000036 ) ;
#638 = AXIS2_PLACEMENT_3D ( 'NONE', #1094, #68, #183 ) ;
#639 = DIRECTION ( 'NONE',  ( -0.000000000000000000, -0.000000000000000000, 1.000000000000000000 ) ) ;
#640 = FACE_OUTER_BOUND ( 'NONE', #728, .T. ) ;
#641 = CARTESIAN_POINT ( 'NONE',  ( -6.000000000000000000, 13.09373335919253378, 25.50010000000000687 ) ) ;
#642 = ORIENTED_EDGE ( 'NONE', *, *, #393, .T. ) ;
#643 = VERTEX_POINT ( 'NONE', #1430 ) ;
#644 = FACE_OUTER_BOUND ( 'NONE', #48, .T. ) ;
#645 = FACE_BOUND ( 'NONE', #1683, .T. ) ;
#646 = DIRECTION ( 'NONE',  ( 0.000000000000000000, 0.000000000000000000, 1.000000000000000000 ) ) ;
#647 = DIRECTION ( 'NONE',  ( 0.000000000000000000, 0.000000000000000000, -1.000000000000000000 ) ) ;
#648 = ORIENTED_EDGE ( 'NONE', *, *, #552, .F. ) ;
#649 = DIRECTION ( 'NONE',  ( -0.000000000000000000, 1.000000000000000000, -0.000000000000000000 ) ) ;
#650 = ORIENTED_EDGE ( 'NONE', *, *, #624, .F. ) ;
#651 = ORIENTED_EDGE ( 'NONE', *, *, #1900, .T. ) ;
#652 = DIRECTION ( 'NONE',  ( 0.000000000000000000, 0.000000000000000000, 1.000000000000000000 ) ) ;
#653 = CARTESIAN_POINT ( 'NONE',  ( -23.09999999999999787, 6.619607700000002204, -1.816061818952170670 ) ) ;
#654 = CARTESIAN_POINT ( 'NONE',  ( 5.656854249492391240, -5.000000000000000000, -5.656854249492370812 ) ) ;
#655 = LINE ( 'NONE', #963, #129 ) ;
#656 = EDGE_CURVE ( 'NONE', #865, #1302, #117, .T. ) ;
#657 = ORIENTED_EDGE ( 'NONE', *, *, #1875, .T. ) ;
#658 = CARTESIAN_POINT ( 'NONE',  ( -20.10000000000000853, 10.00000000000000000, -1.816061818952170670 ) ) ;
#659 = AXIS2_PLACEMENT_3D ( 'NONE', #430, #869, #461 ) ;
#660 = VECTOR ( 'NONE', #977, 1000.000000000000000 ) ;
#661 = ORIENTED_EDGE ( 'NONE', *, *, #1110, .T. ) ;
#662 = EDGE_CURVE ( 'NONE', #1554, #1056, #1878, .T. ) ;
#663 = VECTOR ( 'NONE', #686, 1000.000000000000000 ) ;
#664 = ORIENTED_EDGE ( 'NONE', *, *, #283, .T. ) ;
#665 = VECTOR ( 'NONE', #1034, 1000.000000000000000 ) ;
#666 = CARTESIAN_POINT ( 'NONE',  ( -20.10000000000000853, 20.00000000000000000, 14.50000000000000355 ) ) ;
#667 = CYLINDRICAL_SURFACE ( 'NONE', #523, 1.000000000000000000 ) ;
#668 = DIRECTION ( 'NONE',  ( 0.000000000000000000, 0.000000000000000000, 1.000000000000000000 ) ) ;
#669 = ORIENTED_EDGE ( 'NONE', *, *, #1272, .F. ) ;
#670 = AXIS2_PLACEMENT_3D ( 'NONE', #1744, #1407, #90 ) ;
#671 = DIRECTION ( 'NONE',  ( 0.000000000000000000, 0.000000000000000000, -1.000000000000000000 ) ) ;
#672 = SECURITY_CLASSIFICATION ( '', '', #549 ) ;
#673 = VERTEX_POINT ( 'NONE', #1712 ) ;
#674 = ORIENTED_EDGE ( 'NONE', *, *, #1791, .T. ) ;
#675 = CARTESIAN_POINT ( 'NONE',  ( -23.09999999999999787, 10.00601711335750998, -1.816061818952170670 ) ) ;
#676 = CARTESIAN_POINT ( 'NONE',  ( -20.10000000000000142, 10.00601711335750998, -1.816061818952170670 ) ) ;
#677 = DIRECTION ( 'NONE',  ( 0.000000000000000000, 0.000000000000000000, -1.000000000000000000 ) ) ;
#678 = LINE ( 'NONE', #521, #41 ) ;
#679 = EDGE_LOOP ( 'NONE', ( #1373, #82, #833, #1675 ) ) ;
#680 = LINE ( 'NONE', #74, #1633 ) ;
#681 = EDGE_CURVE ( 'NONE', #497, #1242, #1740, .T. ) ;
#682 = VERTEX_POINT ( 'NONE', #421 ) ;
#683 = EDGE_CURVE ( 'NONE', #59, #360, #409, .T. ) ;
#684 = ORIENTED_EDGE ( 'NONE', *, *, #1359, .F. ) ;
#685 = CARTESIAN_POINT ( 'NONE',  ( -7.999999999999998224, 2.000000000000000000, 0.9999999999999165112 ) ) ;
#686 = DIRECTION ( 'NONE',  ( -0.000000000000000000, -1.000000000000000000, -0.000000000000000000 ) ) ;
#687 = ORIENTED_EDGE ( 'NONE', *, *, #1621, .T. ) ;
#688 = CARTESIAN_POINT ( 'NONE',  ( 0.000000000000000000, -5.000000000000000000, 4.049999999999999822 ) ) ;
#689 = CARTESIAN_POINT ( 'NONE',  ( -23.09999999999999787, 10.00601711335750998, -1.816061818952170670 ) ) ;
#690 = ORIENTED_EDGE ( 'NONE', *, *, #1892, .T. ) ;
#691 = VECTOR ( 'NONE', #993, 1000.000000000000000 ) ;
#692 = CIRCLE ( 'NONE', #934, 1.000000000000000000 ) ;
#693 = FACE_OUTER_BOUND ( 'NONE', #1324, .T. ) ;
#694 = CARTESIAN_POINT ( 'NONE',  ( -5.656854249492311304, -5.000000000000000000, -5.656854249492450748 ) ) ;
#695 = DIRECTION ( 'NONE',  ( -0.000000000000000000, 1.000000000000000000, -0.000000000000000000 ) ) ;
#696 = CARTESIAN_POINT ( 'NONE',  ( 0.000000000000000000, 2.000000000000000000, -8.000000000000000000 ) ) ;
#697 = AXIS2_PLACEMENT_3D ( 'NONE', #357, #1513, #1676 ) ;
#698 = DIRECTION ( 'NONE',  ( -1.000000000000000000, 0.000000000000000000, 0.000000000000000000 ) ) ;
#699 = EDGE_LOOP ( 'NONE', ( #556, #1858 ) ) ;
#700 = MECHANICAL_CONTEXT ( 'NONE', #1749, 'mechanical' ) ;
#701 = FACE_OUTER_BOUND ( 'NONE', #1231, .T. ) ;
#702 = CARTESIAN_POINT ( 'NONE',  ( -17.09999999999999787, 10.00000000000000000, 14.50000000000000533 ) ) ;
#703 = CARTESIAN_POINT ( 'NONE',  ( 20.10000000000000142, 10.00000000000000000, 14.50000000000000178 ) ) ;
#704 = CARTESIAN_POINT ( 'NONE',  ( 0.000000000000000000, 2.000000000000000000, -8.000000000000000000 ) ) ;
#705 = DIRECTION ( 'NONE',  ( 0.000000000000000000, -1.000000000000000000, 0.000000000000000000 ) ) ;
#706 = ORIENTED_EDGE ( 'NONE', *, *, #1612, .F. ) ;
#707 = PERSON_AND_ORGANIZATION_ROLE ( 'design_supplier' ) ;
#708 = FACE_BOUND ( 'NONE', #27, .T. ) ;
#709 = CARTESIAN_POINT ( 'NONE',  ( -20.10000000000000142, 5.000000000000000000, -17.50000000000000711 ) ) ;
#710 = EDGE_CURVE ( 'NONE', #1288, #171, #69, .T. ) ;
#711 = CARTESIAN_POINT ( 'NONE',  ( -20.10000000000000142, 10.00601711335750998, -1.816061818952170670 ) ) ;
#712 = CARTESIAN_POINT ( 'NONE',  ( 0.000000000000000000, 0.000000000000000000, 0.000000000000000000 ) ) ;
#713 = ORIENTED_EDGE ( 'NONE', *, *, #798, .F. ) ;
#714 = APPROVAL ( #1433, 'UNSPECIFIED' ) ;
#715 = AXIS2_PLACEMENT_3D ( 'NONE', #1456, #1713, #395 ) ;
#716 = ORIENTED_EDGE ( 'NONE', *, *, #1449, .T. ) ;
#717 = AXIS2_PLACEMENT_3D ( 'NONE', #1192, #742, #5 ) ;
#718 = DIRECTION ( 'NONE',  ( 0.000000000000000000, 0.000000000000000000, 1.000000000000000000 ) ) ;
#719 = DIRECTION ( 'NONE',  ( -0.000000000000000000, 1.000000000000000000, -0.000000000000000000 ) ) ;
#720 = VECTOR ( 'NONE', #1833, 1000.000000000000000 ) ;
#721 = CARTESIAN_POINT ( 'NONE',  ( 5.656854249492391240, -5.000000000000000000, -4.656854249492370812 ) ) ;
#722 = DIRECTION ( 'NONE',  ( 0.000000000000000000, 0.000000000000000000, -1.000000000000000000 ) ) ;
#723 = ORIENTED_EDGE ( 'NONE', *, *, #56, .T. ) ;
#724 = VECTOR ( 'NONE', #1650, 1000.000000000000000 ) ;
#725 = APPROVAL_PERSON_ORGANIZATION ( #241, #714, #377 ) ;
#726 = EDGE_LOOP ( 'NONE', ( #812, #1222, #1075, #362 ) ) ;
#727 = CARTESIAN_POINT ( 'NONE',  ( 20.10000000000000142, 20.00000000000000000, 17.50000000000000711 ) ) ;
#728 = EDGE_LOOP ( 'NONE', ( #1048, #1068, #674, #1212 ) ) ;
#729 = DIRECTION ( 'NONE',  ( -0.000000000000000000, 1.000000000000000000, -0.000000000000000000 ) ) ;
#730 = CARTESIAN_POINT ( 'NONE',  ( 0.000000000000000000, 2.000000000000000000, 0.000000000000000000 ) ) ;
#731 = ADVANCED_FACE ( 'NONE', ( #1871 ), #1720, .T. ) ;
#732 = ORIENTED_EDGE ( 'NONE', *, *, #1892, .F. ) ;
#733 = DATE_AND_TIME ( #1300, #1277 ) ;
#734 = AXIS2_PLACEMENT_3D ( 'NONE', #1659, #1096, #677 ) ;
#735 = EDGE_CURVE ( 'NONE', #504, #743, #1278, .T. ) ;
#736 = ORIENTED_EDGE ( 'NONE', *, *, #614, .F. ) ;
#737 = VERTEX_POINT ( 'NONE', #1563 ) ;
#738 = DIRECTION ( 'NONE',  ( 1.000000000000000000, 0.000000000000000000, 0.000000000000000000 ) ) ;
#739 = DIRECTION ( 'NONE',  ( 0.000000000000000000, 0.000000000000000000, 1.000000000000000000 ) ) ;
#740 = EDGE_CURVE ( 'NONE', #1794, #1047, #402, .T. ) ;
#741 = FACE_OUTER_BOUND ( 'NONE', #232, .T. ) ;
#742 = DIRECTION ( 'NONE',  ( 0.000000000000000000, 1.000000000000000000, 0.000000000000000000 ) ) ;
#743 = VERTEX_POINT ( 'NONE', #103 ) ;
#744 = EDGE_CURVE ( 'NONE', #1604, #76, #545, .T. ) ;
#745 = ORIENTED_EDGE ( 'NONE', *, *, #552, .T. ) ;
#746 = ORIENTED_EDGE ( 'NONE', *, *, #415, .T. ) ;
#747 = CARTESIAN_POINT ( 'NONE',  ( -23.09999999999999787, 6.619607700000002204, -1.816061818952170670 ) ) ;
#748 = VECTOR ( 'NONE', #1895, 1000.000000000000000 ) ;
#749 = LINE ( 'NONE', #134, #748 ) ;
#750 = AXIS2_PLACEMENT_3D ( 'NONE', #1118, #965, #344 ) ;
#751 = LINE ( 'NONE', #913, #1269 ) ;
#752 = VECTOR ( 'NONE', #352, 1000.000000000000000 ) ;
#753 = VECTOR ( 'NONE', #471, 1000.000000000000000 ) ;
#754 = LINE ( 'NONE', #622, #1477 ) ;
#755 = EDGE_LOOP ( 'NONE', ( #1476, #1624 ) ) ;
#756 = VERTEX_POINT ( 'NONE', #1571 ) ;
#757 = ORIENTED_EDGE ( 'NONE', *, *, #854, .F. ) ;
#758 = CARTESIAN_POINT ( 'NONE',  ( 20.10000000000000142, 20.00000000000000000, -14.49999999999999467 ) ) ;
#759 = CARTESIAN_POINT ( 'NONE',  ( -5.000000000000000000, 13.09373335919253378, -17.50000000000000355 ) ) ;
#760 = EDGE_CURVE ( 'NONE', #360, #59, #1422, .T. ) ;
#761 = CARTESIAN_POINT ( 'NONE',  ( -20.10000000000000142, 0.000000000000000000, 17.50000000000000711 ) ) ;
#762 = FACE_OUTER_BOUND ( 'NONE', #679, .T. ) ;
#763 = DIRECTION ( 'NONE',  ( 0.000000000000000000, 0.000000000000000000, -1.000000000000000000 ) ) ;
#764 = EDGE_LOOP ( 'NONE', ( #775, #948, #1055, #172 ) ) ;
#765 = ORIENTED_EDGE ( 'NONE', *, *, #1779, .F. ) ;
#766 = VECTOR ( 'NONE', #807, 1000.000000000000000 ) ;
#767 = EDGE_LOOP ( 'NONE', ( #1379, #804 ) ) ;
#768 = DIRECTION ( 'NONE',  ( 0.000000000000000000, 0.000000000000000000, -1.000000000000000000 ) ) ;
#769 = CARTESIAN_POINT ( 'NONE',  ( -17.09999999999999787, 10.00000000000000000, -14.49999999999999467 ) ) ;
#770 = CARTESIAN_POINT ( 'NONE',  ( 6.000000000000000000, 13.09373335919253378, 25.50010000000000687 ) ) ;
#771 = EDGE_CURVE ( 'NONE', #585, #1299, #1778, .T. ) ;
#772 = EDGE_CURVE ( 'NONE', #944, #865, #1023, .T. ) ;
#773 = DIRECTION ( 'NONE',  ( -1.000000000000000000, -0.000000000000000000, -0.000000000000000000 ) ) ;
#774 = VERTEX_POINT ( 'NONE', #470 ) ;
#775 = ORIENTED_EDGE ( 'NONE', *, *, #1768, .F. ) ;
#776 = ADVANCED_FACE ( 'NONE', ( #741 ), #322, .F. ) ;
#777 = VERTEX_POINT ( 'NONE', #1620 ) ;
#778 = CARTESIAN_POINT ( 'NONE',  ( -5.656854249492429432, -5.000000000000000000, 5.656854249492329956 ) ) ;
#779 = PLANE ( 'NONE',  #472 ) ;
#780 = LINE ( 'NONE', #792, #1163 ) ;
#781 = DIRECTION ( 'NONE',  ( 0.000000000000000000, 0.000000000000000000, 1.000000000000000000 ) ) ;
#782 = FACE_BOUND ( 'NONE', #1396, .T. ) ;
#783 = CIRCLE ( 'NONE', #1849, 1.000000000000000222 ) ;
#784 = ORIENTED_EDGE ( 'NONE', *, *, #56, .F. ) ;
#785 = CIRCLE ( 'NONE', #1792, 1.000000000000000000 ) ;
#786 = LINE ( 'NONE', #1393, #1447 ) ;
#787 = AXIS2_PLACEMENT_3D ( 'NONE', #1495, #293, #15 ) ;
#788 = VERTEX_POINT ( 'NONE', #284 ) ;
#789 = EDGE_LOOP ( 'NONE', ( #1202, #1700, #516, #1899 ) ) ;
#790 = DIRECTION ( 'NONE',  ( -1.000000000000000000, -0.000000000000000000, -0.000000000000000000 ) ) ;
#791 = CIRCLE ( 'NONE', #1398, 1.000000000000000000 ) ;
#792 = CARTESIAN_POINT ( 'NONE',  ( -20.10000000000000142, 6.619607700000002204, -1.816061818952170670 ) ) ;
#793 = CARTESIAN_POINT ( 'NONE',  ( -5.656854249492311304, 2.000000000000000000, -5.656854249492450748 ) ) ;
#794 = FACE_OUTER_BOUND ( 'NONE', #562, .T. ) ;
#795 = VERTEX_POINT ( 'NONE', #32 ) ;
#796 = VERTEX_POINT ( 'NONE', #598 ) ;
#797 = CARTESIAN_POINT ( 'NONE',  ( -20.10000000000000142, 5.000000000000000000, 17.50000000000000711 ) ) ;
#798 = EDGE_CURVE ( 'NONE', #623, #1386, #751, .T. ) ;
#799 = LINE ( 'NONE', #653, #1727 ) ;
#800 = FACE_OUTER_BOUND ( 'NONE', #1167, .T. ) ;
#801 = CARTESIAN_POINT ( 'NONE',  ( -20.10000000000000853, 20.00000000000000000, -14.49999999999999467 ) ) ;
#802 = EDGE_CURVE ( 'NONE', #832, #1465, #176, .T. ) ;
#803 = FACE_OUTER_BOUND ( 'NONE', #1193, .T. ) ;
#804 = ORIENTED_EDGE ( 'NONE', *, *, #1768, .T. ) ;
#805 = ORIENTED_EDGE ( 'NONE', *, *, #634, .F. ) ;
#806 = DIRECTION ( 'NONE',  ( 0.000000000000000000, 1.000000000000000000, 0.000000000000000000 ) ) ;
#807 = DIRECTION ( 'NONE',  ( -0.000000000000000000, 1.000000000000000000, -0.000000000000000000 ) ) ;
#808 = DIRECTION ( 'NONE',  ( 0.000000000000000000, 0.000000000000000000, 1.000000000000000000 ) ) ;
#809 = LINE ( 'NONE', #1249, #1120 ) ;
#810 = VECTOR ( 'NONE', #873, 1000.000000000000000 ) ;
#811 = CIRCLE ( 'NONE', #101, 1.000000000000000000 ) ;
#812 = ORIENTED_EDGE ( 'NONE', *, *, #560, .F. ) ;
#813 = AXIS2_PLACEMENT_3D ( 'NONE', #72, #922, #781 ) ;
#814 = EDGE_LOOP ( 'NONE', ( #908, #947 ) ) ;
#815 = LINE ( 'NONE', #1809, #724 ) ;
#816 = DIRECTION ( 'NONE',  ( -0.000000000000000000, 1.000000000000000000, -0.000000000000000000 ) ) ;
#817 = CARTESIAN_POINT ( 'NONE',  ( -20.10000000000000142, 6.619607700000002204, -1.816061818952170670 ) ) ;
#818 = EDGE_CURVE ( 'NONE', #1174, #269, #70, .T. ) ;
#819 = ORIENTED_EDGE ( 'NONE', *, *, #1754, .F. ) ;
#820 = VECTOR ( 'NONE', #1312, 1000.000000000000000 ) ;
#821 = DIRECTION ( 'NONE',  ( 0.000000000000000000, 0.000000000000000000, 1.000000000000000000 ) ) ;
#822 = EDGE_CURVE ( 'NONE', #318, #527, #1062, .T. ) ;
#823 = ORIENTED_EDGE ( 'NONE', *, *, #1395, .T. ) ;
#824 = ORIENTED_EDGE ( 'NONE', *, *, #735, .T. ) ;
#825 = PERSON_AND_ORGANIZATION ( #528, #1339 ) ;
#826 = DIRECTION ( 'NONE',  ( 0.000000000000000000, 0.000000000000000000, -1.000000000000000000 ) ) ;
#827 = DIRECTION ( 'NONE',  ( 0.000000000000000000, 0.000000000000000000, 1.000000000000000000 ) ) ;
#828 = ORIENTED_EDGE ( 'NONE', *, *, #246, .F. ) ;
#829 = AXIS2_PLACEMENT_3D ( 'NONE', #1298, #1375, #1804 ) ;
#830 = DIRECTION ( 'NONE',  ( 0.000000000000000000, 0.000000000000000000, -1.000000000000000000 ) ) ;
#831 = ADVANCED_FACE ( 'NONE', ( #1608 ), #1180, .F. ) ;
#832 = VERTEX_POINT ( 'NONE', #769 ) ;
#833 = ORIENTED_EDGE ( 'NONE', *, *, #656, .F. ) ;
#834 = DATE_TIME_ROLE ( 'creation_date' ) ;
#835 = FACE_OUTER_BOUND ( 'NONE', #981, .T. ) ;
#836 = DIRECTION ( 'NONE',  ( 1.000000000000000000, -0.000000000000000000, -0.000000000000000000 ) ) ;
#837 = FACE_BOUND ( 'NONE', #328, .T. ) ;
#838 = FACE_OUTER_BOUND ( 'NONE', #370, .T. ) ;
#839 = EDGE_CURVE ( 'NONE', #209, #1252, #871, .T. ) ;
#840 = ORIENTED_EDGE ( 'NONE', *, *, #1054, .F. ) ;
#841 = DIRECTION ( 'NONE',  ( -0.000000000000000000, -1.000000000000000000, -0.000000000000000000 ) ) ;
#842 = CARTESIAN_POINT ( 'NONE',  ( 8.000000000000000000, 2.000000000000000000, 2.793185071074506684E-14 ) ) ;
#843 = AXIS2_PLACEMENT_3D ( 'NONE', #1420, #1747, #1012 ) ;
#844 = VERTEX_POINT ( 'NONE', #628 ) ;
#845 = CIRCLE ( 'NONE', #1879, 1.000000000000000000 ) ;
#846 = VECTOR ( 'NONE', #1051, 1000.000000000000000 ) ;
#847 = LINE ( 'NONE', #1416, #418 ) ;
#848 = DIRECTION ( 'NONE',  ( -0.000000000000000000, -1.000000000000000000, -0.000000000000000000 ) ) ;
#849 = DIRECTION ( 'NONE',  ( 0.000000000000000000, 0.000000000000000000, 1.000000000000000000 ) ) ;
#850 = LINE ( 'NONE', #237, #1297 ) ;
#851 = CARTESIAN_POINT ( 'NONE',  ( 23.09999999999999787, 6.625624816694061003, 1.816061818952170670 ) ) ;
#852 = ORIENTED_EDGE ( 'NONE', *, *, #25, .F. ) ;
#853 = DATE_AND_TIME ( #1705, #231 ) ;
#854 = EDGE_CURVE ( 'NONE', #1186, #1467, #891, .T. ) ;
#855 = DIRECTION ( 'NONE',  ( 0.000000000000000000, 1.000000000000000000, 0.000000000000000000 ) ) ;
#856 = DIRECTION ( 'NONE',  ( 1.000000000000000000, 0.000000000000000000, 0.000000000000000000 ) ) ;
#857 = DIRECTION ( 'NONE',  ( 0.000000000000000000, 0.000000000000000000, -1.000000000000000000 ) ) ;
#858 = EDGE_CURVE ( 'NONE', #988, #944, #1472, .T. ) ;
#859 = DIRECTION ( 'NONE',  ( -0.000000000000000000, -1.000000000000000000, -0.000000000000000000 ) ) ;
#860 = ORIENTED_EDGE ( 'NONE', *, *, #740, .F. ) ;
#861 = CARTESIAN_POINT ( 'NONE',  ( 0.000000000000000000, 5.000000000000000000, 0.000000000000000000 ) ) ;
#862 = CARTESIAN_POINT ( 'NONE',  ( -6.000000000000000000, 13.09373335919253378, 17.50000000000000711 ) ) ;
#863 = DIRECTION ( 'NONE',  ( 0.000000000000000000, 0.000000000000000000, -1.000000000000000000 ) ) ;
#864 = DIRECTION ( 'NONE',  ( -0.000000000000000000, 1.000000000000000000, -0.000000000000000000 ) ) ;
#865 = VERTEX_POINT ( 'NONE', #901 ) ;
#866 = CLOSED_SHELL ( 'NONE', ( #1651, #596, #1686, #1508, #582, #946, #974, #1576, #128, #1816, #1100, #1309, #304, #1113, #831, #229, #1810, #1828, #107, #1836, #1425, #1471, #776, #540, #542, #427, #996, #29, #1293, #1870, #731, #138, #1497, #1195, #1494, #1678, #24, #1022, #1284, #52, #1349, #1616, #1652, #260, #1733, #483, #1117, #1273, #621, #275, #1592, #478, #1443, #1215, #1369 ) ) ;
#867 = ORIENTED_EDGE ( 'NONE', *, *, #1847, .T. ) ;
#868 = DIRECTION ( 'NONE',  ( -1.000000000000000000, 0.000000000000000000, 0.000000000000000000 ) ) ;
#869 = DIRECTION ( 'NONE',  ( 0.000000000000000000, 1.000000000000000000, 0.000000000000000000 ) ) ;
#870 = VECTOR ( 'NONE', #1235, 1000.000000000000000 ) ;
#871 = LINE ( 'NONE', #1189, #194 ) ;
#872 = EDGE_CURVE ( 'NONE', #1265, #613, #1207, .T. ) ;
#873 = DIRECTION ( 'NONE',  ( -1.000000000000000000, -0.000000000000000000, -0.000000000000000000 ) ) ;
#874 = EDGE_CURVE ( 'NONE', #279, #1338, #137, .T. ) ;
#875 = AXIS2_PLACEMENT_3D ( 'NONE', #447, #1492, #627 ) ;
#876 = ORIENTED_EDGE ( 'NONE', *, *, #49, .T. ) ;
#877 = CIRCLE ( 'NONE', #1276, 4.049999999999999822 ) ;
#878 = EDGE_LOOP ( 'NONE', ( #828, #1404, #226, #1793 ) ) ;
#879 = ORIENTED_EDGE ( 'NONE', *, *, #593, .F. ) ;
#880 = DIRECTION ( 'NONE',  ( 0.000000000000000000, 0.000000000000000000, 1.000000000000000000 ) ) ;
#881 = DIRECTION ( 'NONE',  ( -0.000000000000000000, -1.000000000000000000, -0.000000000000000000 ) ) ;
#882 = DIRECTION ( 'NONE',  ( -0.000000000000000000, 1.000000000000000000, -0.000000000000000000 ) ) ;
#883 = EDGE_CURVE ( 'NONE', #1451, #1130, #1314, .T. ) ;
#884 = CARTESIAN_POINT ( 'NONE',  ( -20.10000000000000853, 10.00000000000000000, -14.49999999999999467 ) ) ;
#885 = VERTEX_POINT ( 'NONE', #1344 ) ;
#886 = CIRCLE ( 'NONE', #271, 1.000000000000000000 ) ;
#887 = ORIENTED_EDGE ( 'NONE', *, *, #858, .T. ) ;
#888 = ORIENTED_EDGE ( 'NONE', *, *, #874, .F. ) ;
#889 = LINE ( 'NONE', #898, #1706 ) ;
#890 = FACE_OUTER_BOUND ( 'NONE', #1340, .T. ) ;
#891 = LINE ( 'NONE', #1598, #1301 ) ;
#892 = CARTESIAN_POINT ( 'NONE',  ( 17.10000000000000497, 10.00000000000000000, 14.50000000000000533 ) ) ;
#893 = LINE ( 'NONE', #335, #4 ) ;
#894 = EDGE_LOOP ( 'NONE', ( #887, #651, #435, #324 ) ) ;
#895 = EDGE_CURVE ( 'NONE', #643, #428, #1199, .T. ) ;
#896 = EDGE_LOOP ( 'NONE', ( #533, #1316, #1203, #1065 ) ) ;
#897 = ORIENTED_EDGE ( 'NONE', *, *, #188, .F. ) ;
#898 = CARTESIAN_POINT ( 'NONE',  ( 5.656854249492350384, -5.000000000000000000, 6.656854249492410780 ) ) ;
#899 = FACE_OUTER_BOUND ( 'NONE', #1577, .T. ) ;
#900 = AXIS2_PLACEMENT_3D ( 'NONE', #559, #1411, #1445 ) ;
#901 = CARTESIAN_POINT ( 'NONE',  ( -20.10000000000000142, 10.00601711335750998, 1.816061818952170670 ) ) ;
#902 = AXIS2_PLACEMENT_3D ( 'NONE', #694, #1869, #235 ) ;
#903 = FACE_BOUND ( 'NONE', #755, .T. ) ;
#904 = CARTESIAN_POINT ( 'NONE',  ( 20.10000000000000142, 10.00601711335750998, -1.816061818952170670 ) ) ;
#905 = EDGE_LOOP ( 'NONE', ( #920, #1459, #1632, #1479, #805, #1764, #1008, #616 ) ) ;
#906 = ORIENTED_EDGE ( 'NONE', *, *, #1883, .F. ) ;
#907 = CIRCLE ( 'NONE', #513, 1.000000000000000000 ) ;
#908 = ORIENTED_EDGE ( 'NONE', *, *, #1191, .F. ) ;
#909 = LINE ( 'NONE', #1029, #1860 ) ;
#910 = EDGE_CURVE ( 'NONE', #623, #303, #102, .T. ) ;
#911 = CARTESIAN_POINT ( 'NONE',  ( 5.656854249492391240, 5.000000000000000000, -5.656854249492370812 ) ) ;
#912 = EDGE_CURVE ( 'NONE', #466, #9, #1756, .T. ) ;
#913 = CARTESIAN_POINT ( 'NONE',  ( 1.273632671113247276E-15, 2.000000000000000000, 10.40000000000000036 ) ) ;
#914 = DIRECTION ( 'NONE',  ( 1.000000000000000000, -0.000000000000000000, 0.000000000000000000 ) ) ;
#915 = ORIENTED_EDGE ( 'NONE', *, *, #254, .T. ) ;
#916 = DIRECTION ( 'NONE',  ( -0.000000000000000000, 1.000000000000000000, -0.000000000000000000 ) ) ;
#917 = EDGE_CURVE ( 'NONE', #777, #1386, #1573, .T. ) ;
#918 = ORIENTED_EDGE ( 'NONE', *, *, #130, .F. ) ;
#919 = ORIENTED_EDGE ( 'NONE', *, *, #1696, .T. ) ;
#920 = ORIENTED_EDGE ( 'NONE', *, *, #872, .T. ) ;
#921 = CYLINDRICAL_SURFACE ( 'NONE', #135, 1.000000000000000000 ) ;
#922 = DIRECTION ( 'NONE',  ( 0.000000000000000000, 1.000000000000000000, 0.000000000000000000 ) ) ;
#923 = LINE ( 'NONE', #311, #753 ) ;
#924 = LINE ( 'NONE', #26, #931 ) ;
#925 = ORIENTED_EDGE ( 'NONE', *, *, #1847, .F. ) ;
#926 = ORIENTED_EDGE ( 'NONE', *, *, #771, .T. ) ;
#927 = DIRECTION ( 'NONE',  ( 0.000000000000000000, 0.000000000000000000, 1.000000000000000000 ) ) ;
#928 = DIRECTION ( 'NONE',  ( 0.000000000000000000, 0.000000000000000000, -1.000000000000000000 ) ) ;
#929 = CYLINDRICAL_SURFACE ( 'NONE', #158, 4.049999999999999822 ) ;
#930 = AXIS2_PLACEMENT_3D ( 'NONE', #1722, #1164, #1287 ) ;
#931 = VECTOR ( 'NONE', #916, 1000.000000000000000 ) ;
#932 = EDGE_CURVE ( 'NONE', #1385, #209, #655, .T. ) ;
#933 = DIRECTION ( 'NONE',  ( 0.000000000000000000, 0.000000000000000000, 1.000000000000000000 ) ) ;
#934 = AXIS2_PLACEMENT_3D ( 'NONE', #214, #45, #668 ) ;
#935 = EDGE_CURVE ( 'NONE', #1562, #453, #1730, .T. ) ;
#936 = CC_DESIGN_PERSON_AND_ORGANIZATION_ASSIGNMENT ( #1415, #707, ( #609 ) ) ;
#937 = ORIENTED_EDGE ( 'NONE', *, *, #515, .T. ) ;
#938 = ORIENTED_EDGE ( 'NONE', *, *, #1410, .F. ) ;
#939 = DIRECTION ( 'NONE',  ( 0.000000000000000000, 0.000000000000000000, 1.000000000000000000 ) ) ;
#940 = EDGE_CURVE ( 'NONE', #1891, #1794, #1687, .T. ) ;
#941 = CIRCLE ( 'NONE', #106, 1.000000000000000000 ) ;
#942 = DIRECTION ( 'NONE',  ( 0.000000000000000000, 0.000000000000000000, 1.000000000000000000 ) ) ;
#943 = FACE_BOUND ( 'NONE', #1544, .T. ) ;
#944 = VERTEX_POINT ( 'NONE', #1366 ) ;
#945 = DIRECTION ( 'NONE',  ( 0.000000000000000000, 0.000000000000000000, -1.000000000000000000 ) ) ;
#946 = ADVANCED_FACE ( 'NONE', ( #1106 ), #929, .F. ) ;
#947 = ORIENTED_EDGE ( 'NONE', *, *, #935, .F. ) ;
#948 = ORIENTED_EDGE ( 'NONE', *, *, #593, .T. ) ;
#949 = PLANE ( 'NONE',  #46 ) ;
#950 = DIRECTION ( 'NONE',  ( 0.000000000000000000, -1.000000000000000000, 0.000000000000000000 ) ) ;
#951 = AXIS2_PLACEMENT_3D ( 'NONE', #1679, #961, #1541 ) ;
#952 = CARTESIAN_POINT ( 'NONE',  ( 20.10000000000000142, 20.00000000000000000, -14.49999999999999467 ) ) ;
#953 = EDGE_CURVE ( 'NONE', #527, #1825, #1534, .T. ) ;
#954 = CARTESIAN_POINT ( 'NONE',  ( 20.10000000000000142, 20.00000000000000000, 14.50000000000000533 ) ) ;
#955 = CARTESIAN_POINT ( 'NONE',  ( 20.10000000000000142, 10.00000000000000000, -14.49999999999999467 ) ) ;
#956 = EDGE_LOOP ( 'NONE', ( #480, #745 ) ) ;
#957 = ORIENTED_EDGE ( 'NONE', *, *, #1634, .T. ) ;
#958 = CARTESIAN_POINT ( 'NONE',  ( 0.000000000000000000, 10.00000000000000000, 0.000000000000000000 ) ) ;
#959 = DIRECTION ( 'NONE',  ( -0.000000000000000000, 1.000000000000000000, -0.000000000000000000 ) ) ;
#960 = EDGE_CURVE ( 'NONE', #885, #416, #692, .T. ) ;
#961 = DIRECTION ( 'NONE',  ( -0.000000000000000000, 1.000000000000000000, -0.000000000000000000 ) ) ;
#962 = PRODUCT_RELATED_PRODUCT_CATEGORY ( 'detail', '', ( #1857 ) ) ;
#963 = CARTESIAN_POINT ( 'NONE',  ( -17.09999999999999787, 5.000000000000000000, 0.000000000000000000 ) ) ;
#964 = ORIENTED_EDGE ( 'NONE', *, *, #972, .T. ) ;
#965 = DIRECTION ( 'NONE',  ( 0.000000000000000000, 1.000000000000000000, -0.000000000000000000 ) ) ;
#966 = VECTOR ( 'NONE', #1108, 1000.000000000000000 ) ;
#967 = EDGE_LOOP ( 'NONE', ( #181, #1711 ) ) ;
#968 = VECTOR ( 'NONE', #1454, 1000.000000000000000 ) ;
#969 = ORIENTED_EDGE ( 'NONE', *, *, #656, .T. ) ;
#970 = COORDINATED_UNIVERSAL_TIME_OFFSET ( 5, 0, .BEHIND. ) ;
#971 = PLANE ( 'NONE',  #458 ) ;
#972 = EDGE_CURVE ( 'NONE', #1818, #1016, #1542, .T. ) ;
#973 = DIRECTION ( 'NONE',  ( 1.000000000000000000, 0.000000000000000000, 0.000000000000000000 ) ) ;
#974 = ADVANCED_FACE ( 'NONE', ( #511 ), #1097, .F. ) ;
#975 = ORIENTED_EDGE ( 'NONE', *, *, #398, .T. ) ;
#976 = AXIS2_PLACEMENT_3D ( 'NONE', #1010, #252, #718 ) ;
#977 = DIRECTION ( 'NONE',  ( -0.000000000000000000, 1.000000000000000000, -0.000000000000000000 ) ) ;
#978 = DIRECTION ( 'NONE',  ( -0.000000000000000000, 1.000000000000000000, -0.000000000000000000 ) ) ;
#979 = CC_DESIGN_APPROVAL ( #714, ( #1061 ) ) ;
#980 = EDGE_LOOP ( 'NONE', ( #1774, #140 ) ) ;
#981 = EDGE_LOOP ( 'NONE', ( #1380, #888, #784, #34 ) ) ;
#982 = PERSON_AND_ORGANIZATION_ROLE ( 'creator' ) ;
#983 = DIRECTION ( 'NONE',  ( -1.000000000000000000, 0.000000000000000000, 0.000000000000000000 ) ) ;
#984 = FACE_OUTER_BOUND ( 'NONE', #905, .T. ) ;
#985 = ORIENTED_EDGE ( 'NONE', *, *, #681, .F. ) ;
#986 = CARTESIAN_POINT ( 'NONE',  ( 1.224646799147353454E-16, -5.000000000000000000, -9.000000000000001776 ) ) ;
#987 = LINE ( 'NONE', #258, #1221 ) ;
#988 = VERTEX_POINT ( 'NONE', #1390 ) ;
#989 =( LENGTH_UNIT ( ) NAMED_UNIT ( * ) SI_UNIT ( .MILLI., .METRE. ) );
#990 = CARTESIAN_POINT ( 'NONE',  ( -5.574123674157539854E-14, 5.000000000000000000, 7.000000000000000000 ) ) ;
#991 = DIRECTION ( 'NONE',  ( -0.000000000000000000, 1.000000000000000000, -0.000000000000000000 ) ) ;
#992 = CARTESIAN_POINT ( 'NONE',  ( 23.09999999999999787, 6.625624816694061003, -1.816061818952170670 ) ) ;
#993 = DIRECTION ( 'NONE',  ( -0.000000000000000000, 1.000000000000000000, -0.000000000000000000 ) ) ;
#994 = CIRCLE ( 'NONE', #564, 1.000000000000000000 ) ;
#995 = PLANE ( 'NONE',  #715 ) ;
#996 = ADVANCED_FACE ( 'NONE', ( #943, #54, #485 ), #1400, .F. ) ;
#997 = VECTOR ( 'NONE', #449, 1000.000000000000000 ) ;
#998 = EDGE_LOOP ( 'NONE', ( #1045, #1122, #1037, #465, #1348, #1565, #374, #30 ) ) ;
#999 = CALENDAR_DATE ( 2026, 8, 7 ) ;
#1000 = AXIS2_PLACEMENT_3D ( 'NONE', #1561, #401, #1151 ) ;
#1001 = AXIS2_PLACEMENT_3D ( 'NONE', #1190, #1642, #1771 ) ;
#1002 = DIRECTION ( 'NONE',  ( 1.000000000000000000, 0.000000000000000000, 0.000000000000000000 ) ) ;
#1003 = DIRECTION ( 'NONE',  ( -0.000000000000000000, -0.000000000000000000, 1.000000000000000000 ) ) ;
#1004 = EDGE_CURVE ( 'NONE', #585, #497, #1247, .T. ) ;
#1005 = CARTESIAN_POINT ( 'NONE',  ( 5.000000000000000000, 13.09373335919253378, 17.50000000000000711 ) ) ;
#1006 = DIRECTION ( 'NONE',  ( -0.000000000000000000, -0.000000000000000000, -1.000000000000000000 ) ) ;
#1007 = AXIS2_PLACEMENT_3D ( 'NONE', #467, #1638, #163 ) ;
#1008 = ORIENTED_EDGE ( 'NONE', *, *, #13, .T. ) ;
#1009 = CALENDAR_DATE ( 2026, 8, 7 ) ;
#1010 = CARTESIAN_POINT ( 'NONE',  ( 5.656854249492391240, -5.000000000000000000, -5.656854249492370812 ) ) ;
#1011 = CARTESIAN_POINT ( 'NONE',  ( -20.10000000000000142, 6.619607700000002204, -1.816061818952170670 ) ) ;
#1012 = DIRECTION ( 'NONE',  ( 0.000000000000000000, 0.000000000000000000, 1.000000000000000000 ) ) ;
#1013 = VECTOR ( 'NONE', #80, 1000.000000000000000 ) ;
#1014 = DIRECTION ( 'NONE',  ( 0.000000000000000000, 0.000000000000000000, -1.000000000000000000 ) ) ;
#1015 = ORIENTED_EDGE ( 'NONE', *, *, #432, .F. ) ;
#1016 = VERTEX_POINT ( 'NONE', #801 ) ;
#1017 = DIRECTION ( 'NONE',  ( -0.000000000000000000, -1.000000000000000000, -0.000000000000000000 ) ) ;
#1018 = EDGE_CURVE ( 'NONE', #1317, #585, #678, .T. ) ;
#1019 = DIRECTION ( 'NONE',  ( -0.000000000000000000, -0.000000000000000000, 1.000000000000000000 ) ) ;
#1020 = MANIFOLD_SOLID_BREP ( 'Cut-Extrude3', #866 ) ;
#1021 = CC_DESIGN_DATE_AND_TIME_ASSIGNMENT ( #1131, #1586, ( #672 ) ) ;
#1022 = ADVANCED_FACE ( 'NONE', ( #1668 ), #1653, .F. ) ;
#1023 = LINE ( 'NONE', #1354, #1820 ) ;
#1024 = DIRECTION ( 'NONE',  ( -1.000000000000000000, -0.000000000000000000, -0.000000000000000000 ) ) ;
#1025 = ORIENTED_EDGE ( 'NONE', *, *, #1224, .F. ) ;
#1026 = EDGE_LOOP ( 'NONE', ( #1752, #975, #1723, #1615 ) ) ;
#1027 = EDGE_LOOP ( 'NONE', ( #690, #1773 ) ) ;
#1028 = VECTOR ( 'NONE', #587, 1000.000000000000000 ) ;
#1029 = CARTESIAN_POINT ( 'NONE',  ( 0.000000000000000000, 2.000000000000000000, -10.40000000000000036 ) ) ;
#1030 = LINE ( 'NONE', #1343, #1665 ) ;
#1031 = AXIS2_PLACEMENT_3D ( 'NONE', #438, #1786, #619 ) ;
#1032 = EDGE_CURVE ( 'NONE', #1498, #1252, #1812, .T. ) ;
#1033 = CARTESIAN_POINT ( 'NONE',  ( 7.000000000000000000, 13.09373335919253378, 25.50010000000000687 ) ) ;
#1034 = DIRECTION ( 'NONE',  ( -0.000000000000000000, 1.000000000000000000, -0.000000000000000000 ) ) ;
#1035 = LINE ( 'NONE', #1044, #251 ) ;
#1036 = AXIS2_PLACEMENT_3D ( 'NONE', #1041, #291, #880 ) ;
#1037 = ORIENTED_EDGE ( 'NONE', *, *, #1032, .F. ) ;
#1038 = AXIS2_PLACEMENT_3D ( 'NONE', #563, #1566, #96 ) ;
#1039 = ORIENTED_EDGE ( 'NONE', *, *, #309, .T. ) ;
#1040 = ORIENTED_EDGE ( 'NONE', *, *, #932, .T. ) ;
#1041 = CARTESIAN_POINT ( 'NONE',  ( 0.000000000000000000, 5.000000000000000000, -8.000000000000000000 ) ) ;
#1042 = DIRECTION ( 'NONE',  ( -1.000000000000000000, 0.000000000000000000, -0.000000000000000000 ) ) ;
#1043 = CARTESIAN_POINT ( 'NONE',  ( -5.656854249492311304, -5.000000000000000000, -5.656854249492450748 ) ) ;
#1044 = CARTESIAN_POINT ( 'NONE',  ( -20.10000000000000142, 0.000000000000000000, -17.50000000000000711 ) ) ;
#1045 = ORIENTED_EDGE ( 'NONE', *, *, #1272, .T. ) ;
#1046 = SHAPE_DEFINITION_REPRESENTATION ( #400, #455 ) ;
#1047 = VERTEX_POINT ( 'NONE', #493 ) ;
#1048 = ORIENTED_EDGE ( 'NONE', *, *, #415, .F. ) ;
#1049 = FACE_OUTER_BOUND ( 'NONE', #1248, .T. ) ;
#1050 = CYLINDRICAL_SURFACE ( 'NONE', #1694, 1.000000000000000000 ) ;
#1051 = DIRECTION ( 'NONE',  ( 0.000000000000000000, 1.000000000000000000, -1.280651026079632300E-16 ) ) ;
#1052 = LINE ( 'NONE', #1772, #599 ) ;
#1053 = ORIENTED_EDGE ( 'NONE', *, *, #1077, .F. ) ;
#1054 = EDGE_CURVE ( 'NONE', #774, #1511, #1208, .T. ) ;
#1055 = ORIENTED_EDGE ( 'NONE', *, *, #334, .T. ) ;
#1056 = VERTEX_POINT ( 'NONE', #198 ) ;
#1057 = DIRECTION ( 'NONE',  ( -0.000000000000000000, 0.000000000000000000, 1.000000000000000000 ) ) ;
#1058 = VECTOR ( 'NONE', #1024, 1000.000000000000000 ) ;
#1059 = DIRECTION ( 'NONE',  ( 0.000000000000000000, 0.000000000000000000, 1.000000000000000000 ) ) ;
#1060 = AXIS2_PLACEMENT_3D ( 'NONE', #354, #208, #215 ) ;
#1061 = PRODUCT_DEFINITION ( 'UNKNOWN', '', #609, #1378 ) ;
#1062 = LINE ( 'NONE', #167, #412 ) ;
#1063 = AXIS2_PLACEMENT_3D ( 'NONE', #274, #1125, #1710 ) ;
#1064 = CARTESIAN_POINT ( 'NONE',  ( 0.000000000000000000, 2.000000000000000000, -7.000000000000000000 ) ) ;
#1065 = ORIENTED_EDGE ( 'NONE', *, *, #1296, .F. ) ;
#1066 = ORIENTED_EDGE ( 'NONE', *, *, #366, .F. ) ;
#1067 = AXIS2_PLACEMENT_3D ( 'NONE', #1342, #1894, #436 ) ;
#1068 = ORIENTED_EDGE ( 'NONE', *, *, #61, .F. ) ;
#1069 = LINE ( 'NONE', #797, #14 ) ;
#1070 = DIRECTION ( 'NONE',  ( -0.000000000000000000, -0.000000000000000000, -1.000000000000000000 ) ) ;
#1071 = CARTESIAN_POINT ( 'NONE',  ( 20.10000000000000142, 6.625624816694061003, 1.816061818952170670 ) ) ;
#1072 = DIRECTION ( 'NONE',  ( 1.000000000000000000, -0.000000000000000000, -0.000000000000000000 ) ) ;
#1073 = ORIENTED_EDGE ( 'NONE', *, *, #111, .T. ) ;
#1074 = CIRCLE ( 'NONE', #239, 1.000000000000000000 ) ;
#1075 = ORIENTED_EDGE ( 'NONE', *, *, #1412, .T. ) ;
#1076 = CARTESIAN_POINT ( 'NONE',  ( -20.10000000000000142, 6.619607700000002204, -1.816061818952170670 ) ) ;
#1077 = EDGE_CURVE ( 'NONE', #1186, #756, #1763, .T. ) ;
#1078 = CARTESIAN_POINT ( 'NONE',  ( 0.000000000000000000, 2.000000000000000000, 0.000000000000000000 ) ) ;
#1079 = DIRECTION ( 'NONE',  ( -0.000000000000000000, 1.000000000000000000, -0.000000000000000000 ) ) ;
#1080 = LINE ( 'NONE', #1826, #966 ) ;
#1081 = EDGE_LOOP ( 'NONE', ( #18, #1468, #261, #583 ) ) ;
#1082 = EDGE_CURVE ( 'NONE', #1302, #527, #63, .T. ) ;
#1083 = EDGE_LOOP ( 'NONE', ( #433, #1537, #544, #1109, #132 ) ) ;
#1084 = DIRECTION ( 'NONE',  ( 0.000000000000000000, 1.000000000000000000, 0.000000000000000000 ) ) ;
#1085 = CARTESIAN_POINT ( 'NONE',  ( 5.000000000000000000, 13.09373335919253378, -17.50000000000000355 ) ) ;
#1086 = DIRECTION ( 'NONE',  ( 0.000000000000000000, 0.000000000000000000, 1.000000000000000000 ) ) ;
#1087 = AXIS2_PLACEMENT_3D ( 'NONE', #704, #1728, #857 ) ;
#1088 = EDGE_CURVE ( 'NONE', #1252, #613, #380, .T. ) ;
#1089 = AXIS2_PLACEMENT_3D ( 'NONE', #1428, #253, #827 ) ;
#1090 = CARTESIAN_POINT ( 'NONE',  ( -5.656854249492429432, 2.000000000000000000, 6.656854249492329956 ) ) ;
#1091 = AXIS2_PLACEMENT_3D ( 'NONE', #793, #1376, #647 ) ;
#1092 = EDGE_LOOP ( 'NONE', ( #1490, #92, #392, #1691 ) ) ;
#1093 = ORIENTED_EDGE ( 'NONE', *, *, #960, .T. ) ;
#1094 = CARTESIAN_POINT ( 'NONE',  ( 8.000000000000000000, -5.000000000000000000, 2.793185071074506684E-14 ) ) ;
#1095 = CIRCLE ( 'NONE', #1645, 1.000000000000000000 ) ;
#1096 = DIRECTION ( 'NONE',  ( -0.000000000000000000, 1.000000000000000000, -0.000000000000000000 ) ) ;
#1097 = CYLINDRICAL_SURFACE ( 'NONE', #1880, 1.000000000000000000 ) ;
#1098 = ORIENTED_EDGE ( 'NONE', *, *, #1139, .T. ) ;
#1099 = DIRECTION ( 'NONE',  ( -0.000000000000000000, -1.000000000000000000, -0.000000000000000000 ) ) ;
#1100 = ADVANCED_FACE ( 'NONE', ( #1408 ), #1589, .F. ) ;
#1101 = EDGE_LOOP ( 'NONE', ( #1882, #122 ) ) ;
#1102 = ORIENTED_EDGE ( 'NONE', *, *, #363, .F. ) ;
#1103 = DIRECTION ( 'NONE',  ( 0.000000000000000000, 1.000000000000000000, 0.000000000000000000 ) ) ;
#1104 = CARTESIAN_POINT ( 'NONE',  ( -5.000000000000000000, 13.09373335919253378, 14.50000000000000533 ) ) ;
#1105 = CARTESIAN_POINT ( 'NONE',  ( -5.656854249492311304, 5.000000000000000000, -4.656854249492450748 ) ) ;
#1106 = FACE_OUTER_BOUND ( 'NONE', #1311, .T. ) ;
#1107 = EDGE_LOOP ( 'NONE', ( #1111, #1137, #1015, #1594, #1801 ) ) ;
#1108 = DIRECTION ( 'NONE',  ( 0.000000000000000000, 0.000000000000000000, -1.000000000000000000 ) ) ;
#1109 = ORIENTED_EDGE ( 'NONE', *, *, #858, .F. ) ;
#1110 = EDGE_CURVE ( 'NONE', #1547, #28, #600, .T. ) ;
#1111 = ORIENTED_EDGE ( 'NONE', *, *, #1082, .T. ) ;
#1112 = PERSON_AND_ORGANIZATION ( #528, #1339 ) ;
#1113 = ADVANCED_FACE ( 'NONE', ( #411 ), #543, .F. ) ;
#1114 = CARTESIAN_POINT ( 'NONE',  ( 0.000000000000000000, 5.000000000000000000, 4.049999999999999822 ) ) ;
#1115 = CARTESIAN_POINT ( 'NONE',  ( 20.10000000000000142, 5.000000000000000000, 17.50000000000000711 ) ) ;
#1116 = ORIENTED_EDGE ( 'NONE', *, *, #1088, .F. ) ;
#1117 = ADVANCED_FACE ( 'NONE', ( #1569 ), #1862, .F. ) ;
#1118 = CARTESIAN_POINT ( 'NONE',  ( -23.09999999999999787, 6.619607700000002204, -1.816061818952170670 ) ) ;
#1119 = VECTOR ( 'NONE', #1780, 1000.000000000000000 ) ;
#1120 = VECTOR ( 'NONE', #1219, 1000.000000000000000 ) ;
#1121 = ORIENTED_EDGE ( 'NONE', *, *, #1779, .T. ) ;
#1122 = ORIENTED_EDGE ( 'NONE', *, *, #839, .T. ) ;
#1123 = DATE_AND_TIME ( #1549, #1214 ) ;
#1124 = LINE ( 'NONE', #1263, #1581 ) ;
#1125 = DIRECTION ( 'NONE',  ( 0.000000000000000000, 1.000000000000000000, 0.000000000000000000 ) ) ;
#1126 = AXIS2_PLACEMENT_3D ( 'NONE', #319, #1057, #1187 ) ;
#1127 = ORIENTED_EDGE ( 'NONE', *, *, #1709, .F. ) ;
#1128 = CARTESIAN_POINT ( 'NONE',  ( 20.10000000000000142, 10.00000000000000000, -17.49999999999999645 ) ) ;
#1129 = CARTESIAN_POINT ( 'NONE',  ( 4.959819536546779614E-16, 2.000000000000000000, -4.049999999999999822 ) ) ;
#1130 = VERTEX_POINT ( 'NONE', #265 ) ;
#1131 = DATE_AND_TIME ( #1009, #200 ) ;
#1132 = CARTESIAN_POINT ( 'NONE',  ( 20.10000000000000142, 10.00000000000000000, -14.49999999999999467 ) ) ;
#1133 = FACE_BOUND ( 'NONE', #767, .T. ) ;
#1134 = EDGE_CURVE ( 'NONE', #10, #1467, #256, .T. ) ;
#1135 = CARTESIAN_POINT ( 'NONE',  ( 20.10000000000000142, 20.00000000000000000, -17.49999999999999645 ) ) ;
#1136 = DIRECTION ( 'NONE',  ( -0.000000000000000000, 1.000000000000000000, -0.000000000000000000 ) ) ;
#1137 = ORIENTED_EDGE ( 'NONE', *, *, #953, .T. ) ;
#1138 = DIRECTION ( 'NONE',  ( 0.000000000000000000, 1.000000000000000000, 0.000000000000000000 ) ) ;
#1139 = EDGE_CURVE ( 'NONE', #1818, #1663, #1291, .T. ) ;
#1140 = CYLINDRICAL_SURFACE ( 'NONE', #1371, 1.000000000000000000 ) ;
#1141 = FACE_OUTER_BOUND ( 'NONE', #396, .T. ) ;
#1142 = DIRECTION ( 'NONE',  ( 0.000000000000000000, 1.000000000000000000, -1.280651026079632300E-16 ) ) ;
#1143 = AXIS2_PLACEMENT_3D ( 'NONE', #414, #555, #698 ) ;
#1144 = DIRECTION ( 'NONE',  ( 0.000000000000000000, -0.000000000000000000, -1.000000000000000000 ) ) ;
#1145 = DIRECTION ( 'NONE',  ( -0.000000000000000000, 1.000000000000000000, -0.000000000000000000 ) ) ;
#1146 = AXIS2_PLACEMENT_3D ( 'NONE', #1286, #1555, #863 ) ;
#1147 = ORIENTED_EDGE ( 'NONE', *, *, #740, .T. ) ;
#1148 = COORDINATED_UNIVERSAL_TIME_OFFSET ( 5, 0, .BEHIND. ) ;
#1149 = EDGE_CURVE ( 'NONE', #1511, #774, #1795, .T. ) ;
#1150 = LINE ( 'NONE', #1132, #321 ) ;
#1151 = DIRECTION ( 'NONE',  ( -1.000000000000000000, 0.000000000000000000, 0.000000000000000000 ) ) ;
#1152 = LINE ( 'NONE', #986, #1572 ) ;
#1153 = VECTOR ( 'NONE', #1017, 1000.000000000000000 ) ;
#1154 = FACE_OUTER_BOUND ( 'NONE', #202, .T. ) ;
#1155 = APPROVAL_PERSON_ORGANIZATION ( #270, #482, #121 ) ;
#1156 = EDGE_CURVE ( 'NONE', #479, #1338, #91, .T. ) ;
#1157 = ORIENTED_EDGE ( 'NONE', *, *, #932, .F. ) ;
#1158 = EDGE_CURVE ( 'NONE', #1327, #466, #1328, .T. ) ;
#1159 = ORIENTED_EDGE ( 'NONE', *, *, #1621, .F. ) ;
#1160 = PLANE ( 'NONE',  #670 ) ;
#1161 = CYLINDRICAL_SURFACE ( 'NONE', #1570, 1.000000000000000000 ) ;
#1162 = DIRECTION ( 'NONE',  ( -0.000000000000000000, 1.000000000000000000, -0.000000000000000000 ) ) ;
#1163 = VECTOR ( 'NONE', #492, 1000.000000000000000 ) ;
#1164 = DIRECTION ( 'NONE',  ( 0.000000000000000000, 1.000000000000000000, 0.000000000000000000 ) ) ;
#1165 = EDGE_LOOP ( 'NONE', ( #1414, #684, #1432, #1220, #852, #216, #1098, #723, #925, #860, #161, #78 ) ) ;
#1166 = EDGE_CURVE ( 'NONE', #1196, #585, #1436, .T. ) ;
#1167 = EDGE_LOOP ( 'NONE', ( #713, #1066, #687, #1413 ) ) ;
#1168 = EDGE_LOOP ( 'NONE', ( #58, #95 ) ) ;
#1169 = FACE_OUTER_BOUND ( 'NONE', #1270, .T. ) ;
#1170 = CARTESIAN_POINT ( 'NONE',  ( -5.656854249492429432, -5.000000000000000000, 4.656854249492329956 ) ) ;
#1171 = DIRECTION ( 'NONE',  ( 0.000000000000000000, 0.000000000000000000, -1.000000000000000000 ) ) ;
#1172 = DIRECTION ( 'NONE',  ( -0.000000000000000000, 1.000000000000000000, -0.000000000000000000 ) ) ;
#1173 = EDGE_LOOP ( 'NONE', ( #906, #348 ) ) ;
#1174 = VERTEX_POINT ( 'NONE', #99 ) ;
#1175 = ORIENTED_EDGE ( 'NONE', *, *, #1149, .F. ) ;
#1176 = CIRCLE ( 'NONE', #900, 1.000000000000000000 ) ;
#1177 = CARTESIAN_POINT ( 'NONE',  ( 0.000000000000000000, 20.00000000000000000, 0.000000000000000000 ) ) ;
#1178 = CARTESIAN_POINT ( 'NONE',  ( -20.10000000000000142, 5.000000000000000000, 17.50000000000000711 ) ) ;
#1179 = AXIS2_PLACEMENT_3D ( 'NONE', #1823, #1680, #1799 ) ;
#1180 = CYLINDRICAL_SURFACE ( 'NONE', #1854, 1.000000000000000000 ) ;
#1181 = DIRECTION ( 'NONE',  ( 0.000000000000000000, 0.000000000000000000, 1.000000000000000000 ) ) ;
#1182 = CARTESIAN_POINT ( 'NONE',  ( 8.000000000000000000, 5.000000000000000000, 1.000000000000028200 ) ) ;
#1183 = AXIS2_PLACEMENT_3D ( 'NONE', #1223, #1084, #652 ) ;
#1184 = ORIENTED_EDGE ( 'NONE', *, *, #491, .F. ) ;
#1185 = VERTEX_POINT ( 'NONE', #109 ) ;
#1186 = VERTEX_POINT ( 'NONE', #390 ) ;
#1187 = DIRECTION ( 'NONE',  ( 1.000000000000000000, 0.000000000000000000, 0.000000000000000000 ) ) ;
#1188 = LINE ( 'NONE', #1170, #156 ) ;
#1189 = CARTESIAN_POINT ( 'NONE',  ( 0.000000000000000000, 5.000000000000000000, -14.49999999999999467 ) ) ;
#1190 = CARTESIAN_POINT ( 'NONE',  ( 0.000000000000000000, 2.000000000000000000, 0.000000000000000000 ) ) ;
#1191 = EDGE_CURVE ( 'NONE', #453, #1562, #1637, .T. ) ;
#1192 = CARTESIAN_POINT ( 'NONE',  ( -7.999999999999998224, 5.000000000000000000, -8.379555213223520053E-14 ) ) ;
#1193 = EDGE_LOOP ( 'NONE', ( #1648, #574, #85, #1557, #1228, #819, #1439, #1548, #94, #897, #1690, #985 ) ) ;
#1194 = EDGE_LOOP ( 'NONE', ( #40, #316, #716, #1837 ) ) ;
#1195 = ADVANCED_FACE ( 'NONE', ( #1417, #1442, #984 ), #558, .T. ) ;
#1196 = VERTEX_POINT ( 'NONE', #1737 ) ;
#1197 = PLANE ( 'NONE',  #230 ) ;
#1198 = DIRECTION ( 'NONE',  ( -1.000000000000000000, 0.000000000000000000, 0.000000000000000000 ) ) ;
#1199 = LINE ( 'NONE', #2, #1519 ) ;
#1200 = LINE ( 'NONE', #1788, #1119 ) ;
#1201 = ORIENTED_EDGE ( 'NONE', *, *, #1032, .T. ) ;
#1202 = ORIENTED_EDGE ( 'NONE', *, *, #1890, .F. ) ;
#1203 = ORIENTED_EDGE ( 'NONE', *, *, #49, .F. ) ;
#1204 = CARTESIAN_POINT ( 'NONE',  ( -6.000000000000000000, 13.09373335919253378, -17.50000000000000355 ) ) ;
#1205 = CIRCLE ( 'NONE', #1363, 1.000000000000000000 ) ;
#1206 = CIRCLE ( 'NONE', #1267, 1.000000000000000000 ) ;
#1207 = LINE ( 'NONE', #1321, #968 ) ;
#1208 = CIRCLE ( 'NONE', #476, 1.000000000000000000 ) ;
#1209 = DIRECTION ( 'NONE',  ( -0.000000000000000000, 1.000000000000000000, -0.000000000000000000 ) ) ;
#1210 = ORIENTED_EDGE ( 'NONE', *, *, #398, .F. ) ;
#1211 = EDGE_CURVE ( 'NONE', #1358, #796, #507, .T. ) ;
#1212 = ORIENTED_EDGE ( 'NONE', *, *, #1211, .T. ) ;
#1213 = DIRECTION ( 'NONE',  ( 0.000000000000000000, 0.000000000000000000, 1.000000000000000000 ) ) ;
#1214 = LOCAL_TIME ( 10, 56, 4.000000000000000000, #1859 ) ;
#1215 = ADVANCED_FACE ( 'NONE', ( #1141, #124, #1843, #837, #1133, #903, #1485, #782, #333, #450 ), #440, .T. ) ;
#1216 = DIRECTION ( 'NONE',  ( 0.000000000000000000, 1.000000000000000000, 0.000000000000000000 ) ) ;
#1217 = CARTESIAN_POINT ( 'NONE',  ( -20.10000000000000142, 5.000000000000000000, -17.50000000000000711 ) ) ;
#1218 = CYLINDRICAL_SURFACE ( 'NONE', #829, 1.000000000000000000 ) ;
#1219 = DIRECTION ( 'NONE',  ( -0.000000000000000000, 1.000000000000000000, -0.000000000000000000 ) ) ;
#1220 = ORIENTED_EDGE ( 'NONE', *, *, #822, .F. ) ;
#1221 = VECTOR ( 'NONE', #1145, 1000.000000000000000 ) ;
#1222 = ORIENTED_EDGE ( 'NONE', *, *, #1410, .T. ) ;
#1223 = CARTESIAN_POINT ( 'NONE',  ( -5.656854249492311304, 5.000000000000000000, -5.656854249492450748 ) ) ;
#1224 = EDGE_CURVE ( 'NONE', #1646, #988, #155, .T. ) ;
#1225 = CARTESIAN_POINT ( 'NONE',  ( -17.09999999999999787, 10.00000000000000000, -14.49999999999999467 ) ) ;
#1226 = PLANE ( 'NONE',  #175 ) ;
#1227 = DIRECTION ( 'NONE',  ( -0.000000000000000000, -1.000000000000000000, -0.000000000000000000 ) ) ;
#1228 = ORIENTED_EDGE ( 'NONE', *, *, #13, .F. ) ;
#1229 = CYLINDRICAL_SURFACE ( 'NONE', #38, 1.000000000000000000 ) ;
#1230 = ORIENTED_EDGE ( 'NONE', *, *, #895, .T. ) ;
#1231 = EDGE_LOOP ( 'NONE', ( #456, #105, #1127, #278 ) ) ;
#1232 = DIRECTION ( 'NONE',  ( 0.000000000000000000, 0.000000000000000000, -1.000000000000000000 ) ) ;
#1233 = VECTOR ( 'NONE', #12, 1000.000000000000000 ) ;
#1234 = LINE ( 'NONE', #44, #1013 ) ;
#1235 = DIRECTION ( 'NONE',  ( -1.000000000000000000, 0.000000000000000000, -4.315232527305490518E-17 ) ) ;
#1236 = CIRCLE ( 'NONE', #1852, 1.000000000000000000 ) ;
#1237 = EDGE_CURVE ( 'NONE', #76, #1688, #1331, .T. ) ;
#1238 = VECTOR ( 'NONE', #1227, 1000.000000000000000 ) ;
#1239 = CARTESIAN_POINT ( 'NONE',  ( 23.09999999999999787, 0.000000000000000000, 0.000000000000000000 ) ) ;
#1240 = VECTOR ( 'NONE', #33, 1000.000000000000000 ) ;
#1241 = EDGE_LOOP ( 'NONE', ( #661, #957, #732, #1458 ) ) ;
#1242 = VERTEX_POINT ( 'NONE', #1757 ) ;
#1243 = CARTESIAN_POINT ( 'NONE',  ( 5.656854249492350384, -5.000000000000000000, 5.656854249492410780 ) ) ;
#1244 = FACE_OUTER_BOUND ( 'NONE', #998, .T. ) ;
#1245 = CIRCLE ( 'NONE', #1036, 1.000000000000000000 ) ;
#1246 = LINE ( 'NONE', #1811, #1254 ) ;
#1247 = LINE ( 'NONE', #501, #720 ) ;
#1248 = EDGE_LOOP ( 'NONE', ( #595, #1361, #1147, #1783 ) ) ;
#1249 = CARTESIAN_POINT ( 'NONE',  ( 8.000000000000000000, -5.000000000000000000, -0.9999999999999722444 ) ) ;
#1250 = EDGE_CURVE ( 'NONE', #434, #1688, #1787, .T. ) ;
#1251 = ORIENTED_EDGE ( 'NONE', *, *, #1088, .T. ) ;
#1252 = VERTEX_POINT ( 'NONE', #1629 ) ;
#1253 = EDGE_CURVE ( 'NONE', #1299, #1185, #1335, .T. ) ;
#1254 = VECTOR ( 'NONE', #351, 1000.000000000000000 ) ;
#1255 = CARTESIAN_POINT ( 'NONE',  ( -17.09999999999999787, 5.000000000000000000, 14.50000000000000533 ) ) ;
#1256 = DIRECTION ( 'NONE',  ( -1.000000000000000000, 0.000000000000000000, -0.000000000000000000 ) ) ;
#1257 = EDGE_LOOP ( 'NONE', ( #1829, #65 ) ) ;
#1258 = FACE_OUTER_BOUND ( 'NONE', #1165, .T. ) ;
#1259 = ORIENTED_EDGE ( 'NONE', *, *, #1883, .T. ) ;
#1260 = ORIENTED_EDGE ( 'NONE', *, *, #169, .F. ) ;
#1261 =( NAMED_UNIT ( * ) PLANE_ANGLE_UNIT ( ) SI_UNIT ( $, .RADIAN. ) );
#1262 = DIRECTION ( 'NONE',  ( 0.000000000000000000, 1.000000000000000000, 0.000000000000000000 ) ) ;
#1263 = CARTESIAN_POINT ( 'NONE',  ( 0.000000000000000000, 5.000000000000000000, 14.50000000000000533 ) ) ;
#1264 = DIRECTION ( 'NONE',  ( 0.000000000000000000, 0.000000000000000000, -1.000000000000000000 ) ) ;
#1265 = VERTEX_POINT ( 'NONE', #892 ) ;
#1266 = CARTESIAN_POINT ( 'NONE',  ( -20.10000000000000853, 20.00000000000000000, 17.50000000000000711 ) ) ;
#1267 = AXIS2_PLACEMENT_3D ( 'NONE', #227, #649, #1814 ) ;
#1268 = CARTESIAN_POINT ( 'NONE',  ( 23.09999999999999787, 10.00601711335750998, 1.816061818952170670 ) ) ;
#1269 = VECTOR ( 'NONE', #22, 1000.000000000000000 ) ;
#1270 = EDGE_LOOP ( 'NONE', ( #1175, #589, #446, #131 ) ) ;
#1271 = PERSON_AND_ORGANIZATION_ROLE ( 'design_owner' ) ;
#1272 = EDGE_CURVE ( 'NONE', #832, #209, #923, .T. ) ;
#1273 = ADVANCED_FACE ( 'NONE', ( #762 ), #323, .T. ) ;
#1274 = DIRECTION ( 'NONE',  ( 1.000000000000000000, -0.000000000000000000, 4.315232527305490518E-17 ) ) ;
#1275 = DIRECTION ( 'NONE',  ( -0.000000000000000000, -0.000000000000000000, -1.000000000000000000 ) ) ;
#1276 = AXIS2_PLACEMENT_3D ( 'NONE', #60, #1103, #1213 ) ;
#1277 = LOCAL_TIME ( 10, 56, 4.000000000000000000, #970 ) ;
#1278 = LINE ( 'NONE', #1863, #660 ) ;
#1279 = EDGE_CURVE ( 'NONE', #1511, #37, #23, .T. ) ;
#1280 = FACE_OUTER_BOUND ( 'NONE', #635, .T. ) ;
#1281 = ORIENTED_EDGE ( 'NONE', *, *, #1634, .F. ) ;
#1282 = DATE_AND_TIME ( #999, #1647 ) ;
#1283 = FACE_OUTER_BOUND ( 'NONE', #1848, .T. ) ;
#1284 = ADVANCED_FACE ( 'NONE', ( #1507 ), #177, .F. ) ;
#1285 = DIRECTION ( 'NONE',  ( 1.000000000000000000, 0.000000000000000000, 0.000000000000000000 ) ) ;
#1286 = CARTESIAN_POINT ( 'NONE',  ( -5.656854249492429432, 2.000000000000000000, 5.656854249492329956 ) ) ;
#1287 = DIRECTION ( 'NONE',  ( 0.000000000000000000, 0.000000000000000000, 1.000000000000000000 ) ) ;
#1288 = VERTEX_POINT ( 'NONE', #88 ) ;
#1289 = PERSON_AND_ORGANIZATION ( #528, #1339 ) ;
#1290 = CARTESIAN_POINT ( 'NONE',  ( -17.09999999999999787, 10.00000000000000000, -14.49999999999999467 ) ) ;
#1291 = LINE ( 'NONE', #709, #255 ) ;
#1292 = DIRECTION ( 'NONE',  ( -0.000000000000000000, 1.000000000000000000, -0.000000000000000000 ) ) ;
#1293 = ADVANCED_FACE ( 'NONE', ( #1831, #835 ), #1567, .F. ) ;
#1294 = AXIS2_PLACEMENT_3D ( 'NONE', #1600, #1856, #547 ) ;
#1295 = CARTESIAN_POINT ( 'NONE',  ( -20.10000000000000142, 0.000000000000000000, 17.50000000000000711 ) ) ;
#1296 = EDGE_CURVE ( 'NONE', #497, #737, #1867, .T. ) ;
#1297 = VECTOR ( 'NONE', #841, 1000.000000000000000 ) ;
#1298 = CARTESIAN_POINT ( 'NONE',  ( 6.000000000000000000, 13.09373335919253378, 25.50010000000000687 ) ) ;
#1299 = VERTEX_POINT ( 'NONE', #388 ) ;
#1300 = CALENDAR_DATE ( 2026, 8, 7 ) ;
#1301 = VECTOR ( 'NONE', #882, 1000.000000000000000 ) ;
#1302 = VERTEX_POINT ( 'NONE', #676 ) ;
#1303 = CARTESIAN_POINT ( 'NONE',  ( 5.000000000000000000, 13.09373335919253378, 25.50010000000000687 ) ) ;
#1304 = DIRECTION ( 'NONE',  ( 0.000000000000000000, 1.000000000000000000, 0.000000000000000000 ) ) ;
#1305 = CARTESIAN_POINT ( 'NONE',  ( 0.000000000000000000, 2.000000000000000000, 0.000000000000000000 ) ) ;
#1306 = CIRCLE ( 'NONE', #166, 1.000000000000000000 ) ;
#1307 = EDGE_CURVE ( 'NONE', #428, #7, #425, .T. ) ;
#1308 = FACE_OUTER_BOUND ( 'NONE', #878, .T. ) ;
#1309 = ADVANCED_FACE ( 'NONE', ( #838 ), #1719, .F. ) ;
#1310 = VERTEX_POINT ( 'NONE', #992 ) ;
#1311 = EDGE_LOOP ( 'NONE', ( #1318, #1656, #657, #536 ) ) ;
#1312 = DIRECTION ( 'NONE',  ( 0.000000000000000000, 0.000000000000000000, -1.000000000000000000 ) ) ;
#1313 = DIRECTION ( 'NONE',  ( -1.000000000000000000, 0.000000000000000000, -4.315232527305490518E-17 ) ) ;
#1314 = LINE ( 'NONE', #431, #315 ) ;
#1315 = LINE ( 'NONE', #1898, #1028 ) ;
#1316 = ORIENTED_EDGE ( 'NONE', *, *, #1166, .F. ) ;
#1317 = VERTEX_POINT ( 'NONE', #703 ) ;
#1318 = ORIENTED_EDGE ( 'NONE', *, *, #1395, .F. ) ;
#1319 = CARTESIAN_POINT ( 'NONE',  ( 23.09999999999999787, 10.00601711335750998, 1.816061818952170670 ) ) ;
#1320 = FACE_BOUND ( 'NONE', #1603, .T. ) ;
#1321 = CARTESIAN_POINT ( 'NONE',  ( 17.10000000000000497, 10.00000000000000000, 14.50000000000000533 ) ) ;
#1322 = PLANE ( 'NONE',  #1699 ) ;
#1323 = VECTOR ( 'NONE', #1431, 1000.000000000000000 ) ;
#1324 = EDGE_LOOP ( 'NONE', ( #494, #1762, #55, #405, #1682 ) ) ;
#1325 = CIRCLE ( 'NONE', #1146, 1.000000000000000000 ) ;
#1326 = ORIENTED_EDGE ( 'NONE', *, *, #1166, .T. ) ;
#1327 = VERTEX_POINT ( 'NONE', #1005 ) ;
#1328 = CIRCLE ( 'NONE', #1000, 1.000000000000000000 ) ;
#1329 = CARTESIAN_POINT ( 'NONE',  ( -20.10000000000000142, 6.619607700000002204, 1.816061818952171114 ) ) ;
#1330 = DIRECTION ( 'NONE',  ( 0.000000000000000000, 0.000000000000000000, 1.000000000000000000 ) ) ;
#1331 = CIRCLE ( 'NONE', #1575, 1.000000000000000222 ) ;
#1332 = EDGE_CURVE ( 'NONE', #1174, #364, #1721, .T. ) ;
#1333 = CC_DESIGN_PERSON_AND_ORGANIZATION_ASSIGNMENT ( #1289, #1874, ( #672 ) ) ;
#1334 = DIRECTION ( 'NONE',  ( 1.000000000000000000, 0.000000000000000000, 0.000000000000000000 ) ) ;
#1335 = LINE ( 'NONE', #1071, #1732 ) ;
#1336 = FACE_OUTER_BOUND ( 'NONE', #1351, .T. ) ;
#1337 = EDGE_CURVE ( 'NONE', #360, #885, #987, .T. ) ;
#1338 = VERTEX_POINT ( 'NONE', #423 ) ;
#1339 = ORGANIZATION ( 'UNSPECIFIED', 'UNSPECIFIED', '' ) ;
#1340 = EDGE_LOOP ( 'NONE', ( #39, #840, #642, #1121 ) ) ;
#1341 = VERTEX_POINT ( 'NONE', #268 ) ;
#1342 = CARTESIAN_POINT ( 'NONE',  ( 8.000000000000000000, 2.000000000000000000, 2.793185071074506684E-14 ) ) ;
#1343 = CARTESIAN_POINT ( 'NONE',  ( 20.10000000000000142, 10.00601711335750998, 1.816061818952170670 ) ) ;
#1344 = CARTESIAN_POINT ( 'NONE',  ( 0.000000000000000000, 5.000000000000000000, -7.000000000000000000 ) ) ;
#1345 = CARTESIAN_POINT ( 'NONE',  ( -20.10000000000000142, 0.000000000000000000, 0.000000000000000000 ) ) ;
#1346 = FACE_OUTER_BOUND ( 'NONE', #1635, .T. ) ;
#1347 = VECTOR ( 'NONE', #1560, 1000.000000000000000 ) ;
#1348 = ORIENTED_EDGE ( 'NONE', *, *, #1463, .F. ) ;
#1349 = ADVANCED_FACE ( 'NONE', ( #640 ), #1218, .F. ) ;
#1350 = EDGE_LOOP ( 'NONE', ( #938, #1853, #297, #305 ) ) ;
#1351 = EDGE_LOOP ( 'NONE', ( #50, #526, #1025, #1625 ) ) ;
#1352 = PLANE ( 'NONE',  #445 ) ;
#1353 = FACE_BOUND ( 'NONE', #1623, .T. ) ;
#1354 = CARTESIAN_POINT ( 'NONE',  ( -23.09999999999999787, 10.00601711335750998, 1.816061818952170670 ) ) ;
#1355 = DIRECTION ( 'NONE',  ( 0.000000000000000000, 1.000000000000000000, 0.000000000000000000 ) ) ;
#1356 = EDGE_CURVE ( 'NONE', #1338, #580, #1365, .T. ) ;
#1357 = CARTESIAN_POINT ( 'NONE',  ( -5.656854249492429432, 2.000000000000000000, 4.656854249492329956 ) ) ;
#1358 = VERTEX_POINT ( 'NONE', #1085 ) ;
#1359 = EDGE_CURVE ( 'NONE', #1825, #795, #780, .T. ) ;
#1360 = ORIENTED_EDGE ( 'NONE', *, *, #223, .T. ) ;
#1361 = ORIENTED_EDGE ( 'NONE', *, *, #940, .T. ) ;
#1362 = CARTESIAN_POINT ( 'NONE',  ( -20.10000000000000853, 20.00000000000000000, -17.49999999999999645 ) ) ;
#1363 = AXIS2_PLACEMENT_3D ( 'NONE', #1759, #452, #148 ) ;
#1364 = AXIS2_PLACEMENT_3D ( 'NONE', #1239, #532, #495 ) ;
#1365 = LINE ( 'NONE', #1399, #1716 ) ;
#1366 = CARTESIAN_POINT ( 'NONE',  ( -23.09999999999999787, 10.00601711335750998, 1.816061818952170670 ) ) ;
#1367 = DIRECTION ( 'NONE',  ( 0.000000000000000000, 0.000000000000000000, -1.000000000000000000 ) ) ;
#1368 = FACE_OUTER_BOUND ( 'NONE', #1241, .T. ) ;
#1369 = ADVANCED_FACE ( 'NONE', ( #800 ), #637, .F. ) ;
#1370 = ORIENTED_EDGE ( 'NONE', *, *, #735, .F. ) ;
#1371 = AXIS2_PLACEMENT_3D ( 'NONE', #551, #242, #399 ) ;
#1372 =( GEOMETRIC_REPRESENTATION_CONTEXT ( 3 ) GLOBAL_UNCERTAINTY_ASSIGNED_CONTEXT ( ( #588 ) ) GLOBAL_UNIT_ASSIGNED_CONTEXT ( ( #989, #1261, #417 ) ) REPRESENTATION_CONTEXT ( 'NONE', 'WORKASPACE' ) );
#1373 = ORIENTED_EDGE ( 'NONE', *, *, #111, .F. ) ;
#1374 = DIRECTION ( 'NONE',  ( -0.000000000000000000, -1.000000000000000000, -0.000000000000000000 ) ) ;
#1375 = DIRECTION ( 'NONE',  ( 0.000000000000000000, 0.000000000000000000, -1.000000000000000000 ) ) ;
#1376 = DIRECTION ( 'NONE',  ( -0.000000000000000000, 1.000000000000000000, -0.000000000000000000 ) ) ;
#1377 = DIRECTION ( 'NONE',  ( -0.000000000000000000, -0.000000000000000000, -1.000000000000000000 ) ) ;
#1378 = DESIGN_CONTEXT ( 'detailed design', #43, 'design' ) ;
#1379 = ORIENTED_EDGE ( 'NONE', *, *, #225, .T. ) ;
#1380 = ORIENTED_EDGE ( 'NONE', *, *, #1356, .F. ) ;
#1381 = LINE ( 'NONE', #490, #1607 ) ;
#1382 = CYLINDRICAL_SURFACE ( 'NONE', #951, 1.000000000000000000 ) ;
#1383 = DIRECTION ( 'NONE',  ( -0.000000000000000000, -0.000000000000000000, -1.000000000000000000 ) ) ;
#1384 = CARTESIAN_POINT ( 'NONE',  ( 6.000000000000000000, 13.09373335919253378, 25.50010000000000687 ) ) ;
#1385 = VERTEX_POINT ( 'NONE', #1255 ) ;
#1386 = VERTEX_POINT ( 'NONE', #1685 ) ;
#1387 = CARTESIAN_POINT ( 'NONE',  ( -5.586370142149013368E-14, -5.000000000000000000, 8.000000000000000000 ) ) ;
#1388 = VECTOR ( 'NONE', #950, 1000.000000000000000 ) ;
#1389 = DIRECTION ( 'NONE',  ( -0.000000000000000000, -0.000000000000000000, -1.000000000000000000 ) ) ;
#1390 = CARTESIAN_POINT ( 'NONE',  ( -23.09999999999999787, 6.619607700000002204, 1.816061818952171114 ) ) ;
#1391 = CIRCLE ( 'NONE', #6, 1.000000000000000222 ) ;
#1392 = AXIS2_PLACEMENT_3D ( 'NONE', #1580, #991, #116 ) ;
#1393 = CARTESIAN_POINT ( 'NONE',  ( -17.09999999999999787, 10.00000000000000000, 14.50000000000000533 ) ) ;
#1394 = VERTEX_POINT ( 'NONE', #62 ) ;
#1395 = EDGE_CURVE ( 'NONE', #171, #1288, #1406, .T. ) ;
#1396 = EDGE_LOOP ( 'NONE', ( #326, #1512 ) ) ;
#1397 = DIRECTION ( 'NONE',  ( -0.000000000000000000, -0.000000000000000000, 1.000000000000000000 ) ) ;
#1398 = AXIS2_PLACEMENT_3D ( 'NONE', #1876, #1868, #983 ) ;
#1399 = CARTESIAN_POINT ( 'NONE',  ( 20.10000000000000142, 0.000000000000000000, -17.50000000000000711 ) ) ;
#1400 = PLANE ( 'NONE',  #8 ) ;
#1401 = VERTEX_POINT ( 'NONE', #1517 ) ;
#1402 = DIRECTION ( 'NONE',  ( -0.000000000000000000, -0.000000000000000000, -1.000000000000000000 ) ) ;
#1403 = ORIENTED_EDGE ( 'NONE', *, *, #366, .T. ) ;
#1404 = ORIENTED_EDGE ( 'NONE', *, *, #1250, .T. ) ;
#1405 = APPROVAL_ROLE ( '' ) ;
#1406 = CIRCLE ( 'NONE', #734, 4.049999999999999822 ) ;
#1407 = DIRECTION ( 'NONE',  ( 0.000000000000000000, -0.000000000000000000, 1.000000000000000000 ) ) ;
#1408 = FACE_OUTER_BOUND ( 'NONE', #789, .T. ) ;
#1409 = VERTEX_POINT ( 'NONE', #213 ) ;
#1410 = EDGE_CURVE ( 'NONE', #682, #1401, #53, .T. ) ;
#1411 = DIRECTION ( 'NONE',  ( -0.000000000000000000, 1.000000000000000000, -0.000000000000000000 ) ) ;
#1412 = EDGE_CURVE ( 'NONE', #1401, #1056, #886, .T. ) ;
#1413 = ORIENTED_EDGE ( 'NONE', *, *, #917, .T. ) ;
#1414 = ORIENTED_EDGE ( 'NONE', *, *, #1798, .F. ) ;
#1415 = PERSON_AND_ORGANIZATION ( #528, #1339 ) ;
#1416 = CARTESIAN_POINT ( 'NONE',  ( -5.656854249492311304, -5.000000000000000000, -6.656854249492450748 ) ) ;
#1417 = FACE_BOUND ( 'NONE', #337, .T. ) ;
#1418 = CC_DESIGN_PERSON_AND_ORGANIZATION_ASSIGNMENT ( #114, #982, ( #609 ) ) ;
#1419 = VERTEX_POINT ( 'NONE', #1114 ) ;
#1420 = CARTESIAN_POINT ( 'NONE',  ( 17.10000000000000497, 10.00000000000000000, -14.49999999999999467 ) ) ;
#1421 = VECTOR ( 'NONE', #1446, 1000.000000000000000 ) ;
#1422 = CIRCLE ( 'NONE', #1087, 1.000000000000000888 ) ;
#1423 = DIRECTION ( 'NONE',  ( -0.000000000000000000, 1.000000000000000000, -0.000000000000000000 ) ) ;
#1424 = VECTOR ( 'NONE', #1697, 1000.000000000000000 ) ;
#1425 = ADVANCED_FACE ( 'NONE', ( #340 ), #667, .F. ) ;
#1426 = ORIENTED_EDGE ( 'NONE', *, *, #89, .T. ) ;
#1427 = CARTESIAN_POINT ( 'NONE',  ( 17.10000000000000497, 10.00000000000000000, -14.49999999999999467 ) ) ;
#1428 = CARTESIAN_POINT ( 'NONE',  ( -5.656854249492311304, 5.000000000000000000, -5.656854249492450748 ) ) ;
#1429 = VECTOR ( 'NONE', #518, 1000.000000000000000 ) ;
#1430 = CARTESIAN_POINT ( 'NONE',  ( 8.000000000000000000, 2.000000000000000000, 1.000000000000028200 ) ) ;
#1431 = DIRECTION ( 'NONE',  ( 0.000000000000000000, 0.000000000000000000, -1.000000000000000000 ) ) ;
#1432 = ORIENTED_EDGE ( 'NONE', *, *, #953, .F. ) ;
#1433 = APPROVAL_STATUS ( 'not_yet_approved' ) ;
#1434 = CARTESIAN_POINT ( 'NONE',  ( -23.09999999999999787, 10.00601711335750998, -1.816061818952170670 ) ) ;
#1435 = EDGE_CURVE ( 'NONE', #1310, #1185, #1234, .T. ) ;
#1436 = LINE ( 'NONE', #1552, #1480 ) ;
#1437 = DIRECTION ( 'NONE',  ( -0.000000000000000000, 1.000000000000000000, -0.000000000000000000 ) ) ;
#1438 = DIRECTION ( 'NONE',  ( 0.000000000000000000, 0.000000000000000000, -1.000000000000000000 ) ) ;
#1439 = ORIENTED_EDGE ( 'NONE', *, *, #1156, .T. ) ;
#1440 = APPROVAL_STATUS ( 'not_yet_approved' ) ;
#1441 = FACE_OUTER_BOUND ( 'NONE', #1846, .T. ) ;
#1442 = FACE_BOUND ( 'NONE', #1027, .T. ) ;
#1443 = ADVANCED_FACE ( 'NONE', ( #1667 ), #1226, .F. ) ;
#1444 = EDGE_CURVE ( 'NONE', #988, #795, #1246, .T. ) ;
#1445 = DIRECTION ( 'NONE',  ( 0.000000000000000000, 0.000000000000000000, -1.000000000000000000 ) ) ;
#1446 = DIRECTION ( 'NONE',  ( 1.000000000000000000, -0.000000000000000000, 4.315232527305490518E-17 ) ) ;
#1447 = VECTOR ( 'NONE', #1099, 1000.000000000000000 ) ;
#1448 = ORIENTED_EDGE ( 'NONE', *, *, #822, .T. ) ;
#1449 = EDGE_CURVE ( 'NONE', #364, #1901, #581, .T. ) ;
#1450 = AXIS2_PLACEMENT_3D ( 'NONE', #862, #1003, #1726 ) ;
#1451 = VERTEX_POINT ( 'NONE', #1525 ) ;
#1452 = FACE_OUTER_BOUND ( 'NONE', #1081, .T. ) ;
#1453 = CARTESIAN_POINT ( 'NONE',  ( -6.000000000000000000, 13.09373335919253378, 25.50010000000000687 ) ) ;
#1454 = DIRECTION ( 'NONE',  ( -0.000000000000000000, -1.000000000000000000, -0.000000000000000000 ) ) ;
#1455 = AXIS2_PLACEMENT_3D ( 'NONE', #1243, #51, #927 ) ;
#1456 = CARTESIAN_POINT ( 'NONE',  ( 23.09999999999999787, 10.00601711335750998, 1.816061818952170670 ) ) ;
#1457 = ORIENTED_EDGE ( 'NONE', *, *, #451, .T. ) ;
#1458 = ORIENTED_EDGE ( 'NONE', *, *, #201, .F. ) ;
#1459 = ORIENTED_EDGE ( 'NONE', *, *, #1609, .T. ) ;
#1460 = FACE_OUTER_BOUND ( 'NONE', #210, .T. ) ;
#1461 = CARTESIAN_POINT ( 'NONE',  ( -20.10000000000000142, 0.000000000000000000, -17.50000000000000711 ) ) ;
#1462 = DIRECTION ( 'NONE',  ( 0.000000000000000000, 0.000000000000000000, -1.000000000000000000 ) ) ;
#1463 = EDGE_CURVE ( 'NONE', #1750, #1242, #1832, .T. ) ;
#1464 = LINE ( 'NONE', #314, #1729 ) ;
#1465 = VERTEX_POINT ( 'NONE', #1822 ) ;
#1466 = EDGE_CURVE ( 'NONE', #306, #504, #1074, .T. ) ;
#1467 = VERTEX_POINT ( 'NONE', #1105 ) ;
#1468 = ORIENTED_EDGE ( 'NONE', *, *, #1435, .F. ) ;
#1469 = LINE ( 'NONE', #1329, #1739 ) ;
#1470 = DIRECTION ( 'NONE',  ( 0.000000000000000000, 0.000000000000000000, -1.000000000000000000 ) ) ;
#1471 = ADVANCED_FACE ( 'NONE', ( #379 ), #1382, .F. ) ;
#1472 = LINE ( 'NONE', #146, #846 ) ;
#1473 = DIRECTION ( 'NONE',  ( -1.000000000000000000, 0.000000000000000000, 0.000000000000000000 ) ) ;
#1474 = CARTESIAN_POINT ( 'NONE',  ( 6.000000000000000000, 13.09373335919253378, 17.50000000000000711 ) ) ;
#1475 = AXIS2_PLACEMENT_3D ( 'NONE', #1178, #1470, #1042 ) ;
#1476 = ORIENTED_EDGE ( 'NONE', *, *, #1789, .T. ) ;
#1477 = VECTOR ( 'NONE', #442, 1000.000000000000000 ) ;
#1478 = ORIENTED_EDGE ( 'NONE', *, *, #681, .T. ) ;
#1479 = ORIENTED_EDGE ( 'NONE', *, *, #73, .T. ) ;
#1480 = VECTOR ( 'NONE', #1851, 1000.000000000000000 ) ;
#1481 = DIRECTION ( 'NONE',  ( 0.000000000000000000, 1.000000000000000000, -1.280651026079632300E-16 ) ) ;
#1482 = FACE_BOUND ( 'NONE', #967, .T. ) ;
#1483 = VECTOR ( 'NONE', #1181, 1000.000000000000000 ) ;
#1484 = CARTESIAN_POINT ( 'NONE',  ( -17.09999999999999787, 10.00000000000000000, -14.49999999999999467 ) ) ;
#1485 = FACE_BOUND ( 'NONE', #980, .T. ) ;
#1486 = EDGE_CURVE ( 'NONE', #17, #453, #1505, .T. ) ;
#1487 = CARTESIAN_POINT ( 'NONE',  ( -7.999999999999998224, 2.000000000000000000, -8.379555213223520053E-14 ) ) ;
#1488 = VECTOR ( 'NONE', #826, 1000.000000000000000 ) ;
#1489 = ORIENTED_EDGE ( 'NONE', *, *, #1556, .F. ) ;
#1490 = ORIENTED_EDGE ( 'NONE', *, *, #457, .F. ) ;
#1491 = EDGE_LOOP ( 'NONE', ( #648, #1500, #591, #757 ) ) ;
#1492 = DIRECTION ( 'NONE',  ( -0.000000000000000000, -1.000000000000000000, -0.000000000000000000 ) ) ;
#1493 = CARTESIAN_POINT ( 'NONE',  ( -7.999999999999998224, 5.000000000000000000, 0.9999999999999165112 ) ) ;
#1494 = ADVANCED_FACE ( 'NONE', ( #1579, #1551, #272, #389, #234, #1568, #1861, #708, #541, #1441 ), #1725, .T. ) ;
#1495 = CARTESIAN_POINT ( 'NONE',  ( 0.000000000000000000, -5.000000000000000000, 0.000000000000000000 ) ) ;
#1496 = DIRECTION ( 'NONE',  ( 0.000000000000000000, 0.000000000000000000, -1.000000000000000000 ) ) ;
#1497 = ADVANCED_FACE ( 'NONE', ( #1283 ), #971, .T. ) ;
#1498 = VERTEX_POINT ( 'NONE', #1427 ) ;
#1499 = CARTESIAN_POINT ( 'NONE',  ( 7.000000000000000000, 13.09373335919253378, 17.50000000000000711 ) ) ;
#1500 = ORIENTED_EDGE ( 'NONE', *, *, #1612, .T. ) ;
#1501 = EDGE_LOOP ( 'NONE', ( #879, #170, #1230, #149 ) ) ;
#1502 = EDGE_LOOP ( 'NONE', ( #1884, #512 ) ) ;
#1503 = FACE_OUTER_BOUND ( 'NONE', #1194, .T. ) ;
#1504 = DIRECTION ( 'NONE',  ( 1.000000000000000000, -0.000000000000000000, -0.000000000000000000 ) ) ;
#1505 = LINE ( 'NONE', #185, #1347 ) ;
#1506 = DIRECTION ( 'NONE',  ( 0.000000000000000000, 0.000000000000000000, -1.000000000000000000 ) ) ;
#1507 = FACE_OUTER_BOUND ( 'NONE', #296, .T. ) ;
#1508 = ADVANCED_FACE ( 'NONE', ( #701 ), #1140, .F. ) ;
#1509 = EDGE_LOOP ( 'NONE', ( #1834, #823 ) ) ;
#1510 = CARTESIAN_POINT ( 'NONE',  ( 5.656854249492391240, 2.000000000000000000, -5.656854249492370812 ) ) ;
#1511 = VERTEX_POINT ( 'NONE', #264 ) ;
#1512 = ORIENTED_EDGE ( 'NONE', *, *, #1466, .T. ) ;
#1513 = DIRECTION ( 'NONE',  ( 0.000000000000000000, 1.000000000000000000, 0.000000000000000000 ) ) ;
#1514 = CIRCLE ( 'NONE', #375, 10.40000000000000036 ) ;
#1515 = CYLINDRICAL_SURFACE ( 'NONE', #408, 1.000000000000000222 ) ;
#1516 = AXIS2_PLACEMENT_3D ( 'NONE', #1305, #1162, #93 ) ;
#1517 = CARTESIAN_POINT ( 'NONE',  ( 5.656854249492391240, 5.000000000000000000, -6.656854249492370812 ) ) ;
#1518 = DIRECTION ( 'NONE',  ( 1.000000000000000000, 0.000000000000000000, 0.000000000000000000 ) ) ;
#1519 = VECTOR ( 'NONE', #729, 1000.000000000000000 ) ;
#1520 = CARTESIAN_POINT ( 'NONE',  ( 20.10000000000000142, 5.000000000000000000, -17.50000000000000711 ) ) ;
#1521 = EDGE_LOOP ( 'NONE', ( #1457, #1802, #141, #919 ) ) ;
#1522 = AXIS2_PLACEMENT_3D ( 'NONE', #1204, #11, #738 ) ;
#1523 = ORIENTED_EDGE ( 'NONE', *, *, #1211, .F. ) ;
#1524 = DIRECTION ( 'NONE',  ( 0.000000000000000000, 0.000000000000000000, 1.000000000000000000 ) ) ;
#1525 = CARTESIAN_POINT ( 'NONE',  ( -20.10000000000000853, 10.00000000000000000, 1.816061818952170670 ) ) ;
#1526 = DIRECTION ( 'NONE',  ( 0.000000000000000000, 0.000000000000000000, -1.000000000000000000 ) ) ;
#1527 = ORIENTED_EDGE ( 'NONE', *, *, #910, .T. ) ;
#1528 = CARTESIAN_POINT ( 'NONE',  ( 6.000000000000000000, 13.09373335919253378, -17.50000000000000355 ) ) ;
#1529 = EDGE_LOOP ( 'NONE', ( #706, #1053, #477, #1259 ) ) ;
#1530 = EDGE_LOOP ( 'NONE', ( #765, #290 ) ) ;
#1531 = DIRECTION ( 'NONE',  ( -0.000000000000000000, 1.000000000000000000, -0.000000000000000000 ) ) ;
#1532 = EDGE_CURVE ( 'NONE', #1409, #1302, #123, .T. ) ;
#1533 = DIRECTION ( 'NONE',  ( 0.000000000000000000, 1.000000000000000000, 0.000000000000000000 ) ) ;
#1534 = LINE ( 'NONE', #817, #1238 ) ;
#1535 = EDGE_CURVE ( 'NONE', #28, #1547, #791, .T. ) ;
#1536 = DIRECTION ( 'NONE',  ( 1.000000000000000000, -0.000000000000000000, 4.315232527305490518E-17 ) ) ;
#1537 = ORIENTED_EDGE ( 'NONE', *, *, #1672, .T. ) ;
#1538 = ORIENTED_EDGE ( 'NONE', *, *, #330, .T. ) ;
#1539 = CARTESIAN_POINT ( 'NONE',  ( 20.10000000000000142, 20.00000000000000000, 14.50000000000000533 ) ) ;
#1540 = VECTOR ( 'NONE', #1136, 1000.000000000000000 ) ;
#1541 = DIRECTION ( 'NONE',  ( 0.000000000000000000, 0.000000000000000000, 1.000000000000000000 ) ) ;
#1542 = LINE ( 'NONE', #206, #1545 ) ;
#1543 = VECTOR ( 'NONE', #1006, 1000.000000000000000 ) ;
#1544 = EDGE_LOOP ( 'NONE', ( #1523, #1184 ) ) ;
#1545 = VECTOR ( 'NONE', #639, 1000.000000000000000 ) ;
#1546 = CARTESIAN_POINT ( 'NONE',  ( 20.10000000000000142, 20.00000000000000000, 17.50000000000000711 ) ) ;
#1547 = VERTEX_POINT ( 'NONE', #575 ) ;
#1548 = ORIENTED_EDGE ( 'NONE', *, *, #1356, .T. ) ;
#1549 = CALENDAR_DATE ( 2026, 8, 7 ) ;
#1550 = AXIS2_PLACEMENT_3D ( 'NONE', #498, #329, #338 ) ;
#1551 = FACE_BOUND ( 'NONE', #180, .T. ) ;
#1552 = CARTESIAN_POINT ( 'NONE',  ( 20.10000000000000142, 10.00601711335750998, 1.816061818952170670 ) ) ;
#1553 = EDGE_CURVE ( 'NONE', #1341, #743, #907, .T. ) ;
#1554 = VERTEX_POINT ( 'NONE', #1850 ) ;
#1555 = DIRECTION ( 'NONE',  ( -0.000000000000000000, 1.000000000000000000, -0.000000000000000000 ) ) ;
#1556 = EDGE_CURVE ( 'NONE', #318, #832, #1150, .T. ) ;
#1557 = ORIENTED_EDGE ( 'NONE', *, *, #1018, .F. ) ;
#1558 = ORIENTED_EDGE ( 'NONE', *, *, #1709, .T. ) ;
#1559 = VECTOR ( 'NONE', #978, 1000.000000000000000 ) ;
#1560 = DIRECTION ( 'NONE',  ( -0.000000000000000000, 1.000000000000000000, -0.000000000000000000 ) ) ;
#1561 = CARTESIAN_POINT ( 'NONE',  ( 6.000000000000000000, 13.09373335919253378, 17.50000000000000711 ) ) ;
#1562 = VERTEX_POINT ( 'NONE', #990 ) ;
#1563 = CARTESIAN_POINT ( 'NONE',  ( 20.10000000000000142, 10.00601711335750998, -1.816061818952170670 ) ) ;
#1564 = LINE ( 'NONE', #1889, #312 ) ;
#1565 = ORIENTED_EDGE ( 'NONE', *, *, #283, .F. ) ;
#1566 = DIRECTION ( 'NONE',  ( 0.000000000000000000, 0.000000000000000000, 1.000000000000000000 ) ) ;
#1567 = PLANE ( 'NONE',  #145 ) ;
#1568 = FACE_BOUND ( 'NONE', #814, .T. ) ;
#1569 = FACE_OUTER_BOUND ( 'NONE', #896, .T. ) ;
#1570 = AXIS2_PLACEMENT_3D ( 'NONE', #1745, #437, #1330 ) ;
#1571 = CARTESIAN_POINT ( 'NONE',  ( -5.656854249492311304, 2.000000000000000000, -6.656854249492450748 ) ) ;
#1572 = VECTOR ( 'NONE', #1437, 1000.000000000000000 ) ;
#1573 = CIRCLE ( 'NONE', #1179, 10.40000000000000036 ) ;
#1574 = CARTESIAN_POINT ( 'NONE',  ( 20.10000000000000142, 20.00000000000000000, -14.49999999999999467 ) ) ;
#1575 = AXIS2_PLACEMENT_3D ( 'NONE', #301, #1355, #147 ) ;
#1576 = ADVANCED_FACE ( 'NONE', ( #419 ), #1736, .F. ) ;
#1577 = EDGE_LOOP ( 'NONE', ( #964, #664, #1765, #1039 ) ) ;
#1578 = PERSON_AND_ORGANIZATION ( #528, #1339 ) ;
#1579 = FACE_BOUND ( 'NONE', #228, .T. ) ;
#1580 = CARTESIAN_POINT ( 'NONE',  ( -5.586370142149013368E-14, -5.000000000000000000, 8.000000000000000000 ) ) ;
#1581 = VECTOR ( 'NONE', #1708, 1000.000000000000000 ) ;
#1582 = CC_DESIGN_APPROVAL ( #1760, ( #609 ) ) ;
#1583 = DIRECTION ( 'NONE',  ( 0.000000000000000000, -1.280651026079632300E-16, -1.000000000000000000 ) ) ;
#1584 = CARTESIAN_POINT ( 'NONE',  ( 5.656854249492350384, 2.000000000000000000, 6.656854249492410780 ) ) ;
#1585 = ORIENTED_EDGE ( 'NONE', *, *, #874, .T. ) ;
#1586 = DATE_TIME_ROLE ( 'classification_date' ) ;
#1587 = EDGE_CURVE ( 'NONE', #1327, #844, #1588, .T. ) ;
#1588 = LINE ( 'NONE', #1303, #1488 ) ;
#1589 = CYLINDRICAL_SURFACE ( 'NONE', #1392, 1.000000000000000888 ) ;
#1590 = VECTOR ( 'NONE', #959, 1000.000000000000000 ) ;
#1591 = CARTESIAN_POINT ( 'NONE',  ( -23.09999999999999787, 6.619607700000002204, 1.816061818952171114 ) ) ;
#1592 = ADVANCED_FACE ( 'NONE', ( #1885 ), #1160, .F. ) ;
#1593 = DIRECTION ( 'NONE',  ( 0.000000000000000000, 0.000000000000000000, 1.000000000000000000 ) ) ;
#1594 = ORIENTED_EDGE ( 'NONE', *, *, #165, .F. ) ;
#1595 = ORIENTED_EDGE ( 'NONE', *, *, #872, .F. ) ;
#1596 = DIRECTION ( 'NONE',  ( -0.000000000000000000, -0.000000000000000000, 1.000000000000000000 ) ) ;
#1597 = CARTESIAN_POINT ( 'NONE',  ( 20.10000000000000142, 10.00000000000000000, 14.50000000000000533 ) ) ;
#1598 = CARTESIAN_POINT ( 'NONE',  ( -5.656854249492311304, -5.000000000000000000, -4.656854249492450748 ) ) ;
#1599 = VECTOR ( 'NONE', #1313, 1000.000000000000000 ) ;
#1600 = CARTESIAN_POINT ( 'NONE',  ( -7.999999999999998224, -5.000000000000000000, -8.379555213223520053E-14 ) ) ;
#1601 = VECTOR ( 'NONE', #126, 1000.000000000000000 ) ;
#1602 = ORIENTED_EDGE ( 'NONE', *, *, #802, .F. ) ;
#1603 = EDGE_LOOP ( 'NONE', ( #1815, #1636 ) ) ;
#1604 = VERTEX_POINT ( 'NONE', #685 ) ;
#1605 = DIRECTION ( 'NONE',  ( -0.000000000000000000, -1.000000000000000000, -0.000000000000000000 ) ) ;
#1606 = DIRECTION ( 'NONE',  ( -0.000000000000000000, -1.000000000000000000, -0.000000000000000000 ) ) ;
#1607 = VECTOR ( 'NONE', #790, 1000.000000000000000 ) ;
#1608 = FACE_OUTER_BOUND ( 'NONE', #1529, .T. ) ;
#1609 = EDGE_CURVE ( 'NONE', #613, #1385, #1124, .T. ) ;
#1610 = DIRECTION ( 'NONE',  ( 0.000000000000000000, 0.000000000000000000, -1.000000000000000000 ) ) ;
#1611 = APPROVAL_PERSON_ORGANIZATION ( #1578, #1760, #1405 ) ;
#1612 = EDGE_CURVE ( 'NONE', #756, #10, #847, .T. ) ;
#1613 = CARTESIAN_POINT ( 'NONE',  ( 0.000000000000000000, 10.00000000000000000, 0.000000000000000000 ) ) ;
#1614 = ORIENTED_EDGE ( 'NONE', *, *, #760, .T. ) ;
#1615 = ORIENTED_EDGE ( 'NONE', *, *, #519, .T. ) ;
#1616 = ADVANCED_FACE ( 'NONE', ( #693 ), #1717, .F. ) ;
#1617 = EDGE_LOOP ( 'NONE', ( #1614, #1734 ) ) ;
#1618 = CARTESIAN_POINT ( 'NONE',  ( -5.000000000000000000, 13.09373335919253378, 25.50010000000000687 ) ) ;
#1619 = CARTESIAN_POINT ( 'NONE',  ( -20.10000000000000853, 10.00000000000000000, -17.49999999999999645 ) ) ;
#1620 = CARTESIAN_POINT ( 'NONE',  ( 0.000000000000000000, 0.000000000000000000, -10.40000000000000036 ) ) ;
#1621 = EDGE_CURVE ( 'NONE', #303, #777, #909, .T. ) ;
#1622 = CARTESIAN_POINT ( 'NONE',  ( 8.000000000000000000, 5.000000000000000000, 2.793185071074506684E-14 ) ) ;
#1623 = EDGE_LOOP ( 'NONE', ( #178, #1538 ) ) ;
#1624 = ORIENTED_EDGE ( 'NONE', *, *, #818, .T. ) ;
#1625 = ORIENTED_EDGE ( 'NONE', *, *, #432, .T. ) ;
#1626 = CARTESIAN_POINT ( 'NONE',  ( 20.10000000000000142, 5.000000000000000000, -17.50000000000000711 ) ) ;
#1627 = CARTESIAN_POINT ( 'NONE',  ( 1.224646799147352714E-16, 2.000000000000000000, -9.000000000000001776 ) ) ;
#1628 = DIRECTION ( 'NONE',  ( 1.000000000000000000, 0.000000000000000000, 0.000000000000000000 ) ) ;
#1629 = CARTESIAN_POINT ( 'NONE',  ( 17.10000000000000497, 5.000000000000000000, -14.49999999999999467 ) ) ;
#1630 = DIRECTION ( 'NONE',  ( -0.000000000000000000, -0.000000000000000000, 1.000000000000000000 ) ) ;
#1631 = AXIS2_PLACEMENT_3D ( 'NONE', #320, #1886, #576 ) ;
#1632 = ORIENTED_EDGE ( 'NONE', *, *, #570, .F. ) ;
#1633 = VECTOR ( 'NONE', #1377, 1000.000000000000000 ) ;
#1634 = EDGE_CURVE ( 'NONE', #28, #120, #173, .T. ) ;
#1635 = EDGE_LOOP ( 'NONE', ( #1489, #1448, #1073, #386, #207, #1602 ) ) ;
#1636 = ORIENTED_EDGE ( 'NONE', *, *, #403, .F. ) ;
#1637 = CIRCLE ( 'NONE', #1063, 1.000000000000000888 ) ;
#1638 = DIRECTION ( 'NONE',  ( -0.000000000000000000, 1.000000000000000000, 0.000000000000000000 ) ) ;
#1639 = LINE ( 'NONE', #1461, #535 ) ;
#1640 = EDGE_CURVE ( 'NONE', #269, #1901, #889, .T. ) ;
#1641 = DIRECTION ( 'NONE',  ( 0.000000000000000000, 0.000000000000000000, 1.000000000000000000 ) ) ;
#1642 = DIRECTION ( 'NONE',  ( 0.000000000000000000, -1.000000000000000000, 0.000000000000000000 ) ) ;
#1643 = ORIENTED_EDGE ( 'NONE', *, *, #1789, .F. ) ;
#1644 = DIRECTION ( 'NONE',  ( -1.000000000000000000, 0.000000000000000000, 0.000000000000000000 ) ) ;
#1645 = AXIS2_PLACEMENT_3D ( 'NONE', #429, #1596, #868 ) ;
#1646 = VERTEX_POINT ( 'NONE', #747 ) ;
#1647 = LOCAL_TIME ( 10, 56, 4.000000000000000000, #233 ) ;
#1648 = ORIENTED_EDGE ( 'NONE', *, *, #342, .F. ) ;
#1649 = EDGE_LOOP ( 'NONE', ( #287, #489, #603, #548 ) ) ;
#1650 = DIRECTION ( 'NONE',  ( 0.000000000000000000, 1.000000000000000000, -1.280651026079632300E-16 ) ) ;
#1651 = ADVANCED_FACE ( 'NONE', ( #1460 ), #584, .F. ) ;
#1652 = ADVANCED_FACE ( 'NONE', ( #1766 ), #1352, .F. ) ;
#1653 = CYLINDRICAL_SURFACE ( 'NONE', #1821, 1.000000000000000000 ) ;
#1654 = DIRECTION ( 'NONE',  ( 0.000000000000000000, -0.000000000000000000, 1.000000000000000000 ) ) ;
#1655 = AXIS2_PLACEMENT_3D ( 'NONE', #1695, #1216, #942 ) ;
#1656 = ORIENTED_EDGE ( 'NONE', *, *, #469, .T. ) ;
#1657 = ORIENTED_EDGE ( 'NONE', *, *, #273, .T. ) ;
#1658 = CYLINDRICAL_SURFACE ( 'NONE', #384, 1.000000000000000888 ) ;
#1659 = CARTESIAN_POINT ( 'NONE',  ( 0.000000000000000000, 2.000000000000000000, 0.000000000000000000 ) ) ;
#1660 = DIRECTION ( 'NONE',  ( -1.000000000000000000, 0.000000000000000000, 0.000000000000000000 ) ) ;
#1661 = CARTESIAN_POINT ( 'NONE',  ( -20.10000000000000142, 5.000000000000000000, -17.50000000000000711 ) ) ;
#1662 = ORIENTED_EDGE ( 'NONE', *, *, #403, .T. ) ;
#1663 = VERTEX_POINT ( 'NONE', #298 ) ;
#1664 = DIRECTION ( 'NONE',  ( -0.000000000000000000, 1.000000000000000000, -0.000000000000000000 ) ) ;
#1665 = VECTOR ( 'NONE', #1019, 1000.000000000000000 ) ;
#1666 = CIRCLE ( 'NONE', #565, 1.000000000000000000 ) ;
#1667 = FACE_OUTER_BOUND ( 'NONE', #894, .T. ) ;
#1668 = FACE_OUTER_BOUND ( 'NONE', #1844, .T. ) ;
#1669 = AXIS2_PLACEMENT_3D ( 'NONE', #553, #973, #1264 ) ;
#1670 = EDGE_CURVE ( 'NONE', #416, #885, #1245, .T. ) ;
#1671 = DIRECTION ( 'NONE',  ( 1.000000000000000000, 0.000000000000000000, 0.000000000000000000 ) ) ;
#1672 = EDGE_CURVE ( 'NONE', #1451, #865, #1469, .T. ) ;
#1673 = ORIENTED_EDGE ( 'NONE', *, *, #1839, .F. ) ;
#1674 = AXIS2_PLACEMENT_3D ( 'NONE', #219, #1397, #79 ) ;
#1675 = ORIENTED_EDGE ( 'NONE', *, *, #1672, .F. ) ;
#1676 = DIRECTION ( 'NONE',  ( 0.000000000000000000, 0.000000000000000000, 1.000000000000000000 ) ) ;
#1677 = DIRECTION ( 'NONE',  ( 0.000000000000000000, 0.000000000000000000, 1.000000000000000000 ) ) ;
#1678 = ADVANCED_FACE ( 'NONE', ( #1049 ), #1197, .T. ) ;
#1679 = CARTESIAN_POINT ( 'NONE',  ( 0.000000000000000000, -5.000000000000000000, -8.000000000000000000 ) ) ;
#1680 = DIRECTION ( 'NONE',  ( 0.000000000000000000, -1.000000000000000000, 0.000000000000000000 ) ) ;
#1681 = CARTESIAN_POINT ( 'NONE',  ( 8.000000000000000000, 2.000000000000000000, -0.9999999999999722444 ) ) ;
#1682 = ORIENTED_EDGE ( 'NONE', *, *, #1435, .T. ) ;
#1683 = EDGE_LOOP ( 'NONE', ( #346, #606 ) ) ;
#1684 = CYLINDRICAL_SURFACE ( 'NONE', #638, 1.000000000000000222 ) ;
#1685 = CARTESIAN_POINT ( 'NONE',  ( 1.273632671113247276E-15, 0.000000000000000000, 10.40000000000000036 ) ) ;
#1686 = ADVANCED_FACE ( 'NONE', ( #1169 ), #1776, .F. ) ;
#1687 = LINE ( 'NONE', #954, #870 ) ;
#1688 = VERTEX_POINT ( 'NONE', #152 ) ;
#1689 = PLANE ( 'NONE',  #313 ) ;
#1690 = ORIENTED_EDGE ( 'NONE', *, *, #1463, .T. ) ;
#1691 = ORIENTED_EDGE ( 'NONE', *, *, #1191, .T. ) ;
#1692 = APPLICATION_PROTOCOL_DEFINITION ( 'international standard', 'config_control_design', 1994, #43 ) ;
#1693 = EDGE_CURVE ( 'NONE', #37, #604, #77, .T. ) ;
#1694 = AXIS2_PLACEMENT_3D ( 'NONE', #1453, #618, #1198 ) ;
#1695 = CARTESIAN_POINT ( 'NONE',  ( 5.656854249492350384, 5.000000000000000000, 5.656854249492410780 ) ) ;
#1696 = EDGE_CURVE ( 'NONE', #626, #580, #460, .T. ) ;
#1697 = DIRECTION ( 'NONE',  ( -0.000000000000000000, -1.000000000000000000, -0.000000000000000000 ) ) ;
#1698 = DIRECTION ( 'NONE',  ( 0.000000000000000000, 0.000000000000000000, 1.000000000000000000 ) ) ;
#1699 = AXIS2_PLACEMENT_3D ( 'NONE', #1613, #294, #1654 ) ;
#1700 = ORIENTED_EDGE ( 'NONE', *, *, #457, .T. ) ;
#1701 = VECTOR ( 'NONE', #462, 1000.000000000000000 ) ;
#1702 = DIRECTION ( 'NONE',  ( 1.000000000000000000, 0.000000000000000000, 0.000000000000000000 ) ) ;
#1703 = ORIENTED_EDGE ( 'NONE', *, *, #534, .T. ) ;
#1704 = ORIENTED_EDGE ( 'NONE', *, *, #1813, .T. ) ;
#1705 = CALENDAR_DATE ( 2026, 8, 7 ) ;
#1706 = VECTOR ( 'NONE', #31, 1000.000000000000000 ) ;
#1707 = CIRCLE ( 'NONE', #697, 1.000000000000000000 ) ;
#1708 = DIRECTION ( 'NONE',  ( -1.000000000000000000, 0.000000000000000000, 0.000000000000000000 ) ) ;
#1709 = EDGE_CURVE ( 'NONE', #844, #9, #1095, .T. ) ;
#1710 = DIRECTION ( 'NONE',  ( 0.000000000000000000, 0.000000000000000000, 1.000000000000000000 ) ) ;
#1711 = ORIENTED_EDGE ( 'NONE', *, *, #1535, .F. ) ;
#1712 = CARTESIAN_POINT ( 'NONE',  ( -5.574123674157539854E-14, 2.000000000000000000, 7.000000000000000000 ) ) ;
#1713 = DIRECTION ( 'NONE',  ( 0.000000000000000000, 0.000000000000000000, -1.000000000000000000 ) ) ;
#1714 = ORIENTED_EDGE ( 'NONE', *, *, #1670, .F. ) ;
#1715 = DIRECTION ( 'NONE',  ( -0.000000000000000000, -0.000000000000000000, -1.000000000000000000 ) ) ;
#1716 = VECTOR ( 'NONE', #1389, 1000.000000000000000 ) ;
#1717 = PLANE ( 'NONE',  #1126 ) ;
#1718 = DIRECTION ( 'NONE',  ( 0.000000000000000000, -0.000000000000000000, 1.000000000000000000 ) ) ;
#1719 = CYLINDRICAL_SURFACE ( 'NONE', #86, 1.000000000000000000 ) ;
#1720 = PLANE ( 'NONE',  #843 ) ;
#1721 = LINE ( 'NONE', #373, #1559 ) ;
#1722 = CARTESIAN_POINT ( 'NONE',  ( 0.000000000000000000, 5.000000000000000000, 0.000000000000000000 ) ) ;
#1723 = ORIENTED_EDGE ( 'NONE', *, *, #130, .T. ) ;
#1724 = APPROVAL_DATE_TIME ( #1282, #714 ) ;
#1725 = PLANE ( 'NONE',  #524 ) ;
#1726 = DIRECTION ( 'NONE',  ( -1.000000000000000000, 0.000000000000000000, 0.000000000000000000 ) ) ;
#1727 = VECTOR ( 'NONE', #859, 1000.000000000000000 ) ;
#1728 = DIRECTION ( 'NONE',  ( -0.000000000000000000, 1.000000000000000000, -0.000000000000000000 ) ) ;
#1729 = VECTOR ( 'NONE', #325, 1000.000000000000000 ) ;
#1730 = CIRCLE ( 'NONE', #813, 1.000000000000000888 ) ;
#1731 = LINE ( 'NONE', #1881, #1421 ) ;
#1732 = VECTOR ( 'NONE', #1610, 1000.000000000000000 ) ;
#1733 = ADVANCED_FACE ( 'NONE', ( #1452 ), #307, .F. ) ;
#1734 = ORIENTED_EDGE ( 'NONE', *, *, #683, .T. ) ;
#1735 = COORDINATED_UNIVERSAL_TIME_OFFSET ( 5, 0, .BEHIND. ) ;
#1736 = CYLINDRICAL_SURFACE ( 'NONE', #976, 1.000000000000000000 ) ;
#1737 = CARTESIAN_POINT ( 'NONE',  ( 20.10000000000000142, 10.00601711335750998, 1.816061818952170670 ) ) ;
#1738 = CC_DESIGN_PERSON_AND_ORGANIZATION_ASSIGNMENT ( #1112, #1271, ( #1857 ) ) ;
#1739 = VECTOR ( 'NONE', #1481, 1000.000000000000000 ) ;
#1740 = LINE ( 'NONE', #1128, #1543 ) ;
#1741 = CYLINDRICAL_SURFACE ( 'NONE', #629, 1.000000000000000222 ) ;
#1742 = ORIENTED_EDGE ( 'NONE', *, *, #798, .T. ) ;
#1743 = ORIENTED_EDGE ( 'NONE', *, *, #760, .F. ) ;
#1744 = CARTESIAN_POINT ( 'NONE',  ( -23.09999999999999787, 6.619607700000002204, -1.816061818952170670 ) ) ;
#1745 = CARTESIAN_POINT ( 'NONE',  ( 5.656854249492350384, -5.000000000000000000, 5.656854249492410780 ) ) ;
#1746 = AXIS2_PLACEMENT_3D ( 'NONE', #770, #1367, #1473 ) ;
#1747 = DIRECTION ( 'NONE',  ( -1.000000000000000000, 0.000000000000000000, 0.000000000000000000 ) ) ;
#1748 = FACE_OUTER_BOUND ( 'NONE', #625, .T. ) ;
#1749 = APPLICATION_CONTEXT ( 'configuration controlled 3d designs of mechanical parts and assemblies' ) ;
#1750 = VERTEX_POINT ( 'NONE', #758 ) ;
#1751 = ORIENTED_EDGE ( 'NONE', *, *, #1250, .F. ) ;
#1752 = ORIENTED_EDGE ( 'NONE', *, *, #248, .T. ) ;
#1753 = DIRECTION ( 'NONE',  ( -1.000000000000000000, 0.000000000000000000, 0.000000000000000000 ) ) ;
#1754 = EDGE_CURVE ( 'NONE', #479, #1891, #133, .T. ) ;
#1755 = CARTESIAN_POINT ( 'NONE',  ( 8.000000000000000000, 5.000000000000000000, -0.9999999999999722444 ) ) ;
#1756 = LINE ( 'NONE', #1033, #505 ) ;
#1757 = CARTESIAN_POINT ( 'NONE',  ( 20.10000000000000142, 10.00000000000000000, -14.49999999999999467 ) ) ;
#1758 = CIRCLE ( 'NONE', #190, 1.000000000000000222 ) ;
#1759 = CARTESIAN_POINT ( 'NONE',  ( 6.000000000000000000, 13.09373335919253378, -14.49999999999999467 ) ) ;
#1760 = APPROVAL ( #262, 'UNSPECIFIED' ) ;
#1761 = VECTOR ( 'NONE', #1888, 1000.000000000000000 ) ;
#1762 = ORIENTED_EDGE ( 'NONE', *, *, #1296, .T. ) ;
#1763 = CIRCLE ( 'NONE', #1091, 1.000000000000000000 ) ;
#1764 = ORIENTED_EDGE ( 'NONE', *, *, #940, .F. ) ;
#1765 = ORIENTED_EDGE ( 'NONE', *, *, #188, .T. ) ;
#1766 = FACE_OUTER_BOUND ( 'NONE', #459, .T. ) ;
#1767 = LINE ( 'NONE', #1619, #1233 ) ;
#1768 = EDGE_CURVE ( 'NONE', #506, #643, #1887, .T. ) ;
#1769 = CIRCLE ( 'NONE', #1183, 1.000000000000000000 ) ;
#1770 = DIRECTION ( 'NONE',  ( 1.000000000000000000, -0.000000000000000000, -0.000000000000000000 ) ) ;
#1771 = DIRECTION ( 'NONE',  ( 0.000000000000000000, -0.000000000000000000, -1.000000000000000000 ) ) ;
#1772 = CARTESIAN_POINT ( 'NONE',  ( 23.09999999999999787, 10.00601711335750998, 1.816061818952170670 ) ) ;
#1773 = ORIENTED_EDGE ( 'NONE', *, *, #577, .T. ) ;
#1774 = ORIENTED_EDGE ( 'NONE', *, *, #610, .T. ) ;
#1775 = VERTEX_POINT ( 'NONE', #20 ) ;
#1776 = CYLINDRICAL_SURFACE ( 'NONE', #546, 1.000000000000000000 ) ;
#1777 = PLANE ( 'NONE',  #659 ) ;
#1778 = LINE ( 'NONE', #154, #997 ) ;
#1779 = EDGE_CURVE ( 'NONE', #604, #37, #1306, .T. ) ;
#1780 = DIRECTION ( 'NONE',  ( -1.000000000000000000, 0.000000000000000000, 0.000000000000000000 ) ) ;
#1781 = EDGE_LOOP ( 'NONE', ( #1673, #317 ) ) ;
#1782 = ORIENTED_EDGE ( 'NONE', *, *, #960, .F. ) ;
#1783 = ORIENTED_EDGE ( 'NONE', *, *, #119, .T. ) ;
#1784 = DIRECTION ( 'NONE',  ( 0.000000000000000000, -0.000000000000000000, -1.000000000000000000 ) ) ;
#1785 = CARTESIAN_POINT ( 'NONE',  ( 7.000000000000000000, 13.09373335919253378, 14.50000000000000533 ) ) ;
#1786 = DIRECTION ( 'NONE',  ( -0.000000000000000000, 1.000000000000000000, -0.000000000000000000 ) ) ;
#1787 = LINE ( 'NONE', #486, #665 ) ;
#1788 = CARTESIAN_POINT ( 'NONE',  ( 20.10000000000000142, 20.00000000000000000, -17.49999999999999645 ) ) ;
#1789 = EDGE_CURVE ( 'NONE', #269, #1174, #484, .T. ) ;
#1790 = ORIENTED_EDGE ( 'NONE', *, *, #201, .T. ) ;
#1791 = EDGE_CURVE ( 'NONE', #1775, #1358, #349, .T. ) ;
#1792 = AXIS2_PLACEMENT_3D ( 'NONE', #1528, #1402, #1702 ) ;
#1793 = ORIENTED_EDGE ( 'NONE', *, *, #744, .F. ) ;
#1794 = VERTEX_POINT ( 'NONE', #666 ) ;
#1795 = CIRCLE ( 'NONE', #632, 1.000000000000000000 ) ;
#1796 = LINE ( 'NONE', #675, #263 ) ;
#1797 = DIRECTION ( 'NONE',  ( -0.000000000000000000, 1.000000000000000000, -0.000000000000000000 ) ) ;
#1798 = EDGE_CURVE ( 'NONE', #795, #1451, #815, .T. ) ;
#1799 = DIRECTION ( 'NONE',  ( 0.000000000000000000, 0.000000000000000000, -1.000000000000000000 ) ) ;
#1800 = DIRECTION ( 'NONE',  ( 0.000000000000000000, 0.000000000000000000, 1.000000000000000000 ) ) ;
#1801 = ORIENTED_EDGE ( 'NONE', *, *, #1532, .T. ) ;
#1802 = ORIENTED_EDGE ( 'NONE', *, *, #1139, .F. ) ;
#1803 = CARTESIAN_POINT ( 'NONE',  ( 4.959819536546779614E-16, 5.000000000000000000, -4.049999999999999822 ) ) ;
#1804 = DIRECTION ( 'NONE',  ( -1.000000000000000000, 0.000000000000000000, 0.000000000000000000 ) ) ;
#1805 = DIRECTION ( 'NONE',  ( 0.000000000000000000, 0.000000000000000000, 1.000000000000000000 ) ) ;
#1806 = CARTESIAN_POINT ( 'NONE',  ( 20.10000000000000142, 10.00000000000000000, 1.816061818952170670 ) ) ;
#1807 = ORIENTED_EDGE ( 'NONE', *, *, #212, .F. ) ;
#1808 = VERTEX_POINT ( 'NONE', #1803 ) ;
#1809 = CARTESIAN_POINT ( 'NONE',  ( -20.10000000000000142, 6.619607700000002204, 1.816061818952171114 ) ) ;
#1810 = ADVANCED_FACE ( 'NONE', ( #211 ), #921, .F. ) ;
#1811 = CARTESIAN_POINT ( 'NONE',  ( -23.09999999999999787, 6.619607700000002204, 1.816061818952171114 ) ) ;
#1812 = LINE ( 'NONE', #186, #752 ) ;
#1813 = EDGE_CURVE ( 'NONE', #788, #737, #1381, .T. ) ;
#1814 = DIRECTION ( 'NONE',  ( 0.000000000000000000, 0.000000000000000000, -1.000000000000000000 ) ) ;
#1815 = ORIENTED_EDGE ( 'NONE', *, *, #1158, .F. ) ;
#1816 = ADVANCED_FACE ( 'NONE', ( #1503 ), #1830, .F. ) ;
#1817 = VECTOR ( 'NONE', #881, 1000.000000000000000 ) ;
#1818 = VERTEX_POINT ( 'NONE', #1362 ) ;
#1819 = DIRECTION ( 'NONE',  ( -0.000000000000000000, -0.000000000000000000, -1.000000000000000000 ) ) ;
#1820 = VECTOR ( 'NONE', #1770, 1000.000000000000000 ) ;
#1821 = AXIS2_PLACEMENT_3D ( 'NONE', #332, #1506, #1660 ) ;
#1822 = CARTESIAN_POINT ( 'NONE',  ( -17.09999999999999787, 10.00000000000000000, 14.50000000000000533 ) ) ;
#1823 = CARTESIAN_POINT ( 'NONE',  ( 0.000000000000000000, 0.000000000000000000, 0.000000000000000000 ) ) ;
#1824 = AXIS2_PLACEMENT_3D ( 'NONE', #1345, #914, #1496 ) ;
#1825 = VERTEX_POINT ( 'NONE', #1076 ) ;
#1826 = CARTESIAN_POINT ( 'NONE',  ( 23.09999999999999787, 6.625624816694061003, 1.816061818952170670 ) ) ;
#1827 = ORIENTED_EDGE ( 'NONE', *, *, #1535, .T. ) ;
#1828 = ADVANCED_FACE ( 'NONE', ( #481 ), #1658, .F. ) ;
#1829 = ORIENTED_EDGE ( 'NONE', *, *, #534, .F. ) ;
#1830 = CYLINDRICAL_SURFACE ( 'NONE', #1455, 1.000000000000000000 ) ;
#1831 = FACE_BOUND ( 'NONE', #1168, .T. ) ;
#1832 = LINE ( 'NONE', #952, #1896 ) ;
#1833 = DIRECTION ( 'NONE',  ( -0.000000000000000000, -0.000000000000000000, -1.000000000000000000 ) ) ;
#1834 = ORIENTED_EDGE ( 'NONE', *, *, #710, .T. ) ;
#1835 = FACE_OUTER_BOUND ( 'NONE', #1026, .T. ) ;
#1836 = ADVANCED_FACE ( 'NONE', ( #204 ), #1684, .F. ) ;
#1837 = ORIENTED_EDGE ( 'NONE', *, *, #1640, .F. ) ;
#1838 = AXIS2_PLACEMENT_3D ( 'NONE', #538, #1262, #849 ) ;
#1839 = EDGE_CURVE ( 'NONE', #1901, #364, #1707, .T. ) ;
#1840 = ORIENTED_EDGE ( 'NONE', *, *, #1004, .T. ) ;
#1841 = CARTESIAN_POINT ( 'NONE',  ( -7.000000000000000000, 13.09373335919253378, 14.50000000000000533 ) ) ;
#1842 = DIRECTION ( 'NONE',  ( 1.000000000000000000, -0.000000000000000000, 0.000000000000000000 ) ) ;
#1843 = FACE_BOUND ( 'NONE', #1617, .T. ) ;
#1844 = EDGE_LOOP ( 'NONE', ( #1281, #1827, #1790, #496 ) ) ;
#1845 = DIRECTION ( 'NONE',  ( -0.000000000000000000, 1.000000000000000000, -0.000000000000000000 ) ) ;
#1846 = EDGE_LOOP ( 'NONE', ( #1116, #531, #1157, #151 ) ) ;
#1847 = EDGE_CURVE ( 'NONE', #1047, #279, #1069, .T. ) ;
#1848 = EDGE_LOOP ( 'NONE', ( #444, #1040, #669, #376 ) ) ;
#1849 = AXIS2_PLACEMENT_3D ( 'NONE', #1622, #475, #1800 ) ;
#1850 = CARTESIAN_POINT ( 'NONE',  ( 5.656854249492391240, 2.000000000000000000, -4.656854249492370812 ) ) ;
#1851 = DIRECTION ( 'NONE',  ( 0.000000000000000000, -1.000000000000000000, 0.000000000000000000 ) ) ;
#1852 = AXIS2_PLACEMENT_3D ( 'NONE', #1474, #1630, #1644 ) ;
#1853 = ORIENTED_EDGE ( 'NONE', *, *, #391, .F. ) ;
#1854 = AXIS2_PLACEMENT_3D ( 'NONE', #1043, #300, #1641 ) ;
#1855 = CARTESIAN_POINT ( 'NONE',  ( -7.000000000000000000, 13.09373335919253378, -17.50000000000000355 ) ) ;
#1856 = DIRECTION ( 'NONE',  ( -0.000000000000000000, 1.000000000000000000, -0.000000000000000000 ) ) ;
#1857 = PRODUCT ( 'sicklidar3', 'sicklidar3', '', ( #700 ) ) ;
#1858 = ORIENTED_EDGE ( 'NONE', *, *, #1412, .F. ) ;
#1859 = COORDINATED_UNIVERSAL_TIME_OFFSET ( 5, 0, .BEHIND. ) ;
#1860 = VECTOR ( 'NONE', #1605, 1000.000000000000000 ) ;
#1861 = FACE_BOUND ( 'NONE', #1257, .T. ) ;
#1862 = PLANE ( 'NONE',  #1669 ) ;
#1863 = CARTESIAN_POINT ( 'NONE',  ( -5.656854249492429432, -5.000000000000000000, 6.656854249492329956 ) ) ;
#1864 = CARTESIAN_POINT ( 'NONE',  ( 23.09999999999999787, 10.00601711335750998, 1.816061818952170670 ) ) ;
#1865 = ORIENTED_EDGE ( 'NONE', *, *, #1532, .F. ) ;
#1866 = CARTESIAN_POINT ( 'NONE',  ( 5.656854249492350384, 5.000000000000000000, 6.656854249492410780 ) ) ;
#1867 = LINE ( 'NONE', #407, #1590 ) ;
#1868 = DIRECTION ( 'NONE',  ( -0.000000000000000000, -0.000000000000000000, 1.000000000000000000 ) ) ;
#1869 = DIRECTION ( 'NONE',  ( -0.000000000000000000, 1.000000000000000000, -0.000000000000000000 ) ) ;
#1870 = ADVANCED_FACE ( 'NONE', ( #644 ), #949, .T. ) ;
#1871 = FACE_OUTER_BOUND ( 'NONE', #142, .T. ) ;
#1872 = PLANE ( 'NONE',  #97 ) ;
#1873 = ORIENTED_EDGE ( 'NONE', *, *, #491, .T. ) ;
#1874 = PERSON_AND_ORGANIZATION_ROLE ( 'classification_officer' ) ;
#1875 = EDGE_CURVE ( 'NONE', #1808, #1419, #877, .T. ) ;
#1876 = CARTESIAN_POINT ( 'NONE',  ( -6.000000000000000000, 13.09373335919253378, 17.50000000000000711 ) ) ;
#1877 = DIRECTION ( 'NONE',  ( 0.000000000000000000, 0.000000000000000000, -1.000000000000000000 ) ) ;
#1878 = LINE ( 'NONE', #721, #1761 ) ;
#1879 = AXIS2_PLACEMENT_3D ( 'NONE', #1510, #1845, #64 ) ;
#1880 = AXIS2_PLACEMENT_3D ( 'NONE', #359, #224, #808 ) ;
#1881 = CARTESIAN_POINT ( 'NONE',  ( 20.10000000000000142, 20.00000000000000000, -14.49999999999999467 ) ) ;
#1882 = ORIENTED_EDGE ( 'NONE', *, *, #1307, .F. ) ;
#1883 = EDGE_CURVE ( 'NONE', #1467, #10, #1769, .T. ) ;
#1884 = ORIENTED_EDGE ( 'NONE', *, *, #426, .T. ) ;
#1885 = FACE_OUTER_BOUND ( 'NONE', #1107, .T. ) ;
#1886 = DIRECTION ( 'NONE',  ( -0.000000000000000000, -0.000000000000000000, -1.000000000000000000 ) ) ;
#1887 = CIRCLE ( 'NONE', #1067, 1.000000000000000222 ) ;
#1888 = DIRECTION ( 'NONE',  ( -0.000000000000000000, 1.000000000000000000, -0.000000000000000000 ) ) ;
#1889 = CARTESIAN_POINT ( 'NONE',  ( -7.000000000000000000, 13.09373335919253378, 25.50010000000000687 ) ) ;
#1890 = EDGE_CURVE ( 'NONE', #673, #17, #941, .T. ) ;
#1891 = VERTEX_POINT ( 'NONE', #1539 ) ;
#1892 = EDGE_CURVE ( 'NONE', #1902, #120, #605, .T. ) ;
#1893 = ORIENTED_EDGE ( 'NONE', *, *, #1237, .F. ) ;
#1894 = DIRECTION ( 'NONE',  ( -0.000000000000000000, 1.000000000000000000, -0.000000000000000000 ) ) ;
#1895 = DIRECTION ( 'NONE',  ( -1.000000000000000000, 0.000000000000000000, -4.315232527305490518E-17 ) ) ;
#1896 = VECTOR ( 'NONE', #520, 1000.000000000000000 ) ;
#1897 = CARTESIAN_POINT ( 'NONE',  ( 0.000000000000000000, 2.000000000000000000, 0.000000000000000000 ) ) ;
#1898 = CARTESIAN_POINT ( 'NONE',  ( 4.959819536546779614E-16, -5.000000000000000000, -4.049999999999999822 ) ) ;
#1899 = ORIENTED_EDGE ( 'NONE', *, *, #1486, .F. ) ;
#1900 = EDGE_CURVE ( 'NONE', #944, #1409, #1796, .T. ) ;
#1901 = VERTEX_POINT ( 'NONE', #1866 ) ;
#1902 = VERTEX_POINT ( 'NONE', #1841 ) ;
#1903 = CARTESIAN_POINT ( 'NONE',  ( -6.000000000000000000, 13.09373335919253378, 25.50010000000000687 ) ) ;
ENDSEC;
END-ISO-10303-21;
