ISO-10303-21;
HEADER;
FILE_DESCRIPTION (( 'STEP AP203' ),
    '1' );
FILE_NAME ('sicklidarv3.STEP',
    '2026-07-08T14:55:35',
    ( '' ),
    ( '' ),
    'SwSTEP 2.0',
    'SolidWorks 2025',
    '' );
FILE_SCHEMA (( 'CONFIG_CONTROL_DESIGN' ));
ENDSEC;

DATA;
#1 = VECTOR ( 'NONE', #469, 1000.000000000000000 ) ;
#2 = DATE_AND_TIME ( #978, #2237 ) ;
#3 = VECTOR ( 'NONE', #2210, 1000.000000000000000 ) ;
#4 = DIRECTION ( 'NONE',  ( 0.000000000000000000, 0.000000000000000000, -1.000000000000000000 ) ) ;
#5 = DIRECTION ( 'NONE',  ( 1.000000000000000000, 0.000000000000000000, -0.000000000000000000 ) ) ;
#6 = DIRECTION ( 'NONE',  ( 0.000000000000000000, 0.000000000000000000, -1.000000000000000000 ) ) ;
#7 = LOCAL_TIME ( 10, 55, 35.00000000000000000, #1764 ) ;
#8 = CARTESIAN_POINT ( 'NONE',  ( 60.00000000000000711, -3.680035778473096819, 2.000000000000004441 ) ) ;
#9 = ORIENTED_EDGE ( 'NONE', *, *, #1619, .T. ) ;
#10 = EDGE_CURVE ( 'NONE', #557, #91, #1928, .T. ) ;
#11 = CARTESIAN_POINT ( 'NONE',  ( -5.315483133298897656, 21.00000000000000000, 29.49999999999993250 ) ) ;
#12 = EDGE_LOOP ( 'NONE', ( #653, #1043, #1889, #363 ) ) ;
#13 = CARTESIAN_POINT ( 'NONE',  ( -12.89999999999999680, 20.99999999999999645, 37.99999999999999289 ) ) ;
#14 = ORIENTED_EDGE ( 'NONE', *, *, #1407, .F. ) ;
#15 = EDGE_LOOP ( 'NONE', ( #1028, #2287, #1134, #241 ) ) ;
#16 = EDGE_CURVE ( 'NONE', #269, #1694, #524, .T. ) ;
#17 = LINE ( 'NONE', #2030, #1505 ) ;
#18 = CARTESIAN_POINT ( 'NONE',  ( -2.000000000000000444, -1.447822569485247790, 19.00000000000000355 ) ) ;
#19 = VECTOR ( 'NONE', #1414, 1000.000000000000000 ) ;
#20 = VECTOR ( 'NONE', #2533, 1000.000000000000000 ) ;
#21 = FACE_OUTER_BOUND ( 'NONE', #1013, .T. ) ;
#22 = LINE ( 'NONE', #262, #1247 ) ;
#23 = VERTEX_POINT ( 'NONE', #81 ) ;
#24 = LINE ( 'NONE', #36, #173 ) ;
#25 = EDGE_CURVE ( 'NONE', #1119, #908, #970, .T. ) ;
#26 = ORIENTED_EDGE ( 'NONE', *, *, #2115, .F. ) ;
#27 = CARTESIAN_POINT ( 'NONE',  ( -5.315483133298897656, 24.00000000000000000, 29.49999999999993250 ) ) ;
#28 = ORIENTED_EDGE ( 'NONE', *, *, #1993, .F. ) ;
#29 = VERTEX_POINT ( 'NONE', #1496 ) ;
#30 = DIRECTION ( 'NONE',  ( -1.000000000000000000, -1.196068857455806470E-16, -0.000000000000000000 ) ) ;
#31 = CARTESIAN_POINT ( 'NONE',  ( 40.20000000000001705, 0.000000000000000000, 13.00000000000000355 ) ) ;
#32 = DIRECTION ( 'NONE',  ( -1.000000000000000000, 1.734723475976807489E-15, -0.000000000000000000 ) ) ;
#33 = PLANE ( 'NONE',  #2323 ) ;
#34 = CARTESIAN_POINT ( 'NONE',  ( 0.000000000000000000, 0.000000000000000000, 4.000000000000012434 ) ) ;
#35 = VERTEX_POINT ( 'NONE', #681 ) ;
#36 = CARTESIAN_POINT ( 'NONE',  ( -12.90000000000000391, 20.99999999999999645, -12.00000000000000355 ) ) ;
#37 = EDGE_CURVE ( 'NONE', #729, #1286, #1230, .T. ) ;
#38 = ORIENTED_EDGE ( 'NONE', *, *, #587, .T. ) ;
#39 = CARTESIAN_POINT ( 'NONE',  ( 2.000000000000000000, 1.347111479062088405E-15, 24.00000000000000000 ) ) ;
#40 = EDGE_CURVE ( 'NONE', #1761, #2043, #555, .T. ) ;
#41 = EDGE_LOOP ( 'NONE', ( #1313, #2095, #702, #2199 ) ) ;
#42 = VERTEX_POINT ( 'NONE', #788 ) ;
#43 = AXIS2_PLACEMENT_3D ( 'NONE', #1266, #1221, #1236 ) ;
#44 = CARTESIAN_POINT ( 'NONE',  ( -2.000000000000001776, 8.000000000000000000, 12.00000000000001243 ) ) ;
#45 = FACE_OUTER_BOUND ( 'NONE', #1976, .T. ) ;
#46 = CARTESIAN_POINT ( 'NONE',  ( 60.00000000000000711, -3.680035778473095487, 24.00000000000000000 ) ) ;
#47 = CIRCLE ( 'NONE', #1476, 10.99999999999999822 ) ;
#48 = CIRCLE ( 'NONE', #1433, 4.250000000000000000 ) ;
#49 = CARTESIAN_POINT ( 'NONE',  ( 0.000000000000000000, -1.734723475976807094E-15, 20.00000000000001776 ) ) ;
#50 = CARTESIAN_POINT ( 'NONE',  ( 0.000000000000000000, 0.000000000000000000, 2.000000000000003553 ) ) ;
#51 = ORIENTED_EDGE ( 'NONE', *, *, #1068, .F. ) ;
#52 = CARTESIAN_POINT ( 'NONE',  ( -10.65000000000000391, 32.99999999999999289, 37.99999999999999289 ) ) ;
#53 = ADVANCED_FACE ( 'NONE', ( #572 ), #584, .F. ) ;
#54 = EDGE_LOOP ( 'NONE', ( #2604, #1828, #2108, #386 ) ) ;
#55 = CIRCLE ( 'NONE', #1972, 0.9999999999999870104 ) ;
#56 = ADVANCED_FACE ( 'NONE', ( #2572 ), #1149, .F. ) ;
#57 = ORIENTED_EDGE ( 'NONE', *, *, #825, .F. ) ;
#58 = ORIENTED_EDGE ( 'NONE', *, *, #1695, .T. ) ;
#59 = ADVANCED_FACE ( 'NONE', ( #1953 ), #752, .F. ) ;
#60 = CARTESIAN_POINT ( 'NONE',  ( 40.20000000000001705, 0.000000000000000000, 5.000000000000000888 ) ) ;
#61 = DIRECTION ( 'NONE',  ( 0.000000000000000000, 0.000000000000000000, -1.000000000000000000 ) ) ;
#62 = DIRECTION ( 'NONE',  ( 1.000000000000000000, -0.000000000000000000, -0.000000000000000000 ) ) ;
#63 = AXIS2_PLACEMENT_3D ( 'NONE', #1214, #403, #432 ) ;
#64 = DIRECTION ( 'NONE',  ( 1.000000000000000000, 0.000000000000000000, 0.000000000000000000 ) ) ;
#65 = DIRECTION ( 'NONE',  ( 1.000000000000000000, -0.000000000000000000, -0.000000000000000000 ) ) ;
#66 = VECTOR ( 'NONE', #534, 1000.000000000000000 ) ;
#68 = EDGE_CURVE ( 'NONE', #2107, #1584, #437, .T. ) ;
#67 = LINE ( 'NONE', #1460, #1438 ) ;
#69 = VERTEX_POINT ( 'NONE', #2558 ) ;
#70 = EDGE_CURVE ( 'NONE', #72, #718, #2028, .T. ) ;
#71 = VERTEX_POINT ( 'NONE', #1392 ) ;
#72 = VERTEX_POINT ( 'NONE', #388 ) ;
#73 = LINE ( 'NONE', #439, #2227 ) ;
#74 = LINE ( 'NONE', #826, #78 ) ;
#75 = DIRECTION ( 'NONE',  ( -8.630465054610978570E-17, 1.000000000000000000, 0.000000000000000000 ) ) ;
#76 = VERTEX_POINT ( 'NONE', #1978 ) ;
#77 = CARTESIAN_POINT ( 'NONE',  ( 2.000000000000001776, -3.680035778473102148, 24.00000000000000000 ) ) ;
#78 = VECTOR ( 'NONE', #1639, 1000.000000000000000 ) ;
#79 = EDGE_LOOP ( 'NONE', ( #948, #115, #2609, #1662 ) ) ;
#80 = VERTEX_POINT ( 'NONE', #2412 ) ;
#81 = CARTESIAN_POINT ( 'NONE',  ( 0.000000000000000000, 0.000000000000000000, 24.00000000000000000 ) ) ;
#82 = CARTESIAN_POINT ( 'NONE',  ( -5.315483133298897656, 21.00000000000000000, 27.24999999999993250 ) ) ;
#83 = AXIS2_PLACEMENT_3D ( 'NONE', #1061, #1478, #1664 ) ;
#84 = CARTESIAN_POINT ( 'NONE',  ( 0.000000000000000000, 0.000000000000000000, 0.000000000000000000 ) ) ;
#85 = CARTESIAN_POINT ( 'NONE',  ( 19.09999999999990905, 26.99999999999999645, -1.750000000000003331 ) ) ;
#86 = CARTESIAN_POINT ( 'NONE',  ( 60.00000000000000711, -3.999999999999992450, 3.500000000000000444 ) ) ;
#87 = AXIS2_PLACEMENT_3D ( 'NONE', #1544, #1158, #1961 ) ;
#88 = ORIENTED_EDGE ( 'NONE', *, *, #2553, .F. ) ;
#89 = VECTOR ( 'NONE', #676, 1000.000000000000000 ) ;
#90 = ORIENTED_EDGE ( 'NONE', *, *, #70, .F. ) ;
#91 = VERTEX_POINT ( 'NONE', #195 ) ;
#92 = CARTESIAN_POINT ( 'NONE',  ( -2.000000000000001776, -4.000000000000011546, 7.000000000000006217 ) ) ;
#93 = EDGE_CURVE ( 'NONE', #29, #2557, #1366, .T. ) ;
#94 = DIRECTION ( 'NONE',  ( -1.000000000000000000, -1.196068857455806470E-16, -0.000000000000000000 ) ) ;
#95 = DIRECTION ( 'NONE',  ( 0.000000000000000000, 0.000000000000000000, -1.000000000000000000 ) ) ;
#96 = EDGE_LOOP ( 'NONE', ( #2456, #1210, #2426, #2411 ) ) ;
#97 = FACE_OUTER_BOUND ( 'NONE', #1937, .T. ) ;
#98 = CARTESIAN_POINT ( 'NONE',  ( 2.000000000000000000, 1.347111479062088405E-15, 24.00000000000000000 ) ) ;
#99 = APPROVAL ( #2173, 'UNSPECIFIED' ) ;
#100 = EDGE_LOOP ( 'NONE', ( #2239, #985, #532, #536 ) ) ;
#101 = LINE ( 'NONE', #897, #2545 ) ;
#102 = AXIS2_PLACEMENT_3D ( 'NONE', #548, #740, #1750 ) ;
#103 = AXIS2_PLACEMENT_3D ( 'NONE', #2444, #114, #1107 ) ;
#104 = ORIENTED_EDGE ( 'NONE', *, *, #865, .T. ) ;
#105 = EDGE_LOOP ( 'NONE', ( #2543, #2455, #2007, #1733 ) ) ;
#106 = DIRECTION ( 'NONE',  ( 0.000000000000000000, 0.000000000000000000, -1.000000000000000000 ) ) ;
#107 = CIRCLE ( 'NONE', #1682, 0.9999999999999883427 ) ;
#108 = FACE_OUTER_BOUND ( 'NONE', #1184, .T. ) ;
#109 = DIRECTION ( 'NONE',  ( 1.000000000000000000, 1.196068857455806470E-16, 0.000000000000000000 ) ) ;
#110 = DIRECTION ( 'NONE',  ( -1.000000000000000000, 0.000000000000000000, 0.000000000000000000 ) ) ;
#111 = DIRECTION ( 'NONE',  ( 0.000000000000000000, 0.000000000000000000, -1.000000000000000000 ) ) ;
#112 = ORIENTED_EDGE ( 'NONE', *, *, #441, .F. ) ;
#113 = AXIS2_PLACEMENT_3D ( 'NONE', #2324, #2126, #1893 ) ;
#114 = DIRECTION ( 'NONE',  ( -5.831003280594308567E-17, 1.000000000000000000, 8.092142623475780884E-33 ) ) ;
#115 = ORIENTED_EDGE ( 'NONE', *, *, #246, .F. ) ;
#116 = EDGE_LOOP ( 'NONE', ( #1991, #194, #1364, #1484 ) ) ;
#117 = LINE ( 'NONE', #2125, #1589 ) ;
#118 = EDGE_CURVE ( 'NONE', #1052, #1448, #2498, .T. ) ;
#119 = CARTESIAN_POINT ( 'NONE',  ( 19.09999999999990905, 21.00000000000000000, -8.250000000000003553 ) ) ;
#120 = DIRECTION ( 'NONE',  ( -0.000000000000000000, -1.000000000000000000, -0.000000000000000000 ) ) ;
#121 = CIRCLE ( 'NONE', #2101, 6.000000000000000000 ) ;
#122 = CARTESIAN_POINT ( 'NONE',  ( -2.000000000000001776, -1.734723475976807094E-15, 20.00000000000001421 ) ) ;
#123 = CARTESIAN_POINT ( 'NONE',  ( -5.315483133298897656, 24.00000000000000000, 29.49999999999993250 ) ) ;
#124 = EDGE_LOOP ( 'NONE', ( #206, #1640, #1879, #2212 ) ) ;
#125 = VECTOR ( 'NONE', #1704, 1000.000000000000000 ) ;
#126 = VECTOR ( 'NONE', #299, 1000.000000000000000 ) ;
#128 = EDGE_CURVE ( 'NONE', #908, #2051, #1701, .T. ) ;
#127 = LINE ( 'NONE', #921, #1234 ) ;
#129 = ORIENTED_EDGE ( 'NONE', *, *, #2303, .F. ) ;
#130 = DIRECTION ( 'NONE',  ( 1.000000000000000000, -0.000000000000000000, -0.000000000000000000 ) ) ;
#131 = DIRECTION ( 'NONE',  ( -1.000000000000000000, -1.196068857455806470E-16, -0.000000000000000000 ) ) ;
#132 = CIRCLE ( 'NONE', #1479, 0.9999999999999904521 ) ;
#133 = DIRECTION ( 'NONE',  ( 0.000000000000000000, 0.000000000000000000, 1.000000000000000000 ) ) ;
#134 = CARTESIAN_POINT ( 'NONE',  ( 40.20000000000001705, 8.000000000000000000, 13.99999999999998934 ) ) ;
#135 = PLANE ( 'NONE',  #2071 ) ;
#136 = LINE ( 'NONE', #2327, #2319 ) ;
#137 = EDGE_LOOP ( 'NONE', ( #510, #274 ) ) ;
#138 = EDGE_CURVE ( 'NONE', #278, #1800, #1233, .T. ) ;
#139 = AXIS2_PLACEMENT_3D ( 'NONE', #975, #2172, #2608 ) ;
#140 = CARTESIAN_POINT ( 'NONE',  ( 38.19999999999999574, -1.447822569485243127, 18.99459510171468324 ) ) ;
#141 = ORIENTED_EDGE ( 'NONE', *, *, #1710, .T. ) ;
#142 = ORIENTED_EDGE ( 'NONE', *, *, #2005, .T. ) ;
#143 = DIRECTION ( 'NONE',  ( 0.000000000000000000, 0.000000000000000000, 1.000000000000000000 ) ) ;
#144 = AXIS2_PLACEMENT_3D ( 'NONE', #2365, #165, #1386 ) ;
#145 = ADVANCED_FACE ( 'NONE', ( #365 ), #2596, .F. ) ;
#146 = CIRCLE ( 'NONE', #2292, 0.9999999999999887867 ) ;
#147 = CARTESIAN_POINT ( 'NONE',  ( 40.20000000000001705, 5.656854249492379694, 17.65685424949239390 ) ) ;
#148 = DIRECTION ( 'NONE',  ( -1.000000000000000000, -1.196068857455806470E-16, -0.000000000000000000 ) ) ;
#149 = DIRECTION ( 'NONE',  ( -1.179762899906591459E-16, 1.000000000000000000, 0.000000000000000000 ) ) ;
#150 = EDGE_CURVE ( 'NONE', #2123, #2320, #962, .T. ) ;
#151 = CARTESIAN_POINT ( 'NONE',  ( -2.000000000000001776, -1.734723475976807094E-15, 21.00000000000000355 ) ) ;
#152 = VERTEX_POINT ( 'NONE', #1777 ) ;
#153 = DIRECTION ( 'NONE',  ( 0.000000000000000000, 1.000000000000000000, -1.084202172485501279E-15 ) ) ;
#154 = VERTEX_POINT ( 'NONE', #990 ) ;
#155 = ORIENTED_EDGE ( 'NONE', *, *, #1754, .T. ) ;
#156 = CARTESIAN_POINT ( 'NONE',  ( -5.315483133298897656, 21.00000000000000000, 29.49999999999993250 ) ) ;
#157 = CIRCLE ( 'NONE', #1198, 2.250000000000001776 ) ;
#158 = PERSON_AND_ORGANIZATION_ROLE ( 'creator' ) ;
#159 = EDGE_CURVE ( 'NONE', #798, #72, #2585, .T. ) ;
#160 = DIRECTION ( 'NONE',  ( 1.000000000000000000, -0.000000000000000000, -0.000000000000000000 ) ) ;
#161 = CARTESIAN_POINT ( 'NONE',  ( 40.20000000000001705, -1.447822569485250677, 26.00000000000000711 ) ) ;
#162 = EDGE_CURVE ( 'NONE', #511, #1001, #1135, .T. ) ;
#163 = DIRECTION ( 'NONE',  ( 0.000000000000000000, 0.000000000000000000, 1.000000000000000000 ) ) ;
#164 = ADVANCED_FACE ( 'NONE', ( #2213 ), #1177, .T. ) ;
#165 = DIRECTION ( 'NONE',  ( 1.000000000000000000, -0.000000000000000000, -0.000000000000000000 ) ) ;
#166 = VERTEX_POINT ( 'NONE', #2398 ) ;
#167 = EDGE_CURVE ( 'NONE', #1350, #1811, #1201, .T. ) ;
#168 = AXIS2_PLACEMENT_3D ( 'NONE', #1021, #2472, #259 ) ;
#169 = CYLINDRICAL_SURFACE ( 'NONE', #1003, 11.00000000000000000 ) ;
#170 = ORIENTED_EDGE ( 'NONE', *, *, #1327, .T. ) ;
#171 = ORIENTED_EDGE ( 'NONE', *, *, #1954, .T. ) ;
#172 = DIRECTION ( 'NONE',  ( 0.000000000000000000, -0.003733095986867285450, 0.9999930319728997929 ) ) ;
#173 = VECTOR ( 'NONE', #1641, 1000.000000000000000 ) ;
#174 = AXIS2_PLACEMENT_3D ( 'NONE', #2564, #724, #1493 ) ;
#175 = PERSON_AND_ORGANIZATION_ROLE ( 'creator' ) ;
#176 = DIRECTION ( 'NONE',  ( 1.000000000000000000, -0.000000000000000000, -0.000000000000000000 ) ) ;
#177 = CARTESIAN_POINT ( 'NONE',  ( 0.000000000000000000, 5.656854249492380582, 7.343145750507622083 ) ) ;
#178 = SHAPE_DEFINITION_REPRESENTATION ( #1083, #1261 ) ;
#179 = DIRECTION ( 'NONE',  ( 0.000000000000000000, 0.000000000000000000, -1.000000000000000000 ) ) ;
#180 = CARTESIAN_POINT ( 'NONE',  ( 51.10000000000001563, 33.00000000000000000, -12.00000000000000355 ) ) ;
#181 = DIRECTION ( 'NONE',  ( 0.000000000000000000, 1.000000000000000000, 0.000000000000000000 ) ) ;
#182 = EDGE_LOOP ( 'NONE', ( #592, #924, #238, #1157, #1681, #2067, #1916, #287 ) ) ;
#183 = ORIENTED_EDGE ( 'NONE', *, *, #310, .T. ) ;
#184 = DIRECTION ( 'NONE',  ( 0.000000000000000000, 0.000000000000000000, -1.000000000000000000 ) ) ;
#185 = ORIENTED_EDGE ( 'NONE', *, *, #355, .T. ) ;
#186 = CIRCLE ( 'NONE', #2333, 0.9999999999999895639 ) ;
#187 = CARTESIAN_POINT ( 'NONE',  ( -5.315483133298897656, 21.00000000000000000, 29.49999999999993250 ) ) ;
#188 = DIRECTION ( 'NONE',  ( 1.000000000000000000, -0.000000000000000000, -0.000000000000000000 ) ) ;
#189 = CARTESIAN_POINT ( 'NONE',  ( 38.20000000000001705, -2.059984127722451798E-14, 7.000000000000006217 ) ) ;
#190 = DIRECTION ( 'NONE',  ( 1.000000000000000000, 5.421010862427522786E-17, 0.000000000000000000 ) ) ;
#191 = VERTEX_POINT ( 'NONE', #1014 ) ;
#192 = CARTESIAN_POINT ( 'NONE',  ( 40.20000000000001705, 5.656854249492379694, 19.65685424949236904 ) ) ;
#193 = ORIENTED_EDGE ( 'NONE', *, *, #2559, .T. ) ;
#194 = ORIENTED_EDGE ( 'NONE', *, *, #320, .F. ) ;
#195 = CARTESIAN_POINT ( 'NONE',  ( 19.09999999999990905, 24.00000000000000000, -1.750000000000001998 ) ) ;
#196 = EDGE_LOOP ( 'NONE', ( #2223, #1503, #1015, #1587, #2436, #2597, #728, #640, #2438, #1826, #2316 ) ) ;
#197 = VECTOR ( 'NONE', #344, 1000.000000000000000 ) ;
#198 = CIRCLE ( 'NONE', #659, 2.250000000000001776 ) ;
#199 = CYLINDRICAL_SURFACE ( 'NONE', #1965, 3.676000228762395849 ) ;
#200 = EDGE_CURVE ( 'NONE', #1628, #225, #1864, .T. ) ;
#201 = PLANE ( 'NONE',  #1368 ) ;
#202 = LINE ( 'NONE', #996, #716 ) ;
#203 = DIRECTION ( 'NONE',  ( -1.000000000000000000, 0.000000000000000000, 0.000000000000000000 ) ) ;
#204 = VERTEX_POINT ( 'NONE', #1629 ) ;
#205 = LINE ( 'NONE', #2605, #3 ) ;
#206 = ORIENTED_EDGE ( 'NONE', *, *, #612, .T. ) ;
#207 = AXIS2_PLACEMENT_3D ( 'NONE', #2072, #1205, #618 ) ;
#208 = VERTEX_POINT ( 'NONE', #801 ) ;
#209 = DIRECTION ( 'NONE',  ( -0.000000000000000000, -0.000000000000000000, -1.000000000000000000 ) ) ;
#210 = EDGE_LOOP ( 'NONE', ( #1746, #1865, #2063, #761 ) ) ;
#211 = AXIS2_PLACEMENT_3D ( 'NONE', #1295, #1861, #2100 ) ;
#212 = CALENDAR_DATE ( 2026, 8, 7 ) ;
#213 = CIRCLE ( 'NONE', #503, 2.249999999999999556 ) ;
#214 = DIRECTION ( 'NONE',  ( -0.000000000000000000, -1.000000000000000000, -0.000000000000000000 ) ) ;
#215 = CARTESIAN_POINT ( 'NONE',  ( 40.20000000000001705, 5.656854249492380582, 6.343145750507632741 ) ) ;
#216 = EDGE_CURVE ( 'NONE', #777, #23, #1841, .T. ) ;
#217 = CARTESIAN_POINT ( 'NONE',  ( -1.138412281109779656E-15, 20.99999999999999645, 26.00000000000000000 ) ) ;
#218 = CARTESIAN_POINT ( 'NONE',  ( 0.000000000000000000, 8.000000000000000000, 13.00000000000000355 ) ) ;
#219 = EDGE_LOOP ( 'NONE', ( #2407, #1829, #1353, #2209 ) ) ;
#220 = DIRECTION ( 'NONE',  ( 1.000000000000000000, -0.000000000000000000, -0.000000000000000000 ) ) ;
#221 = ORIENTED_EDGE ( 'NONE', *, *, #253, .F. ) ;
#222 = DIRECTION ( 'NONE',  ( 1.000000000000000000, -0.000000000000000000, -0.000000000000000000 ) ) ;
#223 = EDGE_CURVE ( 'NONE', #1354, #1669, #802, .T. ) ;
#224 = ORIENTED_EDGE ( 'NONE', *, *, #1287, .F. ) ;
#225 = VERTEX_POINT ( 'NONE', #818 ) ;
#226 = AXIS2_PLACEMENT_3D ( 'NONE', #1161, #1762, #1355 ) ;
#227 = CARTESIAN_POINT ( 'NONE',  ( 19.09999999999990905, 21.00000000000000000, -4.000000000000003553 ) ) ;
#228 = CARTESIAN_POINT ( 'NONE',  ( 44.68451686670109524, 21.00000000000000000, 29.49999999999994316 ) ) ;
#229 = DIRECTION ( 'NONE',  ( -1.000000000000000000, -1.196068857455806470E-16, -0.000000000000000000 ) ) ;
#230 = AXIS2_PLACEMENT_3D ( 'NONE', #1024, #445, #2475 ) ;
#231 = VECTOR ( 'NONE', #1721, 1000.000000000000000 ) ;
#232 = CYLINDRICAL_SURFACE ( 'NONE', #1269, 0.9999999999999887867 ) ;
#233 = DIRECTION ( 'NONE',  ( 0.000000000000000000, 0.000000000000000000, 1.000000000000000000 ) ) ;
#234 = ADVANCED_FACE ( 'NONE', ( #2439 ), #1419, .F. ) ;
#235 = ORIENTED_EDGE ( 'NONE', *, *, #1957, .F. ) ;
#236 = DIRECTION ( 'NONE',  ( 0.000000000000000000, 0.000000000000000000, 1.000000000000000000 ) ) ;
#237 = VECTOR ( 'NONE', #1008, 1000.000000000000000 ) ;
#238 = ORIENTED_EDGE ( 'NONE', *, *, #2480, .F. ) ;
#239 = DIRECTION ( 'NONE',  ( 1.000000000000000000, 5.421010862427522786E-17, 0.000000000000000000 ) ) ;
#240 = ORIENTED_EDGE ( 'NONE', *, *, #2559, .F. ) ;
#241 = ORIENTED_EDGE ( 'NONE', *, *, #390, .F. ) ;
#242 = DIRECTION ( 'NONE',  ( 1.000000000000000000, -0.000000000000000000, -0.000000000000000000 ) ) ;
#243 = CARTESIAN_POINT ( 'NONE',  ( -5.315483133298897656, 21.00000000000000000, 29.49999999999993250 ) ) ;
#244 = LINE ( 'NONE', #1035, #564 ) ;
#245 = VECTOR ( 'NONE', #813, 1000.000000000000000 ) ;
#246 = EDGE_CURVE ( 'NONE', #1887, #2607, #928, .T. ) ;
#247 = DIRECTION ( 'NONE',  ( 0.000000000000000000, -8.848221749299433847E-16, 1.000000000000000000 ) ) ;
#248 = CARTESIAN_POINT ( 'NONE',  ( 40.20000000000001705, -1.447822569485242905, 7.000000000000003553 ) ) ;
#249 = FACE_OUTER_BOUND ( 'NONE', #2143, .T. ) ;
#250 = ORIENTED_EDGE ( 'NONE', *, *, #2026, .F. ) ;
#251 = ADVANCED_FACE ( 'NONE', ( #1229 ), #2023, .F. ) ;
#252 = DIRECTION ( 'NONE',  ( 1.000000000000000000, -0.000000000000000000, -0.000000000000000000 ) ) ;
#253 = EDGE_CURVE ( 'NONE', #191, #1129, #1435, .T. ) ;
#254 = ORIENTED_EDGE ( 'NONE', *, *, #2155, .T. ) ;
#255 = ORIENTED_EDGE ( 'NONE', *, *, #2363, .F. ) ;
#256 = ORIENTED_EDGE ( 'NONE', *, *, #118, .T. ) ;
#257 = CIRCLE ( 'NONE', #2352, 0.9999999999999887867 ) ;
#258 = CYLINDRICAL_SURFACE ( 'NONE', #1571, 4.250000000000000000 ) ;
#259 = DIRECTION ( 'NONE',  ( 0.000000000000000000, 0.000000000000000000, -1.000000000000000000 ) ) ;
#260 = CARTESIAN_POINT ( 'NONE',  ( 0.000000000000000000, -4.000000000000000000, 24.00000000000000000 ) ) ;
#261 = AXIS2_PLACEMENT_3D ( 'NONE', #2118, #1257, #2289 ) ;
#262 = CARTESIAN_POINT ( 'NONE',  ( 44.68451686670109524, 21.00000000000000000, 25.24999999999993960 ) ) ;
#263 = CARTESIAN_POINT ( 'NONE',  ( 40.20000000000001705, 5.656854249492379694, 18.65685424949238325 ) ) ;
#264 = ORIENTED_EDGE ( 'NONE', *, *, #1643, .F. ) ;
#265 = DIRECTION ( 'NONE',  ( 0.000000000000000000, -1.000000000000000000, 0.000000000000000000 ) ) ;
#266 = ORIENTED_EDGE ( 'NONE', *, *, #436, .F. ) ;
#267 = AXIS2_PLACEMENT_3D ( 'NONE', #1127, #1348, #149 ) ;
#268 = EDGE_LOOP ( 'NONE', ( #1598, #1711, #1836, #2531 ) ) ;
#269 = VERTEX_POINT ( 'NONE', #1029 ) ;
#270 = DIRECTION ( 'NONE',  ( 0.000000000000000000, 0.000000000000000000, -1.000000000000000000 ) ) ;
#271 = DIRECTION ( 'NONE',  ( -1.000000000000000000, -1.196068857455806470E-16, -0.000000000000000000 ) ) ;
#272 = CARTESIAN_POINT ( 'NONE',  ( 40.20000000000001705, 8.000000000000000000, 12.00000000000001421 ) ) ;
#273 = LINE ( 'NONE', #1872, #1124 ) ;
#274 = ORIENTED_EDGE ( 'NONE', *, *, #679, .F. ) ;
#275 = AXIS2_PLACEMENT_3D ( 'NONE', #2530, #2555, #958 ) ;
#276 = LINE ( 'NONE', #52, #922 ) ;
#277 = VERTEX_POINT ( 'NONE', #13 ) ;
#278 = VERTEX_POINT ( 'NONE', #966 ) ;
#279 = ORIENTED_EDGE ( 'NONE', *, *, #1546, .T. ) ;
#280 = DIRECTION ( 'NONE',  ( 0.000000000000000000, 0.000000000000000000, -1.000000000000000000 ) ) ;
#281 = DIRECTION ( 'NONE',  ( 0.000000000000000000, 0.000000000000000000, 1.000000000000000000 ) ) ;
#282 = CARTESIAN_POINT ( 'NONE',  ( 38.20000000000001705, -0.3239997712375992656, 22.50000000000000355 ) ) ;
#283 = ORIENTED_EDGE ( 'NONE', *, *, #2000, .T. ) ;
#284 = AXIS2_PLACEMENT_3D ( 'NONE', #734, #1141, #2552 ) ;
#285 = DIRECTION ( 'NONE',  ( -1.196068857455806470E-16, 1.000000000000000000, 0.000000000000000000 ) ) ;
#286 = AXIS2_PLACEMENT_3D ( 'NONE', #2215, #2203, #394 ) ;
#287 = ORIENTED_EDGE ( 'NONE', *, *, #342, .T. ) ;
#288 = EDGE_CURVE ( 'NONE', #76, #1561, #2329, .T. ) ;
#289 = EDGE_LOOP ( 'NONE', ( #1339, #2225, #429, #1408, #2299, #1533 ) ) ;
#290 = ORIENTED_EDGE ( 'NONE', *, *, #527, .F. ) ;
#291 = CARTESIAN_POINT ( 'NONE',  ( 19.09999999999990905, 21.00000000000000000, -4.000000000000003553 ) ) ;
#292 = CIRCLE ( 'NONE', #2485, 3.676000228762396738 ) ;
#293 = EDGE_CURVE ( 'NONE', #1085, #1391, #722, .T. ) ;
#294 = LINE ( 'NONE', #1932, #1202 ) ;
#295 = CARTESIAN_POINT ( 'NONE',  ( -2.000000000000000444, -0.3741145311926507011, 0.000000000000000000 ) ) ;
#296 = VERTEX_POINT ( 'NONE', #1206 ) ;
#297 = EDGE_CURVE ( 'NONE', #1336, #1421, #1969, .T. ) ;
#298 = AXIS2_PLACEMENT_3D ( 'NONE', #1182, #746, #360 ) ;
#299 = DIRECTION ( 'NONE',  ( 1.000000000000000000, -0.000000000000000000, -0.000000000000000000 ) ) ;
#300 = CARTESIAN_POINT ( 'NONE',  ( -2.000000000000001776, -1.447822569485247790, 18.99459510171468324 ) ) ;
#301 = ORIENTED_EDGE ( 'NONE', *, *, #706, .T. ) ;
#302 = DIRECTION ( 'NONE',  ( 1.000000000000000000, -0.000000000000000000, -0.000000000000000000 ) ) ;
#303 = VECTOR ( 'NONE', #1999, 1000.000000000000000 ) ;
#304 = ORIENTED_EDGE ( 'NONE', *, *, #293, .F. ) ;
#305 = ORIENTED_EDGE ( 'NONE', *, *, #406, .F. ) ;
#306 = CARTESIAN_POINT ( 'NONE',  ( 40.20000000000001705, 0.000000000000000000, 5.000000000000000888 ) ) ;
#307 = CARTESIAN_POINT ( 'NONE',  ( 44.68451686670109524, 27.00000000000000000, 29.49999999999994316 ) ) ;
#308 = DIRECTION ( 'NONE',  ( 8.630465054610978570E-17, -1.000000000000000000, 0.000000000000000000 ) ) ;
#309 = CARTESIAN_POINT ( 'NONE',  ( 38.20000000000001705, -1.612258796062072932E-15, 21.99999999999999289 ) ) ;
#310 = EDGE_CURVE ( 'NONE', #1901, #1421, #2541, .T. ) ;
#311 = CARTESIAN_POINT ( 'NONE',  ( -2.000000000000001776, 8.000000000000000000, 13.00000000000000355 ) ) ;
#312 = VERTEX_POINT ( 'NONE', #1997 ) ;
#313 = DIRECTION ( 'NONE',  ( 0.000000000000000000, 0.000000000000000000, -1.000000000000000000 ) ) ;
#314 = ORIENTED_EDGE ( 'NONE', *, *, #879, .T. ) ;
#315 = ORIENTED_EDGE ( 'NONE', *, *, #390, .T. ) ;
#316 = LINE ( 'NONE', #498, #1487 ) ;
#317 = VECTOR ( 'NONE', #424, 1000.000000000000000 ) ;
#318 = PLANE ( 'NONE',  #861 ) ;
#319 = DIRECTION ( 'NONE',  ( -0.000000000000000000, -1.000000000000000000, -0.000000000000000000 ) ) ;
#320 = EDGE_CURVE ( 'NONE', #1990, #399, #768, .T. ) ;
#321 = FACE_BOUND ( 'NONE', #1463, .T. ) ;
#322 = DIRECTION ( 'NONE',  ( -1.000000000000000000, -1.196068857455806470E-16, -0.000000000000000000 ) ) ;
#323 = VERTEX_POINT ( 'NONE', #2031 ) ;
#324 = AXIS2_PLACEMENT_3D ( 'NONE', #1525, #329, #1123 ) ;
#325 = LINE ( 'NONE', #1926, #1866 ) ;
#326 = ORIENTED_EDGE ( 'NONE', *, *, #1647, .T. ) ;
#327 = ORIENTED_EDGE ( 'NONE', *, *, #2200, .T. ) ;
#328 = LINE ( 'NONE', #82, #913 ) ;
#329 = DIRECTION ( 'NONE',  ( -1.196068857455806470E-16, 1.000000000000000000, 0.000000000000000000 ) ) ;
#330 = DIRECTION ( 'NONE',  ( 0.000000000000000000, 0.000000000000000000, -1.000000000000000000 ) ) ;
#331 = EDGE_CURVE ( 'NONE', #1724, #631, #1780, .T. ) ;
#332 = CARTESIAN_POINT ( 'NONE',  ( 38.20000000000001705, 1.540743955509788682E-30, 26.00000000000000000 ) ) ;
#333 = DIRECTION ( 'NONE',  ( 0.000000000000000000, 0.000000000000000000, -1.000000000000000000 ) ) ;
#334 = EDGE_CURVE ( 'NONE', #714, #957, #1579, .T. ) ;
#335 = EDGE_LOOP ( 'NONE', ( #38, #762, #255, #1507 ) ) ;
#336 = CIRCLE ( 'NONE', #2317, 4.250000000000000000 ) ;
#337 = DIRECTION ( 'NONE',  ( 0.000000000000000000, -0.000000000000000000, 1.000000000000000000 ) ) ;
#338 = VERTEX_POINT ( 'NONE', #411 ) ;
#339 = VERTEX_POINT ( 'NONE', #604 ) ;
#340 = CIRCLE ( 'NONE', #1005, 0.9999999999999887867 ) ;
#341 = LINE ( 'NONE', #2147, #1143 ) ;
#342 = EDGE_CURVE ( 'NONE', #583, #1800, #981, .T. ) ;
#343 = DIRECTION ( 'NONE',  ( 0.000000000000000000, 1.000000000000000000, -0.000000000000000000 ) ) ;
#344 = DIRECTION ( 'NONE',  ( -1.000000000000000000, -1.196068857455806470E-16, -0.000000000000000000 ) ) ;
#345 = DIRECTION ( 'NONE',  ( -1.000000000000000000, 0.000000000000000000, 0.000000000000000000 ) ) ;
#346 = DIRECTION ( 'NONE',  ( -1.000000000000000000, -1.196068857455806470E-16, -4.465070964520695493E-19 ) ) ;
#347 = EDGE_LOOP ( 'NONE', ( #1517, #2518, #2451, #689, #1659, #1899, #419, #880 ) ) ;
#348 = FACE_OUTER_BOUND ( 'NONE', #1494, .T. ) ;
#349 = ORIENTED_EDGE ( 'NONE', *, *, #2503, .F. ) ;
#350 = ORIENTED_EDGE ( 'NONE', *, *, #983, .T. ) ;
#351 = DIRECTION ( 'NONE',  ( 1.000000000000000000, -0.000000000000000000, -0.000000000000000000 ) ) ;
#352 = AXIS2_PLACEMENT_3D ( 'NONE', #770, #2219, #1209 ) ;
#353 = ADVANCED_FACE ( 'NONE', ( #2177 ), #1180, .F. ) ;
#354 = AXIS2_PLACEMENT_3D ( 'NONE', #902, #2084, #1486 ) ;
#355 = EDGE_CURVE ( 'NONE', #2068, #485, #395, .T. ) ;
#356 = CARTESIAN_POINT ( 'NONE',  ( 40.20000000000001705, 5.656854249492379694, 18.65685424949238325 ) ) ;
#357 = ADVANCED_FACE ( 'NONE', ( #2446, #2190, #1818, #1426 ), #201, .T. ) ;
#358 = CARTESIAN_POINT ( 'NONE',  ( 40.20000000000001705, 5.656854249492379694, 18.65685424949238325 ) ) ;
#359 = FACE_BOUND ( 'NONE', #1815, .T. ) ;
#360 = DIRECTION ( 'NONE',  ( 0.000000000000000000, 0.000000000000000000, -1.000000000000000000 ) ) ;
#361 = ORIENTED_EDGE ( 'NONE', *, *, #1833, .F. ) ;
#362 = CARTESIAN_POINT ( 'NONE',  ( 40.20000000000001705, -1.734723475976807094E-15, 21.00000000000000355 ) ) ;
#363 = ORIENTED_EDGE ( 'NONE', *, *, #1790, .F. ) ;
#364 = ORIENTED_EDGE ( 'NONE', *, *, #792, .T. ) ;
#365 = FACE_OUTER_BOUND ( 'NONE', #2521, .T. ) ;
#366 = ADVANCED_FACE ( 'NONE', ( #780 ), #1590, .F. ) ;
#367 = COORDINATED_UNIVERSAL_TIME_OFFSET ( 5, 0, .BEHIND. ) ;
#368 = DIRECTION ( 'NONE',  ( -1.000000000000000000, 0.000000000000000000, 0.000000000000000000 ) ) ;
#369 = CARTESIAN_POINT ( 'NONE',  ( -1.658354738980963438E-15, 26.99999999999999645, 1.942114229634187303E-31 ) ) ;
#370 = CARTESIAN_POINT ( 'NONE',  ( 2.000000000000001776, -1.447822569485255340, 26.00000000000000711 ) ) ;
#371 = FACE_OUTER_BOUND ( 'NONE', #785, .T. ) ;
#372 = AXIS2_PLACEMENT_3D ( 'NONE', #228, #808, #410 ) ;
#373 = DIRECTION ( 'NONE',  ( 1.000000000000000000, -0.000000000000000000, -0.000000000000000000 ) ) ;
#374 = EDGE_LOOP ( 'NONE', ( #1677, #817, #2342, #1338 ) ) ;
#375 = ORIENTED_EDGE ( 'NONE', *, *, #1163, .F. ) ;
#376 = CARTESIAN_POINT ( 'NONE',  ( 38.20000000000001705, -6.651136614214353917E-14, 24.00000000000000000 ) ) ;
#377 = VECTOR ( 'NONE', #1851, 1000.000000000000000 ) ;
#378 = CIRCLE ( 'NONE', #1510, 3.676000228762395849 ) ;
#379 = CARTESIAN_POINT ( 'NONE',  ( -2.000000000000003109, 20.99999999999999645, 26.00000000000000000 ) ) ;
#380 = VECTOR ( 'NONE', #2551, 1000.000000000000000 ) ;
#381 = DIRECTION ( 'NONE',  ( 1.000000000000000000, -0.000000000000000000, -0.000000000000000000 ) ) ;
#382 = DIRECTION ( 'NONE',  ( 1.734723475976807292E-15, 1.000000000000000000, -1.084202172485501476E-15 ) ) ;
#383 = DIRECTION ( 'NONE',  ( 0.000000000000000000, 0.000000000000000000, 1.000000000000000000 ) ) ;
#384 = ORIENTED_EDGE ( 'NONE', *, *, #2354, .F. ) ;
#385 = FACE_OUTER_BOUND ( 'NONE', #15, .T. ) ;
#386 = ORIENTED_EDGE ( 'NONE', *, *, #704, .T. ) ;
#387 = ORIENTED_EDGE ( 'NONE', *, *, #1630, .T. ) ;
#388 = CARTESIAN_POINT ( 'NONE',  ( 36.20000000000001705, -6.626643678231406887E-14, 2.000000000000003553 ) ) ;
#389 = AXIS2_PLACEMENT_3D ( 'NONE', #2204, #32, #1022 ) ;
#390 = EDGE_CURVE ( 'NONE', #1661, #339, #795, .T. ) ;
#391 = ORIENTED_EDGE ( 'NONE', *, *, #1914, .T. ) ;
#392 = AXIS2_PLACEMENT_3D ( 'NONE', #1318, #2136, #280 ) ;
#393 = APPROVAL_STATUS ( 'not_yet_approved' ) ;
#394 = DIRECTION ( 'NONE',  ( 0.000000000000000000, 0.000000000000000000, -1.000000000000000000 ) ) ;
#395 = LINE ( 'NONE', #2590, #652 ) ;
#396 = LINE ( 'NONE', #1194, #303 ) ;
#397 = CYLINDRICAL_SURFACE ( 'NONE', #2418, 2.250000000000000444 ) ;
#398 = EDGE_CURVE ( 'NONE', #2482, #2442, #1411, .T. ) ;
#399 = VERTEX_POINT ( 'NONE', #2216 ) ;
#400 = DIRECTION ( 'NONE',  ( 0.000000000000000000, 0.000000000000000000, 1.000000000000000000 ) ) ;
#401 = VERTEX_POINT ( 'NONE', #1622 ) ;
#402 = ORIENTED_EDGE ( 'NONE', *, *, #1837, .T. ) ;
#403 = DIRECTION ( 'NONE',  ( 1.000000000000000000, -0.000000000000000000, -0.000000000000000000 ) ) ;
#404 = EDGE_CURVE ( 'NONE', #718, #511, #2430, .T. ) ;
#405 = VERTEX_POINT ( 'NONE', #18 ) ;
#406 = EDGE_CURVE ( 'NONE', #339, #323, #448, .T. ) ;
#407 = AXIS2_PLACEMENT_3D ( 'NONE', #927, #1743, #308 ) ;
#408 = CARTESIAN_POINT ( 'NONE',  ( 0.000000000000000000, 0.000000000000000000, 0.000000000000000000 ) ) ;
#409 = CIRCLE ( 'NONE', #2261, 3.676000228762395849 ) ;
#410 = DIRECTION ( 'NONE',  ( 0.000000000000000000, 0.000000000000000000, -1.000000000000000000 ) ) ;
#411 = CARTESIAN_POINT ( 'NONE',  ( 51.10000000000000142, 21.00000000000000000, -12.00000000000000355 ) ) ;
#412 = CYLINDRICAL_SURFACE ( 'NONE', #1514, 0.9999999999999887867 ) ;
#413 = EDGE_CURVE ( 'NONE', #998, #312, #244, .T. ) ;
#414 = DIRECTION ( 'NONE',  ( -1.000000000000000000, 0.000000000000000000, 0.000000000000000000 ) ) ;
#415 = ORIENTED_EDGE ( 'NONE', *, *, #938, .F. ) ;
#416 = DIRECTION ( 'NONE',  ( -1.000000000000000000, 0.000000000000000000, 0.000000000000000000 ) ) ;
#417 = ORIENTED_EDGE ( 'NONE', *, *, #2399, .T. ) ;
#418 = CARTESIAN_POINT ( 'NONE',  ( -10.65000000000000391, 32.99999999999999289, -12.00000000000000355 ) ) ;
#419 = ORIENTED_EDGE ( 'NONE', *, *, #150, .T. ) ;
#420 = VERTEX_POINT ( 'NONE', #1442 ) ;
#421 = DIRECTION ( 'NONE',  ( -0.000000000000000000, -1.000000000000000000, -0.000000000000000000 ) ) ;
#422 = EDGE_CURVE ( 'NONE', #2351, #595, #1048, .T. ) ;
#423 = CARTESIAN_POINT ( 'NONE',  ( 38.20000000000002416, 5.656854249492380582, 7.343145750507622083 ) ) ;
#424 = DIRECTION ( 'NONE',  ( 1.000000000000000000, -0.000000000000000000, -0.000000000000000000 ) ) ;
#425 = EDGE_CURVE ( 'NONE', #42, #1657, #2045, .T. ) ;
#426 = CARTESIAN_POINT ( 'NONE',  ( 40.20000000000001705, 5.656854249492379694, 17.65685424949239390 ) ) ;
#427 = AXIS2_PLACEMENT_3D ( 'NONE', #758, #1947, #163 ) ;
#428 = CYLINDRICAL_SURFACE ( 'NONE', #775, 3.676000228762395849 ) ;
#429 = ORIENTED_EDGE ( 'NONE', *, *, #664, .F. ) ;
#430 = CARTESIAN_POINT ( 'NONE',  ( -2.000000000000001776, 0.000000000000000000, 7.000000000000001776 ) ) ;
#431 = EDGE_LOOP ( 'NONE', ( #630, #1405, #1748, #1379 ) ) ;
#432 = DIRECTION ( 'NONE',  ( 0.000000000000000000, 0.000000000000000000, -1.000000000000000000 ) ) ;
#433 = ORIENTED_EDGE ( 'NONE', *, *, #629, .F. ) ;
#434 = EDGE_LOOP ( 'NONE', ( #1994, #458 ) ) ;
#435 = EDGE_CURVE ( 'NONE', #2024, #312, #454, .T. ) ;
#436 = EDGE_CURVE ( 'NONE', #166, #1840, #2253, .T. ) ;
#437 = CIRCLE ( 'NONE', #1602, 4.250000000000003553 ) ;
#438 = DIRECTION ( 'NONE',  ( 0.000000000000000000, 0.000000000000000000, -1.000000000000000000 ) ) ;
#439 = CARTESIAN_POINT ( 'NONE',  ( -2.000000000000001776, 0.000000000000000000, 19.00000000000000355 ) ) ;
#440 = DIRECTION ( 'NONE',  ( 0.000000000000000000, 1.000000000000000000, 0.000000000000000000 ) ) ;
#441 = EDGE_CURVE ( 'NONE', #595, #23, #1267, .T. ) ;
#442 = CIRCLE ( 'NONE', #2163, 0.9999999999999904521 ) ;
#443 = DIRECTION ( 'NONE',  ( 1.000000000000000000, -0.000000000000000000, -0.000000000000000000 ) ) ;
#444 = ADVANCED_FACE ( 'NONE', ( #2073, #1654, #1237, #1063, #2460, #2268 ), #647, .F. ) ;
#445 = DIRECTION ( 'NONE',  ( -0.000000000000000000, -1.000000000000000000, -0.000000000000000000 ) ) ;
#446 = ORIENTED_EDGE ( 'NONE', *, *, #2112, .F. ) ;
#447 = LINE ( 'NONE', #1795, #2018 ) ;
#448 = CIRCLE ( 'NONE', #1705, 0.9999999999999870104 ) ;
#449 = VERTEX_POINT ( 'NONE', #2048 ) ;
#450 = ORIENTED_EDGE ( 'NONE', *, *, #310, .F. ) ;
#451 = ORIENTED_EDGE ( 'NONE', *, *, #2546, .F. ) ;
#452 = FACE_OUTER_BOUND ( 'NONE', #1610, .T. ) ;
#453 = CARTESIAN_POINT ( 'NONE',  ( -2.000000000000000444, -1.447822569485255784, 26.00000000000000711 ) ) ;
#454 = LINE ( 'NONE', #2256, #898 ) ;
#455 = AXIS2_PLACEMENT_3D ( 'NONE', #1920, #343, #133 ) ;
#456 = DIRECTION ( 'NONE',  ( 1.000000000000000000, -0.000000000000000000, -0.000000000000000000 ) ) ;
#457 = LINE ( 'NONE', #1255, #125 ) ;
#458 = ORIENTED_EDGE ( 'NONE', *, *, #2032, .F. ) ;
#459 = CARTESIAN_POINT ( 'NONE',  ( 38.19999999999999574, 0.000000000000000000, 19.00000000000000355 ) ) ;
#460 = VERTEX_POINT ( 'NONE', #465 ) ;
#461 = ORIENTED_EDGE ( 'NONE', *, *, #1212, .T. ) ;
#462 = ORIENTED_EDGE ( 'NONE', *, *, #413, .F. ) ;
#463 = DIRECTION ( 'NONE',  ( -1.000000000000000000, 0.000000000000000000, 0.000000000000000000 ) ) ;
#464 = DIRECTION ( 'NONE',  ( 0.000000000000000000, 0.000000000000000000, -1.000000000000000000 ) ) ;
#465 = CARTESIAN_POINT ( 'NONE',  ( 0.000000000000000000, -3.680035778473103925, 2.000000000000004441 ) ) ;
#466 = CIRCLE ( 'NONE', #786, 0.9999999999999870104 ) ;
#467 = AXIS2_PLACEMENT_3D ( 'NONE', #815, #581, #2437 ) ;
#468 = FACE_OUTER_BOUND ( 'NONE', #182, .T. ) ;
#469 = DIRECTION ( 'NONE',  ( 1.196068857455806470E-16, -1.000000000000000000, 0.000000000000000000 ) ) ;
#470 = EDGE_LOOP ( 'NONE', ( #1963, #626, #1213, #2193 ) ) ;
#471 = DIRECTION ( 'NONE',  ( -1.000000000000000000, -1.196068857455806470E-16, -0.000000000000000000 ) ) ;
#472 = VERTEX_POINT ( 'NONE', #636 ) ;
#473 = ORIENTED_EDGE ( 'NONE', *, *, #483, .T. ) ;
#474 = ORIENTED_EDGE ( 'NONE', *, *, #1564, .F. ) ;
#475 = EDGE_CURVE ( 'NONE', #2441, #884, #107, .T. ) ;
#476 = CARTESIAN_POINT ( 'NONE',  ( -5.315483133298897656, 26.99999999999999645, 31.74999999999993250 ) ) ;
#477 = VECTOR ( 'NONE', #209, 1000.000000000000000 ) ;
#478 = CYLINDRICAL_SURFACE ( 'NONE', #1540, 0.9999999999999887867 ) ;
#479 = LINE ( 'NONE', #2258, #1262 ) ;
#480 = CIRCLE ( 'NONE', #1279, 0.9999999999999895639 ) ;
#481 = ORIENTED_EDGE ( 'NONE', *, *, #1045, .F. ) ;
#482 = AXIS2_PLACEMENT_3D ( 'NONE', #1466, #727, #1572 ) ;
#483 = EDGE_CURVE ( 'NONE', #1625, #1977, #1474, .T. ) ;
#484 = CARTESIAN_POINT ( 'NONE',  ( 40.20000000000001705, 8.000000000000000000, 13.00000000000000355 ) ) ;
#485 = VERTEX_POINT ( 'NONE', #1500 ) ;
#486 = ORIENTED_EDGE ( 'NONE', *, *, #246, .T. ) ;
#487 = DIRECTION ( 'NONE',  ( 0.000000000000000000, 0.000000000000000000, -1.000000000000000000 ) ) ;
#488 = EDGE_CURVE ( 'NONE', #2158, #460, #2075, .T. ) ;
#489 = CARTESIAN_POINT ( 'NONE',  ( 60.00000000000000711, -1.447822569485248234, 26.00000000000000711 ) ) ;
#490 = EDGE_CURVE ( 'NONE', #2582, #1001, #2016, .T. ) ;
#491 = CARTESIAN_POINT ( 'NONE',  ( 40.20000000000001705, 5.656854249492379694, 18.65685424949238325 ) ) ;
#492 = LINE ( 'NONE', #1309, #2273 ) ;
#493 = DIRECTION ( 'NONE',  ( 0.000000000000000000, -1.000000000000000000, 0.000000000000000000 ) ) ;
#494 = DIRECTION ( 'NONE',  ( 1.000000000000000000, -1.734723475976807489E-15, 0.000000000000000000 ) ) ;
#495 = ORIENTED_EDGE ( 'NONE', *, *, #2078, .T. ) ;
#496 = ORIENTED_EDGE ( 'NONE', *, *, #1888, .T. ) ;
#497 = DIRECTION ( 'NONE',  ( 1.000000000000000000, 5.421010862427522786E-17, 0.000000000000000000 ) ) ;
#498 = CARTESIAN_POINT ( 'NONE',  ( 51.10000000000001563, 33.00000000000000000, 37.99999999999999289 ) ) ;
#499 = VECTOR ( 'NONE', #2322, 1000.000000000000000 ) ;
#500 = EDGE_CURVE ( 'NONE', #2041, #1901, #479, .T. ) ;
#501 = CARTESIAN_POINT ( 'NONE',  ( 38.20000000000001705, 0.02613148982187295244, 19.00009755203953432 ) ) ;
#502 = DIRECTION ( 'NONE',  ( 1.000000000000000000, -0.000000000000000000, -0.000000000000000000 ) ) ;
#503 = AXIS2_PLACEMENT_3D ( 'NONE', #1244, #2234, #416 ) ;
#504 = AXIS2_PLACEMENT_3D ( 'NONE', #311, #1948, #111 ) ;
#505 = DIRECTION ( 'NONE',  ( -1.000000000000000000, -1.196068857455806470E-16, 0.000000000000000000 ) ) ;
#506 = PLANE ( 'NONE',  #711 ) ;
#507 = ORIENTED_EDGE ( 'NONE', *, *, #1957, .T. ) ;
#508 = CARTESIAN_POINT ( 'NONE',  ( -2.000000000000000444, -1.447822569485255784, 0.000000000000000000 ) ) ;
#509 = AXIS2_PLACEMENT_3D ( 'NONE', #1067, #2260, #1706 ) ;
#510 = ORIENTED_EDGE ( 'NONE', *, *, #2433, .F. ) ;
#511 = VERTEX_POINT ( 'NONE', #852 ) ;
#512 = LOCAL_TIME ( 10, 55, 35.00000000000000000, #367 ) ;
#513 = EDGE_CURVE ( 'NONE', #747, #1661, #2489, .T. ) ;
#514 = LINE ( 'NONE', #2511, #2507 ) ;
#515 = CARTESIAN_POINT ( 'NONE',  ( -3.065483133298896323, 24.00000000000000000, 29.49999999999993250 ) ) ;
#516 = EDGE_CURVE ( 'NONE', #338, #2068, #457, .T. ) ;
#517 = CYLINDRICAL_SURFACE ( 'NONE', #860, 2.250000000000000444 ) ;
#518 = ADVANCED_FACE ( 'NONE', ( #2062 ), #1882, .T. ) ;
#519 = CARTESIAN_POINT ( 'NONE',  ( 0.000000000000000000, -3.999999999999999112, 22.50000000000000355 ) ) ;
#520 = FACE_OUTER_BOUND ( 'NONE', #96, .T. ) ;
#521 = ORIENTED_EDGE ( 'NONE', *, *, #2474, .T. ) ;
#522 = FACE_BOUND ( 'NONE', #1459, .T. ) ;
#523 = VERTEX_POINT ( 'NONE', #1656 ) ;
#524 = LINE ( 'NONE', #1329, #2371 ) ;
#525 = EDGE_CURVE ( 'NONE', #1445, #71, #685, .T. ) ;
#526 = CARTESIAN_POINT ( 'NONE',  ( 40.20000000000001705, -5.421010862427522170E-17, 19.00000000000000355 ) ) ;
#527 = EDGE_CURVE ( 'NONE', #1977, #1625, #466, .T. ) ;
#528 = FACE_BOUND ( 'NONE', #434, .T. ) ;
#529 = CARTESIAN_POINT ( 'NONE',  ( -12.90000000000000391, 20.99999999999999645, -12.00000000000000355 ) ) ;
#530 = CARTESIAN_POINT ( 'NONE',  ( 0.000000000000000000, 8.000000000000000000, 13.00000000000000355 ) ) ;
#531 = DIRECTION ( 'NONE',  ( 1.000000000000000000, -0.000000000000000000, -0.000000000000000000 ) ) ;
#532 = ORIENTED_EDGE ( 'NONE', *, *, #2284, .F. ) ;
#533 = CIRCLE ( 'NONE', #2389, 2.250000000000001776 ) ;
#534 = DIRECTION ( 'NONE',  ( 0.000000000000000000, -1.000000000000000000, 0.000000000000000000 ) ) ;
#535 = VERTEX_POINT ( 'NONE', #1037 ) ;
#536 = ORIENTED_EDGE ( 'NONE', *, *, #404, .T. ) ;
#537 = DIRECTION ( 'NONE',  ( 0.000000000000000000, 0.000000000000000000, -1.000000000000000000 ) ) ;
#538 = DIRECTION ( 'NONE',  ( 0.000000000000000000, 0.000000000000000000, -1.000000000000000000 ) ) ;
#539 = AXIS2_PLACEMENT_3D ( 'NONE', #2176, #575, #368 ) ;
#540 = FACE_OUTER_BOUND ( 'NONE', #2197, .T. ) ;
#541 = DIRECTION ( 'NONE',  ( 0.000000000000000000, 0.9999930319728996819, 0.003733095986867285016 ) ) ;
#542 = DIRECTION ( 'NONE',  ( -0.000000000000000000, -1.000000000000000000, -0.000000000000000000 ) ) ;
#543 = ORIENTED_EDGE ( 'NONE', *, *, #1454, .T. ) ;
#544 = VECTOR ( 'NONE', #1492, 1000.000000000000000 ) ;
#545 = CARTESIAN_POINT ( 'NONE',  ( 0.000000000000000000, -1.447822569485247568, 7.000000000000003553 ) ) ;
#546 = ORIENTED_EDGE ( 'NONE', *, *, #293, .T. ) ;
#547 = ORIENTED_EDGE ( 'NONE', *, *, #1327, .F. ) ;
#548 = CARTESIAN_POINT ( 'NONE',  ( 0.000000000000000000, -1.734723475976807094E-15, 21.00000000000000355 ) ) ;
#549 = CYLINDRICAL_SURFACE ( 'NONE', #707, 0.9999999999999887867 ) ;
#550 = DIRECTION ( 'NONE',  ( 0.000000000000000000, 0.000000000000000000, -1.000000000000000000 ) ) ;
#551 = CARTESIAN_POINT ( 'NONE',  ( -2.000000000000000444, -0.3239997712376040950, 22.50000000000000355 ) ) ;
#552 = CARTESIAN_POINT ( 'NONE',  ( 40.20000000000001705, -1.734723475976807094E-15, 21.00000000000000355 ) ) ;
#553 = ORIENTED_EDGE ( 'NONE', *, *, #2372, .T. ) ;
#554 = ADVANCED_FACE ( 'NONE', ( #1065 ), #2476, .F. ) ;
#555 = CIRCLE ( 'NONE', #1319, 3.676000228762396738 ) ;
#556 = CARTESIAN_POINT ( 'NONE',  ( 40.20000000000001705, 5.656854249492379694, 17.65685424949239390 ) ) ;
#557 = VERTEX_POINT ( 'NONE', #85 ) ;
#558 = ORIENTED_EDGE ( 'NONE', *, *, #1888, .F. ) ;
#559 = DIRECTION ( 'NONE',  ( 0.000000000000000000, 0.000000000000000000, 1.000000000000000000 ) ) ;
#560 = CIRCLE ( 'NONE', #2002, 3.676000228762396738 ) ;
#561 = VECTOR ( 'NONE', #1424, 1000.000000000000000 ) ;
#562 = DESIGN_CONTEXT ( 'detailed design', #2400, 'design' ) ;
#563 = PERSON_AND_ORGANIZATION_ROLE ( 'design_supplier' ) ;
#564 = VECTOR ( 'NONE', #1846, 1000.000000000000000 ) ;
#565 = CARTESIAN_POINT ( 'NONE',  ( -2.000000000000001776, 0.000000000000000000, 19.00000000000000355 ) ) ;
#566 = CARTESIAN_POINT ( 'NONE',  ( 60.00000000000000711, -1.447822569485248234, 0.000000000000000000 ) ) ;
#567 = CARTESIAN_POINT ( 'NONE',  ( 19.09999999999990905, 24.00000000000000000, -4.000000000000003553 ) ) ;
#568 = DIRECTION ( 'NONE',  ( 1.000000000000000000, 1.196068857455806470E-16, 0.000000000000000000 ) ) ;
#569 = DIRECTION ( 'NONE',  ( 1.000000000000000000, -0.000000000000000000, -0.000000000000000000 ) ) ;
#570 = EDGE_LOOP ( 'NONE', ( #2170, #2233 ) ) ;
#571 = VERTEX_POINT ( 'NONE', #875 ) ;
#572 = FACE_OUTER_BOUND ( 'NONE', #2154, .T. ) ;
#573 = VECTOR ( 'NONE', #456, 1000.000000000000000 ) ;
#574 = PERSON_AND_ORGANIZATION ( #1251, #2361 ) ;
#575 = DIRECTION ( 'NONE',  ( -5.831003280594308567E-17, 1.000000000000000000, 8.092142623475780884E-33 ) ) ;
#576 = DIRECTION ( 'NONE',  ( 0.000000000000000000, 0.000000000000000000, -1.000000000000000000 ) ) ;
#577 = PLANE ( 'NONE',  #754 ) ;
#578 = DIRECTION ( 'NONE',  ( 0.000000000000000000, 1.000000000000000000, 0.000000000000000000 ) ) ;
#579 = ADVANCED_FACE ( 'NONE', ( #649 ), #1271, .F. ) ;
#580 = VECTOR ( 'NONE', #1382, 1000.000000000000000 ) ;
#581 = DIRECTION ( 'NONE',  ( -0.000000000000000000, -1.000000000000000000, -0.000000000000000000 ) ) ;
#582 = ORIENTED_EDGE ( 'NONE', *, *, #488, .F. ) ;
#583 = VERTEX_POINT ( 'NONE', #2312 ) ;
#584 = CYLINDRICAL_SURFACE ( 'NONE', #226, 0.9999999999999887867 ) ;
#585 = ORIENTED_EDGE ( 'NONE', *, *, #2391, .F. ) ;
#586 = DIRECTION ( 'NONE',  ( 1.000000000000000000, 0.000000000000000000, 0.000000000000000000 ) ) ;
#587 = EDGE_CURVE ( 'NONE', #296, #405, #492, .T. ) ;
#588 = DIRECTION ( 'NONE',  ( 1.000000000000000000, -1.734723475976807489E-15, 0.000000000000000000 ) ) ;
#589 = CARTESIAN_POINT ( 'NONE',  ( 2.000000000000000000, 0.000000000000000000, 2.000000000000003553 ) ) ;
#590 = CARTESIAN_POINT ( 'NONE',  ( 0.000000000000000000, 0.000000000000000000, 13.00000000000000355 ) ) ;
#591 = CARTESIAN_POINT ( 'NONE',  ( 38.20000000000002416, 5.656854249492379694, 18.65685424949238325 ) ) ;
#592 = ORIENTED_EDGE ( 'NONE', *, *, #138, .F. ) ;
#593 = CC_DESIGN_PERSON_AND_ORGANIZATION_ASSIGNMENT ( #2185, #158, ( #1727 ) ) ;
#594 = DIRECTION ( 'NONE',  ( 1.000000000000000000, -0.000000000000000000, -0.000000000000000000 ) ) ;
#595 = VERTEX_POINT ( 'NONE', #2271 ) ;
#596 = ORIENTED_EDGE ( 'NONE', *, *, #605, .T. ) ;
#597 = CARTESIAN_POINT ( 'NONE',  ( 48.85000000000000853, 33.00000000000000000, -12.00000000000000355 ) ) ;
#598 = VECTOR ( 'NONE', #2042, 1000.000000000000000 ) ;
#599 = ORIENTED_EDGE ( 'NONE', *, *, #398, .T. ) ;
#600 = CIRCLE ( 'NONE', #1944, 0.9999999999999883427 ) ;
#601 = ADVANCED_FACE ( 'NONE', ( #249 ), #661, .T. ) ;
#602 = PERSON_AND_ORGANIZATION ( #1251, #2361 ) ;
#603 = CARTESIAN_POINT ( 'NONE',  ( 0.000000000000000000, -1.612258796062072932E-15, 21.99999999999999289 ) ) ;
#604 = CARTESIAN_POINT ( 'NONE',  ( 40.20000000000001705, 5.656854249492380582, 6.343145750507634517 ) ) ;
#605 = EDGE_CURVE ( 'NONE', #191, #1840, #1849, .T. ) ;
#606 = CARTESIAN_POINT ( 'NONE',  ( 40.20000000000001705, 0.000000000000000000, 5.000000000000000888 ) ) ;
#607 = CARTESIAN_POINT ( 'NONE',  ( 40.20000000000001705, -1.734723475976807094E-15, 20.00000000000001776 ) ) ;
#608 = ORIENTED_EDGE ( 'NONE', *, *, #37, .F. ) ;
#609 = CARTESIAN_POINT ( 'NONE',  ( 51.10000000000000853, 21.00000000000000000, 37.99999999999999289 ) ) ;
#610 = EDGE_LOOP ( 'NONE', ( #1573, #2424, #2019, #2054 ) ) ;
#611 = DIRECTION ( 'NONE',  ( 0.000000000000000000, 0.000000000000000000, -1.000000000000000000 ) ) ;
#612 = EDGE_CURVE ( 'NONE', #277, #2305, #273, .T. ) ;
#613 = ORIENTED_EDGE ( 'NONE', *, *, #525, .F. ) ;
#614 = ORIENTED_EDGE ( 'NONE', *, *, #475, .T. ) ;
#615 = VECTOR ( 'NONE', #2336, 1000.000000000000000 ) ;
#616 = LINE ( 'NONE', #1098, #1062 ) ;
#617 = AXIS2_PLACEMENT_3D ( 'NONE', #1955, #779, #1588 ) ;
#618 = DIRECTION ( 'NONE',  ( 0.000000000000000000, 1.000000000000000000, 0.000000000000000000 ) ) ;
#619 = CARTESIAN_POINT ( 'NONE',  ( 36.20000000000001705, -6.651136614214353917E-14, 24.00000000000000000 ) ) ;
#620 = DIRECTION ( 'NONE',  ( 1.000000000000000000, -0.000000000000000000, -0.000000000000000000 ) ) ;
#621 = FACE_OUTER_BOUND ( 'NONE', #2383, .T. ) ;
#622 = ORIENTED_EDGE ( 'NONE', *, *, #2309, .F. ) ;
#623 = LINE ( 'NONE', #192, #1930 ) ;
#624 = EDGE_CURVE ( 'NONE', #401, #2396, #670, .T. ) ;
#625 = AXIS2_PLACEMENT_3D ( 'NONE', #859, #2058, #270 ) ;
#626 = ORIENTED_EDGE ( 'NONE', *, *, #2503, .T. ) ;
#627 = ADVANCED_FACE ( 'NONE', ( #1358 ), #2576, .F. ) ;
#628 = DIRECTION ( 'NONE',  ( 0.000000000000000000, 0.000000000000000000, -1.000000000000000000 ) ) ;
#629 = EDGE_CURVE ( 'NONE', #460, #1800, #1139, .T. ) ;
#630 = ORIENTED_EDGE ( 'NONE', *, *, #2083, .F. ) ;
#631 = VERTEX_POINT ( 'NONE', #1152 ) ;
#632 = AXIS2_PLACEMENT_3D ( 'NONE', #1298, #322, #1719 ) ;
#633 = ADVANCED_FACE ( 'NONE', ( #540 ), #517, .F. ) ;
#634 = FACE_OUTER_BOUND ( 'NONE', #977, .T. ) ;
#635 = DIRECTION ( 'NONE',  ( 1.000000000000000000, -1.734723475976807489E-15, 0.000000000000000000 ) ) ;
#636 = CARTESIAN_POINT ( 'NONE',  ( 44.68451686670109524, 27.00000000000000000, 31.74999999999994316 ) ) ;
#637 = DIRECTION ( 'NONE',  ( 0.000000000000000000, 1.000000000000000000, 0.000000000000000000 ) ) ;
#638 = VECTOR ( 'NONE', #541, 1000.000000000000114 ) ;
#639 = LINE ( 'NONE', #1225, #1376 ) ;
#640 = ORIENTED_EDGE ( 'NONE', *, *, #2469, .T. ) ;
#641 = CYLINDRICAL_SURFACE ( 'NONE', #1171, 0.9999999999999887867 ) ;
#642 = EDGE_LOOP ( 'NONE', ( #1856, #250, #1324, #2532 ) ) ;
#643 = ORIENTED_EDGE ( 'NONE', *, *, #704, .F. ) ;
#644 = ORIENTED_EDGE ( 'NONE', *, *, #882, .F. ) ;
#645 = CARTESIAN_POINT ( 'NONE',  ( 0.000000000000000000, 0.000000000000000000, 5.000000000000000888 ) ) ;
#646 = CARTESIAN_POINT ( 'NONE',  ( 44.68451686670109524, 21.00000000000000000, 33.74999999999994316 ) ) ;
#647 = PLANE ( 'NONE',  #1576 ) ;
#648 = DIRECTION ( 'NONE',  ( 0.000000000000000000, 0.000000000000000000, -1.000000000000000000 ) ) ;
#649 = FACE_OUTER_BOUND ( 'NONE', #2141, .T. ) ;
#650 = VERTEX_POINT ( 'NONE', #940 ) ;
#651 = CARTESIAN_POINT ( 'NONE',  ( 2.000000000000000000, 20.99999999999999645, 26.00000000000000355 ) ) ;
#652 = VECTOR ( 'NONE', #823, 1000.000000000000000 ) ;
#653 = ORIENTED_EDGE ( 'NONE', *, *, #1454, .F. ) ;
#654 = EDGE_LOOP ( 'NONE', ( #2214, #1809, #1056, #1465 ) ) ;
#655 = ORIENTED_EDGE ( 'NONE', *, *, #1555, .F. ) ;
#656 = DIRECTION ( 'NONE',  ( -0.000000000000000000, -1.000000000000000000, -0.000000000000000000 ) ) ;
#657 = CARTESIAN_POINT ( 'NONE',  ( 60.00000000000000711, -1.447822569485248234, 26.00000000000000711 ) ) ;
#658 = DIRECTION ( 'NONE',  ( -5.831003280594308567E-17, 1.000000000000000000, 8.092142623475780884E-33 ) ) ;
#659 = AXIS2_PLACEMENT_3D ( 'NONE', #2036, #2450, #1050 ) ;
#660 = DIRECTION ( 'NONE',  ( 1.000000000000000000, -0.000000000000000000, -0.000000000000000000 ) ) ;
#661 = CYLINDRICAL_SURFACE ( 'NONE', #211, 3.676000228762395849 ) ;
#662 = EDGE_LOOP ( 'NONE', ( #867, #1473, #283, #805 ) ) ;
#663 = CARTESIAN_POINT ( 'NONE',  ( -12.89999999999999680, 20.99999999999999645, 37.99999999999999289 ) ) ;
#664 = EDGE_CURVE ( 'NONE', #2482, #76, #1537, .T. ) ;
#665 = ORIENTED_EDGE ( 'NONE', *, *, #167, .T. ) ;
#666 = UNCERTAINTY_MEASURE_WITH_UNIT (LENGTH_MEASURE( 1.000000000000000082E-05 ), #964, 'distance_accuracy_value', 'NONE');
#667 = ORIENTED_EDGE ( 'NONE', *, *, #1273, .T. ) ;
#668 = ORIENTED_EDGE ( 'NONE', *, *, #1340, .F. ) ;
#669 = FACE_OUTER_BOUND ( 'NONE', #2569, .T. ) ;
#670 = CIRCLE ( 'NONE', #2145, 0.9999999999999870104 ) ;
#671 = VECTOR ( 'NONE', #220, 1000.000000000000000 ) ;
#672 = DIRECTION ( 'NONE',  ( 0.000000000000000000, 1.769644349859886769E-15, 1.000000000000000000 ) ) ;
#673 = DIRECTION ( 'NONE',  ( 1.000000000000000000, -0.000000000000000000, -0.000000000000000000 ) ) ;
#674 = EDGE_LOOP ( 'NONE', ( #2082, #856, #384, #142 ) ) ;
#675 = AXIS2_PLACEMENT_3D ( 'NONE', #2563, #2326, #723 ) ;
#676 = DIRECTION ( 'NONE',  ( 0.000000000000000000, 1.000000000000000000, 0.000000000000000000 ) ) ;
#677 = ORIENTED_EDGE ( 'NONE', *, *, #1799, .T. ) ;
#678 = APPROVAL_PERSON_ORGANIZATION ( #602, #1258, #1191 ) ;
#679 = EDGE_CURVE ( 'NONE', #91, #571, #157, .T. ) ;
#680 = EDGE_LOOP ( 'NONE', ( #935, #1712, #26, #543 ) ) ;
#681 = CARTESIAN_POINT ( 'NONE',  ( -8.673617379884035472E-16, -1.447822569485247568, 18.99459510171468324 ) ) ;
#682 = LINE ( 'NONE', #2334, #686 ) ;
#683 = EDGE_CURVE ( 'NONE', #1001, #2043, #1539, .T. ) ;
#684 = FACE_OUTER_BOUND ( 'NONE', #1883, .T. ) ;
#685 = LINE ( 'NONE', #1481, #1344 ) ;
#686 = VECTOR ( 'NONE', #1498, 1000.000000000000000 ) ;
#687 = CYLINDRICAL_SURFACE ( 'NONE', #2146, 3.676000228762395849 ) ;
#688 = ORIENTED_EDGE ( 'NONE', *, *, #1546, .F. ) ;
#689 = ORIENTED_EDGE ( 'NONE', *, *, #1914, .F. ) ;
#690 = ORIENTED_EDGE ( 'NONE', *, *, #1713, .T. ) ;
#691 = ADVANCED_FACE ( 'NONE', ( #744 ), #721, .F. ) ;
#692 = EDGE_CURVE ( 'NONE', #2123, #338, #1526, .T. ) ;
#693 = CARTESIAN_POINT ( 'NONE',  ( 44.68451686670109524, 21.00000000000000000, 31.74999999999994316 ) ) ;
#694 = DIRECTION ( 'NONE',  ( 1.000000000000000000, -0.000000000000000000, -0.000000000000000000 ) ) ;
#695 = DIRECTION ( 'NONE',  ( -1.000000000000000000, 0.000000000000000000, -0.000000000000000000 ) ) ;
#696 = LINE ( 'NONE', #893, #377 ) ;
#697 = FACE_BOUND ( 'NONE', #1362, .T. ) ;
#698 = ORIENTED_EDGE ( 'NONE', *, *, #1293, .F. ) ;
#700 = ADVANCED_FACE ( 'NONE', ( #757 ), #1125, .T. ) ;
#699 = CARTESIAN_POINT ( 'NONE',  ( 38.20000000000001705, 0.000000000000000000, 5.000000000000000888 ) ) ;
#701 = EDGE_CURVE ( 'NONE', #1160, #166, #2138, .T. ) ;
#702 = ORIENTED_EDGE ( 'NONE', *, *, #1026, .F. ) ;
#703 = ORIENTED_EDGE ( 'NONE', *, *, #1372, .T. ) ;
#704 = EDGE_CURVE ( 'NONE', #278, #1840, #709, .T. ) ;
#705 = DIRECTION ( 'NONE',  ( 1.000000000000000000, -0.000000000000000000, -0.000000000000000000 ) ) ;
#706 = EDGE_CURVE ( 'NONE', #296, #35, #1768, .T. ) ;
#707 = AXIS2_PLACEMENT_3D ( 'NONE', #1151, #1605, #952 ) ;
#708 = DIRECTION ( 'NONE',  ( 0.000000000000000000, 0.000000000000000000, 1.000000000000000000 ) ) ;
#709 = LINE ( 'NONE', #566, #2344 ) ;
#710 = AXIS2_PLACEMENT_3D ( 'NONE', #362, #373, #2132 ) ;
#711 = AXIS2_PLACEMENT_3D ( 'NONE', #1732, #713, #2119 ) ;
#712 = DIRECTION ( 'NONE',  ( 0.000000000000000000, 0.000000000000000000, -1.000000000000000000 ) ) ;
#713 = DIRECTION ( 'NONE',  ( -1.000000000000000000, 0.000000000000000000, 0.000000000000000000 ) ) ;
#714 = VERTEX_POINT ( 'NONE', #161 ) ;
#715 = CARTESIAN_POINT ( 'NONE',  ( -10.65000000000000213, 26.99999999999999645, -12.00000000000000355 ) ) ;
#716 = VECTOR ( 'NONE', #1806, 1000.000000000000000 ) ;
#717 = ORIENTED_EDGE ( 'NONE', *, *, #701, .T. ) ;
#718 = VERTEX_POINT ( 'NONE', #1551 ) ;
#719 = LINE ( 'NONE', #912, #891 ) ;
#720 = PLANE ( 'NONE',  #324 ) ;
#721 = CYLINDRICAL_SURFACE ( 'NONE', #1998, 2.249999999999998668 ) ;
#722 = CIRCLE ( 'NONE', #2202, 4.250000000000000000 ) ;
#723 = DIRECTION ( 'NONE',  ( 1.887620639850546729E-15, 1.000000000000000000, 9.438103199252733644E-16 ) ) ;
#724 = DIRECTION ( 'NONE',  ( 1.000000000000000000, -0.000000000000000000, -0.000000000000000000 ) ) ;
#725 = VECTOR ( 'NONE', #1121, 1000.000000000000000 ) ;
#726 = ORIENTED_EDGE ( 'NONE', *, *, #679, .T. ) ;
#727 = DIRECTION ( 'NONE',  ( 0.000000000000000000, 0.000000000000000000, -1.000000000000000000 ) ) ;
#728 = ORIENTED_EDGE ( 'NONE', *, *, #435, .T. ) ;
#729 = VERTEX_POINT ( 'NONE', #134 ) ;
#730 = CARTESIAN_POINT ( 'NONE',  ( -5.315483133298897656, 24.00000000000000000, 25.24999999999993250 ) ) ;
#731 = LINE ( 'NONE', #1538, #991 ) ;
#732 = CARTESIAN_POINT ( 'NONE',  ( 38.20000000000001705, -0.3239997712375992656, 3.500000000000000444 ) ) ;
#733 = DIRECTION ( 'NONE',  ( -0.000000000000000000, -1.000000000000000000, -0.000000000000000000 ) ) ;
#734 = CARTESIAN_POINT ( 'NONE',  ( -2.000000000000000444, -0.3239997712376040950, 3.500000000000000444 ) ) ;
#735 = EDGE_LOOP ( 'NONE', ( #1952, #2413, #1720, #2056, #1979, #1477, #2479, #235, #1495, #2196, #1574 ) ) ;
#736 = AXIS2_PLACEMENT_3D ( 'NONE', #515, #2499, #1320 ) ;
#737 = PLANE ( 'NONE',  #87 ) ;
#738 = ORIENTED_EDGE ( 'NONE', *, *, #2083, .T. ) ;
#739 = ORIENTED_EDGE ( 'NONE', *, *, #2546, .T. ) ;
#740 = DIRECTION ( 'NONE',  ( -1.000000000000000000, 0.000000000000000000, 0.000000000000000000 ) ) ;
#741 = ADVANCED_FACE ( 'NONE', ( #1513 ), #2116, .F. ) ;
#742 = CARTESIAN_POINT ( 'NONE',  ( 19.09999999999990905, 21.00000000000000000, 0.2499999999999967526 ) ) ;
#743 = AXIS2_PLACEMENT_3D ( 'NONE', #1621, #1858, #1817 ) ;
#744 = FACE_OUTER_BOUND ( 'NONE', #2505, .T. ) ;
#745 = FACE_BOUND ( 'NONE', #2339, .T. ) ;
#746 = DIRECTION ( 'NONE',  ( 1.000000000000000000, -0.000000000000000000, -0.000000000000000000 ) ) ;
#747 = VERTEX_POINT ( 'NONE', #954 ) ;
#748 = FACE_BOUND ( 'NONE', #1691, .T. ) ;
#749 = ADVANCED_FACE ( 'NONE', ( #2362 ), #2165, .F. ) ;
#750 = EDGE_LOOP ( 'NONE', ( #2265, #2401, #599, #1159 ) ) ;
#751 = ORIENTED_EDGE ( 'NONE', *, *, #413, .T. ) ;
#752 = CYLINDRICAL_SURFACE ( 'NONE', #1568, 4.250000000000000000 ) ;
#753 = ADVANCED_FACE ( 'NONE', ( #1906 ), #1116, .T. ) ;
#754 = AXIS2_PLACEMENT_3D ( 'NONE', #1385, #2602, #2191 ) ;
#755 = DATE_AND_TIME ( #2573, #7 ) ;
#756 = DIRECTION ( 'NONE',  ( 0.000000000000000000, -8.848221749299433847E-16, 1.000000000000000000 ) ) ;
#757 = FACE_OUTER_BOUND ( 'NONE', #124, .T. ) ;
#758 = CARTESIAN_POINT ( 'NONE',  ( 0.000000000000000000, 0.000000000000000000, 26.00000000000000000 ) ) ;
#759 = LINE ( 'NONE', #1986, #2374 ) ;
#760 = CARTESIAN_POINT ( 'NONE',  ( 36.20000000000001705, -6.626643678231406887E-14, 13.00000000000000355 ) ) ;
#761 = ORIENTED_EDGE ( 'NONE', *, *, #2433, .T. ) ;
#762 = ORIENTED_EDGE ( 'NONE', *, *, #1019, .T. ) ;
#763 = DIRECTION ( 'NONE',  ( -8.630465054610978570E-17, 1.000000000000000000, 0.000000000000000000 ) ) ;
#764 = EDGE_CURVE ( 'NONE', #399, #166, #1417, .T. ) ;
#765 = EDGE_CURVE ( 'NONE', #1776, #1199, #1751, .T. ) ;
#766 = VECTOR ( 'NONE', #2417, 1000.000000000000000 ) ;
#767 = CARTESIAN_POINT ( 'NONE',  ( 0.000000000000000000, 5.656854249492380582, 6.343145750507632741 ) ) ;
#768 = LINE ( 'NONE', #2392, #1239 ) ;
#769 = FACE_OUTER_BOUND ( 'NONE', #783, .T. ) ;
#770 = CARTESIAN_POINT ( 'NONE',  ( 44.68451686670109524, 21.00000000000000000, 29.49999999999994316 ) ) ;
#771 = LINE ( 'NONE', #1583, #544 ) ;
#772 = ORIENTED_EDGE ( 'NONE', *, *, #2000, .F. ) ;
#773 = EDGE_LOOP ( 'NONE', ( #1066, #2272, #846, #1190 ) ) ;
#774 = DIRECTION ( 'NONE',  ( 1.000000000000000000, 8.630465054610978570E-17, -1.387778780781445676E-16 ) ) ;
#775 = AXIS2_PLACEMENT_3D ( 'NONE', #1430, #1835, #1848 ) ;
#776 = EDGE_CURVE ( 'NONE', #2607, #1887, #1644, .T. ) ;
#777 = VERTEX_POINT ( 'NONE', #98 ) ;
#778 = SECURITY_CLASSIFICATION_LEVEL ( 'unclassified' ) ;
#779 = DIRECTION ( 'NONE',  ( -1.000000000000000000, 0.000000000000000000, 0.000000000000000000 ) ) ;
#780 = FACE_OUTER_BOUND ( 'NONE', #654, .T. ) ;
#781 = DIRECTION ( 'NONE',  ( 1.000000000000000000, 5.421010862427522786E-17, 0.000000000000000000 ) ) ;
#782 = PLANE ( 'NONE',  #1943 ) ;
#783 = EDGE_LOOP ( 'NONE', ( #1422, #2093 ) ) ;
#784 = CARTESIAN_POINT ( 'NONE',  ( -2.000000000000001776, 5.656854249492380582, 8.343145750507611424 ) ) ;
#785 = EDGE_LOOP ( 'NONE', ( #553, #1951 ) ) ;
#787 = ORIENTED_EDGE ( 'NONE', *, *, #159, .T. ) ;
#786 = AXIS2_PLACEMENT_3D ( 'NONE', #263, #2514, #95 ) ;
#788 = CARTESIAN_POINT ( 'NONE',  ( -5.315483133298897656, 26.99999999999999645, 27.24999999999993250 ) ) ;
#789 = EDGE_CURVE ( 'NONE', #1862, #1990, #136, .T. ) ;
#790 = VECTOR ( 'NONE', #999, 1000.000000000000114 ) ;
#791 = ORIENTED_EDGE ( 'NONE', *, *, #1611, .T. ) ;
#792 = EDGE_CURVE ( 'NONE', #2221, #2427, #2448, .T. ) ;
#793 = DIRECTION ( 'NONE',  ( 1.000000000000000000, -1.734723475976807489E-15, 0.000000000000000000 ) ) ;
#794 = AXIS2_PLACEMENT_3D ( 'NONE', #1731, #2538, #1140 ) ;
#795 = LINE ( 'NONE', #215, #237 ) ;
#796 = DIRECTION ( 'NONE',  ( 0.000000000000000000, -1.084202172485501476E-15, -1.000000000000000000 ) ) ;
#797 = CARTESIAN_POINT ( 'NONE',  ( 0.000000000000000000, 0.000000000000000000, 5.000000000000000888 ) ) ;
#798 = VERTEX_POINT ( 'NONE', #1910 ) ;
#799 = CARTESIAN_POINT ( 'NONE',  ( 44.68451686670109524, 21.00000000000000000, 29.49999999999994316 ) ) ;
#800 = ORIENTED_EDGE ( 'NONE', *, *, #1153, .F. ) ;
#801 = CARTESIAN_POINT ( 'NONE',  ( -2.000000000000001776, 1.224646799147340388E-16, 5.999999999999990230 ) ) ;
#802 = CIRCLE ( 'NONE', #1739, 0.9999999999999904521 ) ;
#803 = ORIENTED_EDGE ( 'NONE', *, *, #488, .T. ) ;
#804 = AXIS2_PLACEMENT_3D ( 'NONE', #552, #2180, #1360 ) ;
#805 = ORIENTED_EDGE ( 'NONE', *, *, #1137, .F. ) ;
#806 = AXIS2_PLACEMENT_3D ( 'NONE', #1913, #421, #2520 ) ;
#807 = COORDINATED_UNIVERSAL_TIME_OFFSET ( 5, 0, .BEHIND. ) ;
#808 = DIRECTION ( 'NONE',  ( -0.000000000000000000, -1.000000000000000000, -0.000000000000000000 ) ) ;
#809 = DIRECTION ( 'NONE',  ( -1.000000000000000000, 0.000000000000000000, 0.000000000000000000 ) ) ;
#810 = EDGE_CURVE ( 'NONE', #631, #2024, #2350, .T. ) ;
#811 = CYLINDRICAL_SURFACE ( 'NONE', #2111, 0.9999999999999887867 ) ;
#812 = ADVANCED_FACE ( 'NONE', ( #1312 ), #1529, .F. ) ;
#813 = DIRECTION ( 'NONE',  ( 1.000000000000000000, -0.000000000000000000, -0.000000000000000000 ) ) ;
#814 = ORIENTED_EDGE ( 'NONE', *, *, #2085, .T. ) ;
#815 = CARTESIAN_POINT ( 'NONE',  ( 44.68451686670109524, 21.00000000000000000, 29.49999999999994316 ) ) ;
#816 = ADVANCED_FACE ( 'NONE', ( #520 ), #2315, .F. ) ;
#817 = ORIENTED_EDGE ( 'NONE', *, *, #1799, .F. ) ;
#818 = CARTESIAN_POINT ( 'NONE',  ( -5.315483133298896767, 24.00000000000000000, 33.74999999999993605 ) ) ;
#819 = ORIENTED_EDGE ( 'NONE', *, *, #1068, .T. ) ;
#820 = EDGE_LOOP ( 'NONE', ( #1203, #1256, #2076, #972 ) ) ;
#821 = FACE_OUTER_BOUND ( 'NONE', #374, .T. ) ;
#822 = CYLINDRICAL_SURFACE ( 'NONE', #743, 3.676000228762395849 ) ;
#823 = DIRECTION ( 'NONE',  ( -8.630465054610978570E-17, 1.000000000000000000, 0.000000000000000000 ) ) ;
#824 = DIRECTION ( 'NONE',  ( 0.000000000000000000, -0.000000000000000000, 1.000000000000000000 ) ) ;
#825 = EDGE_CURVE ( 'NONE', #208, #650, #931, .T. ) ;
#826 = CARTESIAN_POINT ( 'NONE',  ( 48.85000000000000853, 33.00000000000000000, -12.00000000000000355 ) ) ;
#827 = ORIENTED_EDGE ( 'NONE', *, *, #320, .T. ) ;
#828 = FACE_OUTER_BOUND ( 'NONE', #1055, .T. ) ;
#829 = AXIS2_PLACEMENT_3D ( 'NONE', #356, #160, #4 ) ;
#830 = ORIENTED_EDGE ( 'NONE', *, *, #1805, .T. ) ;
#831 = DIRECTION ( 'NONE',  ( 0.000000000000000000, 0.000000000000000000, -1.000000000000000000 ) ) ;
#832 = VERTEX_POINT ( 'NONE', #1096 ) ;
#833 = CIRCLE ( 'NONE', #1852, 0.9999999999999895639 ) ;
#834 = EDGE_LOOP ( 'NONE', ( #698, #1725 ) ) ;
#835 = CARTESIAN_POINT ( 'NONE',  ( 0.000000000000000000, 0.000000000000000000, 13.00000000000000355 ) ) ;
#836 = LINE ( 'NONE', #646, #1208 ) ;
#837 = DIRECTION ( 'NONE',  ( 1.179762899906591459E-16, -1.000000000000000000, 0.000000000000000000 ) ) ;
#838 = CIRCLE ( 'NONE', #1557, 2.250000000000001776 ) ;
#839 = DIRECTION ( 'NONE',  ( -0.000000000000000000, -1.000000000000000000, -0.000000000000000000 ) ) ;
#840 = CARTESIAN_POINT ( 'NONE',  ( 38.20000000000002416, 5.656854249492380582, 7.343145750507622083 ) ) ;
#841 = ORIENTED_EDGE ( 'NONE', *, *, #223, .F. ) ;
#842 = DIRECTION ( 'NONE',  ( 8.630465054610978570E-17, -1.000000000000000000, -0.000000000000000000 ) ) ;
#843 = ORIENTED_EDGE ( 'NONE', *, *, #1646, .F. ) ;
#844 = ORIENTED_EDGE ( 'NONE', *, *, #1564, .T. ) ;
#845 = AXIS2_PLACEMENT_3D ( 'NONE', #1002, #222, #628 ) ;
#846 = ORIENTED_EDGE ( 'NONE', *, *, #2162, .F. ) ;
#847 = FACE_OUTER_BOUND ( 'NONE', #674, .T. ) ;
#848 = CARTESIAN_POINT ( 'NONE',  ( 40.20000000000001705, 1.224646799147338909E-16, 5.999999999999989342 ) ) ;
#849 = DIRECTION ( 'NONE',  ( -1.000000000000000000, 0.000000000000000000, 0.000000000000000000 ) ) ;
#850 = ADVANCED_FACE ( 'NONE', ( #2103 ), #1898, .F. ) ;
#851 = DIRECTION ( 'NONE',  ( 0.000000000000000000, 0.000000000000000000, -1.000000000000000000 ) ) ;
#852 = CARTESIAN_POINT ( 'NONE',  ( 38.20000000000001705, -6.651136614214353917E-14, 24.00000000000000000 ) ) ;
#853 = LINE ( 'NONE', #663, #1218 ) ;
#854 = EDGE_LOOP ( 'NONE', ( #803, #1615, #1599, #2468 ) ) ;
#855 = VERTEX_POINT ( 'NONE', #2338 ) ;
#856 = ORIENTED_EDGE ( 'NONE', *, *, #16, .T. ) ;
#857 = ADVANCED_FACE ( 'NONE', ( #894 ), #2301, .T. ) ;
#858 = DATE_AND_TIME ( #212, #1314 ) ;
#859 = CARTESIAN_POINT ( 'NONE',  ( 40.20000000000001705, -1.734723475976807094E-15, 21.00000000000000355 ) ) ;
#860 = AXIS2_PLACEMENT_3D ( 'NONE', #1321, #319, #904 ) ;
#861 = AXIS2_PLACEMENT_3D ( 'NONE', #84, #1703, #1499 ) ;
#862 = CARTESIAN_POINT ( 'NONE',  ( 38.20000000000001705, -3.680035778473098151, 24.00000000000000000 ) ) ;
#863 = CARTESIAN_POINT ( 'NONE',  ( 38.20000000000001705, -1.734723475976807094E-15, 21.00000000000000355 ) ) ;
#864 = ORIENTED_EDGE ( 'NONE', *, *, #1340, .T. ) ;
#865 = EDGE_CURVE ( 'NONE', #1160, #460, #378, .T. ) ;
#866 = CYLINDRICAL_SURFACE ( 'NONE', #509, 0.9999999999999887867 ) ;
#867 = ORIENTED_EDGE ( 'NONE', *, *, #475, .F. ) ;
#868 = CIRCLE ( 'NONE', #625, 0.9999999999999870104 ) ;
#869 = ADVANCED_FACE ( 'NONE', ( #2517, #1349, #1128, #697, #1502, #1924 ), #506, .F. ) ;
#870 = EDGE_LOOP ( 'NONE', ( #170, #1290 ) ) ;
#871 = DIRECTION ( 'NONE',  ( 0.000000000000000000, 0.000000000000000000, 1.000000000000000000 ) ) ;
#872 = DIRECTION ( 'NONE',  ( 1.000000000000000000, 5.831003280594309799E-17, 0.000000000000000000 ) ) ;
#873 = AXIS2_PLACEMENT_3D ( 'NONE', #1489, #2298, #695 ) ;
#874 = CARTESIAN_POINT ( 'NONE',  ( 0.000000000000000000, -4.000000000000000000, 3.500000000000000444 ) ) ;
#875 = CARTESIAN_POINT ( 'NONE',  ( 19.09999999999990905, 24.00000000000000000, -6.250000000000005329 ) ) ;
#876 = ORIENTED_EDGE ( 'NONE', *, *, #331, .T. ) ;
#877 = AXIS2_PLACEMENT_3D ( 'NONE', #1240, #443, #247 ) ;
#878 = FACE_OUTER_BOUND ( 'NONE', #1506, .T. ) ;
#879 = EDGE_CURVE ( 'NONE', #225, #1628, #48, .T. ) ;
#880 = ORIENTED_EDGE ( 'NONE', *, *, #1650, .F. ) ;
#881 = SECURITY_CLASSIFICATION ( '', '', #778 ) ;
#882 = EDGE_CURVE ( 'NONE', #323, #339, #1172, .T. ) ;
#883 = ORIENTED_EDGE ( 'NONE', *, *, #2515, .F. ) ;
#884 = VERTEX_POINT ( 'NONE', #1010 ) ;
#885 = FACE_OUTER_BOUND ( 'NONE', #680, .T. ) ;
#886 = CARTESIAN_POINT ( 'NONE',  ( 38.20000000000003126, 8.000000000000000000, 12.00000000000001421 ) ) ;
#887 = DIRECTION ( 'NONE',  ( 0.000000000000000000, 1.000000000000000000, 0.000000000000000000 ) ) ;
#888 = AXIS2_PLACEMENT_3D ( 'NONE', #797, #1793, #968 ) ;
#889 = EDGE_CURVE ( 'NONE', #80, #420, #1967, .T. ) ;
#890 = AXIS2_PLACEMENT_3D ( 'NONE', #1941, #1548, #143 ) ;
#891 = VECTOR ( 'NONE', #872, 1000.000000000000000 ) ;
#892 = ADVANCED_FACE ( 'NONE', ( #1581 ), #397, .F. ) ;
#893 = CARTESIAN_POINT ( 'NONE',  ( 51.10000000000000142, 21.00000000000000000, -12.00000000000000355 ) ) ;
#894 = FACE_OUTER_BOUND ( 'NONE', #1758, .T. ) ;
#895 = VERTEX_POINT ( 'NONE', #2603 ) ;
#896 = EDGE_CURVE ( 'NONE', #1336, #2041, #480, .T. ) ;
#897 = CARTESIAN_POINT ( 'NONE',  ( 60.00000000000000711, -3.999999999999992450, 22.50000000000000355 ) ) ;
#898 = VECTOR ( 'NONE', #1453, 1000.000000000000000 ) ;
#899 = EDGE_CURVE ( 'NONE', #1990, #1160, #1824, .T. ) ;
#900 = EDGE_LOOP ( 'NONE', ( #1902, #1475, #90, #2467 ) ) ;
#901 = EDGE_LOOP ( 'NONE', ( #327, #1760, #2565, #1437 ) ) ;
#902 = CARTESIAN_POINT ( 'NONE',  ( -2.000000000000001776, 0.000000000000000000, 19.00000000000000355 ) ) ;
#903 = DIRECTION ( 'NONE',  ( 0.000000000000000000, 1.000000000000000000, 0.000000000000000000 ) ) ;
#904 = DIRECTION ( 'NONE',  ( 0.000000000000000000, 0.000000000000000000, -1.000000000000000000 ) ) ;
#905 = VECTOR ( 'NONE', #903, 1000.000000000000000 ) ;
#906 = DIRECTION ( 'NONE',  ( 0.000000000000000000, 0.000000000000000000, 1.000000000000000000 ) ) ;
#907 = DIRECTION ( 'NONE',  ( 1.000000000000000000, -0.000000000000000000, -0.000000000000000000 ) ) ;
#908 = VERTEX_POINT ( 'NONE', #956 ) ;
#909 = CARTESIAN_POINT ( 'NONE',  ( 2.000000000000000000, -3.680035778473103480, 2.000000000000004441 ) ) ;
#910 = ORIENTED_EDGE ( 'NONE', *, *, #1558, .F. ) ;
#911 = EDGE_LOOP ( 'NONE', ( #2356, #946, #1949, #129 ) ) ;
#912 = CARTESIAN_POINT ( 'NONE',  ( -10.64999999999999503, 26.99999999999999645, 37.99999999999999289 ) ) ;
#913 = VECTOR ( 'NONE', #1919, 1000.000000000000000 ) ;
#914 = FACE_OUTER_BOUND ( 'NONE', #1147, .T. ) ;
#915 = AXIS2_PLACEMENT_3D ( 'NONE', #282, #2463, #1470 ) ;
#916 = DIRECTION ( 'NONE',  ( -1.000000000000000000, 1.734723475976807489E-15, -0.000000000000000000 ) ) ;
#917 = VECTOR ( 'NONE', #2593, 1000.000000000000000 ) ;
#918 = CARTESIAN_POINT ( 'NONE',  ( -2.000000000000001776, -1.447822569485247790, 18.99459510171468324 ) ) ;
#919 = DIRECTION ( 'NONE',  ( -0.000000000000000000, -1.000000000000000000, -0.000000000000000000 ) ) ;
#920 = ORIENTED_EDGE ( 'NONE', *, *, #2584, .F. ) ;
#921 = CARTESIAN_POINT ( 'NONE',  ( 40.20000000000001705, 8.000000000000000000, 13.99999999999999112 ) ) ;
#922 = VECTOR ( 'NONE', #842, 1000.000000000000000 ) ;
#923 = VERTEX_POINT ( 'NONE', #1770 ) ;
#924 = ORIENTED_EDGE ( 'NONE', *, *, #2537, .T. ) ;
#925 = CARTESIAN_POINT ( 'NONE',  ( -2.000000000000001776, -4.000000000000011546, 7.000000000000006217 ) ) ;
#926 = DIRECTION ( 'NONE',  ( -5.831003280594308567E-17, 1.000000000000000000, 8.092142623475780884E-33 ) ) ;
#927 = CARTESIAN_POINT ( 'NONE',  ( -10.65000000000000391, 32.99999999999999289, -12.00000000000000355 ) ) ;
#928 = CIRCLE ( 'NONE', #63, 0.9999999999999904521 ) ;
#929 = EDGE_CURVE ( 'NONE', #798, #2482, #2592, .T. ) ;
#930 = DIRECTION ( 'NONE',  ( -1.179762899906591459E-16, 1.000000000000000000, 0.000000000000000000 ) ) ;
#931 = LINE ( 'NONE', #1757, #1044 ) ;
#932 = AXIS2_PLACEMENT_3D ( 'NONE', #1170, #578, #1971 ) ;
#933 = ORIENTED_EDGE ( 'NONE', *, *, #1650, .T. ) ;
#934 = DIRECTION ( 'NONE',  ( 1.387778780781445922E-16, 0.000000000000000000, 1.000000000000000000 ) ) ;
#935 = ORIENTED_EDGE ( 'NONE', *, *, #2399, .F. ) ;
#936 = VERTEX_POINT ( 'NONE', #607 ) ;
#937 = DIRECTION ( 'NONE',  ( 0.000000000000000000, -1.000000000000000000, 0.000000000000000000 ) ) ;
#938 = EDGE_CURVE ( 'NONE', #1633, #2264, #759, .T. ) ;
#939 = CARTESIAN_POINT ( 'NONE',  ( -10.65000000000000391, 32.99999999999999289, 37.99999999999999289 ) ) ;
#940 = CARTESIAN_POINT ( 'NONE',  ( 0.000000000000000000, 1.224646799147338416E-16, 5.999999999999989342 ) ) ;
#941 = ADVANCED_FACE ( 'NONE', ( #1375 ), #2001, .F. ) ;
#942 = LINE ( 'NONE', #2349, #1892 ) ;
#943 = DIRECTION ( 'NONE',  ( 0.000000000000000000, 0.000000000000000000, -1.000000000000000000 ) ) ;
#944 = ADVANCED_FACE ( 'NONE', ( #2406 ), #782, .F. ) ;
#946 = ORIENTED_EDGE ( 'NONE', *, *, #825, .T. ) ;
#945 = AXIS2_PLACEMENT_3D ( 'NONE', #1335, #494, #1542 ) ;
#947 = DIRECTION ( 'NONE',  ( 0.000000000000000000, 0.000000000000000000, -1.000000000000000000 ) ) ;
#948 = ORIENTED_EDGE ( 'NONE', *, *, #2117, .F. ) ;
#949 = ORIENTED_EDGE ( 'NONE', *, *, #765, .T. ) ;
#950 = DIRECTION ( 'NONE',  ( -0.000000000000000000, -1.000000000000000000, -0.000000000000000000 ) ) ;
#951 = DATE_TIME_ROLE ( 'creation_date' ) ;
#952 = DIRECTION ( 'NONE',  ( 0.000000000000000000, 0.000000000000000000, -1.000000000000000000 ) ) ;
#953 = CIRCLE ( 'NONE', #2443, 0.9999999999999883427 ) ;
#954 = CARTESIAN_POINT ( 'NONE',  ( 38.20000000000002416, 5.656854249492380582, 8.343145750507611424 ) ) ;
#955 = FACE_BOUND ( 'NONE', #870, .T. ) ;
#956 = CARTESIAN_POINT ( 'NONE',  ( 40.20000000000001705, -3.999999999999994671, 3.500000000000000444 ) ) ;
#957 = VERTEX_POINT ( 'NONE', #2578 ) ;
#958 = DIRECTION ( 'NONE',  ( -1.000000000000000000, 0.000000000000000000, -0.000000000000000000 ) ) ;
#959 = EDGE_CURVE ( 'NONE', #1671, #29, #1820, .T. ) ;
#960 = ORIENTED_EDGE ( 'NONE', *, *, #1462, .T. ) ;
#961 = ORIENTED_EDGE ( 'NONE', *, *, #2269, .F. ) ;
#962 = LINE ( 'NONE', #2357, #1277 ) ;
#963 = VECTOR ( 'NONE', #620, 1000.000000000000000 ) ;
#964 =( LENGTH_UNIT ( ) NAMED_UNIT ( * ) SI_UNIT ( .MILLI., .METRE. ) );
#965 = DIRECTION ( 'NONE',  ( 1.000000000000000000, -0.000000000000000000, -0.000000000000000000 ) ) ;
#966 = CARTESIAN_POINT ( 'NONE',  ( 2.000000000000001776, -1.447822569485255340, 0.000000000000000000 ) ) ;
#967 = DIRECTION ( 'NONE',  ( 1.000000000000000000, -0.000000000000000000, -0.000000000000000000 ) ) ;
#968 = DIRECTION ( 'NONE',  ( 0.000000000000000000, 0.000000000000000000, 1.000000000000000000 ) ) ;
#969 = ADVANCED_FACE ( 'NONE', ( #997, #371 ), #1807, .F. ) ;
#970 = CIRCLE ( 'NONE', #1696, 3.676000228762395849 ) ;
#971 = CARTESIAN_POINT ( 'NONE',  ( -12.89999999999999680, 20.99999999999999645, 37.99999999999999289 ) ) ;
#972 = ORIENTED_EDGE ( 'NONE', *, *, #1423, .F. ) ;
#973 = ORIENTED_EDGE ( 'NONE', *, *, #624, .F. ) ;
#974 = EDGE_CURVE ( 'NONE', #449, #1248, #1142, .T. ) ;
#975 = CARTESIAN_POINT ( 'NONE',  ( 2.000000000000001776, -0.3239997712376035954, 3.500000000000000444 ) ) ;
#976 = EDGE_CURVE ( 'NONE', #2320, #1671, #2192, .T. ) ;
#977 = EDGE_LOOP ( 'NONE', ( #14, #1030, #1092, #387 ) ) ;
#978 = CALENDAR_DATE ( 2026, 8, 7 ) ;
#979 = VECTOR ( 'NONE', #1397, 1000.000000000000114 ) ;
#980 = FACE_OUTER_BOUND ( 'NONE', #289, .T. ) ;
#981 = LINE ( 'NONE', #589, #2512 ) ;
#982 = CARTESIAN_POINT ( 'NONE',  ( 19.09999999999990905, 24.00000000000000000, 0.2499999999999967526 ) ) ;
#983 = EDGE_CURVE ( 'NONE', #650, #1017, #1613, .T. ) ;
#984 = CARTESIAN_POINT ( 'NONE',  ( 51.10000000000001563, 33.00000000000000000, -12.00000000000000355 ) ) ;
#985 = ORIENTED_EDGE ( 'NONE', *, *, #683, .T. ) ;
#986 = CARTESIAN_POINT ( 'NONE',  ( 0.000000000000000000, -1.734723475976807094E-15, 21.00000000000000355 ) ) ;
#987 = ADVANCED_FACE ( 'NONE', ( #1782 ), #1608, .F. ) ;
#988 = ORIENTED_EDGE ( 'NONE', *, *, #2194, .T. ) ;
#989 = ORIENTED_EDGE ( 'NONE', *, *, #2474, .F. ) ;
#990 = CARTESIAN_POINT ( 'NONE',  ( 36.20000000000001705, 21.00000000000000000, 26.00000000000000000 ) ) ;
#991 = VECTOR ( 'NONE', #94, 1000.000000000000000 ) ;
#992 = ORIENTED_EDGE ( 'NONE', *, *, #1631, .T. ) ;
#993 = DIRECTION ( 'NONE',  ( 0.000000000000000000, 0.000000000000000000, 1.000000000000000000 ) ) ;
#994 = CARTESIAN_POINT ( 'NONE',  ( -2.000000000000001776, 5.656854249492380582, 6.343145750507631853 ) ) ;
#995 = DIRECTION ( 'NONE',  ( -0.000000000000000000, -1.000000000000000000, -0.000000000000000000 ) ) ;
#996 = CARTESIAN_POINT ( 'NONE',  ( 48.85000000000000853, 33.00000000000000000, 37.99999999999999289 ) ) ;
#997 = FACE_BOUND ( 'NONE', #137, .T. ) ;
#998 = VERTEX_POINT ( 'NONE', #2017 ) ;
#999 = DIRECTION ( 'NONE',  ( 0.000000000000000000, -0.9999930319728996819, -0.003733095986867285016 ) ) ;
#1001 = VERTEX_POINT ( 'NONE', #862 ) ;
#1000 = AXIS2_PLACEMENT_3D ( 'NONE', #2286, #1051, #2087 ) ;
#1002 = CARTESIAN_POINT ( 'NONE',  ( 40.20000000000001705, 5.656854249492379694, 18.65685424949238325 ) ) ;
#1003 = AXIS2_PLACEMENT_3D ( 'NONE', #760, #1432, #1989 ) ;
#1004 = ORIENTED_EDGE ( 'NONE', *, *, #93, .T. ) ;
#1005 = AXIS2_PLACEMENT_3D ( 'NONE', #530, #110, #906 ) ;
#1006 = CALENDAR_DATE ( 2026, 8, 7 ) ;
#1007 = CARTESIAN_POINT ( 'NONE',  ( 38.19999999999999574, -1.447822569485243127, 7.000000000000003553 ) ) ;
#1008 = DIRECTION ( 'NONE',  ( 1.000000000000000000, -0.000000000000000000, -0.000000000000000000 ) ) ;
#1009 = CARTESIAN_POINT ( 'NONE',  ( 40.20000000000001705, -1.612258796062073130E-15, 21.99999999999999289 ) ) ;
#1010 = CARTESIAN_POINT ( 'NONE',  ( 38.20000000000001705, -1.734723475976807094E-15, 20.00000000000001776 ) ) ;
#1011 = ORIENTED_EDGE ( 'NONE', *, *, #896, .T. ) ;
#1012 = DIRECTION ( 'NONE',  ( 1.000000000000000000, -0.000000000000000000, -0.000000000000000000 ) ) ;
#1013 = EDGE_LOOP ( 'NONE', ( #58, #391, #665, #1617 ) ) ;
#1014 = CARTESIAN_POINT ( 'NONE',  ( -2.000000000000003109, 20.99999999999999645, 0.000000000000000000 ) ) ;
#1015 = ORIENTED_EDGE ( 'NONE', *, *, #288, .T. ) ;
#1016 = CIRCLE ( 'NONE', #2506, 0.9999999999999887867 ) ;
#1017 = VERTEX_POINT ( 'NONE', #34 ) ;
#1018 = CIRCLE ( 'NONE', #1524, 6.000000000000000000 ) ;
#1019 = EDGE_CURVE ( 'NONE', #405, #1079, #1444, .T. ) ;
#1020 = CARTESIAN_POINT ( 'NONE',  ( -8.673617379884035472E-16, 0.000000000000000000, 7.000000000000001776 ) ) ;
#1021 = CARTESIAN_POINT ( 'NONE',  ( -2.000000000000001776, 0.000000000000000000, 13.00000000000000355 ) ) ;
#1022 = DIRECTION ( 'NONE',  ( 1.887620639850546334E-15, 1.000000000000000000, 0.000000000000000000 ) ) ;
#1023 = CARTESIAN_POINT ( 'NONE',  ( 40.20000000000001705, 8.000000000000000000, 13.00000000000000355 ) ) ;
#1024 = CARTESIAN_POINT ( 'NONE',  ( 44.68451686670109524, 24.00000000000000000, 29.49999999999994316 ) ) ;
#1025 = EDGE_LOOP ( 'NONE', ( #1265, #1530, #104, #582, #451, #112, #2510, #703, #301, #417, #1260 ) ) ;
#1026 = EDGE_CURVE ( 'NONE', #1421, #1901, #1016, .T. ) ;
#1027 = LINE ( 'NONE', #2004, #790 ) ;
#1028 = ORIENTED_EDGE ( 'NONE', *, *, #513, .F. ) ;
#1029 = CARTESIAN_POINT ( 'NONE',  ( 36.20000000000001705, 21.00000000000000000, 0.000000000000000000 ) ) ;
#1030 = ORIENTED_EDGE ( 'NONE', *, *, #2372, .F. ) ;
#1031 = AXIS2_PLACEMENT_3D ( 'NONE', #1881, #1488, #1905 ) ;
#1032 = ORIENTED_EDGE ( 'NONE', *, *, #1619, .F. ) ;
#1033 = DIRECTION ( 'NONE',  ( 0.000000000000000000, 0.000000000000000000, 1.000000000000000000 ) ) ;
#1034 = DIRECTION ( 'NONE',  ( -0.000000000000000000, -1.000000000000000000, -0.000000000000000000 ) ) ;
#1035 = CARTESIAN_POINT ( 'NONE',  ( 60.00000000000000711, -1.447822569485240463, 19.00000000000000355 ) ) ;
#1036 = DIRECTION ( 'NONE',  ( 0.000000000000000000, 0.000000000000000000, -1.000000000000000000 ) ) ;
#1037 = CARTESIAN_POINT ( 'NONE',  ( -8.673617379884035472E-16, 0.000000000000000000, 19.00000000000000355 ) ) ;
#1038 = EDGE_LOOP ( 'NONE', ( #2044, #787, #1100, #1246, #2328, #1648, #2168, #2397 ) ) ;
#1039 = DIRECTION ( 'NONE',  ( 0.000000000000000000, 0.000000000000000000, -1.000000000000000000 ) ) ;
#1040 = ORIENTED_EDGE ( 'NONE', *, *, #976, .T. ) ;
#1041 = ORIENTED_EDGE ( 'NONE', *, *, #1555, .T. ) ;
#1042 = VECTOR ( 'NONE', #1886, 1000.000000000000000 ) ;
#1043 = ORIENTED_EDGE ( 'NONE', *, *, #1536, .F. ) ;
#1044 = VECTOR ( 'NONE', #2539, 1000.000000000000000 ) ;
#1045 = EDGE_CURVE ( 'NONE', #1097, #1988, #1361, .T. ) ;
#1046 = DIRECTION ( 'NONE',  ( -0.000000000000000000, -1.000000000000000000, -0.000000000000000000 ) ) ;
#1047 = DIRECTION ( 'NONE',  ( -0.000000000000000000, -1.000000000000000000, -0.000000000000000000 ) ) ;
#1048 = LINE ( 'NONE', #46, #1908 ) ;
#1049 = VECTOR ( 'NONE', #781, 1000.000000000000000 ) ;
#1050 = DIRECTION ( 'NONE',  ( -1.000000000000000000, 0.000000000000000000, 0.000000000000000000 ) ) ;
#1051 = DIRECTION ( 'NONE',  ( 1.000000000000000000, -0.000000000000000000, -0.000000000000000000 ) ) ;
#1052 = VERTEX_POINT ( 'NONE', #49 ) ;
#1053 = DIRECTION ( 'NONE',  ( 0.000000000000000000, -1.000000000000000000, 0.000000000000000000 ) ) ;
#1054 = EDGE_CURVE ( 'NONE', #595, #2369, #560, .T. ) ;
#1055 = EDGE_LOOP ( 'NONE', ( #688, #481, #819, #814 ) ) ;
#1056 = ORIENTED_EDGE ( 'NONE', *, *, #441, .T. ) ;
#1057 = VECTOR ( 'NONE', #381, 1000.000000000000000 ) ;
#1058 = ORIENTED_EDGE ( 'NONE', *, *, #1870, .F. ) ;
#1059 = EDGE_CURVE ( 'NONE', #1485, #472, #198, .T. ) ;
#1060 = APPROVAL_DATE_TIME ( #858, #1258 ) ;
#1061 = CARTESIAN_POINT ( 'NONE',  ( 2.000000000000001776, -0.3239997712376035954, 22.50000000000000355 ) ) ;
#1062 = VECTOR ( 'NONE', #656, 1000.000000000000000 ) ;
#1063 = FACE_BOUND ( 'NONE', #470, .T. ) ;
#1064 = DIRECTION ( 'NONE',  ( -1.000000000000000000, 0.000000000000000000, 0.000000000000000000 ) ) ;
#1065 = FACE_OUTER_BOUND ( 'NONE', #662, .T. ) ;
#1066 = ORIENTED_EDGE ( 'NONE', *, *, #692, .F. ) ;
#1068 = EDGE_CURVE ( 'NONE', #1097, #1584, #22, .T. ) ;
#1067 = CARTESIAN_POINT ( 'NONE',  ( 40.20000000000001705, 8.000000000000000000, 13.00000000000000355 ) ) ;
#1069 = ORIENTED_EDGE ( 'NONE', *, *, #1822, .T. ) ;
#1070 = ADVANCED_FACE ( 'NONE', ( #1241 ), #2232, .F. ) ;
#1071 = ORIENTED_EDGE ( 'NONE', *, *, #2440, .F. ) ;
#1072 = ORIENTED_EDGE ( 'NONE', *, *, #938, .T. ) ;
#1073 = DIRECTION ( 'NONE',  ( 1.000000000000000000, -0.000000000000000000, -0.000000000000000000 ) ) ;
#1074 = AXIS2_PLACEMENT_3D ( 'NONE', #1345, #1567, #1921 ) ;
#1075 = VECTOR ( 'NONE', #176, 1000.000000000000000 ) ;
#1076 = CARTESIAN_POINT ( 'NONE',  ( 0.000000000000000000, -0.3239997712376038175, 22.50000000000000355 ) ) ;
#1077 = EDGE_CURVE ( 'NONE', #29, #1649, #74, .T. ) ;
#1078 = CARTESIAN_POINT ( 'NONE',  ( 36.20000000000001705, -6.626643678231406887E-14, 13.00000000000000355 ) ) ;
#1079 = VERTEX_POINT ( 'NONE', #1675 ) ;
#1080 = CARTESIAN_POINT ( 'NONE',  ( 36.20000000000001705, -6.651136614214353917E-14, 24.00000000000000000 ) ) ;
#1081 = EDGE_LOOP ( 'NONE', ( #843, #495, #2422, #1749 ) ) ;
#1082 = AXIS2_PLACEMENT_3D ( 'NONE', #2255, #214, #464 ) ;
#1083 = PRODUCT_DEFINITION_SHAPE ( 'NONE', 'NONE',  #1727 ) ;
#1084 = EDGE_LOOP ( 'NONE', ( #1041, #949 ) ) ;
#1085 = VERTEX_POINT ( 'NONE', #2086 ) ;
#1086 = ADVANCED_FACE ( 'NONE', ( #2050 ), #1480, .F. ) ;
#1087 = CYLINDRICAL_SURFACE ( 'NONE', #392, 0.9999999999999887867 ) ;
#1088 = ADVANCED_FACE ( 'NONE', ( #468 ), #1270, .T. ) ;
#1089 = LINE ( 'NONE', #2297, #905 ) ;
#1090 = EDGE_CURVE ( 'NONE', #72, #2442, #639, .T. ) ;
#1091 = DIRECTION ( 'NONE',  ( 0.000000000000000000, -1.000000000000000000, 2.168404344971008868E-16 ) ) ;
#1092 = ORIENTED_EDGE ( 'NONE', *, *, #1173, .T. ) ;
#1093 = EDGE_CURVE ( 'NONE', #1887, #449, #2074, .T. ) ;
#1094 = AXIS2_PLACEMENT_3D ( 'NONE', #408, #993, #586 ) ;
#1095 = LINE ( 'NONE', #86, #2275 ) ;
#1096 = CARTESIAN_POINT ( 'NONE',  ( 19.09999999999990905, 26.99999999999999645, -6.250000000000003553 ) ) ;
#1097 = VERTEX_POINT ( 'NONE', #2285 ) ;
#1098 = CARTESIAN_POINT ( 'NONE',  ( 44.68451686670109524, 21.00000000000000000, 27.24999999999994316 ) ) ;
#1099 = ORIENTED_EDGE ( 'NONE', *, *, #1837, .F. ) ;
#1100 = ORIENTED_EDGE ( 'NONE', *, *, #70, .T. ) ;
#1101 = LINE ( 'NONE', #2523, #725 ) ;
#1102 = CYLINDRICAL_SURFACE ( 'NONE', #1031, 10.99999999999999822 ) ;
#1103 = DIRECTION ( 'NONE',  ( 0.000000000000000000, 0.000000000000000000, -1.000000000000000000 ) ) ;
#1104 = CARTESIAN_POINT ( 'NONE',  ( 38.20000000000001705, -6.626643810580301109E-14, 2.000000000000005329 ) ) ;
#1105 = DIRECTION ( 'NONE',  ( 0.000000000000000000, 0.000000000000000000, -1.000000000000000000 ) ) ;
#1106 = ORIENTED_EDGE ( 'NONE', *, *, #1766, .T. ) ;
#1107 = DIRECTION ( 'NONE',  ( -1.000000000000000000, 0.000000000000000000, 0.000000000000000000 ) ) ;
#1108 = AXIS2_PLACEMENT_3D ( 'NONE', #2059, #1468, #837 ) ;
#1109 = ORIENTED_EDGE ( 'NONE', *, *, #422, .F. ) ;
#1110 = EDGE_LOOP ( 'NONE', ( #1011, #988 ) ) ;
#1111 = DIRECTION ( 'NONE',  ( -0.000000000000000000, -1.000000000000000000, -0.000000000000000000 ) ) ;
#1112 = PLANE ( 'NONE',  #455 ) ;
#1113 = DIRECTION ( 'NONE',  ( 1.000000000000000000, -0.000000000000000000, -0.000000000000000000 ) ) ;
#1114 = AXIS2_PLACEMENT_3D ( 'NONE', #1331, #1716, #708 ) ;
#1115 = FACE_OUTER_BOUND ( 'NONE', #1025, .T. ) ;
#1116 = CYLINDRICAL_SURFACE ( 'NONE', #2217, 3.676000228762395849 ) ;
#1117 = EDGE_LOOP ( 'NONE', ( #2259, #2226, #402, #1231 ) ) ;
#1118 = DIRECTION ( 'NONE',  ( 1.000000000000000000, 0.000000000000000000, -0.000000000000000000 ) ) ;
#1119 = VERTEX_POINT ( 'NONE', #248 ) ;
#1120 = ORIENTED_EDGE ( 'NONE', *, *, #983, .F. ) ;
#1121 = DIRECTION ( 'NONE',  ( 1.000000000000000000, -0.000000000000000000, -0.000000000000000000 ) ) ;
#1122 = ADVANCED_FACE ( 'NONE', ( #1624 ), #478, .F. ) ;
#1123 = DIRECTION ( 'NONE',  ( -1.000000000000000000, -1.196068857455806470E-16, 0.000000000000000000 ) ) ;
#1124 = VECTOR ( 'NONE', #75, 1000.000000000000000 ) ;
#1125 = PLANE ( 'NONE',  #2092 ) ;
#1126 = CIRCLE ( 'NONE', #1264, 0.9999999999999870104 ) ;
#1127 = CARTESIAN_POINT ( 'NONE',  ( -2.000000000000000444, -0.3239997712376040950, 22.50000000000000355 ) ) ;
#1128 = FACE_BOUND ( 'NONE', #2157, .T. ) ;
#1129 = VERTEX_POINT ( 'NONE', #2434 ) ;
#1130 = CIRCLE ( 'NONE', #267, 3.676000228762395849 ) ;
#1132 = ADVANCED_FACE ( 'NONE', ( #621 ), #428, .T. ) ;
#1131 = DIRECTION ( 'NONE',  ( -1.000000000000000000, -1.196068857455806470E-16, -0.000000000000000000 ) ) ;
#1133 = APPROVAL_PERSON_ORGANIZATION ( #1801, #1693, #1778 ) ;
#1134 = ORIENTED_EDGE ( 'NONE', *, *, #882, .T. ) ;
#1135 = LINE ( 'NONE', #376, #1609 ) ;
#1136 = CC_DESIGN_DATE_AND_TIME_ASSIGNMENT ( #1395, #2201, ( #881 ) ) ;
#1137 = EDGE_CURVE ( 'NONE', #884, #936, #1457, .T. ) ;
#1138 = CARTESIAN_POINT ( 'NONE',  ( 60.00000000000000711, -0.3239997712375966565, 3.500000000000000444 ) ) ;
#1139 = LINE ( 'NONE', #2377, #1292 ) ;
#1140 = DIRECTION ( 'NONE',  ( 0.000000000000000000, 1.000000000000000000, -2.168404344971008868E-16 ) ) ;
#1141 = DIRECTION ( 'NONE',  ( 1.000000000000000000, 1.196068857455806470E-16, -0.000000000000000000 ) ) ;
#1142 = CIRCLE ( 'NONE', #1699, 0.9999999999999887867 ) ;
#1143 = VECTOR ( 'NONE', #1342, 1000.000000000000000 ) ;
#1144 = ORIENTED_EDGE ( 'NONE', *, *, #810, .T. ) ;
#1145 = ADVANCED_FACE ( 'NONE', ( #1254 ), #318, .T. ) ;
#1146 = CARTESIAN_POINT ( 'NONE',  ( -5.315483133298897656, 24.00000000000000000, 29.49999999999993250 ) ) ;
#1147 = EDGE_LOOP ( 'NONE', ( #1962, #314 ) ) ;
#1148 = ORIENTED_EDGE ( 'NONE', *, *, #899, .F. ) ;
#1149 = PLANE ( 'NONE',  #2035 ) ;
#1150 = DATE_AND_TIME ( #1204, #2534 ) ;
#1151 = CARTESIAN_POINT ( 'NONE',  ( 40.20000000000001705, 5.656854249492380582, 7.343145750507622083 ) ) ;
#1152 = CARTESIAN_POINT ( 'NONE',  ( 40.20000000000001705, -1.447822569485242905, 18.99459510171468324 ) ) ;
#1153 = EDGE_CURVE ( 'NONE', #998, #631, #294, .T. ) ;
#1154 = FACE_BOUND ( 'NONE', #2124, .T. ) ;
#1155 = ADVANCED_FACE ( 'NONE', ( #2513 ), #1112, .T. ) ;
#1156 = DIRECTION ( 'NONE',  ( 0.000000000000000000, 0.000000000000000000, -1.000000000000000000 ) ) ;
#1157 = ORIENTED_EDGE ( 'NONE', *, *, #1993, .T. ) ;
#1158 = DIRECTION ( 'NONE',  ( 0.000000000000000000, 0.000000000000000000, -1.000000000000000000 ) ) ;
#1159 = ORIENTED_EDGE ( 'NONE', *, *, #1090, .F. ) ;
#1160 = VERTEX_POINT ( 'NONE', #874 ) ;
#1161 = CARTESIAN_POINT ( 'NONE',  ( 40.20000000000001705, 8.000000000000000000, 13.00000000000000355 ) ) ;
#1162 = DIRECTION ( 'NONE',  ( 0.000000000000000000, 0.000000000000000000, -1.000000000000000000 ) ) ;
#1163 = EDGE_CURVE ( 'NONE', #472, #1485, #2135, .T. ) ;
#1164 = FACE_OUTER_BOUND ( 'NONE', #2236, .T. ) ;
#1165 = CIRCLE ( 'NONE', #1383, 6.000000000000000000 ) ;
#1166 = DIRECTION ( 'NONE',  ( -5.831003280594308567E-17, 1.000000000000000000, 8.092142623475780884E-33 ) ) ;
#1167 = EDGE_CURVE ( 'NONE', #798, #1842, #409, .T. ) ;
#1168 = PLANE ( 'NONE',  #2408 ) ;
#1169 = EDGE_CURVE ( 'NONE', #2250, #2024, #2548, .T. ) ;
#1170 = CARTESIAN_POINT ( 'NONE',  ( 21.34999999999990905, 24.00000000000000000, -4.000000000000003553 ) ) ;
#1171 = AXIS2_PLACEMENT_3D ( 'NONE', #1446, #1185, #2249 ) ;
#1172 = CIRCLE ( 'NONE', #298, 0.9999999999999870104 ) ;
#1173 = EDGE_CURVE ( 'NONE', #1449, #1391, #1308, .T. ) ;
#1174 = LINE ( 'NONE', #1939, #1215 ) ;
#1175 = ORIENTED_EDGE ( 'NONE', *, *, #1710, .F. ) ;
#1176 = ORIENTED_EDGE ( 'NONE', *, *, #490, .F. ) ;
#1177 = PLANE ( 'NONE',  #1400 ) ;
#1178 = VECTOR ( 'NONE', #382, 1000.000000000000000 ) ;
#1179 = DIRECTION ( 'NONE',  ( 8.998221984856119259E-49, -7.523163845262641419E-33, 1.000000000000000000 ) ) ;
#1180 = CYLINDRICAL_SURFACE ( 'NONE', #1326, 6.000000000000000000 ) ;
#1181 = FACE_OUTER_BOUND ( 'NONE', #2293, .T. ) ;
#1182 = CARTESIAN_POINT ( 'NONE',  ( 40.20000000000001705, 5.656854249492380582, 7.343145750507622083 ) ) ;
#1183 = AXIS2_PLACEMENT_3D ( 'NONE', #2238, #2224, #831 ) ;
#1184 = EDGE_LOOP ( 'NONE', ( #1278, #738, #473, #883 ) ) ;
#1185 = DIRECTION ( 'NONE',  ( 1.000000000000000000, -0.000000000000000000, -0.000000000000000000 ) ) ;
#1186 = AXIS2_PLACEMENT_3D ( 'NONE', #1735, #1363, #2353 ) ;
#1187 = EDGE_LOOP ( 'NONE', ( #751, #2006, #2544, #800 ) ) ;
#1188 = ORIENTED_EDGE ( 'NONE', *, *, #959, .F. ) ;
#1189 = DIRECTION ( 'NONE',  ( 0.000000000000000000, -0.9999930319728996819, -0.003733095986867285016 ) ) ;
#1190 = ORIENTED_EDGE ( 'NONE', *, *, #516, .F. ) ;
#1191 = APPROVAL_ROLE ( '' ) ;
#1192 = LINE ( 'NONE', #147, #1075 ) ;
#1193 = DIRECTION ( 'NONE',  ( 0.000000000000000000, 0.000000000000000000, 1.000000000000000000 ) ) ;
#1194 = CARTESIAN_POINT ( 'NONE',  ( 40.20000000000001705, -1.612258796062073130E-15, 21.99999999999999289 ) ) ;
#1195 = DIRECTION ( 'NONE',  ( 0.000000000000000000, -2.168404344971008868E-16, -1.000000000000000000 ) ) ;
#1196 = ORIENTED_EDGE ( 'NONE', *, *, #1456, .F. ) ;
#1197 = DIRECTION ( 'NONE',  ( 0.000000000000000000, 0.000000000000000000, -1.000000000000000000 ) ) ;
#1198 = AXIS2_PLACEMENT_3D ( 'NONE', #1753, #120, #550 ) ;
#1199 = VERTEX_POINT ( 'NONE', #886 ) ;
#1200 = ORIENTED_EDGE ( 'NONE', *, *, #1356, .T. ) ;
#1201 = LINE ( 'NONE', #418, #477 ) ;
#1202 = VECTOR ( 'NONE', #1689, 1000.000000000000000 ) ;
#1203 = ORIENTED_EDGE ( 'NONE', *, *, #525, .T. ) ;
#1204 = CALENDAR_DATE ( 2026, 8, 7 ) ;
#1205 = DIRECTION ( 'NONE',  ( 1.000000000000000000, -1.734723475976807489E-15, 0.000000000000000000 ) ) ;
#1206 = CARTESIAN_POINT ( 'NONE',  ( 0.000000000000000000, -1.447822569485247568, 19.00000000000000355 ) ) ;
#1207 = LINE ( 'NONE', #426, #2282 ) ;
#1208 = VECTOR ( 'NONE', #1047, 1000.000000000000000 ) ;
#1209 = DIRECTION ( 'NONE',  ( 0.000000000000000000, 0.000000000000000000, -1.000000000000000000 ) ) ;
#1210 = ORIENTED_EDGE ( 'NONE', *, *, #1754, .F. ) ;
#1211 = DIRECTION ( 'NONE',  ( -1.000000000000000000, 0.000000000000000000, 0.000000000000000000 ) ) ;
#1212 = EDGE_CURVE ( 'NONE', #152, #2582, #731, .T. ) ;
#1213 = ORIENTED_EDGE ( 'NONE', *, *, #2109, .T. ) ;
#1214 = CARTESIAN_POINT ( 'NONE',  ( -2.000000000000001776, 8.000000000000000000, 13.00000000000000355 ) ) ;
#1215 = VECTOR ( 'NONE', #181, 1000.000000000000000 ) ;
#1216 = ORIENTED_EDGE ( 'NONE', *, *, #2387, .T. ) ;
#1217 = ORIENTED_EDGE ( 'NONE', *, *, #974, .T. ) ;
#1218 = VECTOR ( 'NONE', #1501, 1000.000000000000000 ) ;
#1219 = LINE ( 'NONE', #1249, #2080 ) ;
#1220 = CC_DESIGN_DATE_AND_TIME_ASSIGNMENT ( #2, #951, ( #1727 ) ) ;
#1221 = DIRECTION ( 'NONE',  ( -0.000000000000000000, -1.000000000000000000, -0.000000000000000000 ) ) ;
#1222 = CARTESIAN_POINT ( 'NONE',  ( 40.20000000000001705, 5.656854249492380582, 7.343145750507622083 ) ) ;
#1223 = ADVANCED_FACE ( 'NONE', ( #528, #914 ), #2114, .F. ) ;
#1224 = FACE_OUTER_BOUND ( 'NONE', #610, .T. ) ;
#1225 = CARTESIAN_POINT ( 'NONE',  ( 36.20000000000001705, -6.626643678231406887E-14, 2.000000000000003553 ) ) ;
#1226 = ORIENTED_EDGE ( 'NONE', *, *, #223, .T. ) ;
#1227 = CARTESIAN_POINT ( 'NONE',  ( -5.315483133298897656, 24.00000000000000000, 27.24999999999992895 ) ) ;
#1228 = EDGE_LOOP ( 'NONE', ( #290, #1284 ) ) ;
#1229 = FACE_OUTER_BOUND ( 'NONE', #2466, .T. ) ;
#1230 = CIRCLE ( 'NONE', #2461, 0.9999999999999870104 ) ;
#1231 = ORIENTED_EDGE ( 'NONE', *, *, #1293, .T. ) ;
#1232 = EDGE_LOOP ( 'NONE', ( #2120, #2182 ) ) ;
#1233 = CIRCLE ( 'NONE', #139, 3.676000228762395849 ) ;
#1234 = VECTOR ( 'NONE', #569, 1000.000000000000000 ) ;
#1235 = CARTESIAN_POINT ( 'NONE',  ( 36.20000000000001705, -1.447822569485251121, 0.000000000000000000 ) ) ;
#1236 = DIRECTION ( 'NONE',  ( 0.000000000000000000, 0.000000000000000000, -1.000000000000000000 ) ) ;
#1237 = FACE_BOUND ( 'NONE', #1232, .T. ) ;
#1238 = ADVANCED_FACE ( 'NONE', ( #684 ), #1102, .F. ) ;
#1239 = VECTOR ( 'NONE', #229, 1000.000000000000000 ) ;
#1240 = CARTESIAN_POINT ( 'NONE',  ( 40.20000000000001705, -0.3239997712375990435, 22.50000000000000355 ) ) ;
#1241 = FACE_OUTER_BOUND ( 'NONE', #100, .T. ) ;
#1242 = ADVANCED_FACE ( 'NONE', ( #108 ), #1512, .F. ) ;
#1243 = ORIENTED_EDGE ( 'NONE', *, *, #2187, .T. ) ;
#1244 = CARTESIAN_POINT ( 'NONE',  ( -5.315483133298897656, 26.99999999999999645, 29.49999999999993250 ) ) ;
#1245 = ORIENTED_EDGE ( 'NONE', *, *, #764, .F. ) ;
#1246 = ORIENTED_EDGE ( 'NONE', *, *, #2284, .T. ) ;
#1247 = VECTOR ( 'NONE', #1469, 1000.000000000000000 ) ;
#1248 = VERTEX_POINT ( 'NONE', #2524 ) ;
#1249 = CARTESIAN_POINT ( 'NONE',  ( 40.20000000000001705, 8.000000000000000000, 12.00000000000001421 ) ) ;
#1250 = CARTESIAN_POINT ( 'NONE',  ( 44.68451686670109524, 27.00000000000000000, 27.24999999999994316 ) ) ;
#1251 = PERSON ( 'UNSPECIFIED', 'UNSPECIFIED', 'UNSPECIFIED', ('UNSPECIFIED'), ('UNSPECIFIED'), ('UNSPECIFIED') ) ;
#1252 = DIRECTION ( 'NONE',  ( 0.000000000000000000, 1.000000000000000000, 0.000000000000000000 ) ) ;
#1253 = EDGE_CURVE ( 'NONE', #2351, #777, #1089, .T. ) ;
#1254 = FACE_OUTER_BOUND ( 'NONE', #54, .T. ) ;
#1255 = CARTESIAN_POINT ( 'NONE',  ( -12.90000000000000391, 20.99999999999999645, -12.00000000000000355 ) ) ;
#1256 = ORIENTED_EDGE ( 'NONE', *, *, #1604, .T. ) ;
#1257 = DIRECTION ( 'NONE',  ( -1.000000000000000000, -0.000000000000000000, -0.000000000000000000 ) ) ;
#1258 = APPROVAL ( #393, 'UNSPECIFIED' ) ;
#1259 = CIRCLE ( 'NONE', #83, 3.676000228762396738 ) ;
#1260 = ORIENTED_EDGE ( 'NONE', *, *, #1790, .T. ) ;
#1261 = ADVANCED_BREP_SHAPE_REPRESENTATION ( 'sicklidarv3', ( #2310, #1094 ), #1934 ) ;
#1262 = VECTOR ( 'NONE', #65, 1000.000000000000000 ) ;
#1263 = ORIENTED_EDGE ( 'NONE', *, *, #425, .F. ) ;
#1264 = AXIS2_PLACEMENT_3D ( 'NONE', #484, #1482, #1039 ) ;
#1265 = ORIENTED_EDGE ( 'NONE', *, *, #789, .T. ) ;
#1266 = CARTESIAN_POINT ( 'NONE',  ( -5.315483133298897656, 24.00000000000000000, 29.49999999999993250 ) ) ;
#1267 = LINE ( 'NONE', #260, #2128 ) ;
#1268 = EDGE_CURVE ( 'NONE', #714, #152, #1420, .T. ) ;
#1269 = AXIS2_PLACEMENT_3D ( 'NONE', #1023, #967, #2420 ) ;
#1270 = PLANE ( 'NONE',  #2053 ) ;
#1271 = PLANE ( 'NONE',  #873 ) ;
#1272 = ORIENTED_EDGE ( 'NONE', *, *, #1173, .F. ) ;
#1273 = EDGE_CURVE ( 'NONE', #1628, #2540, #2098, .T. ) ;
#1274 = DIRECTION ( 'NONE',  ( -1.000000000000000000, -0.000000000000000000, -0.000000000000000000 ) ) ;
#1275 = ORIENTED_EDGE ( 'NONE', *, *, #1974, .T. ) ;
#1276 = EDGE_LOOP ( 'NONE', ( #486, #1365 ) ) ;
#1277 = VECTOR ( 'NONE', #1406, 1000.000000000000000 ) ;
#1278 = ORIENTED_EDGE ( 'NONE', *, *, #889, .F. ) ;
#1279 = AXIS2_PLACEMENT_3D ( 'NONE', #1593, #1554, #1959 ) ;
#1280 = CARTESIAN_POINT ( 'NONE',  ( 51.10000000000001563, 33.00000000000000000, -12.00000000000000355 ) ) ;
#1281 = CIRCLE ( 'NONE', #1741, 0.9999999999999883427 ) ;
#1282 = DIRECTION ( 'NONE',  ( 1.000000000000000000, -0.000000000000000000, -0.000000000000000000 ) ) ;
#1283 = DIRECTION ( 'NONE',  ( 0.000000000000000000, 1.000000000000000000, 0.000000000000000000 ) ) ;
#1284 = ORIENTED_EDGE ( 'NONE', *, *, #483, .F. ) ;
#1285 = DIRECTION ( 'NONE',  ( 0.000000000000000000, 0.000000000000000000, -1.000000000000000000 ) ) ;
#1286 = VERTEX_POINT ( 'NONE', #2137 ) ;
#1287 = EDGE_CURVE ( 'NONE', #1988, #1097, #1464, .T. ) ;
#1288 = ADVANCED_FACE ( 'NONE', ( #2535 ), #720, .F. ) ;
#1289 = EDGE_LOOP ( 'NONE', ( #1200, #1925 ) ) ;
#1290 = ORIENTED_EDGE ( 'NONE', *, *, #2391, .T. ) ;
#1291 = DIRECTION ( 'NONE',  ( 1.000000000000000000, -0.000000000000000000, -0.000000000000000000 ) ) ;
#1292 = VECTOR ( 'NONE', #109, 1000.000000000000000 ) ;
#1293 = EDGE_CURVE ( 'NONE', #1404, #855, #533, .T. ) ;
#1294 = CARTESIAN_POINT ( 'NONE',  ( 36.20000000000001705, -0.3239997712375995431, 3.500000000000000444 ) ) ;
#1295 = CARTESIAN_POINT ( 'NONE',  ( 60.00000000000000711, -0.3239997712375966565, 3.500000000000000444 ) ) ;
#1296 = EDGE_LOOP ( 'NONE', ( #1328, #1843, #315, #2554 ) ) ;
#1297 = LINE ( 'NONE', #2274, #126 ) ;
#1298 = CARTESIAN_POINT ( 'NONE',  ( 60.00000000000000711, -0.3239997712375966565, 3.500000000000000444 ) ) ;
#1299 = ORIENTED_EDGE ( 'NONE', *, *, #2262, .F. ) ;
#1300 = DIRECTION ( 'NONE',  ( 1.000000000000000000, -1.734723475976807489E-15, 0.000000000000000000 ) ) ;
#1301 = EDGE_CURVE ( 'NONE', #2540, #1545, #1582, .T. ) ;
#1302 = VECTOR ( 'NONE', #2308, 1000.000000000000000 ) ;
#1303 = VERTEX_POINT ( 'NONE', #2589 ) ;
#1304 = VERTEX_POINT ( 'NONE', #1357 ) ;
#1305 = VECTOR ( 'NONE', #1838, 1000.000000000000000 ) ;
#1306 = LINE ( 'NONE', #925, #20 ) ;
#1307 = AXIS2_PLACEMENT_3D ( 'NONE', #151, #907, #333 ) ;
#1308 = LINE ( 'NONE', #119, #2435 ) ;
#1309 = CARTESIAN_POINT ( 'NONE',  ( 60.00000000000000711, -1.447822569485240463, 19.00000000000000355 ) ) ;
#1310 = CIRCLE ( 'NONE', #877, 3.676000228762396738 ) ;
#1311 = LINE ( 'NONE', #1080, #2066 ) ;
#1312 = FACE_OUTER_BOUND ( 'NONE', #1895, .T. ) ;
#1313 = ORIENTED_EDGE ( 'NONE', *, *, #2194, .F. ) ;
#1314 = LOCAL_TIME ( 10, 55, 35.00000000000000000, #2011 ) ;
#1315 = DIRECTION ( 'NONE',  ( 0.000000000000000000, 0.000000000000000000, 1.000000000000000000 ) ) ;
#1316 = ORIENTED_EDGE ( 'NONE', *, *, #2187, .F. ) ;
#1317 = CARTESIAN_POINT ( 'NONE',  ( 19.09999999999990905, 21.00000000000000000, -1.750000000000003331 ) ) ;
#1318 = CARTESIAN_POINT ( 'NONE',  ( 40.20000000000001705, 0.000000000000000000, 5.000000000000000888 ) ) ;
#1319 = AXIS2_PLACEMENT_3D ( 'NONE', #2306, #351, #1786 ) ;
#1320 = DIRECTION ( 'NONE',  ( 0.000000000000000000, -0.000000000000000000, 1.000000000000000000 ) ) ;
#1321 = CARTESIAN_POINT ( 'NONE',  ( 19.09999999999990905, 21.00000000000000000, -4.000000000000003553 ) ) ;
#1322 = FACE_BOUND ( 'NONE', #2528, .T. ) ;
#1323 = DIRECTION ( 'NONE',  ( -1.000000000000000000, -1.196068857455806470E-16, -0.000000000000000000 ) ) ;
#1324 = ORIENTED_EDGE ( 'NONE', *, *, #2155, .F. ) ;
#1325 = PLANE ( 'NONE',  #1186 ) ;
#1326 = AXIS2_PLACEMENT_3D ( 'NONE', #2601, #188, #2013 ) ;
#1327 = EDGE_CURVE ( 'NONE', #1304, #1796, #2220, .T. ) ;
#1328 = ORIENTED_EDGE ( 'NONE', *, *, #2148, .F. ) ;
#1329 = CARTESIAN_POINT ( 'NONE',  ( -1.138412281109779656E-15, 20.99999999999999645, 0.000000000000000000 ) ) ;
#1330 = CARTESIAN_POINT ( 'NONE',  ( 40.20000000000001705, 20.99999999999999645, 0.000000000000000000 ) ) ;
#1331 = CARTESIAN_POINT ( 'NONE',  ( 40.20000000000001705, -0.3239997712375990435, 22.50000000000000355 ) ) ;
#1332 = DIRECTION ( 'NONE',  ( -1.000000000000000000, -8.630465054610978570E-17, 1.387778780781445676E-16 ) ) ;
#1333 = EDGE_CURVE ( 'NONE', #2250, #1724, #1968, .T. ) ;
#1334 = FACE_BOUND ( 'NONE', #1289, .T. ) ;
#1335 = CARTESIAN_POINT ( 'NONE',  ( 38.20000000000003126, 8.000000000000000000, 13.00000000000000355 ) ) ;
#1336 = VERTEX_POINT ( 'NONE', #994 ) ;
#1337 = LINE ( 'NONE', #2142, #1347 ) ;
#1338 = ORIENTED_EDGE ( 'NONE', *, *, #624, .T. ) ;
#1339 = ORIENTED_EDGE ( 'NONE', *, *, #128, .F. ) ;
#1340 = EDGE_CURVE ( 'NONE', #1354, #1304, #1192, .T. ) ;
#1341 = AXIS2_PLACEMENT_3D ( 'NONE', #291, #1111, #106 ) ;
#1342 = DIRECTION ( 'NONE',  ( -0.000000000000000000, -1.000000000000000000, -0.000000000000000000 ) ) ;
#1343 = CARTESIAN_POINT ( 'NONE',  ( -5.315483133298897656, 21.00000000000000000, 25.24999999999993250 ) ) ;
#1344 = VECTOR ( 'NONE', #502, 1000.000000000000000 ) ;
#1345 = CARTESIAN_POINT ( 'NONE',  ( 40.20000000000001705, 8.000000000000000000, 13.00000000000000355 ) ) ;
#1346 = EDGE_CURVE ( 'NONE', #855, #1404, #2560, .T. ) ;
#1347 = VECTOR ( 'NONE', #1131, 1000.000000000000000 ) ;
#1348 = DIRECTION ( 'NONE',  ( 1.000000000000000000, 1.196068857455806470E-16, -0.000000000000000000 ) ) ;
#1349 = FACE_BOUND ( 'NONE', #1228, .T. ) ;
#1350 = VERTEX_POINT ( 'NONE', #939 ) ;
#1351 = AXIS2_PLACEMENT_3D ( 'NONE', #590, #1970, #179 ) ;
#1352 = LINE ( 'NONE', #715, #2491 ) ;
#1353 = ORIENTED_EDGE ( 'NONE', *, *, #1137, .T. ) ;
#1354 = VERTEX_POINT ( 'NONE', #1996 ) ;
#1355 = DIRECTION ( 'NONE',  ( 0.000000000000000000, 0.000000000000000000, -1.000000000000000000 ) ) ;
#1356 = EDGE_CURVE ( 'NONE', #420, #80, #1755, .T. ) ;
#1357 = CARTESIAN_POINT ( 'NONE',  ( 0.000000000000000000, 5.656854249492379694, 17.65685424949239390 ) ) ;
#1358 = FACE_OUTER_BOUND ( 'NONE', #2492, .T. ) ;
#1359 = CARTESIAN_POINT ( 'NONE',  ( -2.000000000000001776, 0.000000000000000000, 7.000000000000001776 ) ) ;
#1360 = DIRECTION ( 'NONE',  ( 0.000000000000000000, 0.000000000000000000, -1.000000000000000000 ) ) ;
#1361 = CIRCLE ( 'NONE', #230, 4.250000000000003553 ) ;
#1362 = EDGE_LOOP ( 'NONE', ( #973, #1175 ) ) ;
#1363 = DIRECTION ( 'NONE',  ( 1.000000000000000000, 1.196068857455806470E-16, -0.000000000000000000 ) ) ;
#1364 = ORIENTED_EDGE ( 'NONE', *, *, #789, .F. ) ;
#1365 = ORIENTED_EDGE ( 'NONE', *, *, #776, .T. ) ;
#1366 = LINE ( 'NONE', #1575, #1816 ) ;
#1367 = ADVANCED_FACE ( 'NONE', ( #980 ), #199, .T. ) ;
#1368 = AXIS2_PLACEMENT_3D ( 'NONE', #369, #1166, #1983 ) ;
#1369 = EDGE_CURVE ( 'NONE', #557, #832, #2313, .T. ) ;
#1370 = PERSON_AND_ORGANIZATION_ROLE ( 'classification_officer' ) ;
#1371 = CARTESIAN_POINT ( 'NONE',  ( 38.20000000000002416, 5.656854249492379694, 18.65685424949238325 ) ) ;
#1372 = EDGE_CURVE ( 'NONE', #2369, #296, #292, .T. ) ;
#1373 = DIRECTION ( 'NONE',  ( 0.000000000000000000, 0.000000000000000000, 1.000000000000000000 ) ) ;
#1374 = DIRECTION ( 'NONE',  ( 0.000000000000000000, 0.000000000000000000, 1.000000000000000000 ) ) ;
#1375 = FACE_OUTER_BOUND ( 'NONE', #219, .T. ) ;
#1376 = VECTOR ( 'NONE', #1655, 1000.000000000000000 ) ;
#1377 = FACE_BOUND ( 'NONE', #1110, .T. ) ;
#1378 = ORIENTED_EDGE ( 'NONE', *, *, #1630, .F. ) ;
#1379 = ORIENTED_EDGE ( 'NONE', *, *, #527, .T. ) ;
#1380 = CARTESIAN_POINT ( 'NONE',  ( 36.20000000000001705, -6.626643678231406887E-14, 2.000000000000003553 ) ) ;
#1381 = APPLICATION_PROTOCOL_DEFINITION ( 'international standard', 'config_control_design', 1994, #2400 ) ;
#1382 = DIRECTION ( 'NONE',  ( -0.000000000000000000, -1.000000000000000000, -0.000000000000000000 ) ) ;
#1383 = AXIS2_PLACEMENT_3D ( 'NONE', #1550, #793, #2390 ) ;
#1384 = CARTESIAN_POINT ( 'NONE',  ( 40.20000000000001705, -4.000000000000000000, 26.00000000000000000 ) ) ;
#1385 = CARTESIAN_POINT ( 'NONE',  ( 46.93451686670109524, 24.00000000000000000, 29.49999999999994316 ) ) ;
#1386 = DIRECTION ( 'NONE',  ( 0.000000000000000000, 0.000000000000000000, 1.000000000000000000 ) ) ;
#1387 = CIRCLE ( 'NONE', #261, 11.00000000000000000 ) ;
#1388 = ORIENTED_EDGE ( 'NONE', *, *, #1805, .F. ) ;
#1389 = CARTESIAN_POINT ( 'NONE',  ( 0.000000000000000000, 1.540743955509788682E-30, 2.000000000000005329 ) ) ;
#1390 = EDGE_LOOP ( 'NONE', ( #349, #2037, #474, #2290 ) ) ;
#1391 = VERTEX_POINT ( 'NONE', #1803 ) ;
#1392 = CARTESIAN_POINT ( 'NONE',  ( 40.20000000000001705, 0.000000000000000000, 7.000000000000001776 ) ) ;
#1393 = CC_DESIGN_APPROVAL ( #1693, ( #1727 ) ) ;
#1394 = ORIENTED_EDGE ( 'NONE', *, *, #1059, .T. ) ;
#1395 = DATE_AND_TIME ( #1006, #512 ) ;
#1396 = LINE ( 'NONE', #742, #580 ) ;
#1397 = DIRECTION ( 'NONE',  ( 0.000000000000000000, -0.9999930319728996819, -0.003733095986867285016 ) ) ;
#1398 = CARTESIAN_POINT ( 'NONE',  ( 48.85000000000000853, 33.00000000000000000, 37.99999999999999289 ) ) ;
#1399 = DIRECTION ( 'NONE',  ( 1.000000000000000000, -1.734723475976807489E-15, 0.000000000000000000 ) ) ;
#1400 = AXIS2_PLACEMENT_3D ( 'NONE', #2159, #774, #1586 ) ;
#1401 = VERTEX_POINT ( 'NONE', #1752 ) ;
#1402 = DIRECTION ( 'NONE',  ( -0.000000000000000000, -1.000000000000000000, -0.000000000000000000 ) ) ;
#1403 = CIRCLE ( 'NONE', #103, 2.250000000000001776 ) ;
#1404 = VERTEX_POINT ( 'NONE', #1578 ) ;
#1405 = ORIENTED_EDGE ( 'NONE', *, *, #1356, .F. ) ;
#1406 = DIRECTION ( 'NONE',  ( -8.630465054610978570E-17, 1.000000000000000000, 0.000000000000000000 ) ) ;
#1407 = EDGE_CURVE ( 'NONE', #2556, #1085, #1396, .T. ) ;
#1408 = ORIENTED_EDGE ( 'NONE', *, *, #929, .F. ) ;
#1409 =( NAMED_UNIT ( * ) PLANE_ANGLE_UNIT ( ) SI_UNIT ( $, .RADIAN. ) );
#1410 = CARTESIAN_POINT ( 'NONE',  ( 0.000000000000000000, -0.3239997712376038175, 22.50000000000000355 ) ) ;
#1411 = LINE ( 'NONE', #1606, #766 ) ;
#1412 = CARTESIAN_POINT ( 'NONE',  ( -7.767418549149880467E-16, 32.99999999999999289, 0.000000000000000000 ) ) ;
#1413 = ADVANCED_FACE ( 'NONE', ( #1164 ), #1779, .F. ) ;
#1414 = DIRECTION ( 'NONE',  ( -0.000000000000000000, -0.000000000000000000, -1.000000000000000000 ) ) ;
#1415 = ORIENTED_EDGE ( 'NONE', *, *, #1026, .T. ) ;
#1416 = CARTESIAN_POINT ( 'NONE',  ( 40.20000000000001705, 5.656854249492380582, 8.343145750507611424 ) ) ;
#1417 = CIRCLE ( 'NONE', #284, 3.676000228762395849 ) ;
#1418 = ORIENTED_EDGE ( 'NONE', *, *, #10, .T. ) ;
#1419 = CYLINDRICAL_SURFACE ( 'NONE', #1183, 6.000000000000000000 ) ;
#1420 = CIRCLE ( 'NONE', #1114, 3.676000228762396738 ) ;
#1421 = VERTEX_POINT ( 'NONE', #767 ) ;
#1422 = ORIENTED_EDGE ( 'NONE', *, *, #1045, .T. ) ;
#1423 = EDGE_CURVE ( 'NONE', #1445, #2250, #1165, .T. ) ;
#1424 = DIRECTION ( 'NONE',  ( 1.000000000000000000, -0.000000000000000000, -0.000000000000000000 ) ) ;
#1425 = DIRECTION ( 'NONE',  ( -0.000000000000000000, -1.000000000000000000, -0.000000000000000000 ) ) ;
#1426 = FACE_OUTER_BOUND ( 'NONE', #2496, .T. ) ;
#1427 = PRODUCT ( 'sicklidarv3', 'sicklidarv3', '', ( #2598 ) ) ;
#1428 = FACE_OUTER_BOUND ( 'NONE', #1447, .T. ) ;
#1429 = EDGE_CURVE ( 'NONE', #191, #1633, #2189, .T. ) ;
#1430 = CARTESIAN_POINT ( 'NONE',  ( 60.00000000000000711, -0.3239997712375966565, 22.50000000000000355 ) ) ;
#1431 = VERTEX_POINT ( 'NONE', #1789 ) ;
#1432 = DIRECTION ( 'NONE',  ( 1.000000000000000000, -0.000000000000000000, -0.000000000000000000 ) ) ;
#1433 = AXIS2_PLACEMENT_3D ( 'NONE', #123, #919, #2167 ) ;
#1434 = ORIENTED_EDGE ( 'NONE', *, *, #1870, .T. ) ;
#1435 = LINE ( 'NONE', #1813, #1981 ) ;
#1436 = ORIENTED_EDGE ( 'NONE', *, *, #2440, .T. ) ;
#1437 = ORIENTED_EDGE ( 'NONE', *, *, #692, .T. ) ;
#1438 = VECTOR ( 'NONE', #1274, 1000.000000000000000 ) ;
#1439 = CARTESIAN_POINT ( 'NONE',  ( 0.000000000000000000, 5.656854249492379694, 19.65685424949236904 ) ) ;
#1440 = ADVANCED_FACE ( 'NONE', ( #2600 ), #549, .F. ) ;
#1441 = LINE ( 'NONE', #848, #1885 ) ;
#1442 = CARTESIAN_POINT ( 'NONE',  ( 38.20000000000002416, 5.656854249492379694, 17.65685424949239390 ) ) ;
#1443 = CARTESIAN_POINT ( 'NONE',  ( 38.20000000000000995, -3.999999999999994671, 22.50000000000000355 ) ) ;
#1444 = LINE ( 'NONE', #2061, #2161 ) ;
#1445 = VERTEX_POINT ( 'NONE', #1767 ) ;
#1446 = CARTESIAN_POINT ( 'NONE',  ( 40.20000000000001705, 5.656854249492380582, 7.343145750507622083 ) ) ;
#1447 = EDGE_LOOP ( 'NONE', ( #88, #1736, #507, #613 ) ) ;
#1448 = VERTEX_POINT ( 'NONE', #603 ) ;
#1449 = VERTEX_POINT ( 'NONE', #2574 ) ;
#1450 = EDGE_CURVE ( 'NONE', #832, #571, #17, .T. ) ;
#1451 = DIRECTION ( 'NONE',  ( 0.000000000000000000, 1.000000000000000000, 0.000000000000000000 ) ) ;
#1452 = DIRECTION ( 'NONE',  ( 1.000000000000000000, -1.734723475976807489E-15, 0.000000000000000000 ) ) ;
#1453 = DIRECTION ( 'NONE',  ( 0.000000000000000000, 0.000000000000000000, 1.000000000000000000 ) ) ;
#1454 = EDGE_CURVE ( 'NONE', #69, #535, #73, .T. ) ;
#1455 = AXIS2_PLACEMENT_3D ( 'NONE', #2404, #1193, #5 ) ;
#1456 = EDGE_CURVE ( 'NONE', #936, #523, #868, .T. ) ;
#1457 = LINE ( 'NONE', #2257, #573 ) ;
#1458 = DIRECTION ( 'NONE',  ( -1.000000000000000000, -1.196068857455806470E-16, -0.000000000000000000 ) ) ;
#1459 = EDGE_LOOP ( 'NONE', ( #155, #364 ) ) ;
#1460 = CARTESIAN_POINT ( 'NONE',  ( -12.90000000000000391, 32.99999999999999289, -12.00000000000000355 ) ) ;
#1461 = VERTEX_POINT ( 'NONE', #453 ) ;
#1462 = EDGE_CURVE ( 'NONE', #923, #2396, #1441, .T. ) ;
#1463 = EDGE_LOOP ( 'NONE', ( #256, #2477 ) ) ;
#1464 = CIRCLE ( 'NONE', #113, 4.250000000000003553 ) ;
#1465 = ORIENTED_EDGE ( 'NONE', *, *, #216, .F. ) ;
#1466 = CARTESIAN_POINT ( 'NONE',  ( 0.000000000000000000, 0.000000000000000000, 0.000000000000000000 ) ) ;
#1467 = CYLINDRICAL_SURFACE ( 'NONE', #372, 4.250000000000003553 ) ;
#1468 = DIRECTION ( 'NONE',  ( 1.000000000000000000, 1.196068857455806470E-16, -0.000000000000000000 ) ) ;
#1469 = DIRECTION ( 'NONE',  ( -0.000000000000000000, -1.000000000000000000, -0.000000000000000000 ) ) ;
#1470 = DIRECTION ( 'NONE',  ( 1.887620639850546729E-15, 1.000000000000000000, 0.000000000000000000 ) ) ;
#1471 = ORIENTED_EDGE ( 'NONE', *, *, #288, .F. ) ;
#1472 = CARTESIAN_POINT ( 'NONE',  ( -2.000000000000001776, -1.612258796062072735E-15, 21.99999999999999645 ) ) ;
#1473 = ORIENTED_EDGE ( 'NONE', *, *, #2508, .T. ) ;
#1474 = CIRCLE ( 'NONE', #2064, 0.9999999999999870104 ) ;
#1475 = ORIENTED_EDGE ( 'NONE', *, *, #404, .F. ) ;
#1476 = AXIS2_PLACEMENT_3D ( 'NONE', #2020, #594, #236 ) ;
#1477 = ORIENTED_EDGE ( 'NONE', *, *, #331, .F. ) ;
#1478 = DIRECTION ( 'NONE',  ( -1.000000000000000000, -0.000000000000000000, -0.000000000000000000 ) ) ;
#1479 = AXIS2_PLACEMENT_3D ( 'NONE', #2245, #2049, #1162 ) ;
#1480 = CYLINDRICAL_SURFACE ( 'NONE', #2174, 2.249999999999998668 ) ;
#1481 = CARTESIAN_POINT ( 'NONE',  ( -2.000000000000001776, 0.000000000000000000, 7.000000000000001776 ) ) ;
#1482 = DIRECTION ( 'NONE',  ( 1.000000000000000000, -0.000000000000000000, -0.000000000000000000 ) ) ;
#1483 = ORIENTED_EDGE ( 'NONE', *, *, #1429, .F. ) ;
#1484 = ORIENTED_EDGE ( 'NONE', *, *, #2090, .F. ) ;
#1485 = VERTEX_POINT ( 'NONE', #1250 ) ;
#1486 = DIRECTION ( 'NONE',  ( 0.000000000000000000, -0.9999930319728996819, -0.003733095986867285016 ) ) ;
#1487 = VECTOR ( 'NONE', #1073, 1000.000000000000000 ) ;
#1488 = DIRECTION ( 'NONE',  ( -1.000000000000000000, -0.000000000000000000, -0.000000000000000000 ) ) ;
#1489 = CARTESIAN_POINT ( 'NONE',  ( 0.000000000000000000, 0.000000000000000000, 26.00000000000000000 ) ) ;
#1490 = EDGE_LOOP ( 'NONE', ( #1072, #2131, #221, #2003 ) ) ;
#1491 = EDGE_CURVE ( 'NONE', #2351, #2501, #1259, .T. ) ;
#1492 = DIRECTION ( 'NONE',  ( 1.067560920268592957E-16, -1.000000000000000000, 0.000000000000000000 ) ) ;
#1493 = DIRECTION ( 'NONE',  ( 0.000000000000000000, 0.000000000000000000, -1.000000000000000000 ) ) ;
#1494 = EDGE_LOOP ( 'NONE', ( #1483, #596, #266, #1245, #326, #2281, #2144, #2252, #989, #1071, #1316 ) ) ;
#1495 = ORIENTED_EDGE ( 'NONE', *, *, #25, .T. ) ;
#1496 = CARTESIAN_POINT ( 'NONE',  ( 48.85000000000000853, 33.00000000000000000, -12.00000000000000355 ) ) ;
#1497 = CC_DESIGN_PERSON_AND_ORGANIZATION_ASSIGNMENT ( #1565, #563, ( #2279 ) ) ;
#1498 = DIRECTION ( 'NONE',  ( -0.000000000000000000, -1.000000000000000000, -0.000000000000000000 ) ) ;
#1499 = DIRECTION ( 'NONE',  ( -1.000000000000000000, 0.000000000000000000, -0.000000000000000000 ) ) ;
#1500 = CARTESIAN_POINT ( 'NONE',  ( -12.90000000000000391, 32.99999999999999289, -12.00000000000000355 ) ) ;
#1501 = DIRECTION ( 'NONE',  ( 1.000000000000000000, 5.421010862427522170E-17, 0.000000000000000000 ) ) ;
#1502 = FACE_BOUND ( 'NONE', #2211, .T. ) ;
#1503 = ORIENTED_EDGE ( 'NONE', *, *, #664, .T. ) ;
#1504 = DIRECTION ( 'NONE',  ( -1.000000000000000000, 0.000000000000000000, 0.000000000000000000 ) ) ;
#1505 = VECTOR ( 'NONE', #1425, 1000.000000000000000 ) ;
#1506 = EDGE_LOOP ( 'NONE', ( #2183, #1911, #2606, #1471 ) ) ;
#1507 = ORIENTED_EDGE ( 'NONE', *, *, #706, .F. ) ;
#1508 = AXIS2_PLACEMENT_3D ( 'NONE', #986, #1211, #400 ) ;
#1509 = LINE ( 'NONE', #489, #1302 ) ;
#1510 = AXIS2_PLACEMENT_3D ( 'NONE', #2153, #531, #1707 ) ;
#1511 = EDGE_CURVE ( 'NONE', #2091, #1303, #2010, .T. ) ;
#1512 = CYLINDRICAL_SURFACE ( 'NONE', #2599, 0.9999999999999870104 ) ;
#1513 = FACE_OUTER_BOUND ( 'NONE', #642, .T. ) ;
#1514 = AXIS2_PLACEMENT_3D ( 'NONE', #1985, #1792, #2207 ) ;
#1515 = PLANE ( 'NONE',  #794 ) ;
#1516 = CARTESIAN_POINT ( 'NONE',  ( 40.20000000000001705, -1.734723475976807094E-15, 21.00000000000000355 ) ) ;
#1517 = ORIENTED_EDGE ( 'NONE', *, *, #2580, .T. ) ;
#1518 = FACE_OUTER_BOUND ( 'NONE', #1698, .T. ) ;
#1519 = ORIENTED_EDGE ( 'NONE', *, *, #200, .F. ) ;
#1520 = DIRECTION ( 'NONE',  ( -0.000000000000000000, -1.000000000000000000, -0.000000000000000000 ) ) ;
#1521 = AXIS2_PLACEMENT_3D ( 'NONE', #1964, #172, #1189 ) ;
#1522 = ADVANCED_FACE ( 'NONE', ( #45 ), #2047, .F. ) ;
#1523 = DIRECTION ( 'NONE',  ( 0.000000000000000000, 0.000000000000000000, -1.000000000000000000 ) ) ;
#1524 = AXIS2_PLACEMENT_3D ( 'NONE', #835, #463, #1315 ) ;
#1525 = CARTESIAN_POINT ( 'NONE',  ( 60.00000000000000711, -1.447822569485240463, 19.00000000000000355 ) ) ;
#1526 = LINE ( 'NONE', #2127, #615 ) ;
#1527 = CC_DESIGN_PERSON_AND_ORGANIZATION_ASSIGNMENT ( #2588, #175, ( #2279 ) ) ;
#1528 = LINE ( 'NONE', #918, #2494 ) ;
#1529 = CYLINDRICAL_SURFACE ( 'NONE', #2188, 4.250000000000000000 ) ;
#1530 = ORIENTED_EDGE ( 'NONE', *, *, #899, .T. ) ;
#1531 = FACE_BOUND ( 'NONE', #1788, .T. ) ;
#1532 = ORIENTED_EDGE ( 'NONE', *, *, #1301, .T. ) ;
#1533 = ORIENTED_EDGE ( 'NONE', *, *, #2005, .F. ) ;
#1534 = ADVANCED_FACE ( 'NONE', ( #2484 ), #1467, .F. ) ;
#1535 = CARTESIAN_POINT ( 'NONE',  ( 38.20000000000003126, 8.000000000000000000, 13.99999999999999112 ) ) ;
#1536 = EDGE_CURVE ( 'NONE', #2410, #69, #1549, .T. ) ;
#1537 = CIRCLE ( 'NONE', #1670, 3.676000228762395849 ) ;
#1538 = CARTESIAN_POINT ( 'NONE',  ( 60.00000000000000711, -3.999999999999992450, 22.50000000000000355 ) ) ;
#1539 = LINE ( 'NONE', #2151, #197 ) ;
#1540 = AXIS2_PLACEMENT_3D ( 'NONE', #2462, #1282, #1036 ) ;
#1541 = PLANE ( 'NONE',  #427 ) ;
#1542 = DIRECTION ( 'NONE',  ( 0.000000000000000000, 1.000000000000000000, 0.000000000000000000 ) ) ;
#1543 = ORIENTED_EDGE ( 'NONE', *, *, #68, .T. ) ;
#1544 = CARTESIAN_POINT ( 'NONE',  ( 0.000000000000000000, 0.000000000000000000, 26.00000000000000000 ) ) ;
#1545 = VERTEX_POINT ( 'NONE', #2012 ) ;
#1546 = EDGE_CURVE ( 'NONE', #1988, #2107, #836, .T. ) ;
#1547 = ORIENTED_EDGE ( 'NONE', *, *, #1766, .F. ) ;
#1548 = DIRECTION ( 'NONE',  ( 1.000000000000000000, -0.000000000000000000, -0.000000000000000000 ) ) ;
#1549 = CIRCLE ( 'NONE', #168, 6.000000000000000000 ) ;
#1550 = CARTESIAN_POINT ( 'NONE',  ( 38.20000000000000995, 0.000000000000000000, 13.00000000000000355 ) ) ;
#1551 = CARTESIAN_POINT ( 'NONE',  ( 36.20000000000001705, -6.651136614214353917E-14, 24.00000000000000000 ) ) ;
#1552 = CIRCLE ( 'NONE', #1808, 4.250000000000003553 ) ;
#1553 = CARTESIAN_POINT ( 'NONE',  ( 0.000000000000000000, 0.02613148982187295244, 19.00009755203953432 ) ) ;
#1554 = DIRECTION ( 'NONE',  ( 1.000000000000000000, -0.000000000000000000, -0.000000000000000000 ) ) ;
#1555 = EDGE_CURVE ( 'NONE', #1199, #1776, #1678, .T. ) ;
#1556 = ORIENTED_EDGE ( 'NONE', *, *, #1646, .T. ) ;
#1557 = AXIS2_PLACEMENT_3D ( 'NONE', #567, #733, #1909 ) ;
#1558 = EDGE_CURVE ( 'NONE', #2556, #1449, #1847, .T. ) ;
#1559 = PLANE ( 'NONE',  #275 ) ;
#1560 = EDGE_LOOP ( 'NONE', ( #57, #361, #2277, #1120 ) ) ;
#1561 = VERTEX_POINT ( 'NONE', #1007 ) ;
#1562 = ADVANCED_FACE ( 'NONE', ( #669 ), #822, .T. ) ;
#1563 = CARTESIAN_POINT ( 'NONE',  ( 44.68451686670109524, 21.00000000000000000, 29.49999999999994316 ) ) ;
#1564 = EDGE_CURVE ( 'NONE', #714, #1761, #2267, .T. ) ;
#1565 = PERSON_AND_ORGANIZATION ( #1251, #2361 ) ;
#1566 = DIRECTION ( 'NONE',  ( 0.000000000000000000, 0.000000000000000000, -1.000000000000000000 ) ) ;
#1567 = DIRECTION ( 'NONE',  ( 1.000000000000000000, -0.000000000000000000, -0.000000000000000000 ) ) ;
#1568 = AXIS2_PLACEMENT_3D ( 'NONE', #156, #950, #2184 ) ;
#1569 = FACE_BOUND ( 'NONE', #1084, .T. ) ;
#1570 = DIRECTION ( 'NONE',  ( 0.000000000000000000, 1.000000000000000000, 0.000000000000000000 ) ) ;
#1571 = AXIS2_PLACEMENT_3D ( 'NONE', #227, #1046, #1830 ) ;
#1572 = DIRECTION ( 'NONE',  ( -1.000000000000000000, 0.000000000000000000, -0.000000000000000000 ) ) ;
#1573 = ORIENTED_EDGE ( 'NONE', *, *, #776, .F. ) ;
#1574 = ORIENTED_EDGE ( 'NONE', *, *, #2354, .T. ) ;
#1575 = CARTESIAN_POINT ( 'NONE',  ( 48.85000000000000853, 33.00000000000000000, -12.00000000000000355 ) ) ;
#1576 = AXIS2_PLACEMENT_3D ( 'NONE', #1665, #1252, #2473 ) ;
#1577 = COORDINATED_UNIVERSAL_TIME_OFFSET ( 5, 0, .BEHIND. ) ;
#1578 = CARTESIAN_POINT ( 'NONE',  ( 44.68451686670109524, 24.00000000000000000, 27.24999999999993960 ) ) ;
#1579 = LINE ( 'NONE', #1384, #2470 ) ;
#1580 = CARTESIAN_POINT ( 'NONE',  ( -10.64999999999999503, 26.99999999999999645, 37.99999999999999289 ) ) ;
#1581 = FACE_OUTER_BOUND ( 'NONE', #210, .T. ) ;
#1582 = CIRCLE ( 'NONE', #1878, 4.250000000000000000 ) ;
#1583 = CARTESIAN_POINT ( 'NONE',  ( -2.000000000000003109, 23.99999999999999645, 26.00000000000000000 ) ) ;
#1584 = VERTEX_POINT ( 'NONE', #2229 ) ;
#1585 = EDGE_LOOP ( 'NONE', ( #1378, #304 ) ) ;
#1586 = DIRECTION ( 'NONE',  ( -1.387778780781445676E-16, 0.000000000000000000, -1.000000000000000000 ) ) ;
#1587 = ORIENTED_EDGE ( 'NONE', *, *, #2553, .T. ) ;
#1588 = DIRECTION ( 'NONE',  ( 0.000000000000000000, 0.000000000000000000, 1.000000000000000000 ) ) ;
#1589 = VECTOR ( 'NONE', #1740, 1000.000000000000000 ) ;
#1590 = PLANE ( 'NONE',  #1455 ) ;
#1591 = CARTESIAN_POINT ( 'NONE',  ( -2.000000000000001776, -4.000000000000011546, 7.000000000000006217 ) ) ;
#1592 = AXIS2_PLACEMENT_3D ( 'NONE', #1078, #1894, #1676 ) ;
#1593 = CARTESIAN_POINT ( 'NONE',  ( -2.000000000000001776, 5.656854249492380582, 7.343145750507622083 ) ) ;
#1594 = AXIS2_PLACEMENT_3D ( 'NONE', #1863, #2314, #265 ) ;
#1595 = EDGE_LOOP ( 'NONE', ( #224, #279, #1543, #51 ) ) ;
#1596 = EDGE_CURVE ( 'NONE', #1661, #747, #257, .T. ) ;
#1597 = LINE ( 'NONE', #430, #1684 ) ;
#1598 = ORIENTED_EDGE ( 'NONE', *, *, #1077, .T. ) ;
#1599 = ORIENTED_EDGE ( 'NONE', *, *, #342, .F. ) ;
#1600 = DIRECTION ( 'NONE',  ( 1.000000000000000000, 8.630465054610978570E-17, -0.000000000000000000 ) ) ;
#1601 = ORIENTED_EDGE ( 'NONE', *, *, #1273, .F. ) ;
#1602 = AXIS2_PLACEMENT_3D ( 'NONE', #1563, #2370, #184 ) ;
#1603 = APPROVAL_ROLE ( '' ) ;
#1604 = EDGE_CURVE ( 'NONE', #71, #1724, #121, .T. ) ;
#1605 = DIRECTION ( 'NONE',  ( 1.000000000000000000, -0.000000000000000000, -0.000000000000000000 ) ) ;
#1606 = CARTESIAN_POINT ( 'NONE',  ( 38.20000000000001705, -6.626643678231406887E-14, 2.000000000000003553 ) ) ;
#1607 = LINE ( 'NONE', #189, #1178 ) ;
#1608 = CYLINDRICAL_SURFACE ( 'NONE', #352, 2.249999999999998668 ) ;
#1609 = VECTOR ( 'NONE', #937, 1000.000000000000000 ) ;
#1610 = EDGE_LOOP ( 'NONE', ( #1394, #992, #1797, #1099 ) ) ;
#1611 = EDGE_CURVE ( 'NONE', #884, #2441, #953, .T. ) ;
#1612 = DIRECTION ( 'NONE',  ( 1.000000000000000000, -0.000000000000000000, -0.000000000000000000 ) ) ;
#1613 = CIRCLE ( 'NONE', #888, 0.9999999999999887867 ) ;
#1614 = ADVANCED_FACE ( 'NONE', ( #1845 ), #2459, .F. ) ;
#1615 = ORIENTED_EDGE ( 'NONE', *, *, #629, .T. ) ;
#1616 = DIRECTION ( 'NONE',  ( 0.000000000000000000, 0.000000000000000000, -1.000000000000000000 ) ) ;
#1617 = ORIENTED_EDGE ( 'NONE', *, *, #2309, .T. ) ;
#1618 = ORIENTED_EDGE ( 'NONE', *, *, #216, .T. ) ;
#1619 = EDGE_CURVE ( 'NONE', #2501, #1461, #1509, .T. ) ;
#1620 = CARTESIAN_POINT ( 'NONE',  ( -2.000000000000001776, 8.000000000000000000, 13.99999999999999289 ) ) ;
#1621 = CARTESIAN_POINT ( 'NONE',  ( 60.00000000000000711, -0.3239997712375966565, 22.50000000000000355 ) ) ;
#1622 = CARTESIAN_POINT ( 'NONE',  ( 40.20000000000001705, 0.000000000000000000, 4.000000000000014211 ) ) ;
#1623 = LINE ( 'NONE', #2432, #2454 ) ;
#1624 = FACE_OUTER_BOUND ( 'NONE', #41, .T. ) ;
#1625 = VERTEX_POINT ( 'NONE', #2283 ) ;
#1626 = CARTESIAN_POINT ( 'NONE',  ( 36.20000000000001705, -3.680035778473098595, 24.00000000000000000 ) ) ;
#1627 = VECTOR ( 'NONE', #330, 1000.000000000000000 ) ;
#1628 = VERTEX_POINT ( 'NONE', #730 ) ;
#1629 = CARTESIAN_POINT ( 'NONE',  ( 38.20000000000001705, 0.000000000000000000, 4.000000000000012434 ) ) ;
#1630 = EDGE_CURVE ( 'NONE', #1391, #1085, #1638, .T. ) ;
#1631 = EDGE_CURVE ( 'NONE', #472, #855, #2497, .T. ) ;
#1632 = EDGE_LOOP ( 'NONE', ( #1058, #1784, #1109, #2104, #9, #1436 ) ) ;
#1633 = VERTEX_POINT ( 'NONE', #1686 ) ;
#1634 = CYLINDRICAL_SURFACE ( 'NONE', #2040, 0.9999999999999887867 ) ;
#1635 = DIRECTION ( 'NONE',  ( 1.000000000000000000, 0.000000000000000000, 0.000000000000000000 ) ) ;
#1636 = DIRECTION ( 'NONE',  ( 0.000000000000000000, -1.000000000000000000, 2.168404344971008868E-16 ) ) ;
#1637 = DIRECTION ( 'NONE',  ( 0.000000000000000000, 1.000000000000000000, 0.000000000000000000 ) ) ;
#1638 = CIRCLE ( 'NONE', #1341, 4.250000000000000000 ) ;
#1639 = DIRECTION ( 'NONE',  ( 8.630465054610978570E-17, -1.000000000000000000, -0.000000000000000000 ) ) ;
#1640 = ORIENTED_EDGE ( 'NONE', *, *, #1695, .F. ) ;
#1641 = DIRECTION ( 'NONE',  ( 1.387778780781445922E-16, 0.000000000000000000, 1.000000000000000000 ) ) ;
#1642 = CIRCLE ( 'NONE', #2359, 2.250000000000001776 ) ;
#1643 = EDGE_CURVE ( 'NONE', #42, #2091, #328, .T. ) ;
#1644 = CIRCLE ( 'NONE', #504, 0.9999999999999904521 ) ;
#1645 = EDGE_LOOP ( 'NONE', ( #1069, #350 ) ) ;
#1646 = EDGE_CURVE ( 'NONE', #1657, #1303, #117, .T. ) ;
#1647 = EDGE_CURVE ( 'NONE', #399, #2410, #1306, .T. ) ;
#1648 = ORIENTED_EDGE ( 'NONE', *, *, #2014, .T. ) ;
#1649 = VERTEX_POINT ( 'NONE', #2096 ) ;
#1650 = EDGE_CURVE ( 'NONE', #2557, #2320, #316, .T. ) ;
#1651 = AXIS2_PLACEMENT_3D ( 'NONE', #1958, #1718, #712 ) ;
#1652 = DIRECTION ( 'NONE',  ( 0.000000000000000000, 1.000000000000000000, 0.000000000000000000 ) ) ;
#1653 = DIRECTION ( 'NONE',  ( -1.000000000000000000, -1.196068857455806470E-16, -0.000000000000000000 ) ) ;
#1654 = FACE_BOUND ( 'NONE', #1708, .T. ) ;
#1655 = DIRECTION ( 'NONE',  ( 1.000000000000000000, -0.000000000000000000, -0.000000000000000000 ) ) ;
#1656 = CARTESIAN_POINT ( 'NONE',  ( 40.20000000000001705, -1.612258796062073130E-15, 21.99999999999999289 ) ) ;
#1657 = VERTEX_POINT ( 'NONE', #476 ) ;
#1658 = FACE_OUTER_BOUND ( 'NONE', #79, .T. ) ;
#1659 = ORIENTED_EDGE ( 'NONE', *, *, #612, .F. ) ;
#1660 = VECTOR ( 'NONE', #131, 1000.000000000000000 ) ;
#1661 = VERTEX_POINT ( 'NONE', #2547 ) ;
#1662 = ORIENTED_EDGE ( 'NONE', *, *, #2358, .F. ) ;
#1663 = PLANE ( 'NONE',  #482 ) ;
#1664 = DIRECTION ( 'NONE',  ( 0.000000000000000000, -8.848221749299433847E-16, -1.000000000000000000 ) ) ;
#1665 = CARTESIAN_POINT ( 'NONE',  ( 0.000000000000000000, 21.00000000000000000, 26.00000000000000000 ) ) ;
#1666 = CARTESIAN_POINT ( 'NONE',  ( 2.000000000000000000, 0.000000000000000000, 13.00000000000000355 ) ) ;
#1667 = DIRECTION ( 'NONE',  ( 1.000000000000000000, -1.734723475976807489E-15, 0.000000000000000000 ) ) ;
#1668 = CARTESIAN_POINT ( 'NONE',  ( 60.00000000000000711, -1.447822569485240463, 19.00000000000000355 ) ) ;
#1669 = VERTEX_POINT ( 'NONE', #1880 ) ;
#1670 = AXIS2_PLACEMENT_3D ( 'NONE', #732, #916, #2348 ) ;
#1671 = VERTEX_POINT ( 'NONE', #1280 ) ;
#1672 = AXIS2_PLACEMENT_3D ( 'NONE', #307, #926, #2311 ) ;
#1673 = ORIENTED_EDGE ( 'NONE', *, *, #1954, .F. ) ;
#1674 = DIRECTION ( 'NONE',  ( 1.000000000000000000, -0.000000000000000000, -0.000000000000000000 ) ) ;
#1675 = CARTESIAN_POINT ( 'NONE',  ( -2.000000000000000444, -1.447822569485248012, 18.99459510171468324 ) ) ;
#1676 = DIRECTION ( 'NONE',  ( 0.000000000000000000, 0.000000000000000000, 1.000000000000000000 ) ) ;
#1677 = ORIENTED_EDGE ( 'NONE', *, *, #1462, .F. ) ;
#1678 = CIRCLE ( 'NONE', #207, 0.9999999999999887867 ) ;
#1679 = LINE ( 'NONE', #2490, #89 ) ;
#1680 = ADVANCED_FACE ( 'NONE', ( #885 ), #1715, .F. ) ;
#1681 = ORIENTED_EDGE ( 'NONE', *, *, #1491, .F. ) ;
#1682 = AXIS2_PLACEMENT_3D ( 'NONE', #863, #1690, #887 ) ;
#1683 = ORIENTED_EDGE ( 'NONE', *, *, #2078, .F. ) ;
#1684 = VECTOR ( 'NONE', #1612, 1000.000000000000000 ) ;
#1685 = CARTESIAN_POINT ( 'NONE',  ( 40.20000000000001705, 8.000000000000000000, 13.00000000000000355 ) ) ;
#1686 = CARTESIAN_POINT ( 'NONE',  ( -2.000000000000003109, 20.99999999999999645, 26.00000000000000000 ) ) ;
#1687 = ADVANCED_FACE ( 'NONE', ( #1700 ), #1087, .F. ) ;
#1688 = VECTOR ( 'NONE', #2179, 1000.000000000000000 ) ;
#1689 = DIRECTION ( 'NONE',  ( 0.000000000000000000, 0.000000000000000000, -1.000000000000000000 ) ) ;
#1690 = DIRECTION ( 'NONE',  ( 1.000000000000000000, -1.734723475976807489E-15, 0.000000000000000000 ) ) ;
#1691 = EDGE_LOOP ( 'NONE', ( #1226, #1940 ) ) ;
#1692 = CARTESIAN_POINT ( 'NONE',  ( -2.000000000000001776, 5.656854249492380582, 7.343145750507622083 ) ) ;
#1693 = APPROVAL ( #1980, 'UNSPECIFIED' ) ;
#1694 = VERTEX_POINT ( 'NONE', #1330 ) ;
#1695 = EDGE_CURVE ( 'NONE', #485, #2305, #514, .T. ) ;
#1696 = AXIS2_PLACEMENT_3D ( 'NONE', #2134, #130, #871 ) ;
#1697 = ORIENTED_EDGE ( 'NONE', *, *, #1802, .F. ) ;
#1698 = EDGE_LOOP ( 'NONE', ( #240, #1890, #1188, #2240, #2522, #185, #622, #254 ) ) ;
#1699 = AXIS2_PLACEMENT_3D ( 'NONE', #218, #414, #383 ) ;
#1700 = FACE_OUTER_BOUND ( 'NONE', #911, .T. ) ;
#1701 = CIRCLE ( 'NONE', #890, 3.676000228762395849 ) ;
#1702 = AXIS2_PLACEMENT_3D ( 'NONE', #2105, #242, #2318 ) ;
#1703 = DIRECTION ( 'NONE',  ( 0.000000000000000000, 0.000000000000000000, -1.000000000000000000 ) ) ;
#1704 = DIRECTION ( 'NONE',  ( -1.000000000000000000, -5.421010862427522170E-17, -0.000000000000000000 ) ) ;
#1705 = AXIS2_PLACEMENT_3D ( 'NONE', #1222, #62, #1859 ) ;
#1706 = DIRECTION ( 'NONE',  ( 0.000000000000000000, 0.000000000000000000, -1.000000000000000000 ) ) ;
#1707 = DIRECTION ( 'NONE',  ( 0.000000000000000000, 0.000000000000000000, 1.000000000000000000 ) ) ;
#1708 = EDGE_LOOP ( 'NONE', ( #2594, #446 ) ) ;
#1709 = CYLINDRICAL_SURFACE ( 'NONE', #806, 2.249999999999998668 ) ;
#1710 = EDGE_CURVE ( 'NONE', #2396, #401, #2419, .T. ) ;
#1711 = ORIENTED_EDGE ( 'NONE', *, *, #2387, .F. ) ;
#1712 = ORIENTED_EDGE ( 'NONE', *, *, #2363, .T. ) ;
#1713 = EDGE_CURVE ( 'NONE', #2509, #1401, #719, .T. ) ;
#1714 = VECTOR ( 'NONE', #2376, 1000.000000000000000 ) ;
#1715 = PLANE ( 'NONE',  #354 ) ;
#1716 = DIRECTION ( 'NONE',  ( 1.000000000000000000, -0.000000000000000000, -0.000000000000000000 ) ) ;
#1717 = DIRECTION ( 'NONE',  ( 0.000000000000000000, 0.000000000000000000, -1.000000000000000000 ) ) ;
#1718 = DIRECTION ( 'NONE',  ( -0.000000000000000000, -1.000000000000000000, -0.000000000000000000 ) ) ;
#1719 = DIRECTION ( 'NONE',  ( 0.000000000000000000, -1.000000000000000000, 0.000000000000000000 ) ) ;
#1720 = ORIENTED_EDGE ( 'NONE', *, *, #1268, .T. ) ;
#1722 = EDGE_CURVE ( 'NONE', #269, #1842, #682, .T. ) ;
#1721 = DIRECTION ( 'NONE',  ( -1.000000000000000000, -0.000000000000000000, -0.000000000000000000 ) ) ;
#1723 = AXIS2_PLACEMENT_3D ( 'NONE', #92, #1726, #1891 ) ;
#1724 = VERTEX_POINT ( 'NONE', #526 ) ;
#1725 = ORIENTED_EDGE ( 'NONE', *, *, #1346, .F. ) ;
#1726 = DIRECTION ( 'NONE',  ( 0.000000000000000000, -1.084202172485501476E-15, -1.000000000000000000 ) ) ;
#1727 = PRODUCT_DEFINITION ( 'UNKNOWN', '', #2279, #562 ) ;
#1728 = DIRECTION ( 'NONE',  ( -0.000000000000000000, -1.000000000000000000, -0.000000000000000000 ) ) ;
#1729 = CARTESIAN_POINT ( 'NONE',  ( 40.20000000000001705, 0.000000000000000000, 5.000000000000000888 ) ) ;
#1730 = AXIS2_PLACEMENT_3D ( 'NONE', #551, #1935, #930 ) ;
#1731 = CARTESIAN_POINT ( 'NONE',  ( 36.20000000000001705, -6.626643678231406887E-14, 2.000000000000003553 ) ) ;
#1732 = CARTESIAN_POINT ( 'NONE',  ( 40.20000000000001705, -0.3741145311926455386, 26.00000000000000000 ) ) ;
#1733 = ORIENTED_EDGE ( 'NONE', *, *, #2178, .F. ) ;
#1734 = EDGE_CURVE ( 'NONE', #204, #401, #1101, .T. ) ;
#1735 = CARTESIAN_POINT ( 'NONE',  ( -2.000000000000000444, -0.3741145311926507011, 26.00000000000000000 ) ) ;
#1736 = ORIENTED_EDGE ( 'NONE', *, *, #1738, .F. ) ;
#1737 = ORIENTED_EDGE ( 'NONE', *, *, #2586, .F. ) ;
#1738 = EDGE_CURVE ( 'NONE', #1119, #1561, #1931, .T. ) ;
#1739 = AXIS2_PLACEMENT_3D ( 'NONE', #2425, #1827, #611 ) ;
#1740 = DIRECTION ( 'NONE',  ( -0.000000000000000000, -1.000000000000000000, -0.000000000000000000 ) ) ;
#1741 = AXIS2_PLACEMENT_3D ( 'NONE', #2121, #1844, #1652 ) ;
#1742 = DIRECTION ( 'NONE',  ( 0.000000000000000000, 0.000000000000000000, 1.000000000000000000 ) ) ;
#1743 = DIRECTION ( 'NONE',  ( -1.000000000000000000, -8.630465054610978570E-17, 0.000000000000000000 ) ) ;
#1744 = CARTESIAN_POINT ( 'NONE',  ( 2.000000000000000000, 21.00000000000000000, 26.00000000000000000 ) ) ;
#1745 = DIRECTION ( 'NONE',  ( 0.000000000000000000, -1.000000000000000000, 0.000000000000000000 ) ) ;
#1746 = ORIENTED_EDGE ( 'NONE', *, *, #10, .F. ) ;
#1747 = FACE_OUTER_BOUND ( 'NONE', #1390, .T. ) ;
#1748 = ORIENTED_EDGE ( 'NONE', *, *, #2515, .T. ) ;
#1749 = ORIENTED_EDGE ( 'NONE', *, *, #1511, .T. ) ;
#1750 = DIRECTION ( 'NONE',  ( 0.000000000000000000, 0.000000000000000000, 1.000000000000000000 ) ) ;
#1751 = CIRCLE ( 'NONE', #945, 0.9999999999999887867 ) ;
#1752 = CARTESIAN_POINT ( 'NONE',  ( 48.85000000000000853, 27.00000000000000000, 37.99999999999999289 ) ) ;
#1753 = CARTESIAN_POINT ( 'NONE',  ( 19.09999999999990905, 24.00000000000000000, -4.000000000000003553 ) ) ;
#1754 = EDGE_CURVE ( 'NONE', #2427, #2221, #442, .T. ) ;
#1755 = CIRCLE ( 'NONE', #2094, 0.9999999999999878986 ) ;
#1756 = LINE ( 'NONE', #1553, #638 ) ;
#1757 = CARTESIAN_POINT ( 'NONE',  ( 40.20000000000001705, 1.224646799147338909E-16, 5.999999999999989342 ) ) ;
#1758 = EDGE_LOOP ( 'NONE', ( #2331, #717, #1794, #643, #2343, #433 ) ) ;
#1759 = CARTESIAN_POINT ( 'NONE',  ( 2.000000000000000000, 24.00000000000000000, 26.00000000000000000 ) ) ;
#1760 = ORIENTED_EDGE ( 'NONE', *, *, #976, .F. ) ;
#1761 = VERTEX_POINT ( 'NONE', #2346 ) ;
#1762 = DIRECTION ( 'NONE',  ( 1.000000000000000000, -0.000000000000000000, -0.000000000000000000 ) ) ;
#1763 = VECTOR ( 'NONE', #1179, 1000.000000000000000 ) ;
#1764 = COORDINATED_UNIVERSAL_TIME_OFFSET ( 5, 0, .BEHIND. ) ;
#1765 = AXIS2_PLACEMENT_3D ( 'NONE', #591, #1399, #1570 ) ;
#1766 = EDGE_CURVE ( 'NONE', #225, #1545, #341, .T. ) ;
#1767 = CARTESIAN_POINT ( 'NONE',  ( 38.19999999999999574, 0.000000000000000000, 7.000000000000001776 ) ) ;
#1768 = LINE ( 'NONE', #1933, #1627 ) ;
#1769 = FACE_BOUND ( 'NONE', #2133, .T. ) ;
#1770 = CARTESIAN_POINT ( 'NONE',  ( 38.20000000000001705, 1.224646799147338416E-16, 5.999999999999989342 ) ) ;
#1771 = CIRCLE ( 'NONE', #1730, 3.676000228762395849 ) ;
#1772 = PLANE ( 'NONE',  #2375 ) ;
#1773 = CC_DESIGN_PERSON_AND_ORGANIZATION_ASSIGNMENT ( #574, #1966, ( #1427 ) ) ;
#1774 = CC_DESIGN_APPROVAL ( #1258, ( #881 ) ) ;
#1775 = ORIENTED_EDGE ( 'NONE', *, *, #1596, .T. ) ;
#1776 = VERTEX_POINT ( 'NONE', #1535 ) ;
#1777 = CARTESIAN_POINT ( 'NONE',  ( 40.20000000000001705, -3.999999999999994671, 22.50000000000000355 ) ) ;
#1778 = APPROVAL_ROLE ( '' ) ;
#1779 = CYLINDRICAL_SURFACE ( 'NONE', #829, 0.9999999999999870104 ) ;
#1780 = LINE ( 'NONE', #1791, #979 ) ;
#1781 = LINE ( 'NONE', #2591, #1688 ) ;
#1782 = FACE_OUTER_BOUND ( 'NONE', #1117, .T. ) ;
#1783 = CARTESIAN_POINT ( 'NONE',  ( 40.20000000000001705, -1.447822569485250677, 0.000000000000000000 ) ) ;
#1784 = ORIENTED_EDGE ( 'NONE', *, *, #1054, .F. ) ;
#1785 = ORIENTED_EDGE ( 'NONE', *, *, #683, .F. ) ;
#1786 = DIRECTION ( 'NONE',  ( 0.000000000000000000, 0.000000000000000000, 1.000000000000000000 ) ) ;
#1787 = AXIS2_PLACEMENT_3D ( 'NONE', #2244, #658, #849 ) ;
#1788 = EDGE_LOOP ( 'NONE', ( #2069, #1275 ) ) ;
#1789 = CARTESIAN_POINT ( 'NONE',  ( -2.000000000000001776, 0.000000000000000000, 4.000000000000011546 ) ) ;
#1790 = EDGE_CURVE ( 'NONE', #535, #1862, #1018, .T. ) ;
#1791 = CARTESIAN_POINT ( 'NONE',  ( 40.20000000000001705, 0.000000000000000000, 19.00000000000000355 ) ) ;
#1792 = DIRECTION ( 'NONE',  ( 1.000000000000000000, -0.000000000000000000, -0.000000000000000000 ) ) ;
#1793 = DIRECTION ( 'NONE',  ( -1.000000000000000000, 0.000000000000000000, 0.000000000000000000 ) ) ;
#1794 = ORIENTED_EDGE ( 'NONE', *, *, #436, .T. ) ;
#1795 = CARTESIAN_POINT ( 'NONE',  ( 40.20000000000001705, -1.734723475976807094E-15, 20.00000000000001776 ) ) ;
#1796 = VERTEX_POINT ( 'NONE', #1439 ) ;
#1797 = ORIENTED_EDGE ( 'NONE', *, *, #1346, .T. ) ;
#1798 = DIRECTION ( 'NONE',  ( -0.000000000000000000, 1.000000000000000000, -2.168404344971008868E-16 ) ) ;
#1799 = EDGE_CURVE ( 'NONE', #204, #923, #1281, .T. ) ;
#1800 = VERTEX_POINT ( 'NONE', #909 ) ;
#1801 = PERSON_AND_ORGANIZATION ( #1251, #2361 ) ;
#1802 = EDGE_CURVE ( 'NONE', #583, #2158, #2471, .T. ) ;
#1803 = CARTESIAN_POINT ( 'NONE',  ( 19.09999999999990905, 21.00000000000000000, -8.250000000000003553 ) ) ;
#1804 = CARTESIAN_POINT ( 'NONE',  ( 40.20000000000001705, 5.656854249492380582, 6.343145750507632741 ) ) ;
#1805 = EDGE_CURVE ( 'NONE', #923, #204, #600, .T. ) ;
#1806 = DIRECTION ( 'NONE',  ( 8.630465054610978570E-17, -1.000000000000000000, -0.000000000000000000 ) ) ;
#1807 = PLANE ( 'NONE',  #932 ) ;
#1808 = AXIS2_PLACEMENT_3D ( 'NONE', #799, #1402, #1197 ) ;
#1809 = ORIENTED_EDGE ( 'NONE', *, *, #422, .T. ) ;
#1810 = DIRECTION ( 'NONE',  ( -0.000000000000000000, -1.000000000000000000, -0.000000000000000000 ) ) ;
#1811 = VERTEX_POINT ( 'NONE', #2029 ) ;
#1812 = CIRCLE ( 'NONE', #1651, 4.250000000000000000 ) ;
#1813 = CARTESIAN_POINT ( 'NONE',  ( -1.138412281109779656E-15, 20.99999999999999645, 0.000000000000000000 ) ) ;
#1814 = ADVANCED_FACE ( 'NONE', ( #2266 ), #2457, .F. ) ;
#1815 = EDGE_LOOP ( 'NONE', ( #1415, #183 ) ) ;
#1816 = VECTOR ( 'NONE', #2384, 1000.000000000000000 ) ;
#1817 = DIRECTION ( 'NONE',  ( 0.000000000000000000, -1.000000000000000000, 0.000000000000000000 ) ) ;
#1818 = FACE_BOUND ( 'NONE', #2595, .T. ) ;
#1819 = CARTESIAN_POINT ( 'NONE',  ( 38.20000000000001705, -3.680035778473099040, 2.000000000000004441 ) ) ;
#1820 = LINE ( 'NONE', #984, #2291 ) ;
#1821 = ORIENTED_EDGE ( 'NONE', *, *, #500, .F. ) ;
#1822 = EDGE_CURVE ( 'NONE', #1017, #650, #146, .T. ) ;
#1823 = CARTESIAN_POINT ( 'NONE',  ( 44.68451686670109524, 21.00000000000000000, 33.74999999999994316 ) ) ;
#1824 = CIRCLE ( 'NONE', #144, 3.676000228762395849 ) ;
#1825 = AXIS2_PLACEMENT_3D ( 'NONE', #306, #1291, #1523 ) ;
#1826 = ORIENTED_EDGE ( 'NONE', *, *, #162, .F. ) ;
#1827 = DIRECTION ( 'NONE',  ( 1.000000000000000000, -0.000000000000000000, -0.000000000000000000 ) ) ;
#1828 = ORIENTED_EDGE ( 'NONE', *, *, #253, .T. ) ;
#1829 = ORIENTED_EDGE ( 'NONE', *, *, #1611, .F. ) ;
#1830 = DIRECTION ( 'NONE',  ( 0.000000000000000000, 0.000000000000000000, -1.000000000000000000 ) ) ;
#1831 = DIRECTION ( 'NONE',  ( 0.000000000000000000, 1.000000000000000000, 0.000000000000000000 ) ) ;
#1832 = CARTESIAN_POINT ( 'NONE',  ( 19.09999999999990905, 21.00000000000000000, -4.000000000000003553 ) ) ;
#1833 = EDGE_CURVE ( 'NONE', #1431, #208, #2206, .T. ) ;
#1834 = FACE_BOUND ( 'NONE', #834, .T. ) ;
#1835 = DIRECTION ( 'NONE',  ( -1.000000000000000000, -1.196068857455806470E-16, -0.000000000000000000 ) ) ;
#1836 = ORIENTED_EDGE ( 'NONE', *, *, #2580, .F. ) ;
#1837 = EDGE_CURVE ( 'NONE', #1485, #1404, #616, .T. ) ;
#1838 = DIRECTION ( 'NONE',  ( 1.000000000000000000, -0.000000000000000000, -0.000000000000000000 ) ) ;
#1839 = EDGE_CURVE ( 'NONE', #1669, #1796, #1900, .T. ) ;
#1840 = VERTEX_POINT ( 'NONE', #508 ) ;
#1841 = LINE ( 'NONE', #39, #598 ) ;
#1842 = VERTEX_POINT ( 'NONE', #1235 ) ;
#1843 = ORIENTED_EDGE ( 'NONE', *, *, #1596, .F. ) ;
#1844 = DIRECTION ( 'NONE',  ( 1.000000000000000000, -1.734723475976807489E-15, 0.000000000000000000 ) ) ;
#1845 = FACE_OUTER_BOUND ( 'NONE', #116, .T. ) ;
#1846 = DIRECTION ( 'NONE',  ( -1.000000000000000000, -1.196068857455806470E-16, -0.000000000000000000 ) ) ;
#1847 = CIRCLE ( 'NONE', #1082, 4.250000000000000000 ) ;
#1848 = DIRECTION ( 'NONE',  ( 0.000000000000000000, -1.000000000000000000, 0.000000000000000000 ) ) ;
#1849 = LINE ( 'NONE', #295, #1 ) ;
#1850 = EDGE_LOOP ( 'NONE', ( #1821, #2280, #2332, #450 ) ) ;
#1851 = DIRECTION ( 'NONE',  ( -8.630465054610978570E-17, 1.000000000000000000, 0.000000000000000000 ) ) ;
#1852 = AXIS2_PLACEMENT_3D ( 'NONE', #1692, #1873, #1285 ) ;
#1853 = VECTOR ( 'NONE', #346, 1000.000000000000000 ) ;
#1854 = ORIENTED_EDGE ( 'NONE', *, *, #701, .F. ) ;
#1855 = EDGE_LOOP ( 'NONE', ( #2025, #1004, #933, #1040 ) ) ;
#1856 = ORIENTED_EDGE ( 'NONE', *, *, #2304, .T. ) ;
#1857 = CARTESIAN_POINT ( 'NONE',  ( 0.000000000000000000, 5.656854249492380582, 8.343145750507611424 ) ) ;
#1858 = DIRECTION ( 'NONE',  ( -1.000000000000000000, -1.196068857455806470E-16, -0.000000000000000000 ) ) ;
#1859 = DIRECTION ( 'NONE',  ( 0.000000000000000000, 0.000000000000000000, -1.000000000000000000 ) ) ;
#1860 = DIRECTION ( 'NONE',  ( 0.000000000000000000, 0.000000000000000000, -1.000000000000000000 ) ) ;
#1861 = DIRECTION ( 'NONE',  ( -1.000000000000000000, -1.196068857455806470E-16, -0.000000000000000000 ) ) ;
#1862 = VERTEX_POINT ( 'NONE', #1020 ) ;
#1863 = CARTESIAN_POINT ( 'NONE',  ( 60.00000000000000711, -0.3239997712375966565, 3.500000000000000444 ) ) ;
#1864 = CIRCLE ( 'NONE', #1942, 4.250000000000000000 ) ;
#1865 = ORIENTED_EDGE ( 'NONE', *, *, #1369, .T. ) ;
#1866 = VECTOR ( 'NONE', #2381, 1000.000000000000000 ) ;
#1867 = ORIENTED_EDGE ( 'NONE', *, *, #2358, .T. ) ;
#1868 = ORIENTED_EDGE ( 'NONE', *, *, #1734, .F. ) ;
#1869 = CARTESIAN_POINT ( 'NONE',  ( 38.20000000000001705, -1.734723475976807094E-15, 21.00000000000000355 ) ) ;
#1870 = EDGE_CURVE ( 'NONE', #2369, #895, #101, .T. ) ;
#1871 = CARTESIAN_POINT ( 'NONE',  ( 36.20000000000001705, -6.651136614214353917E-14, 24.00000000000000000 ) ) ;
#1872 = CARTESIAN_POINT ( 'NONE',  ( -12.89999999999999680, 20.99999999999999645, 37.99999999999999289 ) ) ;
#1873 = DIRECTION ( 'NONE',  ( 1.000000000000000000, -0.000000000000000000, -0.000000000000000000 ) ) ;
#1874 = ORIENTED_EDGE ( 'NONE', *, *, #1839, .F. ) ;
#1875 = AXIS2_PLACEMENT_3D ( 'NONE', #358, #2325, #1103 ) ;
#1876 = EDGE_CURVE ( 'NONE', #832, #557, #1403, .T. ) ;
#1877 = ORIENTED_EDGE ( 'NONE', *, *, #1169, .F. ) ;
#1878 = AXIS2_PLACEMENT_3D ( 'NONE', #187, #2561, #1566 ) ;
#1879 = ORIENTED_EDGE ( 'NONE', *, *, #355, .F. ) ;
#1880 = CARTESIAN_POINT ( 'NONE',  ( -2.000000000000001776, 5.656854249492379694, 19.65685424949237259 ) ) ;
#1881 = CARTESIAN_POINT ( 'NONE',  ( 2.000000000000000000, 0.000000000000000000, 13.00000000000000355 ) ) ;
#1882 = PLANE ( 'NONE',  #1592 ) ;
#1883 = EDGE_LOOP ( 'NONE', ( #739, #1697, #1299, #1618 ) ) ;
#1884 = ADVANCED_FACE ( 'NONE', ( #452 ), #1709, .F. ) ;
#1885 = VECTOR ( 'NONE', #2429, 1000.000000000000000 ) ;
#1886 = DIRECTION ( 'NONE',  ( 0.000000000000000000, -0.000000000000000000, 1.000000000000000000 ) ) ;
#1887 = VERTEX_POINT ( 'NONE', #44 ) ;
#1888 = EDGE_CURVE ( 'NONE', #1199, #1286, #1219, .T. ) ;
#1889 = ORIENTED_EDGE ( 'NONE', *, *, #2090, .T. ) ;
#1890 = ORIENTED_EDGE ( 'NONE', *, *, #1077, .F. ) ;
#1891 = DIRECTION ( 'NONE',  ( 0.000000000000000000, 1.000000000000000000, -1.084202172485501476E-15 ) ) ;
#1892 = VECTOR ( 'NONE', #2378, 1000.000000000000000 ) ;
#1893 = DIRECTION ( 'NONE',  ( 0.000000000000000000, 0.000000000000000000, -1.000000000000000000 ) ) ;
#1894 = DIRECTION ( 'NONE',  ( -1.000000000000000000, 0.000000000000000000, 0.000000000000000000 ) ) ;
#1895 = EDGE_LOOP ( 'NONE', ( #910, #2251, #546, #1272 ) ) ;
#1896 = CARTESIAN_POINT ( 'NONE',  ( -12.90000000000000391, 32.99999999999999289, 37.99999999999999289 ) ) ;
#1897 = ADVANCED_FACE ( 'NONE', ( #634 ), #258, .F. ) ;
#1898 = CYLINDRICAL_SURFACE ( 'NONE', #174, 0.9999999999999887867 ) ;
#1899 = ORIENTED_EDGE ( 'NONE', *, *, #2341, .T. ) ;
#1900 = LINE ( 'NONE', #2228, #561 ) ;
#1901 = VERTEX_POINT ( 'NONE', #1857 ) ;
#1902 = ORIENTED_EDGE ( 'NONE', *, *, #2099, .T. ) ;
#1903 = CARTESIAN_POINT ( 'NONE',  ( -2.000000000000001776, -1.734723475976807094E-15, 21.00000000000000355 ) ) ;
#1904 = VECTOR ( 'NONE', #153, 1000.000000000000000 ) ;
#1905 = DIRECTION ( 'NONE',  ( 0.000000000000000000, 0.000000000000000000, 1.000000000000000000 ) ) ;
#1906 = FACE_OUTER_BOUND ( 'NONE', #1632, .T. ) ;
#1907 = ADVANCED_FACE ( 'NONE', ( #821 ), #1634, .F. ) ;
#1908 = VECTOR ( 'NONE', #271, 1000.000000000000000 ) ;
#1909 = DIRECTION ( 'NONE',  ( 0.000000000000000000, 0.000000000000000000, -1.000000000000000000 ) ) ;
#1910 = CARTESIAN_POINT ( 'NONE',  ( 36.20000000000001705, -3.680035778473099484, 2.000000000000004441 ) ) ;
#1911 = ORIENTED_EDGE ( 'NONE', *, *, #25, .F. ) ;
#1912 = ADVANCED_FACE ( 'NONE', ( #847 ), #1663, .T. ) ;
#1913 = CARTESIAN_POINT ( 'NONE',  ( 44.68451686670109524, 21.00000000000000000, 29.49999999999994316 ) ) ;
#1914 = EDGE_CURVE ( 'NONE', #2305, #1350, #325, .T. ) ;
#1915 = ADVANCED_FACE ( 'NONE', ( #2169 ), #1772, .T. ) ;
#1916 = ORIENTED_EDGE ( 'NONE', *, *, #2262, .T. ) ;
#1917 = ORIENTED_EDGE ( 'NONE', *, *, #1876, .T. ) ;
#1918 = AXIS2_PLACEMENT_3D ( 'NONE', #1871, #233, #2486 ) ;
#1919 = DIRECTION ( 'NONE',  ( -0.000000000000000000, -1.000000000000000000, -0.000000000000000000 ) ) ;
#1920 = CARTESIAN_POINT ( 'NONE',  ( -7.767418549149880467E-16, 33.00000000000000000, 0.000000000000000000 ) ) ;
#1921 = DIRECTION ( 'NONE',  ( 0.000000000000000000, 0.000000000000000000, -1.000000000000000000 ) ) ;
#1922 = ADVANCED_FACE ( 'NONE', ( #1518 ), #1559, .T. ) ;
#1923 = CARTESIAN_POINT ( 'NONE',  ( 40.20000000000001705, 1.224646799147337676E-16, 5.999999999999987566 ) ) ;
#1924 = FACE_OUTER_BOUND ( 'NONE', #735, .T. ) ;
#1925 = ORIENTED_EDGE ( 'NONE', *, *, #889, .T. ) ;
#1926 = CARTESIAN_POINT ( 'NONE',  ( -12.90000000000000391, 32.99999999999999289, 37.99999999999999289 ) ) ;
#1927 = ORIENTED_EDGE ( 'NONE', *, *, #40, .T. ) ;
#1928 = LINE ( 'NONE', #1317, #2246 ) ;
#1929 = AXIS2_PLACEMENT_3D ( 'NONE', #840, #1667, #1283 ) ;
#1930 = VECTOR ( 'NONE', #1012, 1000.000000000000000 ) ;
#1931 = LINE ( 'NONE', #2296, #1660 ) ;
#1932 = CARTESIAN_POINT ( 'NONE',  ( 40.20000000000001705, -1.447822569485242905, 26.00000000000000000 ) ) ;
#1933 = CARTESIAN_POINT ( 'NONE',  ( 0.000000000000000000, -1.447822569485247568, 26.00000000000000000 ) ) ;
#1934 =( GEOMETRIC_REPRESENTATION_CONTEXT ( 3 ) GLOBAL_UNCERTAINTY_ASSIGNED_CONTEXT ( ( #666 ) ) GLOBAL_UNIT_ASSIGNED_CONTEXT ( ( #964, #1409, #2388 ) ) REPRESENTATION_CONTEXT ( 'NONE', 'WORKASPACE' ) );
#1935 = DIRECTION ( 'NONE',  ( 1.000000000000000000, 1.196068857455806470E-16, -0.000000000000000000 ) ) ;
#1936 = CARTESIAN_POINT ( 'NONE',  ( 60.00000000000000711, -0.3239997712375966565, 22.50000000000000355 ) ) ;
#1937 = EDGE_LOOP ( 'NONE', ( #2583, #1434, #521, #2088 ) ) ;
#1938 = AXIS2_PLACEMENT_3D ( 'NONE', #1992, #2198, #559 ) ;
#1939 = CARTESIAN_POINT ( 'NONE',  ( 36.20000000000001705, -4.000000000000062172, 26.00000000000000000 ) ) ;
#1940 = ORIENTED_EDGE ( 'NONE', *, *, #2586, .T. ) ;
#1941 = CARTESIAN_POINT ( 'NONE',  ( 40.20000000000001705, -0.3239997712375990435, 3.500000000000000444 ) ) ;
#1942 = AXIS2_PLACEMENT_3D ( 'NONE', #27, #2008, #1616 ) ;
#1943 = AXIS2_PLACEMENT_3D ( 'NONE', #2421, #1195, #2394 ) ;
#1944 = AXIS2_PLACEMENT_3D ( 'NONE', #699, #1300, #1451 ) ;
#1945 = DIRECTION ( 'NONE',  ( -0.000000000000000000, -1.000000000000000000, -0.000000000000000000 ) ) ;
#1946 = CARTESIAN_POINT ( 'NONE',  ( -5.315483133298897656, 21.00000000000000000, 29.49999999999993250 ) ) ;
#1947 = DIRECTION ( 'NONE',  ( -1.000000000000000000, 0.000000000000000000, 0.000000000000000000 ) ) ;
#1948 = DIRECTION ( 'NONE',  ( 1.000000000000000000, -0.000000000000000000, -0.000000000000000000 ) ) ;
#1949 = ORIENTED_EDGE ( 'NONE', *, *, #1822, .F. ) ;
#1950 = DIRECTION ( 'NONE',  ( -0.000000000000000000, -1.000000000000000000, -0.000000000000000000 ) ) ;
#1951 = ORIENTED_EDGE ( 'NONE', *, *, #1558, .T. ) ;
#1952 = ORIENTED_EDGE ( 'NONE', *, *, #2109, .F. ) ;
#1953 = FACE_OUTER_BOUND ( 'NONE', #2481, .T. ) ;
#1954 = EDGE_CURVE ( 'NONE', #1776, #729, #127, .T. ) ;
#1955 = CARTESIAN_POINT ( 'NONE',  ( 0.000000000000000000, 5.656854249492379694, 18.65685424949238325 ) ) ;
#1956 = DIRECTION ( 'NONE',  ( -0.000000000000000000, -1.000000000000000000, -0.000000000000000000 ) ) ;
#1957 = EDGE_CURVE ( 'NONE', #1119, #71, #2330, .T. ) ;
#1958 = CARTESIAN_POINT ( 'NONE',  ( 19.09999999999990905, 24.00000000000000000, -4.000000000000003553 ) ) ;
#1959 = DIRECTION ( 'NONE',  ( 0.000000000000000000, 0.000000000000000000, -1.000000000000000000 ) ) ;
#1960 = ORIENTED_EDGE ( 'NONE', *, *, #765, .F. ) ;
#1961 = DIRECTION ( 'NONE',  ( -1.000000000000000000, 0.000000000000000000, -0.000000000000000000 ) ) ;
#1962 = ORIENTED_EDGE ( 'NONE', *, *, #200, .T. ) ;
#1963 = ORIENTED_EDGE ( 'NONE', *, *, #2235, .T. ) ;
#1964 = CARTESIAN_POINT ( 'NONE',  ( -2.000000000000001776, 0.000000000000000000, 19.00000000000000355 ) ) ;
#1965 = AXIS2_PLACEMENT_3D ( 'NONE', #1138, #2164, #2403 ) ;
#1966 = PERSON_AND_ORGANIZATION_ROLE ( 'design_owner' ) ;
#1967 = CIRCLE ( 'NONE', #1765, 0.9999999999999878986 ) ;
#1968 = LINE ( 'NONE', #565, #1714 ) ;
#1969 = LINE ( 'NONE', #1804, #1057 ) ;
#1970 = DIRECTION ( 'NONE',  ( -1.000000000000000000, -0.000000000000000000, -0.000000000000000000 ) ) ;
#1971 = DIRECTION ( 'NONE',  ( 0.000000000000000000, -0.000000000000000000, 1.000000000000000000 ) ) ;
#1972 = AXIS2_PLACEMENT_3D ( 'NONE', #2152, #345, #1374 ) ;
#1973 = CARTESIAN_POINT ( 'NONE',  ( -2.000000000000001776, 0.000000000000000000, 5.000000000000000888 ) ) ;
#1974 = EDGE_CURVE ( 'NONE', #208, #1431, #186, .T. ) ;
#1975 = CC_DESIGN_APPROVAL ( #99, ( #2279 ) ) ;
#1976 = EDGE_LOOP ( 'NONE', ( #2571, #1106, #2021, #1601 ) ) ;
#1977 = VERTEX_POINT ( 'NONE', #556 ) ;
#1978 = CARTESIAN_POINT ( 'NONE',  ( 38.20000000000000995, -3.999999999999994671, 3.500000000000000444 ) ) ;
#1979 = ORIENTED_EDGE ( 'NONE', *, *, #1153, .T. ) ;
#1980 = APPROVAL_STATUS ( 'not_yet_approved' ) ;
#1981 = VECTOR ( 'NONE', #239, 1000.000000000000000 ) ;
#1982 = CARTESIAN_POINT ( 'NONE',  ( 44.68451686670109524, 24.00000000000000000, 29.49999999999994316 ) ) ;
#1983 = DIRECTION ( 'NONE',  ( -1.000000000000000000, -5.831003280594308567E-17, 0.000000000000000000 ) ) ;
#1984 = AXIS2_PLACEMENT_3D ( 'NONE', #2254, #302, #313 ) ;
#1985 = CARTESIAN_POINT ( 'NONE',  ( 40.20000000000001705, 0.000000000000000000, 5.000000000000000888 ) ) ;
#1986 = CARTESIAN_POINT ( 'NONE',  ( -1.138412281109779656E-15, 20.99999999999999645, 26.00000000000000000 ) ) ;
#1987 = ADVANCED_FACE ( 'NONE', ( #748, #522, #1531, #1377, #2340, #348 ), #1325, .F. ) ;
#1988 = VERTEX_POINT ( 'NONE', #2542 ) ;
#1989 = DIRECTION ( 'NONE',  ( 0.000000000000000000, 0.000000000000000000, -1.000000000000000000 ) ) ;
#1990 = VERTEX_POINT ( 'NONE', #545 ) ;
#1991 = ORIENTED_EDGE ( 'NONE', *, *, #1647, .F. ) ;
#1992 = CARTESIAN_POINT ( 'NONE',  ( 36.20000000000001705, -6.626643678231406887E-14, 13.00000000000000355 ) ) ;
#1993 = EDGE_CURVE ( 'NONE', #2264, #2501, #2581, .T. ) ;
#1994 = ORIENTED_EDGE ( 'NONE', *, *, #1511, .F. ) ;
#1995 = APPROVAL_DATE_TIME ( #1150, #1693 ) ;
#1996 = CARTESIAN_POINT ( 'NONE',  ( -2.000000000000001776, 5.656854249492379694, 17.65685424949239035 ) ) ;
#1997 = CARTESIAN_POINT ( 'NONE',  ( 38.20000000000001705, -1.447822569485243127, 19.00000000000000355 ) ) ;
#1998 = AXIS2_PLACEMENT_3D ( 'NONE', #1946, #1956, #1717 ) ;
#1999 = DIRECTION ( 'NONE',  ( 1.000000000000000000, -0.000000000000000000, -0.000000000000000000 ) ) ;
#2000 = EDGE_CURVE ( 'NONE', #523, #936, #2529, .T. ) ;
#2001 = CYLINDRICAL_SURFACE ( 'NONE', #804, 0.9999999999999870104 ) ;
#2002 = AXIS2_PLACEMENT_3D ( 'NONE', #1076, #660, #672 ) ;
#2003 = ORIENTED_EDGE ( 'NONE', *, *, #1429, .T. ) ;
#2004 = CARTESIAN_POINT ( 'NONE',  ( -2.000000000000001776, 0.000000000000000000, 19.00000000000000355 ) ) ;
#2005 = EDGE_CURVE ( 'NONE', #2051, #1842, #1337, .T. ) ;
#2006 = ORIENTED_EDGE ( 'NONE', *, *, #435, .F. ) ;
#2007 = ORIENTED_EDGE ( 'NONE', *, *, #118, .F. ) ;
#2008 = DIRECTION ( 'NONE',  ( -0.000000000000000000, -1.000000000000000000, -0.000000000000000000 ) ) ;
#2009 = ORIENTED_EDGE ( 'NONE', *, *, #2469, .F. ) ;
#2010 = CIRCLE ( 'NONE', #43, 2.250000000000001776 ) ;
#2011 = COORDINATED_UNIVERSAL_TIME_OFFSET ( 5, 0, .BEHIND. ) ;
#2012 = CARTESIAN_POINT ( 'NONE',  ( -5.315483133298896767, 21.00000000000000000, 33.74999999999993605 ) ) ;
#2013 = DIRECTION ( 'NONE',  ( 0.000000000000000000, 0.000000000000000000, -1.000000000000000000 ) ) ;
#2014 = EDGE_CURVE ( 'NONE', #1761, #154, #1174, .T. ) ;
#2015 = DIRECTION ( 'NONE',  ( 0.000000000000000000, 1.000000000000000000, -1.084202172485501476E-15 ) ) ;
#2016 = CIRCLE ( 'NONE', #915, 3.676000228762395405 ) ;
#2017 = CARTESIAN_POINT ( 'NONE',  ( 40.20000000000001705, -1.447822569485242905, 19.00000000000000355 ) ) ;
#2018 = VECTOR ( 'NONE', #252, 1000.000000000000000 ) ;
#2019 = ORIENTED_EDGE ( 'NONE', *, *, #974, .F. ) ;
#2020 = CARTESIAN_POINT ( 'NONE',  ( 38.20000000000001705, -6.626643678231406887E-14, 13.00000000000000355 ) ) ;
#2021 = ORIENTED_EDGE ( 'NONE', *, *, #2112, .T. ) ;
#2022 = CIRCLE ( 'NONE', #675, 3.676000228762395405 ) ;
#2023 = CYLINDRICAL_SURFACE ( 'NONE', #845, 0.9999999999999870104 ) ;
#2024 = VERTEX_POINT ( 'NONE', #140 ) ;
#2025 = ORIENTED_EDGE ( 'NONE', *, *, #959, .T. ) ;
#2026 = EDGE_CURVE ( 'NONE', #2302, #2509, #1352, .T. ) ;
#2027 = ADVANCED_FACE ( 'NONE', ( #1747 ), #737, .F. ) ;
#2028 = CIRCLE ( 'NONE', #1938, 10.99999999999999822 ) ;
#2029 = CARTESIAN_POINT ( 'NONE',  ( -10.65000000000000391, 32.99999999999999289, -12.00000000000000355 ) ) ;
#2030 = CARTESIAN_POINT ( 'NONE',  ( 19.09999999999990905, 21.00000000000000000, -6.250000000000003553 ) ) ;
#2031 = CARTESIAN_POINT ( 'NONE',  ( 40.20000000000001705, 5.656854249492380582, 8.343145750507609648 ) ) ;
#2032 = EDGE_CURVE ( 'NONE', #1303, #2091, #1642, .T. ) ;
#2033 = CARTESIAN_POINT ( 'NONE',  ( -5.315483133298897656, 21.00000000000000000, 25.24999999999993250 ) ) ;
#2034 = ADVANCED_FACE ( 'NONE', ( #2567 ), #169, .F. ) ;
#2035 = AXIS2_PLACEMENT_3D ( 'NONE', #597, #1600, #763 ) ;
#2036 = CARTESIAN_POINT ( 'NONE',  ( 44.68451686670109524, 27.00000000000000000, 29.49999999999994316 ) ) ;
#2037 = ORIENTED_EDGE ( 'NONE', *, *, #2014, .F. ) ;
#2038 = CARTESIAN_POINT ( 'NONE',  ( 40.20000000000001705, 8.000000000000000000, 13.99999999999999112 ) ) ;
#2039 = VECTOR ( 'NONE', #568, 1000.000000000000000 ) ;
#2040 = AXIS2_PLACEMENT_3D ( 'NONE', #60, #2241, #438 ) ;
#2041 = VERTEX_POINT ( 'NONE', #784 ) ;
#2042 = DIRECTION ( 'NONE',  ( -1.000000000000000000, -0.000000000000000000, -0.000000000000000000 ) ) ;
#2043 = VERTEX_POINT ( 'NONE', #1626 ) ;
#2044 = ORIENTED_EDGE ( 'NONE', *, *, #1167, .F. ) ;
#2045 = CIRCLE ( 'NONE', #1787, 2.249999999999999556 ) ;
#2046 = CARTESIAN_POINT ( 'NONE',  ( 2.000000000000000000, 0.000000000000000000, 2.000000000000003553 ) ) ;
#2047 = CYLINDRICAL_SURFACE ( 'NONE', #2060, 4.250000000000000000 ) ;
#2048 = CARTESIAN_POINT ( 'NONE',  ( 0.000000000000000000, 8.000000000000000000, 12.00000000000001421 ) ) ;
#2049 = DIRECTION ( 'NONE',  ( 1.000000000000000000, -0.000000000000000000, -0.000000000000000000 ) ) ;
#2050 = FACE_OUTER_BOUND ( 'NONE', #1081, .T. ) ;
#2051 = VERTEX_POINT ( 'NONE', #1783 ) ;
#2052 = LINE ( 'NONE', #1416, #671 ) ;
#2053 = AXIS2_PLACEMENT_3D ( 'NONE', #1666, #64, #851 ) ;
#2054 = ORIENTED_EDGE ( 'NONE', *, *, #1093, .F. ) ;
#2055 = ORIENTED_EDGE ( 'NONE', *, *, #37, .T. ) ;
#2056 = ORIENTED_EDGE ( 'NONE', *, *, #2584, .T. ) ;
#2057 = DIRECTION ( 'NONE',  ( 1.000000000000000000, -0.000000000000000000, -0.000000000000000000 ) ) ;
#2058 = DIRECTION ( 'NONE',  ( 1.000000000000000000, -0.000000000000000000, -0.000000000000000000 ) ) ;
#2059 = CARTESIAN_POINT ( 'NONE',  ( -2.000000000000000444, -0.3239997712376040950, 3.500000000000000444 ) ) ;
#2060 = AXIS2_PLACEMENT_3D ( 'NONE', #243, #1034, #61 ) ;
#2061 = CARTESIAN_POINT ( 'NONE',  ( -2.000000000000000444, -1.447822569485247790, 19.00000000000000355 ) ) ;
#2062 = FACE_OUTER_BOUND ( 'NONE', #1038, .T. ) ;
#2063 = ORIENTED_EDGE ( 'NONE', *, *, #1450, .T. ) ;
#2064 = AXIS2_PLACEMENT_3D ( 'NONE', #2487, #673, #2500 ) ;
#2065 = DIRECTION ( 'NONE',  ( -1.000000000000000000, -1.196068857455806470E-16, -0.000000000000000000 ) ) ;
#2066 = VECTOR ( 'NONE', #493, 1000.000000000000000 ) ;
#2067 = ORIENTED_EDGE ( 'NONE', *, *, #1253, .T. ) ;
#2068 = VERTEX_POINT ( 'NONE', #2395 ) ;
#2069 = ORIENTED_EDGE ( 'NONE', *, *, #1833, .T. ) ;
#2070 = ADVANCED_FACE ( 'NONE', ( #828 ), #2195, .F. ) ;
#2071 = AXIS2_PLACEMENT_3D ( 'NONE', #332, #2337, #2139 ) ;
#2072 = CARTESIAN_POINT ( 'NONE',  ( 38.20000000000003126, 8.000000000000000000, 13.00000000000000355 ) ) ;
#2073 = FACE_BOUND ( 'NONE', #1585, .T. ) ;
#2074 = LINE ( 'NONE', #272, #245 ) ;
#2075 = LINE ( 'NONE', #50, #2402 ) ;
#2076 = ORIENTED_EDGE ( 'NONE', *, *, #1333, .F. ) ;
#2077 = CARTESIAN_POINT ( 'NONE',  ( 36.20000000000001705, 21.00000000000000000, 26.00000000000000000 ) ) ;
#2078 = EDGE_CURVE ( 'NONE', #1657, #42, #213, .T. ) ;
#2079 = ORIENTED_EDGE ( 'NONE', *, *, #1212, .F. ) ;
#2080 = VECTOR ( 'NONE', #2057, 1000.000000000000000 ) ;
#2081 = ORIENTED_EDGE ( 'NONE', *, *, #2026, .T. ) ;
#2082 = ORIENTED_EDGE ( 'NONE', *, *, #1722, .F. ) ;
#2083 = EDGE_CURVE ( 'NONE', #80, #1625, #623, .T. ) ;
#2084 = DIRECTION ( 'NONE',  ( 0.000000000000000000, -0.003733095986867285450, 0.9999930319728997929 ) ) ;
#2085 = EDGE_CURVE ( 'NONE', #1584, #2107, #1552, .T. ) ;
#2086 = CARTESIAN_POINT ( 'NONE',  ( 19.09999999999990905, 21.00000000000000000, 0.2499999999999967526 ) ) ;
#2087 = DIRECTION ( 'NONE',  ( 0.000000000000000000, 0.000000000000000000, -1.000000000000000000 ) ) ;
#2088 = ORIENTED_EDGE ( 'NONE', *, *, #587, .F. ) ;
#2090 = EDGE_CURVE ( 'NONE', #2410, #1862, #1597, .T. ) ;
#2089 = LINE ( 'NONE', #2077, #1042 ) ;
#2091 = VERTEX_POINT ( 'NONE', #1227 ) ;
#2092 = AXIS2_PLACEMENT_3D ( 'NONE', #529, #1332, #2562 ) ;
#2093 = ORIENTED_EDGE ( 'NONE', *, *, #1287, .T. ) ;
#2094 = AXIS2_PLACEMENT_3D ( 'NONE', #1371, #588, #2416 ) ;
#2095 = ORIENTED_EDGE ( 'NONE', *, *, #500, .T. ) ;
#2096 = CARTESIAN_POINT ( 'NONE',  ( 48.85000000000000142, 27.00000000000000000, -12.00000000000000355 ) ) ;
#2097 = EDGE_CURVE ( 'NONE', #1448, #1052, #2447, .T. ) ;
#2098 = LINE ( 'NONE', #1343, #2519 ) ;
#2099 = EDGE_CURVE ( 'NONE', #2442, #511, #47, .T. ) ;
#2100 = DIRECTION ( 'NONE',  ( 0.000000000000000000, -1.000000000000000000, 0.000000000000000000 ) ) ;
#2101 = AXIS2_PLACEMENT_3D ( 'NONE', #31, #1635, #2445 ) ;
#2102 = CYLINDRICAL_SURFACE ( 'NONE', #1594, 3.676000228762395849 ) ;
#2103 = FACE_OUTER_BOUND ( 'NONE', #1850, .T. ) ;
#2104 = ORIENTED_EDGE ( 'NONE', *, *, #1491, .T. ) ;
#2105 = CARTESIAN_POINT ( 'NONE',  ( 40.20000000000001705, -1.734723475976807094E-15, 21.00000000000000355 ) ) ;
#2106 = AXIS2_PLACEMENT_3D ( 'NONE', #1516, #2130, #943 ) ;
#2107 = VERTEX_POINT ( 'NONE', #1823 ) ;
#2108 = ORIENTED_EDGE ( 'NONE', *, *, #2537, .F. ) ;
#2109 = EDGE_CURVE ( 'NONE', #957, #1694, #205, .T. ) ;
#2110 = DIRECTION ( 'NONE',  ( 0.000000000000000000, 0.000000000000000000, 1.000000000000000000 ) ) ;
#2111 = AXIS2_PLACEMENT_3D ( 'NONE', #606, #2231, #6 ) ;
#2112 = EDGE_CURVE ( 'NONE', #1545, #2540, #336, .T. ) ;
#2113 = CC_DESIGN_SECURITY_CLASSIFICATION ( #881, ( #2279 ) ) ;
#2114 = PLANE ( 'NONE',  #736 ) ;
#2115 = EDGE_CURVE ( 'NONE', #69, #1079, #1027, .T. ) ;
#2116 = PLANE ( 'NONE',  #407 ) ;
#2117 = EDGE_CURVE ( 'NONE', #2607, #1248, #2423, .T. ) ;
#2118 = CARTESIAN_POINT ( 'NONE',  ( 2.000000000000000000, 0.000000000000000000, 13.00000000000000355 ) ) ;
#2119 = DIRECTION ( 'NONE',  ( 0.000000000000000000, 0.000000000000000000, 1.000000000000000000 ) ) ;
#2120 = ORIENTED_EDGE ( 'NONE', *, *, #2085, .F. ) ;
#2121 = CARTESIAN_POINT ( 'NONE',  ( 38.20000000000001705, 0.000000000000000000, 5.000000000000000888 ) ) ;
#2122 = CLOSED_SHELL ( 'NONE', ( #812, #633, #1522, #691, #1534, #1884, #1562, #1367, #2278, #857, #627, #2550, #2175, #1122, #2570, #1687, #554, #1814, #1242, #251, #869, #1987, #579, #2027, #1145, #1912, #2385, #2386, #444, #1614, #1680, #353, #234, #2502, #145, #518, #2034, #1070, #2458, #1088, #366, #1238, #944, #1413, #749, #816, #941, #2493, #1907, #850, #1440, #2307, #53, #601, #2205, #753, #2295, #1288, #1132, #164, #1915, #700, #1922, #56, #1155, #741, #2483, #357, #987, #2568, #2070, #1086, #1223, #59, #892, #969, #1897 ) ) ;
#2123 = VERTEX_POINT ( 'NONE', #609 ) ;
#2124 = EDGE_LOOP ( 'NONE', ( #791, #614 ) ) ;
#2125 = CARTESIAN_POINT ( 'NONE',  ( -5.315483133298897656, 21.00000000000000000, 31.74999999999993250 ) ) ;
#2126 = DIRECTION ( 'NONE',  ( -0.000000000000000000, -1.000000000000000000, -0.000000000000000000 ) ) ;
#2127 = CARTESIAN_POINT ( 'NONE',  ( 51.10000000000000142, 21.00000000000000000, -12.00000000000000355 ) ) ;
#2128 = VECTOR ( 'NONE', #440, 1000.000000000000000 ) ;
#2129 = FACE_OUTER_BOUND ( 'NONE', #750, .T. ) ;
#2130 = DIRECTION ( 'NONE',  ( 1.000000000000000000, -0.000000000000000000, -0.000000000000000000 ) ) ;
#2131 = ORIENTED_EDGE ( 'NONE', *, *, #2480, .T. ) ;
#2132 = DIRECTION ( 'NONE',  ( 0.000000000000000000, 0.000000000000000000, -1.000000000000000000 ) ) ;
#2133 = EDGE_LOOP ( 'NONE', ( #1775, #2355 ) ) ;
#2134 = CARTESIAN_POINT ( 'NONE',  ( 40.20000000000001705, -0.3239997712375990435, 3.500000000000000444 ) ) ;
#2135 = CIRCLE ( 'NONE', #1672, 2.250000000000001776 ) ;
#2136 = DIRECTION ( 'NONE',  ( 1.000000000000000000, -0.000000000000000000, -0.000000000000000000 ) ) ;
#2137 = CARTESIAN_POINT ( 'NONE',  ( 40.20000000000001705, 8.000000000000000000, 12.00000000000001599 ) ) ;
#2138 = LINE ( 'NONE', #2525, #2431 ) ;
#2139 = DIRECTION ( 'NONE',  ( 1.734723475976807489E-15, 1.000000000000000000, 0.000000000000000000 ) ) ;
#2140 = CARTESIAN_POINT ( 'NONE',  ( 19.09999999999990905, 21.00000000000000000, -4.000000000000003553 ) ) ;
#2141 = EDGE_LOOP ( 'NONE', ( #415, #1243, #1032, #28 ) ) ;
#2142 = CARTESIAN_POINT ( 'NONE',  ( 60.00000000000000711, -1.447822569485248234, 0.000000000000000000 ) ) ;
#2143 = EDGE_LOOP ( 'NONE', ( #1854, #1148, #827, #2464 ) ) ;
#2144 = ORIENTED_EDGE ( 'NONE', *, *, #2115, .T. ) ;
#2145 = AXIS2_PLACEMENT_3D ( 'NONE', #1729, #1113, #2536 ) ;
#2146 = AXIS2_PLACEMENT_3D ( 'NONE', #2300, #2065, #1053 ) ;
#2147 = CARTESIAN_POINT ( 'NONE',  ( -5.315483133298896767, 21.00000000000000000, 33.74999999999993605 ) ) ;
#2148 = EDGE_CURVE ( 'NONE', #747, #323, #2052, .T. ) ;
#2149 = DIRECTION ( 'NONE',  ( -0.000000000000000000, -1.000000000000000000, -0.000000000000000000 ) ) ;
#2150 = CIRCLE ( 'NONE', #1351, 11.00000000000000000 ) ;
#2151 = CARTESIAN_POINT ( 'NONE',  ( 60.00000000000000711, -3.680035778473095487, 24.00000000000000000 ) ) ;
#2152 = CARTESIAN_POINT ( 'NONE',  ( 0.000000000000000000, 5.656854249492379694, 18.65685424949238325 ) ) ;
#2153 = CARTESIAN_POINT ( 'NONE',  ( 0.000000000000000000, -0.3239997712376038175, 3.500000000000000444 ) ) ;
#2154 = EDGE_LOOP ( 'NONE', ( #1673, #655, #496, #2263 ) ) ;
#2155 = EDGE_CURVE ( 'NONE', #1811, #2302, #2222, .T. ) ;
#2156 = DIRECTION ( 'NONE',  ( 0.000000000000000000, 0.000000000000000000, -1.000000000000000000 ) ) ;
#2157 = EDGE_LOOP ( 'NONE', ( #1196, #772 ) ) ;
#2158 = VERTEX_POINT ( 'NONE', #1389 ) ;
#2159 = CARTESIAN_POINT ( 'NONE',  ( 51.10000000000000142, 21.00000000000000000, -12.00000000000000355 ) ) ;
#2160 = PERSON_AND_ORGANIZATION ( #1251, #2361 ) ;
#2161 = VECTOR ( 'NONE', #648, 1000.000000000000000 ) ;
#2162 = EDGE_CURVE ( 'NONE', #2068, #277, #24, .T. ) ;
#2163 = AXIS2_PLACEMENT_3D ( 'NONE', #1903, #705, #537 ) ;
#2164 = DIRECTION ( 'NONE',  ( -1.000000000000000000, -1.196068857455806470E-16, -0.000000000000000000 ) ) ;
#2165 = CYLINDRICAL_SURFACE ( 'NONE', #1875, 0.9999999999999870104 ) ;
#2166 = LINE ( 'NONE', #1744, #380 ) ;
#2167 = DIRECTION ( 'NONE',  ( 0.000000000000000000, 0.000000000000000000, -1.000000000000000000 ) ) ;
#2168 = ORIENTED_EDGE ( 'NONE', *, *, #2235, .F. ) ;
#2169 = FACE_OUTER_BOUND ( 'NONE', #347, .T. ) ;
#2170 = ORIENTED_EDGE ( 'NONE', *, *, #1876, .F. ) ;
#2171 = ORIENTED_EDGE ( 'NONE', *, *, #1268, .F. ) ;
#2172 = DIRECTION ( 'NONE',  ( -1.000000000000000000, -0.000000000000000000, -0.000000000000000000 ) ) ;
#2173 = APPROVAL_STATUS ( 'not_yet_approved' ) ;
#2174 = AXIS2_PLACEMENT_3D ( 'NONE', #2270, #839, #1860 ) ;
#2175 = ADVANCED_FACE ( 'NONE', ( #385 ), #641, .F. ) ;
#2176 = CARTESIAN_POINT ( 'NONE',  ( 19.09999999999990905, 26.99999999999999645, -4.000000000000003553 ) ) ;
#2177 = FACE_OUTER_BOUND ( 'NONE', #12, .T. ) ;
#2178 = EDGE_CURVE ( 'NONE', #2427, #1052, #447, .T. ) ;
#2179 = DIRECTION ( 'NONE',  ( -1.000000000000000000, -5.831003280594309799E-17, -0.000000000000000000 ) ) ;
#2180 = DIRECTION ( 'NONE',  ( 1.000000000000000000, -0.000000000000000000, -0.000000000000000000 ) ) ;
#2181 = DIRECTION ( 'NONE',  ( 1.000000000000000000, -0.000000000000000000, -0.000000000000000000 ) ) ;
#2182 = ORIENTED_EDGE ( 'NONE', *, *, #68, .F. ) ;
#2183 = ORIENTED_EDGE ( 'NONE', *, *, #2288, .F. ) ;
#2184 = DIRECTION ( 'NONE',  ( 0.000000000000000000, 0.000000000000000000, -1.000000000000000000 ) ) ;
#2185 = PERSON_AND_ORGANIZATION ( #1251, #2361 ) ;
#2186 = AXIS2_PLACEMENT_3D ( 'NONE', #1668, #285, #505 ) ;
#2187 = EDGE_CURVE ( 'NONE', #1633, #1461, #771, .T. ) ;
#2188 = AXIS2_PLACEMENT_3D ( 'NONE', #2140, #542, #1105 ) ;
#2189 = LINE ( 'NONE', #379, #1763 ) ;
#2190 = FACE_BOUND ( 'NONE', #2488, .T. ) ;
#2191 = DIRECTION ( 'NONE',  ( 0.000000000000000000, -0.000000000000000000, 1.000000000000000000 ) ) ;
#2192 = LINE ( 'NONE', #180, #19 ) ;
#2193 = ORIENTED_EDGE ( 'NONE', *, *, #16, .F. ) ;
#2194 = EDGE_CURVE ( 'NONE', #2041, #1336, #833, .T. ) ;
#2195 = CYLINDRICAL_SURFACE ( 'NONE', #467, 4.250000000000003553 ) ;
#2196 = ORIENTED_EDGE ( 'NONE', *, *, #128, .T. ) ;
#2197 = EDGE_LOOP ( 'NONE', ( #1917, #1418, #726, #2382 ) ) ;
#2198 = DIRECTION ( 'NONE',  ( 1.000000000000000000, -0.000000000000000000, -0.000000000000000000 ) ) ;
#2199 = ORIENTED_EDGE ( 'NONE', *, *, #297, .F. ) ;
#2200 = EDGE_CURVE ( 'NONE', #338, #1671, #696, .T. ) ;
#2201 = DATE_TIME_ROLE ( 'classification_date' ) ;
#2202 = AXIS2_PLACEMENT_3D ( 'NONE', #1832, #995, #576 ) ;
#2203 = DIRECTION ( 'NONE',  ( -0.000000000000000000, -1.000000000000000000, -0.000000000000000000 ) ) ;
#2204 = CARTESIAN_POINT ( 'NONE',  ( 38.20000000000001705, -0.3239997712375992656, 3.500000000000000444 ) ) ;
#2205 = ADVANCED_FACE ( 'NONE', ( #2504 ), #2465, .F. ) ;
#2206 = CIRCLE ( 'NONE', #1984, 0.9999999999999895639 ) ;
#2207 = DIRECTION ( 'NONE',  ( 0.000000000000000000, 0.000000000000000000, -1.000000000000000000 ) ) ;
#2208 = CARTESIAN_POINT ( 'NONE',  ( 19.09999999999990905, 21.00000000000000000, -4.000000000000003553 ) ) ;
#2209 = ORIENTED_EDGE ( 'NONE', *, *, #1456, .T. ) ;
#2210 = DIRECTION ( 'NONE',  ( 0.000000000000000000, 7.523163845262641419E-33, -1.000000000000000000 ) ) ;
#2211 = EDGE_LOOP ( 'NONE', ( #305, #644 ) ) ;
#2212 = ORIENTED_EDGE ( 'NONE', *, *, #2162, .T. ) ;
#2213 = FACE_OUTER_BOUND ( 'NONE', #901, .T. ) ;
#2214 = ORIENTED_EDGE ( 'NONE', *, *, #1253, .F. ) ;
#2215 = CARTESIAN_POINT ( 'NONE',  ( 44.68451686670109524, 24.00000000000000000, 29.49999999999994316 ) ) ;
#2216 = CARTESIAN_POINT ( 'NONE',  ( -2.000000000000000444, -1.447822569485247790, 7.000000000000003553 ) ) ;
#2217 = AXIS2_PLACEMENT_3D ( 'NONE', #1936, #1323, #1745 ) ;
#2218 = LINE ( 'NONE', #1009, #963 ) ;
#2219 = DIRECTION ( 'NONE',  ( -0.000000000000000000, -1.000000000000000000, -0.000000000000000000 ) ) ;
#2220 = CIRCLE ( 'NONE', #617, 0.9999999999999870104 ) ;
#2221 = VERTEX_POINT ( 'NONE', #1472 ) ;
#2222 = LINE ( 'NONE', #2452, #917 ) ;
#2223 = ORIENTED_EDGE ( 'NONE', *, *, #398, .F. ) ;
#2224 = DIRECTION ( 'NONE',  ( 1.000000000000000000, -0.000000000000000000, -0.000000000000000000 ) ) ;
#2225 = ORIENTED_EDGE ( 'NONE', *, *, #2288, .T. ) ;
#2226 = ORIENTED_EDGE ( 'NONE', *, *, #1163, .T. ) ;
#2227 = VECTOR ( 'NONE', #1674, 1000.000000000000000 ) ;
#2228 = CARTESIAN_POINT ( 'NONE',  ( 40.20000000000001705, 5.656854249492379694, 19.65685424949236904 ) ) ;
#2229 = CARTESIAN_POINT ( 'NONE',  ( 44.68451686670109524, 21.00000000000000000, 25.24999999999993960 ) ) ;
#2230 = DIRECTION ( 'NONE',  ( 0.000000000000000000, 1.000000000000000000, 0.000000000000000000 ) ) ;
#2231 = DIRECTION ( 'NONE',  ( 1.000000000000000000, -0.000000000000000000, -0.000000000000000000 ) ) ;
#2232 = PLANE ( 'NONE',  #1918 ) ;
#2233 = ORIENTED_EDGE ( 'NONE', *, *, #1369, .F. ) ;
#2234 = DIRECTION ( 'NONE',  ( -5.831003280594308567E-17, 1.000000000000000000, 8.092142623475780884E-33 ) ) ;
#2235 = EDGE_CURVE ( 'NONE', #269, #154, #2089, .T. ) ;
#2236 = EDGE_LOOP ( 'NONE', ( #1874, #841, #864, #585 ) ) ;
#2237 = LOCAL_TIME ( 10, 55, 35.00000000000000000, #807 ) ;
#2238 = CARTESIAN_POINT ( 'NONE',  ( -2.000000000000001776, 0.000000000000000000, 13.00000000000000355 ) ) ;
#2239 = ORIENTED_EDGE ( 'NONE', *, *, #162, .T. ) ;
#2240 = ORIENTED_EDGE ( 'NONE', *, *, #2200, .F. ) ;
#2241 = DIRECTION ( 'NONE',  ( 1.000000000000000000, -0.000000000000000000, -0.000000000000000000 ) ) ;
#2242 = CC_DESIGN_PERSON_AND_ORGANIZATION_ASSIGNMENT ( #2414, #1370, ( #881 ) ) ;
#2243 = DIRECTION ( 'NONE',  ( 0.000000000000000000, 1.000000000000000000, 0.000000000000000000 ) ) ;
#2244 = CARTESIAN_POINT ( 'NONE',  ( -5.315483133298897656, 26.99999999999999645, 29.49999999999993250 ) ) ;
#2245 = CARTESIAN_POINT ( 'NONE',  ( -2.000000000000001776, 5.656854249492379694, 18.65685424949238325 ) ) ;
#2246 = VECTOR ( 'NONE', #1520, 1000.000000000000000 ) ;
#2247 = CARTESIAN_POINT ( 'NONE',  ( 0.000000000000000000, 5.656854249492380582, 7.343145750507622083 ) ) ;
#2248 = ORIENTED_EDGE ( 'NONE', *, *, #425, .T. ) ;
#2249 = DIRECTION ( 'NONE',  ( 0.000000000000000000, 0.000000000000000000, -1.000000000000000000 ) ) ;
#2250 = VERTEX_POINT ( 'NONE', #459 ) ;
#2251 = ORIENTED_EDGE ( 'NONE', *, *, #1407, .T. ) ;
#2252 = ORIENTED_EDGE ( 'NONE', *, *, #1019, .F. ) ;
#2253 = CIRCLE ( 'NONE', #1108, 3.676000228762395849 ) ;
#2254 = CARTESIAN_POINT ( 'NONE',  ( -2.000000000000001776, 0.000000000000000000, 5.000000000000000888 ) ) ;
#2255 = CARTESIAN_POINT ( 'NONE',  ( 19.09999999999990905, 24.00000000000000000, -4.000000000000003553 ) ) ;
#2256 = CARTESIAN_POINT ( 'NONE',  ( 38.20000000000001705, -1.447822569485243127, 26.00000000000000000 ) ) ;
#2257 = CARTESIAN_POINT ( 'NONE',  ( 40.20000000000001705, -1.734723475976807094E-15, 20.00000000000001776 ) ) ;
#2258 = CARTESIAN_POINT ( 'NONE',  ( 40.20000000000001705, 5.656854249492380582, 8.343145750507611424 ) ) ;
#2259 = ORIENTED_EDGE ( 'NONE', *, *, #1631, .F. ) ;
#2260 = DIRECTION ( 'NONE',  ( 1.000000000000000000, -0.000000000000000000, -0.000000000000000000 ) ) ;
#2261 = AXIS2_PLACEMENT_3D ( 'NONE', #1294, #694, #1742 ) ;
#2262 = EDGE_CURVE ( 'NONE', #777, #583, #1387, .T. ) ;
#2263 = ORIENTED_EDGE ( 'NONE', *, *, #2269, .T. ) ;
#2264 = VERTEX_POINT ( 'NONE', #651 ) ;
#2265 = ORIENTED_EDGE ( 'NONE', *, *, #159, .F. ) ;
#2266 = FACE_OUTER_BOUND ( 'NONE', #105, .T. ) ;
#2267 = LINE ( 'NONE', #657, #2566 ) ;
#2268 = FACE_OUTER_BOUND ( 'NONE', #773, .T. ) ;
#2269 = EDGE_CURVE ( 'NONE', #1286, #729, #1126, .T. ) ;
#2270 = CARTESIAN_POINT ( 'NONE',  ( -5.315483133298897656, 21.00000000000000000, 29.49999999999993250 ) ) ;
#2271 = CARTESIAN_POINT ( 'NONE',  ( 0.000000000000000000, -3.680035778473102592, 24.00000000000000000 ) ) ;
#2272 = ORIENTED_EDGE ( 'NONE', *, *, #2341, .F. ) ;
#2273 = VECTOR ( 'NONE', #1458, 1000.000000000000000 ) ;
#2274 = CARTESIAN_POINT ( 'NONE',  ( 40.20000000000001705, 0.000000000000000000, 4.000000000000012434 ) ) ;
#2275 = VECTOR ( 'NONE', #471, 1000.000000000000000 ) ;
#2276 = PRODUCT_RELATED_PRODUCT_CATEGORY ( 'detail', '', ( #1427 ) ) ;
#2277 = ORIENTED_EDGE ( 'NONE', *, *, #2303, .T. ) ;
#2278 = ADVANCED_FACE ( 'NONE', ( #97 ), #687, .T. ) ;
#2279 = PRODUCT_DEFINITION_FORMATION_WITH_SPECIFIED_SOURCE ( 'ANY', '', #1427, .NOT_KNOWN. ) ;
#2280 = ORIENTED_EDGE ( 'NONE', *, *, #896, .F. ) ;
#2281 = ORIENTED_EDGE ( 'NONE', *, *, #1536, .T. ) ;
#2282 = VECTOR ( 'NONE', #2405, 1000.000000000000000 ) ;
#2283 = CARTESIAN_POINT ( 'NONE',  ( 40.20000000000001705, 5.656854249492379694, 19.65685424949236904 ) ) ;
#2284 = EDGE_CURVE ( 'NONE', #718, #2043, #1311, .T. ) ;
#2285 = CARTESIAN_POINT ( 'NONE',  ( 44.68451686670109524, 24.00000000000000000, 25.24999999999993960 ) ) ;
#2286 = CARTESIAN_POINT ( 'NONE',  ( 40.20000000000001705, -1.734723475976807094E-15, 21.00000000000000355 ) ) ;
#2287 = ORIENTED_EDGE ( 'NONE', *, *, #2148, .T. ) ;
#2288 = EDGE_CURVE ( 'NONE', #908, #76, #1095, .T. ) ;
#2289 = DIRECTION ( 'NONE',  ( 0.000000000000000000, 0.000000000000000000, -1.000000000000000000 ) ) ;
#2290 = ORIENTED_EDGE ( 'NONE', *, *, #334, .T. ) ;
#2291 = VECTOR ( 'NONE', #203, 1000.000000000000000 ) ;
#2292 = AXIS2_PLACEMENT_3D ( 'NONE', #645, #1504, #1033 ) ;
#2293 = EDGE_LOOP ( 'NONE', ( #1388, #960, #141, #1868 ) ) ;
#2294 = DIRECTION ( 'NONE',  ( 1.000000000000000000, -0.000000000000000000, -0.000000000000000000 ) ) ;
#2295 = ADVANCED_FACE ( 'NONE', ( #878 ), #2102, .T. ) ;
#2296 = CARTESIAN_POINT ( 'NONE',  ( 60.00000000000000711, -1.447822569485240463, 7.000000000000003553 ) ) ;
#2297 = CARTESIAN_POINT ( 'NONE',  ( 2.000000000000000000, -4.000000000000000000, 24.00000000000000000 ) ) ;
#2298 = DIRECTION ( 'NONE',  ( 0.000000000000000000, 0.000000000000000000, -1.000000000000000000 ) ) ;
#2299 = ORIENTED_EDGE ( 'NONE', *, *, #1167, .T. ) ;
#2300 = CARTESIAN_POINT ( 'NONE',  ( 60.00000000000000711, -0.3239997712375966565, 22.50000000000000355 ) ) ;
#2301 = CYLINDRICAL_SURFACE ( 'NONE', #632, 3.676000228762395849 ) ;
#2302 = VERTEX_POINT ( 'NONE', #2478 ) ;
#2303 = EDGE_CURVE ( 'NONE', #1431, #1017, #1297, .T. ) ;
#2304 = EDGE_CURVE ( 'NONE', #1350, #2509, #276, .T. ) ;
#2305 = VERTEX_POINT ( 'NONE', #1896 ) ;
#2306 = CARTESIAN_POINT ( 'NONE',  ( 36.20000000000001705, -0.3239997712375995431, 22.50000000000000355 ) ) ;
#2307 = ADVANCED_FACE ( 'NONE', ( #1658 ), #866, .F. ) ;
#2308 = DIRECTION ( 'NONE',  ( -1.000000000000000000, -1.196068857455806470E-16, -0.000000000000000000 ) ) ;
#2309 = EDGE_CURVE ( 'NONE', #1811, #485, #67, .T. ) ;
#2310 = MANIFOLD_SOLID_BREP ( 'CBORE for M5 Hex Head Bolt1', #2122 ) ;
#2311 = DIRECTION ( 'NONE',  ( -1.000000000000000000, 0.000000000000000000, 0.000000000000000000 ) ) ;
#2312 = CARTESIAN_POINT ( 'NONE',  ( 2.000000000000000000, 0.000000000000000000, 2.000000000000003553 ) ) ;
#2313 = CIRCLE ( 'NONE', #539, 2.250000000000001776 ) ;
#2314 = DIRECTION ( 'NONE',  ( -1.000000000000000000, -1.196068857455806470E-16, -0.000000000000000000 ) ) ;
#2315 = CYLINDRICAL_SURFACE ( 'NONE', #2106, 0.9999999999999870104 ) ;
#2316 = ORIENTED_EDGE ( 'NONE', *, *, #2099, .F. ) ;
#2317 = AXIS2_PLACEMENT_3D ( 'NONE', #11, #1810, #2409 ) ;
#2318 = DIRECTION ( 'NONE',  ( 0.000000000000000000, 0.000000000000000000, -1.000000000000000000 ) ) ;
#2319 = VECTOR ( 'NONE', #2527, 1000.000000000000000 ) ;
#2320 = VERTEX_POINT ( 'NONE', #2516 ) ;
#2321 = EDGE_LOOP ( 'NONE', ( #961, #608 ) ) ;
#2322 = DIRECTION ( 'NONE',  ( -0.000000000000000000, -1.000000000000000000, -0.000000000000000000 ) ) ;
#2323 = AXIS2_PLACEMENT_3D ( 'NONE', #1412, #1637, #824 ) ;
#2324 = CARTESIAN_POINT ( 'NONE',  ( 44.68451686670109524, 24.00000000000000000, 29.49999999999994316 ) ) ;
#2325 = DIRECTION ( 'NONE',  ( 1.000000000000000000, -0.000000000000000000, -0.000000000000000000 ) ) ;
#2326 = DIRECTION ( 'NONE',  ( -1.000000000000000000, 1.734723475976807489E-15, -0.000000000000000000 ) ) ;
#2327 = CARTESIAN_POINT ( 'NONE',  ( 0.000000000000000000, -2.059984127722452114E-14, 7.000000000000002665 ) ) ;
#2328 = ORIENTED_EDGE ( 'NONE', *, *, #40, .F. ) ;
#2329 = CIRCLE ( 'NONE', #389, 3.676000228762395849 ) ;
#2330 = LINE ( 'NONE', #2367, #1904 ) ;
#2331 = ORIENTED_EDGE ( 'NONE', *, *, #865, .F. ) ;
#2332 = ORIENTED_EDGE ( 'NONE', *, *, #297, .T. ) ;
#2333 = AXIS2_PLACEMENT_3D ( 'NONE', #1973, #2181, #2156 ) ;
#2334 = CARTESIAN_POINT ( 'NONE',  ( 36.20000000000001705, -6.626643678231406887E-14, 0.000000000000000000 ) ) ;
#2335 = DIRECTION ( 'NONE',  ( -1.734711388376615258E-15, -0.9999930319728997929, -0.003733095986867285450 ) ) ;
#2336 = DIRECTION ( 'NONE',  ( -1.387778780781445922E-16, -0.000000000000000000, -1.000000000000000000 ) ) ;
#2337 = DIRECTION ( 'NONE',  ( 1.000000000000000000, -1.734723475976807489E-15, 0.000000000000000000 ) ) ;
#2338 = CARTESIAN_POINT ( 'NONE',  ( 44.68451686670109524, 24.00000000000000000, 31.74999999999994316 ) ) ;
#2339 = EDGE_LOOP ( 'NONE', ( #677, #830 ) ) ;
#2340 = FACE_BOUND ( 'NONE', #1276, .T. ) ;
#2341 = EDGE_CURVE ( 'NONE', #277, #2123, #853, .T. ) ;
#2342 = ORIENTED_EDGE ( 'NONE', *, *, #1734, .T. ) ;
#2343 = ORIENTED_EDGE ( 'NONE', *, *, #138, .T. ) ;
#2344 = VECTOR ( 'NONE', #148, 1000.000000000000000 ) ;
#2345 = VECTOR ( 'NONE', #2335, 999.9999999999998863 ) ;
#2346 = CARTESIAN_POINT ( 'NONE',  ( 36.20000000000001705, -1.447822569485251121, 26.00000000000000711 ) ) ;
#2347 = DIRECTION ( 'NONE',  ( 1.000000000000000000, -0.000000000000000000, -0.000000000000000000 ) ) ;
#2348 = DIRECTION ( 'NONE',  ( 1.887620639850546334E-15, 1.000000000000000000, 3.539288699719774328E-15 ) ) ;
#2349 = CARTESIAN_POINT ( 'NONE',  ( 48.85000000000000142, 27.00000000000000000, -12.00000000000000355 ) ) ;
#2350 = LINE ( 'NONE', #300, #1853 ) ;
#2351 = VERTEX_POINT ( 'NONE', #77 ) ;
#2352 = AXIS2_PLACEMENT_3D ( 'NONE', #423, #1452, #1831 ) ;
#2353 = DIRECTION ( 'NONE',  ( -1.196068857455806470E-16, 1.000000000000000000, 0.000000000000000000 ) ) ;
#2354 = EDGE_CURVE ( 'NONE', #2051, #1694, #1679, .T. ) ;
#2355 = ORIENTED_EDGE ( 'NONE', *, *, #513, .T. ) ;
#2356 = ORIENTED_EDGE ( 'NONE', *, *, #1974, .F. ) ;
#2357 = CARTESIAN_POINT ( 'NONE',  ( 51.10000000000000853, 21.00000000000000000, 37.99999999999999289 ) ) ;
#2358 = EDGE_CURVE ( 'NONE', #1248, #449, #340, .T. ) ;
#2359 = AXIS2_PLACEMENT_3D ( 'NONE', #1146, #1950, #947 ) ;
#2360 = DIRECTION ( 'NONE',  ( 0.000000000000000000, 0.000000000000000000, -1.000000000000000000 ) ) ;
#2361 = ORGANIZATION ( 'UNSPECIFIED', 'UNSPECIFIED', '' ) ;
#2362 = FACE_OUTER_BOUND ( 'NONE', #431, .T. ) ;
#2363 = EDGE_CURVE ( 'NONE', #35, #1079, #1528, .T. ) ;
#2364 = FACE_BOUND ( 'NONE', #1645, .T. ) ;
#2365 = CARTESIAN_POINT ( 'NONE',  ( 0.000000000000000000, -0.3239997712376038175, 3.500000000000000444 ) ) ;
#2366 = ORIENTED_EDGE ( 'NONE', *, *, #1059, .F. ) ;
#2367 = CARTESIAN_POINT ( 'NONE',  ( 40.20000000000001705, -4.000000000000011546, 7.000000000000006217 ) ) ;
#2368 = ORIENTED_EDGE ( 'NONE', *, *, #2032, .T. ) ;
#2369 = VERTEX_POINT ( 'NONE', #519 ) ;
#2370 = DIRECTION ( 'NONE',  ( -0.000000000000000000, -1.000000000000000000, -0.000000000000000000 ) ) ;
#2371 = VECTOR ( 'NONE', #497, 1000.000000000000000 ) ;
#2372 = EDGE_CURVE ( 'NONE', #1449, #2556, #1812, .T. ) ;
#2373 = APPROVAL_DATE_TIME ( #755, #99 ) ;
#2374 = VECTOR ( 'NONE', #190, 1000.000000000000000 ) ;
#2375 = AXIS2_PLACEMENT_3D ( 'NONE', #971, #337, #1118 ) ;
#2376 = DIRECTION ( 'NONE',  ( 1.000000000000000000, -0.000000000000000000, -0.000000000000000000 ) ) ;
#2377 = CARTESIAN_POINT ( 'NONE',  ( 60.00000000000000711, -3.680035778473096819, 2.000000000000004441 ) ) ;
#2378 = DIRECTION ( 'NONE',  ( -1.387778780781445922E-16, -0.000000000000000000, -1.000000000000000000 ) ) ;
#2379 = DIRECTION ( 'NONE',  ( -0.000000000000000000, -1.000000000000000000, -0.000000000000000000 ) ) ;
#2380 = AXIS2_PLACEMENT_3D ( 'NONE', #177, #809, #1373 ) ;
#2381 = DIRECTION ( 'NONE',  ( 1.000000000000000000, 0.000000000000000000, 0.000000000000000000 ) ) ;
#2382 = ORIENTED_EDGE ( 'NONE', *, *, #1450, .F. ) ;
#2383 = EDGE_LOOP ( 'NONE', ( #2079, #2171, #844, #1927, #1785, #1176 ) ) ;
#2384 = DIRECTION ( 'NONE',  ( 0.000000000000000000, 0.000000000000000000, 1.000000000000000000 ) ) ;
#2385 = ADVANCED_FACE ( 'NONE', ( #1322, #359, #2364, #321, #955, #1115 ), #1541, .F. ) ;
#2386 = ADVANCED_FACE ( 'NONE', ( #1569, #1769, #745, #1154, #1334, #2526 ), #135, .F. ) ;
#2387 = EDGE_CURVE ( 'NONE', #1401, #1649, #942, .T. ) ;
#2388 =( NAMED_UNIT ( * ) SI_UNIT ( $, .STERADIAN. ) SOLID_ANGLE_UNIT ( ) );
#2389 = AXIS2_PLACEMENT_3D ( 'NONE', #1982, #1945, #2360 ) ;
#2390 = DIRECTION ( 'NONE',  ( 2.312964634635742661E-15, 1.000000000000000000, 0.000000000000000000 ) ) ;
#2391 = EDGE_CURVE ( 'NONE', #1796, #1304, #55, .T. ) ;
#2392 = CARTESIAN_POINT ( 'NONE',  ( 60.00000000000000711, -1.447822569485240463, 7.000000000000003553 ) ) ;
#2393 = LINE ( 'NONE', #217, #1049 ) ;
#2394 = DIRECTION ( 'NONE',  ( 0.000000000000000000, 1.000000000000000000, -2.168404344971008868E-16 ) ) ;
#2395 = CARTESIAN_POINT ( 'NONE',  ( -12.90000000000000391, 20.99999999999999645, -12.00000000000000355 ) ) ;
#2396 = VERTEX_POINT ( 'NONE', #1923 ) ;
#2397 = ORIENTED_EDGE ( 'NONE', *, *, #1722, .T. ) ;
#2398 = CARTESIAN_POINT ( 'NONE',  ( -2.000000000000000000, -4.000000000000000000, 3.500000000000000444 ) ) ;
#2399 = EDGE_CURVE ( 'NONE', #35, #535, #1756, .T. ) ;
#2400 = APPLICATION_CONTEXT ( 'configuration controlled 3d designs of mechanical parts and assemblies' ) ;
#2401 = ORIENTED_EDGE ( 'NONE', *, *, #929, .T. ) ;
#2402 = VECTOR ( 'NONE', #1091, 1000.000000000000000 ) ;
#2403 = DIRECTION ( 'NONE',  ( 0.000000000000000000, -1.000000000000000000, 0.000000000000000000 ) ) ;
#2404 = CARTESIAN_POINT ( 'NONE',  ( 2.000000000000000000, -4.000000000000000000, 24.00000000000000000 ) ) ;
#2405 = DIRECTION ( 'NONE',  ( 1.000000000000000000, -0.000000000000000000, -0.000000000000000000 ) ) ;
#2406 = FACE_OUTER_BOUND ( 'NONE', #854, .T. ) ;
#2407 = ORIENTED_EDGE ( 'NONE', *, *, #2508, .F. ) ;
#2408 = AXIS2_PLACEMENT_3D ( 'NONE', #1591, #796, #2015 ) ;
#2409 = DIRECTION ( 'NONE',  ( 0.000000000000000000, 0.000000000000000000, -1.000000000000000000 ) ) ;
#2410 = VERTEX_POINT ( 'NONE', #1359 ) ;
#2411 = ORIENTED_EDGE ( 'NONE', *, *, #2097, .F. ) ;
#2412 = CARTESIAN_POINT ( 'NONE',  ( 38.20000000000002416, 5.656854249492379694, 19.65685424949236904 ) ) ;
#2413 = ORIENTED_EDGE ( 'NONE', *, *, #334, .F. ) ;
#2414 = PERSON_AND_ORGANIZATION ( #1251, #2361 ) ;
#2415 = VECTOR ( 'NONE', #1798, 1000.000000000000000 ) ;
#2416 = DIRECTION ( 'NONE',  ( 0.000000000000000000, 1.000000000000000000, 0.000000000000000000 ) ) ;
#2417 = DIRECTION ( 'NONE',  ( -0.000000000000000000, 1.000000000000000000, -2.168404344971008868E-16 ) ) ;
#2418 = AXIS2_PLACEMENT_3D ( 'NONE', #2208, #2379, #1156 ) ;
#2419 = CIRCLE ( 'NONE', #1825, 0.9999999999999870104 ) ;
#2420 = DIRECTION ( 'NONE',  ( 0.000000000000000000, 0.000000000000000000, -1.000000000000000000 ) ) ;
#2421 = CARTESIAN_POINT ( 'NONE',  ( 2.000000000000000000, 0.000000000000000000, 2.000000000000003553 ) ) ;
#2422 = ORIENTED_EDGE ( 'NONE', *, *, #1643, .T. ) ;
#2423 = LINE ( 'NONE', #2038, #1305 ) ;
#2424 = ORIENTED_EDGE ( 'NONE', *, *, #2117, .T. ) ;
#2425 = CARTESIAN_POINT ( 'NONE',  ( -2.000000000000001776, 5.656854249492379694, 18.65685424949238325 ) ) ;
#2426 = ORIENTED_EDGE ( 'NONE', *, *, #2178, .T. ) ;
#2427 = VERTEX_POINT ( 'NONE', #122 ) ;
#2428 = APPLICATION_PROTOCOL_DEFINITION ( 'international standard', 'config_control_design', 1994, #2587 ) ;
#2429 = DIRECTION ( 'NONE',  ( 1.000000000000000000, -0.000000000000000000, -0.000000000000000000 ) ) ;
#2430 = LINE ( 'NONE', #619, #317 ) ;
#2431 = VECTOR ( 'NONE', #2549, 1000.000000000000000 ) ;
#2432 = CARTESIAN_POINT ( 'NONE',  ( 2.000000000000000000, -4.000000000000000000, 0.000000000000000000 ) ) ;
#2433 = EDGE_CURVE ( 'NONE', #571, #91, #838, .T. ) ;
#2434 = CARTESIAN_POINT ( 'NONE',  ( 2.000000000000000000, 20.99999999999999645, 0.000000000000000000 ) ) ;
#2435 = VECTOR ( 'NONE', #2149, 1000.000000000000000 ) ;
#2436 = ORIENTED_EDGE ( 'NONE', *, *, #1423, .T. ) ;
#2437 = DIRECTION ( 'NONE',  ( 0.000000000000000000, 0.000000000000000000, -1.000000000000000000 ) ) ;
#2438 = ORIENTED_EDGE ( 'NONE', *, *, #490, .T. ) ;
#2439 = FACE_OUTER_BOUND ( 'NONE', #820, .T. ) ;
#2440 = EDGE_CURVE ( 'NONE', #1461, #895, #1130, .T. ) ;
#2441 = VERTEX_POINT ( 'NONE', #309 ) ;
#2442 = VERTEX_POINT ( 'NONE', #1104 ) ;
#2443 = AXIS2_PLACEMENT_3D ( 'NONE', #1869, #635, #2243 ) ;
#2444 = CARTESIAN_POINT ( 'NONE',  ( 19.09999999999990905, 26.99999999999999645, -4.000000000000003553 ) ) ;
#2445 = DIRECTION ( 'NONE',  ( 0.000000000000000000, 0.000000000000000000, -1.000000000000000000 ) ) ;
#2446 = FACE_BOUND ( 'NONE', #570, .T. ) ;
#2447 = CIRCLE ( 'NONE', #1508, 0.9999999999999870104 ) ;
#2448 = CIRCLE ( 'NONE', #1307, 0.9999999999999904521 ) ;
#2449 = FACE_OUTER_BOUND ( 'NONE', #1560, .T. ) ;
#2450 = DIRECTION ( 'NONE',  ( -5.831003280594308567E-17, 1.000000000000000000, 8.092142623475780884E-33 ) ) ;
#2451 = ORIENTED_EDGE ( 'NONE', *, *, #2304, .F. ) ;
#2452 = CARTESIAN_POINT ( 'NONE',  ( -10.65000000000000391, 32.99999999999999289, -12.00000000000000355 ) ) ;
#2453 = ORIENTED_EDGE ( 'NONE', *, *, #1839, .T. ) ;
#2454 = VECTOR ( 'NONE', #637, 1000.000000000000000 ) ;
#2455 = ORIENTED_EDGE ( 'NONE', *, *, #2579, .T. ) ;
#2456 = ORIENTED_EDGE ( 'NONE', *, *, #2579, .F. ) ;
#2457 = CYLINDRICAL_SURFACE ( 'NONE', #1702, 0.9999999999999870104 ) ;
#2458 = ADVANCED_FACE ( 'NONE', ( #2129 ), #1515, .F. ) ;
#2459 = PLANE ( 'NONE',  #1723 ) ;
#2460 = FACE_BOUND ( 'NONE', #1490, .T. ) ;
#2461 = AXIS2_PLACEMENT_3D ( 'NONE', #1685, #2294, #487 ) ;
#2462 = CARTESIAN_POINT ( 'NONE',  ( 40.20000000000001705, 5.656854249492380582, 7.343145750507622083 ) ) ;
#2463 = DIRECTION ( 'NONE',  ( -1.000000000000000000, 1.734723475976807489E-15, -0.000000000000000000 ) ) ;
#2464 = ORIENTED_EDGE ( 'NONE', *, *, #764, .T. ) ;
#2465 = PLANE ( 'NONE',  #2186 ) ;
#2466 = EDGE_LOOP ( 'NONE', ( #1737, #2453, #547, #668 ) ) ;
#2467 = ORIENTED_EDGE ( 'NONE', *, *, #1090, .T. ) ;
#2468 = ORIENTED_EDGE ( 'NONE', *, *, #1802, .T. ) ;
#2469 = EDGE_CURVE ( 'NONE', #312, #2582, #2022, .T. ) ;
#2470 = VECTOR ( 'NONE', #2230, 1000.000000000000000 ) ;
#2471 = LINE ( 'NONE', #2046, #231 ) ;
#2472 = DIRECTION ( 'NONE',  ( 1.000000000000000000, 0.000000000000000000, 0.000000000000000000 ) ) ;
#2473 = DIRECTION ( 'NONE',  ( 0.000000000000000000, -0.000000000000000000, 1.000000000000000000 ) ) ;
#2474 = EDGE_CURVE ( 'NONE', #895, #405, #1771, .T. ) ;
#2475 = DIRECTION ( 'NONE',  ( 0.000000000000000000, 0.000000000000000000, -1.000000000000000000 ) ) ;
#2476 = CYLINDRICAL_SURFACE ( 'NONE', #1000, 0.9999999999999870104 ) ;
#2477 = ORIENTED_EDGE ( 'NONE', *, *, #2097, .T. ) ;
#2478 = CARTESIAN_POINT ( 'NONE',  ( -10.65000000000000391, 26.99999999999999645, -12.00000000000000355 ) ) ;
#2479 = ORIENTED_EDGE ( 'NONE', *, *, #1604, .F. ) ;
#2480 = EDGE_CURVE ( 'NONE', #2264, #1129, #2166, .T. ) ;
#2481 = EDGE_LOOP ( 'NONE', ( #1547, #1519, #667, #1532 ) ) ;
#2482 = VERTEX_POINT ( 'NONE', #1819 ) ;
#2483 = ADVANCED_FACE ( 'NONE', ( #21 ), #33, .T. ) ;
#2484 = FACE_OUTER_BOUND ( 'NONE', #1595, .T. ) ;
#2485 = AXIS2_PLACEMENT_3D ( 'NONE', #1410, #965, #756 ) ;
#2486 = DIRECTION ( 'NONE',  ( 1.000000000000000000, 0.000000000000000000, -0.000000000000000000 ) ) ;
#2487 = CARTESIAN_POINT ( 'NONE',  ( 40.20000000000001705, 5.656854249492379694, 18.65685424949238325 ) ) ;
#2488 = EDGE_LOOP ( 'NONE', ( #1263, #1683 ) ) ;
#2489 = CIRCLE ( 'NONE', #1929, 0.9999999999999887867 ) ;
#2490 = CARTESIAN_POINT ( 'NONE',  ( 40.20000000000001705, -0.3741145311926455386, 0.000000000000000000 ) ) ;
#2491 = VECTOR ( 'NONE', #934, 1000.000000000000000 ) ;
#2492 = EDGE_LOOP ( 'NONE', ( #1960, #171, #2055, #558 ) ) ;
#2493 = ADVANCED_FACE ( 'NONE', ( #2449 ), #811, .F. ) ;
#2494 = VECTOR ( 'NONE', #2577, 1000.000000000000000 ) ;
#2495 = ORIENTED_EDGE ( 'NONE', *, *, #1333, .T. ) ;
#2496 = EDGE_LOOP ( 'NONE', ( #2081, #690, #1216, #193 ) ) ;
#2497 = LINE ( 'NONE', #693, #499 ) ;
#2498 = CIRCLE ( 'NONE', #102, 0.9999999999999870104 ) ;
#2499 = DIRECTION ( 'NONE',  ( 0.000000000000000000, 1.000000000000000000, 0.000000000000000000 ) ) ;
#2500 = DIRECTION ( 'NONE',  ( 0.000000000000000000, 0.000000000000000000, -1.000000000000000000 ) ) ;
#2501 = VERTEX_POINT ( 'NONE', #370 ) ;
#2502 = ADVANCED_FACE ( 'NONE', ( #1428 ), #1168, .F. ) ;
#2503 = EDGE_CURVE ( 'NONE', #154, #957, #2393, .T. ) ;
#2504 = FACE_OUTER_BOUND ( 'NONE', #335, .T. ) ;
#2505 = EDGE_LOOP ( 'NONE', ( #2248, #1556, #2368, #264 ) ) ;
#2506 = AXIS2_PLACEMENT_3D ( 'NONE', #2247, #1064, #281 ) ;
#2507 = VECTOR ( 'NONE', #2110, 1000.000000000000000 ) ;
#2508 = EDGE_CURVE ( 'NONE', #2441, #523, #2218, .T. ) ;
#2509 = VERTEX_POINT ( 'NONE', #1580 ) ;
#2510 = ORIENTED_EDGE ( 'NONE', *, *, #1054, .T. ) ;
#2511 = CARTESIAN_POINT ( 'NONE',  ( -12.90000000000000391, 32.99999999999999289, -12.00000000000000355 ) ) ;
#2512 = VECTOR ( 'NONE', #1636, 1000.000000000000000 ) ;
#2513 = FACE_OUTER_BOUND ( 'NONE', #1855, .T. ) ;
#2514 = DIRECTION ( 'NONE',  ( 1.000000000000000000, -0.000000000000000000, -0.000000000000000000 ) ) ;
#2515 = EDGE_CURVE ( 'NONE', #420, #1977, #1207, .T. ) ;
#2516 = CARTESIAN_POINT ( 'NONE',  ( 51.10000000000001563, 33.00000000000000000, 37.99999999999999289 ) ) ;
#2517 = FACE_BOUND ( 'NONE', #2321, .T. ) ;
#2518 = ORIENTED_EDGE ( 'NONE', *, *, #1713, .F. ) ;
#2519 = VECTOR ( 'NONE', #1728, 1000.000000000000000 ) ;
#2520 = DIRECTION ( 'NONE',  ( 0.000000000000000000, 0.000000000000000000, -1.000000000000000000 ) ) ;
#2521 = EDGE_LOOP ( 'NONE', ( #876, #1144, #1877, #2495 ) ) ;
#2522 = ORIENTED_EDGE ( 'NONE', *, *, #516, .T. ) ;
#2523 = CARTESIAN_POINT ( 'NONE',  ( 40.20000000000001705, 0.000000000000000000, 4.000000000000012434 ) ) ;
#2524 = CARTESIAN_POINT ( 'NONE',  ( 0.000000000000000000, 8.000000000000000000, 13.99999999999999112 ) ) ;
#2525 = CARTESIAN_POINT ( 'NONE',  ( 60.00000000000000711, -3.999999999999992450, 3.500000000000000444 ) ) ;
#2526 = FACE_OUTER_BOUND ( 'NONE', #196, .T. ) ;
#2527 = DIRECTION ( 'NONE',  ( 0.000000000000000000, -1.000000000000000000, 1.084202172485501476E-15 ) ) ;
#2528 = EDGE_LOOP ( 'NONE', ( #1217, #1867 ) ) ;
#2529 = CIRCLE ( 'NONE', #710, 0.9999999999999870104 ) ;
#2530 = CARTESIAN_POINT ( 'NONE',  ( -12.90000000000000391, 20.99999999999999645, -12.00000000000000355 ) ) ;
#2531 = ORIENTED_EDGE ( 'NONE', *, *, #93, .F. ) ;
#2532 = ORIENTED_EDGE ( 'NONE', *, *, #167, .F. ) ;
#2533 = DIRECTION ( 'NONE',  ( 0.000000000000000000, 1.000000000000000000, -1.084202172485501279E-15 ) ) ;
#2534 = LOCAL_TIME ( 10, 55, 35.00000000000000000, #1577 ) ;
#2535 = FACE_OUTER_BOUND ( 'NONE', #1187, .T. ) ;
#2536 = DIRECTION ( 'NONE',  ( 0.000000000000000000, 0.000000000000000000, -1.000000000000000000 ) ) ;
#2537 = EDGE_CURVE ( 'NONE', #278, #1129, #1623, .T. ) ;
#2538 = DIRECTION ( 'NONE',  ( 0.000000000000000000, -2.168404344971008868E-16, -1.000000000000000000 ) ) ;
#2539 = DIRECTION ( 'NONE',  ( 1.000000000000000000, -0.000000000000000000, -0.000000000000000000 ) ) ;
#2540 = VERTEX_POINT ( 'NONE', #2033 ) ;
#2541 = CIRCLE ( 'NONE', #2380, 0.9999999999999887867 ) ;
#2542 = CARTESIAN_POINT ( 'NONE',  ( 44.68451686670109524, 24.00000000000000000, 33.74999999999994316 ) ) ;
#2543 = ORIENTED_EDGE ( 'NONE', *, *, #792, .F. ) ;
#2544 = ORIENTED_EDGE ( 'NONE', *, *, #810, .F. ) ;
#2545 = VECTOR ( 'NONE', #30, 1000.000000000000000 ) ;
#2546 = EDGE_CURVE ( 'NONE', #23, #2158, #2150, .T. ) ;
#2547 = CARTESIAN_POINT ( 'NONE',  ( 38.20000000000002416, 5.656854249492380582, 6.343145750507632741 ) ) ;
#2548 = LINE ( 'NONE', #501, #2345 ) ;
#2549 = DIRECTION ( 'NONE',  ( -1.000000000000000000, -1.196068857455806470E-16, -0.000000000000000000 ) ) ;
#2550 = ADVANCED_FACE ( 'NONE', ( #1224 ), #232, .F. ) ;
#2551 = DIRECTION ( 'NONE',  ( 0.000000000000000000, 0.000000000000000000, -1.000000000000000000 ) ) ;
#2552 = DIRECTION ( 'NONE',  ( 1.179762899906591459E-16, -1.000000000000000000, 0.000000000000000000 ) ) ;
#2553 = EDGE_CURVE ( 'NONE', #1561, #1445, #1607, .T. ) ;
#2554 = ORIENTED_EDGE ( 'NONE', *, *, #406, .T. ) ;
#2555 = DIRECTION ( 'NONE',  ( 0.000000000000000000, 0.000000000000000000, -1.000000000000000000 ) ) ;
#2556 = VERTEX_POINT ( 'NONE', #982 ) ;
#2557 = VERTEX_POINT ( 'NONE', #1398 ) ;
#2558 = CARTESIAN_POINT ( 'NONE',  ( -2.000000000000001776, 0.000000000000000000, 19.00000000000000355 ) ) ;
#2559 = EDGE_CURVE ( 'NONE', #1649, #2302, #1781, .T. ) ;
#2560 = CIRCLE ( 'NONE', #286, 2.250000000000001776 ) ;
#2561 = DIRECTION ( 'NONE',  ( -0.000000000000000000, -1.000000000000000000, -0.000000000000000000 ) ) ;
#2562 = DIRECTION ( 'NONE',  ( 1.387778780781445676E-16, 0.000000000000000000, 1.000000000000000000 ) ) ;
#2563 = CARTESIAN_POINT ( 'NONE',  ( 38.20000000000001705, -0.3239997712375992656, 22.50000000000000355 ) ) ;
#2564 = CARTESIAN_POINT ( 'NONE',  ( 40.20000000000001705, 5.656854249492380582, 7.343145750507622083 ) ) ;
#2565 = ORIENTED_EDGE ( 'NONE', *, *, #150, .F. ) ;
#2566 = VECTOR ( 'NONE', #1653, 1000.000000000000000 ) ;
#2567 = FACE_OUTER_BOUND ( 'NONE', #900, .T. ) ;
#2568 = ADVANCED_FACE ( 'NONE', ( #1834, #769 ), #577, .F. ) ;
#2569 = EDGE_LOOP ( 'NONE', ( #920, #461, #2009, #462 ) ) ;
#2570 = ADVANCED_FACE ( 'NONE', ( #1181 ), #412, .F. ) ;
#2571 = ORIENTED_EDGE ( 'NONE', *, *, #879, .F. ) ;
#2572 = FACE_OUTER_BOUND ( 'NONE', #268, .T. ) ;
#2573 = CALENDAR_DATE ( 2026, 8, 7 ) ;
#2574 = CARTESIAN_POINT ( 'NONE',  ( 19.09999999999990905, 24.00000000000000000, -8.250000000000003553 ) ) ;
#2575 = APPROVAL_PERSON_ORGANIZATION ( #2160, #99, #1603 ) ;
#2576 = CYLINDRICAL_SURFACE ( 'NONE', #1074, 0.9999999999999887867 ) ;
#2577 = DIRECTION ( 'NONE',  ( -1.000000000000000000, -1.196068857455806470E-16, -4.465070964520695493E-19 ) ) ;
#2578 = CARTESIAN_POINT ( 'NONE',  ( 40.20000000000001705, 21.00000000000000000, 26.00000000000000000 ) ) ;
#2579 = EDGE_CURVE ( 'NONE', #2221, #1448, #396, .T. ) ;
#2580 = EDGE_CURVE ( 'NONE', #2557, #1401, #202, .T. ) ;
#2581 = LINE ( 'NONE', #1759, #66 ) ;
#2582 = VERTEX_POINT ( 'NONE', #1443 ) ;
#2583 = ORIENTED_EDGE ( 'NONE', *, *, #1372, .F. ) ;
#2584 = EDGE_CURVE ( 'NONE', #152, #998, #1310, .T. ) ;
#2585 = LINE ( 'NONE', #1380, #2415 ) ;
#2586 = EDGE_CURVE ( 'NONE', #1669, #1354, #132, .T. ) ;
#2587 = APPLICATION_CONTEXT ( 'configuration controlled 3d designs of mechanical parts and assemblies' ) ;
#2588 = PERSON_AND_ORGANIZATION ( #1251, #2361 ) ;
#2589 = CARTESIAN_POINT ( 'NONE',  ( -5.315483133298897656, 24.00000000000000000, 31.74999999999993250 ) ) ;
#2590 = CARTESIAN_POINT ( 'NONE',  ( -12.90000000000000391, 20.99999999999999645, -12.00000000000000355 ) ) ;
#2591 = CARTESIAN_POINT ( 'NONE',  ( -10.65000000000000213, 26.99999999999999645, -12.00000000000000355 ) ) ;
#2592 = LINE ( 'NONE', #8, #2039 ) ;
#2593 = DIRECTION ( 'NONE',  ( 8.630465054610978570E-17, -1.000000000000000000, -0.000000000000000000 ) ) ;
#2594 = ORIENTED_EDGE ( 'NONE', *, *, #1301, .F. ) ;
#2595 = EDGE_LOOP ( 'NONE', ( #2366, #375 ) ) ;
#2596 = PLANE ( 'NONE',  #1521 ) ;
#2597 = ORIENTED_EDGE ( 'NONE', *, *, #1169, .T. ) ;
#2598 = MECHANICAL_CONTEXT ( 'NONE', #2587, 'mechanical' ) ;
#2599 = AXIS2_PLACEMENT_3D ( 'NONE', #491, #2347, #538 ) ;
#2600 = FACE_OUTER_BOUND ( 'NONE', #1296, .T. ) ;
#2601 = CARTESIAN_POINT ( 'NONE',  ( -2.000000000000001776, 0.000000000000000000, 13.00000000000000355 ) ) ;
#2602 = DIRECTION ( 'NONE',  ( 0.000000000000000000, 1.000000000000000000, 0.000000000000000000 ) ) ;
#2603 = CARTESIAN_POINT ( 'NONE',  ( -2.000000000000000000, -4.000000000000000000, 22.50000000000000355 ) ) ;
#2604 = ORIENTED_EDGE ( 'NONE', *, *, #605, .F. ) ;
#2605 = CARTESIAN_POINT ( 'NONE',  ( 40.20000000000001705, 21.00000000000000000, 26.00000000000000000 ) ) ;
#2606 = ORIENTED_EDGE ( 'NONE', *, *, #1738, .T. ) ;
#2607 = VERTEX_POINT ( 'NONE', #1620 ) ;
#2608 = DIRECTION ( 'NONE',  ( 0.000000000000000000, 0.000000000000000000, -1.000000000000000000 ) ) ;
#2609 = ORIENTED_EDGE ( 'NONE', *, *, #1093, .T. ) ;
ENDSEC;
END-ISO-10303-21;
