ISO-10303-21;
HEADER;
FILE_DESCRIPTION (( 'STEP AP203' ),
    '1' );
FILE_NAME ('SickLidarV2Base.STEP',
    '2026-07-08T14:54:04',
    ( '' ),
    ( '' ),
    'SwSTEP 2.0',
    'SolidWorks 2025',
    '' );
FILE_SCHEMA (( 'CONFIG_CONTROL_DESIGN' ));
ENDSEC;

DATA;
#1 = DIRECTION ( 'NONE',  ( 1.000000000000000000, -0.000000000000000000, -1.116774769942150345E-16 ) ) ;
#2 = CYLINDRICAL_SURFACE ( 'NONE', #4109, 125.8238134383398972 ) ;
#3 = DIRECTION ( 'NONE',  ( 1.116774769942150345E-16, 0.000000000000000000, 1.000000000000000000 ) ) ;
#4 = VERTEX_POINT ( 'NONE', #4442 ) ;
#5 = DIRECTION ( 'NONE',  ( 0.000000000000000000, 6.938893903907229364E-16, 1.000000000000000000 ) ) ;
#6 = CARTESIAN_POINT ( 'NONE',  ( 21.23968054867409094, 35.06153482484275941, 27.84091414137698450 ) ) ;
#7 = CARTESIAN_POINT ( 'NONE',  ( -73.60888549489654054, 20.00000000000000000, 42.50566993001285709 ) ) ;
#8 = ORIENTED_EDGE ( 'NONE', *, *, #4008, .F. ) ;
#9 = DIRECTION ( 'NONE',  ( 0.000000000000000000, 0.000000000000000000, -1.000000000000000000 ) ) ;
#10 = EDGE_CURVE ( 'NONE', #4100, #2727, #2126, .T. ) ;
#11 = ORIENTED_EDGE ( 'NONE', *, *, #839, .T. ) ;
#12 = B_SPLINE_CURVE_WITH_KNOTS ( 'NONE', 3,
 ( #5785, #4003, #3558, #1215, #5756, #1301, #2613 ),
 .UNSPECIFIED., .F., .F.,
 ( 4, 3, 4 ),
 ( 0.000000000000000000, 0.002673146262231730630, 0.005346292524463461260 ),
 .UNSPECIFIED. ) ;
#13 = CARTESIAN_POINT ( 'NONE',  ( 11.79688981287542937, 14.00000000000000178, -11.00000000000000000 ) ) ;
#14 = DIRECTION ( 'NONE',  ( 0.000000000000000000, 0.000000000000000000, -1.000000000000000000 ) ) ;
#15 = DIRECTION ( 'NONE',  ( -0.000000000000000000, 1.000000000000000000, -0.000000000000000000 ) ) ;
#16 = ORIENTED_EDGE ( 'NONE', *, *, #1948, .F. ) ;
#17 = CARTESIAN_POINT ( 'NONE',  ( -26.90291730597799003, 20.00892820899244029, 20.18117822061612188 ) ) ;
#18 = EDGE_LOOP ( 'NONE', ( #1103, #2100 ) ) ;
#19 = EDGE_CURVE ( 'NONE', #1619, #5216, #1738, .T. ) ;
#20 = FACE_OUTER_BOUND ( 'NONE', #2762, .T. ) ;
#21 = DIRECTION ( 'NONE',  ( 0.000000000000000000, 0.000000000000000000, 1.000000000000000000 ) ) ;
#22 = CARTESIAN_POINT ( 'NONE',  ( 13.93483555176955946, 41.19937338133458837, -14.60144296159503341 ) ) ;
#23 = EDGE_LOOP ( 'NONE', ( #1017, #1775, #828, #3710 ) ) ;
#24 = ADVANCED_FACE ( 'NONE', ( #3583 ), #4944, .F. ) ;
#25 = DIRECTION ( 'NONE',  ( 0.000000000000000000, -1.000000000000000000, 0.000000000000000000 ) ) ;
#26 = CARTESIAN_POINT ( 'NONE',  ( 31.88733761830489399, 10.00000000000000000, 17.16662904032490644 ) ) ;
#27 = LINE ( 'NONE', #3200, #3279 ) ;
#28 = CIRCLE ( 'NONE', #1637, 6.064264837034162525 ) ;
#29 = ORIENTED_EDGE ( 'NONE', *, *, #493, .T. ) ;
#30 = AXIS2_PLACEMENT_3D ( 'NONE', #3154, #4080, #4971 ) ;
#31 = AXIS2_PLACEMENT_3D ( 'NONE', #2492, #1986, #690 ) ;
#32 = CARTESIAN_POINT ( 'NONE',  ( 56.09901130373779665, 0.000000000000000000, -3.703568960831239210 ) ) ;
#33 = CARTESIAN_POINT ( 'NONE',  ( 24.28421647510518966, 38.98682559345790821, 4.645091226507219062 ) ) ;
#34 = DIRECTION ( 'NONE',  ( 0.000000000000000000, 1.000000000000000000, 0.000000000000000000 ) ) ;
#35 = ORIENTED_EDGE ( 'NONE', *, *, #1150, .T. ) ;
#36 = CARTESIAN_POINT ( 'NONE',  ( -20.05008431747801012, 25.00000000000000711, 30.35000000000001208 ) ) ;
#37 = AXIS2_PLACEMENT_3D ( 'NONE', #4949, #4420, #4475 ) ;
#38 = VECTOR ( 'NONE', #1281, 1000.000000000000000 ) ;
#39 = ORIENTED_EDGE ( 'NONE', *, *, #1612, .T. ) ;
#40 = FACE_BOUND ( 'NONE', #3147, .T. ) ;
#41 = DIRECTION ( 'NONE',  ( -1.000000000000000000, 0.000000000000000000, 1.188166764367676095E-16 ) ) ;
#42 = EDGE_LOOP ( 'NONE', ( #2835, #4356, #1816, #1294 ) ) ;
#43 = ADVANCED_FACE ( 'NONE', ( #5445 ), #4500, .F. ) ;
#44 = ORIENTED_EDGE ( 'NONE', *, *, #5192, .F. ) ;
#45 = DIRECTION ( 'NONE',  ( 1.000000000000000000, 0.000000000000000000, 0.000000000000000000 ) ) ;
#46 = ORIENTED_EDGE ( 'NONE', *, *, #1861, .T. ) ;
#47 = FACE_OUTER_BOUND ( 'NONE', #4181, .T. ) ;
#48 = AXIS2_PLACEMENT_3D ( 'NONE', #3249, #5063, #2810 ) ;
#49 = DIRECTION ( 'NONE',  ( 0.000000000000000000, 1.000000000000000000, 0.000000000000000000 ) ) ;
#50 = CARTESIAN_POINT ( 'NONE',  ( -49.52762154881771295, 20.00000000000000000, -10.56677942393414860 ) ) ;
#51 = CARTESIAN_POINT ( 'NONE',  ( 14.22261661067666338, 39.33007269148489371, -13.56894548348895313 ) ) ;
#52 = EDGE_CURVE ( 'NONE', #4327, #2378, #813, .T. ) ;
#53 = EDGE_LOOP ( 'NONE', ( #2586, #3337 ) ) ;
#54 = AXIS2_PLACEMENT_3D ( 'NONE', #5570, #5598, #5240 ) ;
#55 = PERSON_AND_ORGANIZATION_ROLE ( 'classification_officer' ) ;
#56 = FACE_BOUND ( 'NONE', #3436, .T. ) ;
#57 = CARTESIAN_POINT ( 'NONE',  ( -11.88959387293353487, 42.00000000000000000, -18.72825449267408260 ) ) ;
#58 = DIRECTION ( 'NONE',  ( 0.000000000000000000, 0.000000000000000000, 1.000000000000000000 ) ) ;
#59 = AXIS2_PLACEMENT_3D ( 'NONE', #4361, #5190, #2099 ) ;
#60 = EDGE_LOOP ( 'NONE', ( #1770, #2899, #1110, #768, #1188 ) ) ;
#61 = ADVANCED_FACE ( 'NONE', ( #3631 ), #3156, .F. ) ;
#62 = CARTESIAN_POINT ( 'NONE',  ( 24.42695446006658599, 23.61857134045199302, 5.839648504652043215 ) ) ;
#63 = CYLINDRICAL_SURFACE ( 'NONE', #5261, 0.9999999999999904521 ) ;
#64 = CARTESIAN_POINT ( 'NONE',  ( -20.05008431747801723, 25.26784568326961633, 30.35000000000002274 ) ) ;
#65 = PLANE ( 'NONE',  #629 ) ;
#66 = ORIENTED_EDGE ( 'NONE', *, *, #5542, .F. ) ;
#67 = FACE_OUTER_BOUND ( 'NONE', #97, .T. ) ;
#68 = ORIENTED_EDGE ( 'NONE', *, *, #3180, .F. ) ;
#69 = FACE_OUTER_BOUND ( 'NONE', #434, .T. ) ;
#70 = CARTESIAN_POINT ( 'NONE',  ( -23.63567692384828334, 35.78052760634277973, 5.972056416957474134 ) ) ;
#71 = CARTESIAN_POINT ( 'NONE',  ( -31.88733761830489399, 48.00000000000000000, 15.66662904032490822 ) ) ;
#72 = ORIENTED_EDGE ( 'NONE', *, *, #1001, .T. ) ;
#73 = B_SPLINE_CURVE_WITH_KNOTS ( 'NONE', 3,
 ( #436, #4499, #1293, #1815, #1769, #1846, #5415, #3996, #911, #883, #3107, #2686, #4105, #5806, #3187, #1737 ),
 .UNSPECIFIED., .F., .F.,
 ( 4, 2, 2, 2, 2, 2, 2, 4 ),
 ( 0.003055384942134117213, 0.003801392555237041899, 0.004547400168339967019, 0.005293407781442891272, 0.006039415394545817259, 0.006785423007648741511, 0.007531430620751665764, 0.009023445846957516003 ),
 .UNSPECIFIED. ) ;
#74 = CARTESIAN_POINT ( 'NONE',  ( -14.45628997867800791, -70.95718940385208384, -38.64334463271136855 ) ) ;
#75 = VERTEX_POINT ( 'NONE', #102 ) ;
#76 = CARTESIAN_POINT ( 'NONE',  ( -19.59999999999999787, 25.00000000000000355, 4.381466874697181879 ) ) ;
#77 = CARTESIAN_POINT ( 'NONE',  ( 14.45628997867803101, 8.749144193307859751, 6.190922060749589839 ) ) ;
#78 = LINE ( 'NONE', #3730, #2420 ) ;
#79 = DIRECTION ( 'NONE',  ( -1.000000000000000000, 0.000000000000000000, 1.116774769942150345E-16 ) ) ;
#80 = CARTESIAN_POINT ( 'NONE',  ( 14.40816639730367577, 36.60324889242944124, -12.68030930186525218 ) ) ;
#81 = ORIENTED_EDGE ( 'NONE', *, *, #4868, .F. ) ;
#82 = EDGE_LOOP ( 'NONE', ( #5708, #2850 ) ) ;
#83 = EDGE_CURVE ( 'NONE', #4890, #934, #519, .T. ) ;
#84 = CARTESIAN_POINT ( 'NONE',  ( 2.866834657879444137, 12.92094751520460960, 20.99930208231626239 ) ) ;
#85 = AXIS2_PLACEMENT_3D ( 'NONE', #4101, #988, #2348 ) ;
#86 = FACE_OUTER_BOUND ( 'NONE', #4552, .T. ) ;
#87 = LINE ( 'NONE', #5015, #539 ) ;
#88 = B_SPLINE_CURVE_WITH_KNOTS ( 'NONE', 3,
 ( #1239, #4382, #3585, #5839, #1322, #3553, #3936 ),
 .UNSPECIFIED., .F., .F.,
 ( 4, 3, 4 ),
 ( 0.000000000000000000, 0.002673146262231730630, 0.005346292524463461260 ),
 .UNSPECIFIED. ) ;
#89 = ORIENTED_EDGE ( 'NONE', *, *, #5849, .T. ) ;
#90 = CIRCLE ( 'NONE', #863, 0.9999999999999983347 ) ;
#91 = EDGE_CURVE ( 'NONE', #4447, #4260, #3694, .T. ) ;
#92 = CARTESIAN_POINT ( 'NONE',  ( 56.09901130373780376, 20.00000000000000000, -3.435073731422685145E-15 ) ) ;
#93 = LINE ( 'NONE', #5464, #1370 ) ;
#94 = CARTESIAN_POINT ( 'NONE',  ( -20.11732777638991010, 26.01411659540121235, 30.07883963109052772 ) ) ;
#95 = EDGE_CURVE ( 'NONE', #1558, #294, #1081, .T. ) ;
#96 = DIRECTION ( 'NONE',  ( 0.000000000000000000, 0.000000000000000000, -1.000000000000000000 ) ) ;
#97 = EDGE_LOOP ( 'NONE', ( #3939, #3964, #2226, #1794 ) ) ;
#98 = CARTESIAN_POINT ( 'NONE',  ( -8.661562318278711814, 1.212141125398237484, 38.52235112214061274 ) ) ;
#99 = ORIENTED_EDGE ( 'NONE', *, *, #3685, .F. ) ;
#100 = LINE ( 'NONE', #5588, #1080 ) ;
#101 = CARTESIAN_POINT ( 'NONE',  ( -23.66257641077040930, 35.25202178082456328, 5.387646898634902648 ) ) ;
#102 = CARTESIAN_POINT ( 'NONE',  ( 23.26001857313331200, 0.000000000000000000, 38.52235112214060564 ) ) ;
#103 = ORIENTED_EDGE ( 'NONE', *, *, #935, .F. ) ;
#104 = CARTESIAN_POINT ( 'NONE',  ( 23.46475850819614095, 20.00000000000000711, -38.39871757272262442 ) ) ;
#105 = EDGE_LOOP ( 'NONE', ( #3324, #551, #1793, #717 ) ) ;
#106 = CARTESIAN_POINT ( 'NONE',  ( 13.17614280414982808, 16.17816228601195050, -11.00000000000000000 ) ) ;
#107 = LINE ( 'NONE', #584, #5060 ) ;
#108 = APPROVAL ( #949, 'UNSPECIFIED' ) ;
#109 = DIRECTION ( 'NONE',  ( 0.000000000000000000, 1.000000000000000000, -0.000000000000000000 ) ) ;
#110 = CARTESIAN_POINT ( 'NONE',  ( 33.98476260558511797, -2.500000000000000000, 5.649999999999998579 ) ) ;
#111 = CARTESIAN_POINT ( 'NONE',  ( -6.526175358549152428, 14.00000000000000178, -13.63120326350079381 ) ) ;
#112 = VERTEX_POINT ( 'NONE', #4672 ) ;
#113 = VERTEX_POINT ( 'NONE', #550 ) ;
#114 = CARTESIAN_POINT ( 'NONE',  ( 2.866834657879444137, 2.999999999999999556, 27.72296841559468206 ) ) ;
#115 = CARTESIAN_POINT ( 'NONE',  ( -1.207560780259204991, 14.00000000000000533, -16.84489144275403305 ) ) ;
#116 = EDGE_CURVE ( 'NONE', #1613, #5594, #604, .T. ) ;
#117 = FACE_OUTER_BOUND ( 'NONE', #2392, .T. ) ;
#118 = ORIENTED_EDGE ( 'NONE', *, *, #4661, .F. ) ;
#119 = DIRECTION ( 'NONE',  ( -0.000000000000000000, 1.000000000000000000, -0.000000000000000000 ) ) ;
#120 = CARTESIAN_POINT ( 'NONE',  ( -20.15369553998353425, 26.23190968287380542, 29.93104948446882929 ) ) ;
#121 = CARTESIAN_POINT ( 'NONE',  ( -14.45628997867800969, 3.656905854172832981, 26.22775499289846479 ) ) ;
#122 = VERTEX_POINT ( 'NONE', #5472 ) ;
#123 = CARTESIAN_POINT ( 'NONE',  ( -17.71878667842028676, 24.66141878484989292, -38.64334463271136855 ) ) ;
#124 = EDGE_CURVE ( 'NONE', #2687, #1851, #4960, .T. ) ;
#125 = CIRCLE ( 'NONE', #3072, 0.9999999999999983347 ) ;
#126 = CIRCLE ( 'NONE', #3066, 7.044315601958865081 ) ;
#127 = ORIENTED_EDGE ( 'NONE', *, *, #1152, .T. ) ;
#128 = LINE ( 'NONE', #4138, #5345 ) ;
#129 = DIRECTION ( 'NONE',  ( 1.000000000000000000, -0.000000000000000000, -1.116774769942150345E-16 ) ) ;
#130 = CARTESIAN_POINT ( 'NONE',  ( -31.88733761830489399, 20.00000000000000000, 20.66662904032490644 ) ) ;
#131 = ORIENTED_EDGE ( 'NONE', *, *, #3426, .T. ) ;
#132 = CIRCLE ( 'NONE', #5154, 130.8238134383398972 ) ;
#133 = CARTESIAN_POINT ( 'NONE',  ( -23.73913847124700993, 26.59026257282781813, 3.161557554642946855 ) ) ;
#134 = CIRCLE ( 'NONE', #991, 6.064264837034162525 ) ;
#135 = ORIENTED_EDGE ( 'NONE', *, *, #1150, .F. ) ;
#136 = EDGE_CURVE ( 'NONE', #4529, #5572, #2206, .T. ) ;
#137 = VECTOR ( 'NONE', #2508, 1000.000000000000000 ) ;
#138 = CARTESIAN_POINT ( 'NONE',  ( 19.59999999999999787, 37.00000000000000711, 2.381466874697177882 ) ) ;
#139 = DIRECTION ( 'NONE',  ( 0.000000000000000000, 0.000000000000000000, -1.000000000000000000 ) ) ;
#140 = CARTESIAN_POINT ( 'NONE',  ( 14.60000000000000142, 25.00000000000000355, 5.381466874697176550 ) ) ;
#141 = CARTESIAN_POINT ( 'NONE',  ( 8.661562318278740236, 1.212141125398236596, 7.148629685907792464 ) ) ;
#142 = VECTOR ( 'NONE', #815, 1000.000000000000000 ) ;
#143 = VERTEX_POINT ( 'NONE', #1059 ) ;
#144 = EDGE_LOOP ( 'NONE', ( #3486, #4024 ) ) ;
#145 = AXIS2_PLACEMENT_3D ( 'NONE', #1043, #2728, #2367 ) ;
#146 = AXIS2_PLACEMENT_3D ( 'NONE', #3101, #1699, #3575 ) ;
#147 = CARTESIAN_POINT ( 'NONE',  ( -23.75665401403832178, 25.00000000000000711, 2.381466874697180991 ) ) ;
#148 = CARTESIAN_POINT ( 'NONE',  ( -40.00000000000000000, -2.500000000000000000, 5.649999999999999467 ) ) ;
#149 = CARTESIAN_POINT ( 'NONE',  ( 5.379325238133582765, 13.99999999999999467, -14.53160287550209162 ) ) ;
#150 = CARTESIAN_POINT ( 'NONE',  ( 28.21936330930989456, 20.00000000000000000, 17.26869371596206193 ) ) ;
#151 = ORIENTED_EDGE ( 'NONE', *, *, #2608, .T. ) ;
#152 = AXIS2_PLACEMENT_3D ( 'NONE', #3375, #4291, #5688 ) ;
#153 = EDGE_CURVE ( 'NONE', #5572, #1613, #3240, .T. ) ;
#154 = AXIS2_PLACEMENT_3D ( 'NONE', #3771, #2876, #5459 ) ;
#155 = CARTESIAN_POINT ( 'NONE',  ( -40.00000000000000000, -7.900000000000003908, -2.449999999999994404 ) ) ;
#156 = LINE ( 'NONE', #4663, #2221 ) ;
#157 = DIRECTION ( 'NONE',  ( 0.000000000000000000, 1.000000000000000000, 0.000000000000000000 ) ) ;
#158 = CARTESIAN_POINT ( 'NONE',  ( 2.866834657879444137, 34.00000000000000000, 20.99930208231626239 ) ) ;
#159 = ORIENTED_EDGE ( 'NONE', *, *, #192, .F. ) ;
#160 = DIRECTION ( 'NONE',  ( 1.000000000000000000, 0.000000000000000000, 0.000000000000000000 ) ) ;
#161 = TOROIDAL_SURFACE ( 'NONE', #3573, 13.06426483703416253, 7.000000000000000000 ) ;
#162 = CARTESIAN_POINT ( 'NONE',  ( -14.59999999999999964, 19.67184688953659943, -10.99999999999999645 ) ) ;
#163 = DIRECTION ( 'NONE',  ( 1.000000000000000000, 0.000000000000000000, 0.000000000000000000 ) ) ;
#164 = CARTESIAN_POINT ( 'NONE',  ( -31.88733761830489399, 10.00000000000000000, 20.66662904032490644 ) ) ;
#165 = ORIENTED_EDGE ( 'NONE', *, *, #3432, .T. ) ;
#166 = EDGE_CURVE ( 'NONE', #4257, #5864, #1027, .T. ) ;
#167 = DIRECTION ( 'NONE',  ( 0.000000000000000000, 0.000000000000000000, 1.000000000000000000 ) ) ;
#168 = ORIENTED_EDGE ( 'NONE', *, *, #459, .F. ) ;
#169 = PLANE ( 'NONE',  #1886 ) ;
#170 = LINE ( 'NONE', #3788, #3926 ) ;
#171 = EDGE_CURVE ( 'NONE', #1048, #1181, #126, .T. ) ;
#172 = FACE_OUTER_BOUND ( 'NONE', #2607, .T. ) ;
#173 = EDGE_CURVE ( 'NONE', #4915, #2151, #4366, .T. ) ;
#174 = CARTESIAN_POINT ( 'NONE',  ( 24.34847378163784626, 25.26431707901287993, 2.381466874697177438 ) ) ;
#175 = VERTEX_POINT ( 'NONE', #1633 ) ;
#176 = ORIENTED_EDGE ( 'NONE', *, *, #4492, .T. ) ;
#177 = CARTESIAN_POINT ( 'NONE',  ( -14.45628997867800969, 3.000000000000001332, 0.4238121222460791704 ) ) ;
#178 = CARTESIAN_POINT ( 'NONE',  ( 14.04902050825415749, 41.99999999999998579, -14.29390775804907143 ) ) ;
#179 = DIRECTION ( 'NONE',  ( 0.000000000000000000, 0.000000000000000000, 1.000000000000000000 ) ) ;
#180 = ORIENTED_EDGE ( 'NONE', *, *, #5849, .F. ) ;
#181 = CIRCLE ( 'NONE', #2262, 7.273499999999994969 ) ;
#182 = CARTESIAN_POINT ( 'NONE',  ( 10.49687981353460486, 22.54935444962420377, -11.00000000004331469 ) ) ;
#183 = DIRECTION ( 'NONE',  ( -0.000000000000000000, -1.000000000000000000, -0.000000000000000000 ) ) ;
#184 = LINE ( 'NONE', #1627, #2880 ) ;
#185 = DIRECTION ( 'NONE',  ( 1.000000000000000000, -0.000000000000000000, -1.116774769942150345E-16 ) ) ;
#186 = VERTEX_POINT ( 'NONE', #3483 ) ;
#187 = CARTESIAN_POINT ( 'NONE',  ( -4.773679413875675515, 14.00000000002461675, -15.40880264105457975 ) ) ;
#188 = VECTOR ( 'NONE', #1467, 1000.000000000000000 ) ;
#189 = CARTESIAN_POINT ( 'NONE',  ( -19.59999999999999787, 37.00000000000000711, 4.381466874697181879 ) ) ;
#190 = CARTESIAN_POINT ( 'NONE',  ( 14.45628997867803456, 2.999999999999998224, 38.52235112214061274 ) ) ;
#191 = CARTESIAN_POINT ( 'NONE',  ( 0.000000000000000000, 20.00000000000000000, 0.000000000000000000 ) ) ;
#192 = EDGE_CURVE ( 'NONE', #4652, #3879, #3224, .T. ) ;
#193 = CARTESIAN_POINT ( 'NONE',  ( -2.300975553205419910, 42.00000000000000000, -24.64812362946562629 ) ) ;
#194 = ORIENTED_EDGE ( 'NONE', *, *, #3317, .F. ) ;
#195 = ORIENTED_EDGE ( 'NONE', *, *, #3670, .T. ) ;
#196 = DIRECTION ( 'NONE',  ( 0.000000000000000000, 1.000000000000000000, -0.000000000000000000 ) ) ;
#197 = CYLINDRICAL_SURFACE ( 'NONE', #1276, 2.000000000000000000 ) ;
#198 = DIRECTION ( 'NONE',  ( -0.000000000000000000, 1.000000000000000000, -0.000000000000000000 ) ) ;
#199 = CARTESIAN_POINT ( 'NONE',  ( 24.34437655590244987, 25.88783060059398622, 2.584599390814577902 ) ) ;
#200 = EDGE_LOOP ( 'NONE', ( #3900, #4818, #2575, #2666, #1550, #2745, #4166, #1154, #4699, #4224 ) ) ;
#201 = ORIENTED_EDGE ( 'NONE', *, *, #3077, .F. ) ;
#202 = EDGE_CURVE ( 'NONE', #5234, #1252, #222, .T. ) ;
#203 = LINE ( 'NONE', #4807, #4034 ) ;
#204 = DIRECTION ( 'NONE',  ( -1.000000000000000000, 0.000000000000000000, 1.116774769942150345E-16 ) ) ;
#205 = PLANE ( 'NONE',  #4425 ) ;
#206 = VERTEX_POINT ( 'NONE', #788 ) ;
#207 = ADVANCED_FACE ( 'NONE', ( #3395 ), #3895, .T. ) ;
#208 = B_SPLINE_CURVE_WITH_KNOTS ( 'NONE', 3,
 ( #1614, #1174, #3489, #1235, #5625, #1207, #5746, #736, #1147, #4798, #259, #5237, #4765, #2029, #4827, #4738, #3846, #2988, #289, #701, #1122, #5658, #2090, #1643, #1677, #5302, #3901, #3019 ),
 .UNSPECIFIED., .F., .F.,
 ( 4, 2, 2, 2, 2, 2, 2, 2, 2, 2, 2, 2, 2, 4 ),
 ( 0.006337580005797700637, 0.007129561394318305843, 0.007525552088578600640, 0.007921542782838896304, 0.008317533477099190234, 0.008713524171359485898, 0.009505505559880056410, 0.009901496254140339931, 0.01029748694840062519, 0.01069347764266090871, 0.01108946833692119396, 0.01148545903118147749, 0.01188144972544176101, 0.01267343111396233325 ),
 .UNSPECIFIED. ) ;
#209 = CARTESIAN_POINT ( 'NONE',  ( 8.916562597853644689, 25.60403557565950905, -15.03962092024804242 ) ) ;
#210 = CARTESIAN_POINT ( 'NONE',  ( -8.661562318278711814, 1.212141125398237484, 0.1486296859077931853 ) ) ;
#211 = DIRECTION ( 'NONE',  ( 0.000000000000000000, 0.000000000000000000, -1.000000000000000000 ) ) ;
#212 = B_SPLINE_CURVE_WITH_KNOTS ( 'NONE', 3,
 ( #5031, #4975, #104, #3278 ),
 .UNSPECIFIED., .F., .F.,
 ( 4, 4 ),
 ( 0.000000000000000000, 0.0007121051100607156273 ),
 .UNSPECIFIED. ) ;
#213 = DIRECTION ( 'NONE',  ( 0.000000000000000000, -1.000000000000000000, 0.000000000000000000 ) ) ;
#214 = ORIENTED_EDGE ( 'NONE', *, *, #3632, .F. ) ;
#215 = CARTESIAN_POINT ( 'NONE',  ( 3.599048052874910031, 14.00000000002461320, -15.91338194400665174 ) ) ;
#216 = CARTESIAN_POINT ( 'NONE',  ( -13.13146177617346488, 32.14126615880930871, -10.99999999981791987 ) ) ;
#217 = FACE_OUTER_BOUND ( 'NONE', #2014, .T. ) ;
#218 = DIRECTION ( 'NONE',  ( -0.000000000000000000, -1.000000000000000000, -0.000000000000000000 ) ) ;
#219 = ORIENTED_EDGE ( 'NONE', *, *, #4701, .T. ) ;
#220 = CARTESIAN_POINT ( 'NONE',  ( 8.454385031338778944, 11.00000000000000000, -11.94184465520995175 ) ) ;
#221 = CARTESIAN_POINT ( 'NONE',  ( -14.49925268388201083, 33.43311074916903891, -12.07769117596375885 ) ) ;
#222 = CIRCLE ( 'NONE', #4488, 2.000000000000001776 ) ;
#223 = VERTEX_POINT ( 'NONE', #3807 ) ;
#224 = EDGE_CURVE ( 'NONE', #1121, #4279, #1876, .T. ) ;
#225 = ORIENTED_EDGE ( 'NONE', *, *, #3230, .T. ) ;
#226 = VECTOR ( 'NONE', #79, 1000.000000000000000 ) ;
#227 = FACE_OUTER_BOUND ( 'NONE', #463, .T. ) ;
#228 = CARTESIAN_POINT ( 'NONE',  ( 24.34645627819972091, 36.35505161554855391, 2.483773499561896969 ) ) ;
#229 = LINE ( 'NONE', #619, #5271 ) ;
#230 = LINE ( 'NONE', #5150, #1387 ) ;
#231 = VERTEX_POINT ( 'NONE', #5266 ) ;
#232 = ORIENTED_EDGE ( 'NONE', *, *, #3798, .T. ) ;
#233 = CIRCLE ( 'NONE', #2783, 0.9999999999999940048 ) ;
#234 = VECTOR ( 'NONE', #2372, 1000.000000000000000 ) ;
#235 = EDGE_CURVE ( 'NONE', #926, #1048, #416, .T. ) ;
#236 = VECTOR ( 'NONE', #1255, 1000.000000000000000 ) ;
#237 = CARTESIAN_POINT ( 'NONE',  ( -14.45628997867801324, 12.37605014959657801, 7.148629685907795128 ) ) ;
#238 = DIRECTION ( 'NONE',  ( 1.116774769942150345E-16, 0.000000000000000000, 1.000000000000000000 ) ) ;
#239 = EDGE_CURVE ( 'NONE', #5056, #4929, #2587, .T. ) ;
#240 = FACE_OUTER_BOUND ( 'NONE', #520, .T. ) ;
#241 = ORIENTED_EDGE ( 'NONE', *, *, #5013, .F. ) ;
#242 = CIRCLE ( 'NONE', #5736, 0.9999999999999940048 ) ;
#243 = LINE ( 'NONE', #155, #1549 ) ;
#244 = CARTESIAN_POINT ( 'NONE',  ( 23.26001857313331200, 20.00785756329670306, 38.52235112214060564 ) ) ;
#245 = DIRECTION ( 'NONE',  ( -0.000000000000000000, 1.000000000000000000, -0.000000000000000000 ) ) ;
#246 = DIRECTION ( 'NONE',  ( 0.000000000000000000, 1.000000000000000000, 0.000000000000000000 ) ) ;
#247 = CIRCLE ( 'NONE', #724, 0.9999999999999904521 ) ;
#248 = ADVANCED_FACE ( 'NONE', ( #4822 ), #2559, .F. ) ;
#249 = ORIENTED_EDGE ( 'NONE', *, *, #2183, .F. ) ;
#250 = AXIS2_PLACEMENT_3D ( 'NONE', #4333, #686, #715 ) ;
#251 = CARTESIAN_POINT ( 'NONE',  ( -14.59999999999999787, 25.00000000000000355, 5.381466874697175662 ) ) ;
#252 = CYLINDRICAL_SURFACE ( 'NONE', #4123, 11.11567787102364591 ) ;
#253 = CARTESIAN_POINT ( 'NONE',  ( -2.866834657879419268, 11.83167323023141471, 7.148629685907793352 ) ) ;
#254 = CARTESIAN_POINT ( 'NONE',  ( -58.47502393429616774, 0.000000000000000000, 3.820622777212993704 ) ) ;
#255 = CARTESIAN_POINT ( 'NONE',  ( -23.74171682635956060, 26.50579253396360002, 3.058744058072549787 ) ) ;
#256 = AXIS2_PLACEMENT_3D ( 'NONE', #1884, #5038, #1825 ) ;
#257 = VERTEX_POINT ( 'NONE', #282 ) ;
#258 = ORIENTED_EDGE ( 'NONE', *, *, #4854, .F. ) ;
#259 = CARTESIAN_POINT ( 'NONE',  ( -20.73082324707982238, 38.80243758394836817, 27.47352849072088787 ) ) ;
#260 = CARTESIAN_POINT ( 'NONE',  ( -23.81660775408186836, 23.67893266929985074, 5.888577272315401068 ) ) ;
#261 = DIRECTION ( 'NONE',  ( 1.000000000000000000, 0.000000000000000000, 0.000000000000000000 ) ) ;
#262 = DIRECTION ( 'NONE',  ( -0.000000000000000000, 1.000000000000000000, 0.000000000000000000 ) ) ;
#263 = DIRECTION ( 'NONE',  ( -1.116774769942150345E-16, -0.000000000000000000, -1.000000000000000000 ) ) ;
#264 = ORIENTED_EDGE ( 'NONE', *, *, #4546, .T. ) ;
#265 = VERTEX_POINT ( 'NONE', #5739 ) ;
#266 = CARTESIAN_POINT ( 'NONE',  ( 8.661562318278740236, 1.212141125398236596, 20.99930208231626239 ) ) ;
#267 = CARTESIAN_POINT ( 'NONE',  ( -19.80985097797377747, 20.99282873157402562, 38.52235112214059853 ) ) ;
#268 = CARTESIAN_POINT ( 'NONE',  ( 5.584170213935046867, 13.99999999999999822, -18.64410101375818840 ) ) ;
#269 = EDGE_CURVE ( 'NONE', #5549, #2863, #4371, .T. ) ;
#270 = ORIENTED_EDGE ( 'NONE', *, *, #91, .T. ) ;
#271 = CARTESIAN_POINT ( 'NONE',  ( 12.47855316225132860, 14.09627500815404844, -11.00000000000001599 ) ) ;
#272 = DIRECTION ( 'NONE',  ( 0.000000000000000000, 0.000000000000000000, 1.000000000000000000 ) ) ;
#273 = CARTESIAN_POINT ( 'NONE',  ( 20.74516957367811543, 38.23013097789473136, 29.93245816856742536 ) ) ;
#274 = EDGE_CURVE ( 'NONE', #1459, #2570, #1229, .T. ) ;
#275 = CARTESIAN_POINT ( 'NONE',  ( 21.32230941444415606, 26.80313921724536641, 27.47501492307722160 ) ) ;
#276 = ORIENTED_EDGE ( 'NONE', *, *, #3932, .F. ) ;
#277 = VECTOR ( 'NONE', #2683, 1000.000000000000000 ) ;
#278 = ADVANCED_FACE ( 'NONE', ( #1116 ), #5677, .T. ) ;
#279 = EDGE_CURVE ( 'NONE', #1767, #2901, #5620, .T. ) ;
#280 = CARTESIAN_POINT ( 'NONE',  ( -31.88733761830489399, 10.00000000000000000, 20.66662904032490644 ) ) ;
#281 = CARTESIAN_POINT ( 'NONE',  ( 0.000000000000000000, 0.000000000000000000, -38.64334463271136855 ) ) ;
#282 = CARTESIAN_POINT ( 'NONE',  ( -33.98476260558511086, -2.500000000000000000, 5.649999999999998579 ) ) ;
#283 = CARTESIAN_POINT ( 'NONE',  ( 20.68578768451769889, 24.47012824683246990, 30.28311510698874187 ) ) ;
#284 = AXIS2_PLACEMENT_3D ( 'NONE', #3834, #2441, #1055 ) ;
#285 = CARTESIAN_POINT ( 'NONE',  ( -23.61533586037845467, 25.26432072139479246, 6.381466874697182767 ) ) ;
#286 = ORIENTED_EDGE ( 'NONE', *, *, #5858, .F. ) ;
#287 = ORIENTED_EDGE ( 'NONE', *, *, #5426, .F. ) ;
#288 = EDGE_CURVE ( 'NONE', #698, #953, #28, .T. ) ;
#289 = CARTESIAN_POINT ( 'NONE',  ( -20.29666878300358590, 38.74118441593998341, 29.34251613488974542 ) ) ;
#290 = CARTESIAN_POINT ( 'NONE',  ( -24.09759270867410308, 23.10072777867382499, 3.741051985143180048 ) ) ;
#291 = CARTESIAN_POINT ( 'NONE',  ( 24.20715562797792586, 36.86942358397622854, 6.381466874697178326 ) ) ;
#292 = DIRECTION ( 'NONE',  ( -0.000000000000000000, 1.000000000000000000, -0.000000000000000000 ) ) ;
#293 = CARTESIAN_POINT ( 'NONE',  ( 24.34847378163783205, 25.00000000000000711, 2.381466874697177882 ) ) ;
#294 = VERTEX_POINT ( 'NONE', #3070 ) ;
#295 = ORIENTED_EDGE ( 'NONE', *, *, #5761, .T. ) ;
#296 = FACE_OUTER_BOUND ( 'NONE', #4287, .T. ) ;
#297 = CARTESIAN_POINT ( 'NONE',  ( 31.88733761830489399, 48.00000000000000000, -25.66662904032490289 ) ) ;
#298 = CARTESIAN_POINT ( 'NONE',  ( 14.45628997867803456, 0.000000000000000000, 38.52235112214061274 ) ) ;
#299 = EDGE_LOOP ( 'NONE', ( #590, #4825, #4572, #4046, #4054, #531 ) ) ;
#300 = EDGE_CURVE ( 'NONE', #574, #3189, #1828, .T. ) ;
#301 = CARTESIAN_POINT ( 'NONE',  ( -19.59999999999999787, 25.00000000000000355, 6.381466874697182767 ) ) ;
#302 = CARTESIAN_POINT ( 'NONE',  ( 38.96940996788637790, 20.00000000000000000, 22.50300172765385298 ) ) ;
#303 = CARTESIAN_POINT ( 'NONE',  ( 21.56916100420944815, 37.00000000000000711, 26.34999999999999787 ) ) ;
#304 = DIRECTION ( 'NONE',  ( 0.000000000000000000, 0.000000000000000000, 1.000000000000000000 ) ) ;
#305 = VERTEX_POINT ( 'NONE', #400 ) ;
#306 = CARTESIAN_POINT ( 'NONE',  ( 19.59999999999999787, 25.00000000000000355, 4.381466874697178326 ) ) ;
#307 = FACE_OUTER_BOUND ( 'NONE', #1024, .T. ) ;
#308 = CARTESIAN_POINT ( 'NONE',  ( 31.88733761830489399, 0.000000000000000000, -24.16662904032490644 ) ) ;
#309 = CARTESIAN_POINT ( 'NONE',  ( 0.000000000000000000, 13.99999999999999822, 20.99930208231626239 ) ) ;
#310 = EDGE_CURVE ( 'NONE', #580, #3592, #5769, .T. ) ;
#311 = FACE_OUTER_BOUND ( 'NONE', #485, .T. ) ;
#312 = ORIENTED_EDGE ( 'NONE', *, *, #3784, .F. ) ;
#313 = ORIENTED_EDGE ( 'NONE', *, *, #4110, .F. ) ;
#314 = CYLINDRICAL_SURFACE ( 'NONE', #3914, 3.299999999999990496 ) ;
#315 = CARTESIAN_POINT ( 'NONE',  ( -23.70446002017001064, 24.10805346139587968, 6.176373708921838457 ) ) ;
#316 = DIRECTION ( 'NONE',  ( 0.000000000000000000, -0.000000000000000000, -1.000000000000000000 ) ) ;
#317 = DIRECTION ( 'NONE',  ( 0.000000000000000000, 0.000000000000000000, 1.000000000000000000 ) ) ;
#318 = CARTESIAN_POINT ( 'NONE',  ( 18.46490535102055830, 23.75714403681049447, -38.64334463271137565 ) ) ;
#319 = EDGE_LOOP ( 'NONE', ( #3662, #4107, #3338, #4852 ) ) ;
#320 = EDGE_CURVE ( 'NONE', #4608, #2028, #4434, .T. ) ;
#321 = EDGE_LOOP ( 'NONE', ( #2897, #3948, #3459, #5379 ) ) ;
#322 = VECTOR ( 'NONE', #517, 1000.000000000000000 ) ;
#323 = VECTOR ( 'NONE', #2630, 1000.000000000000000 ) ;
#324 = DIRECTION ( 'NONE',  ( -1.000000000000000000, 0.000000000000000000, 0.000000000000000000 ) ) ;
#325 = CARTESIAN_POINT ( 'NONE',  ( 19.60000000000000142, 25.00000000000000355, 26.35000000000000853 ) ) ;
#326 = CARTESIAN_POINT ( 'NONE',  ( 2.866834657879444581, 4.135272557167697371, 2.559282809651240775 ) ) ;
#327 = CIRCLE ( 'NONE', #1360, 8.683891135745930967 ) ;
#328 = CARTESIAN_POINT ( 'NONE',  ( -21.63490953404318873, 20.15269497643328123, -38.64334463271136144 ) ) ;
#329 = ORIENTED_EDGE ( 'NONE', *, *, #5793, .F. ) ;
#330 = AXIS2_PLACEMENT_3D ( 'NONE', #5193, #5163, #3859 ) ;
#331 = DATE_AND_TIME ( #779, #810 ) ;
#332 = CARTESIAN_POINT ( 'NONE',  ( 6.382630342540304369, 16.33194186839062212, -14.31431752887237963 ) ) ;
#333 = DIRECTION ( 'NONE',  ( 0.000000000000000000, 0.000000000000000000, 1.000000000000000000 ) ) ;
#334 = CARTESIAN_POINT ( 'NONE',  ( -17.71878667842027610, 48.00000000000000000, 38.52235112214060564 ) ) ;
#335 = ORIENTED_EDGE ( 'NONE', *, *, #716, .F. ) ;
#336 = AXIS2_PLACEMENT_3D ( 'NONE', #4480, #1361, #4842 ) ;
#337 = EDGE_CURVE ( 'NONE', #4470, #5362, #429, .T. ) ;
#338 = CIRCLE ( 'NONE', #5361, 6.064264837034162525 ) ;
#339 = CARTESIAN_POINT ( 'NONE',  ( -12.08546494021363138, 11.83701228435715436, -10.99999999999992362 ) ) ;
#340 = DIRECTION ( 'NONE',  ( 0.000000000000000000, 1.000000000000000000, 0.000000000000000000 ) ) ;
#341 = DIRECTION ( 'NONE',  ( 0.000000000000000000, 1.000000000000000000, 0.000000000000000000 ) ) ;
#342 = CARTESIAN_POINT ( 'NONE',  ( 14.45628997867803101, 4.845868641815548550, 24.78073059038264603 ) ) ;
#343 = CARTESIAN_POINT ( 'NONE',  ( -23.68268086676182804, 26.93655615430536088, 4.897901501480464326 ) ) ;
#344 = EDGE_CURVE ( 'NONE', #5059, #734, #1369, .T. ) ;
#345 = ORIENTED_EDGE ( 'NONE', *, *, #166, .F. ) ;
#346 = VECTOR ( 'NONE', #3686, 1000.000000000000000 ) ;
#347 = EDGE_LOOP ( 'NONE', ( #3418, #4884, #1685, #4007 ) ) ;
#348 = CARTESIAN_POINT ( 'NONE',  ( 9.941430781473567180, 13.99999999999999822, -11.34997872434889032 ) ) ;
#349 = CARTESIAN_POINT ( 'NONE',  ( -23.97053631348146396, 23.27023115488564287, 5.393683468981468998 ) ) ;
#350 = CARTESIAN_POINT ( 'NONE',  ( 24.24479037709297558, 35.40938513064317306, 5.600860371102116986 ) ) ;
#351 = AXIS2_PLACEMENT_3D ( 'NONE', #2040, #1658, #3856 ) ;
#352 = CARTESIAN_POINT ( 'NONE',  ( 27.16860676416025200, 20.00595878081777457, 22.33843984331600652 ) ) ;
#353 = LINE ( 'NONE', #1269, #2913 ) ;
#354 = ORIENTED_EDGE ( 'NONE', *, *, #1868, .T. ) ;
#355 = ORIENTED_EDGE ( 'NONE', *, *, #490, .T. ) ;
#356 = AXIS2_PLACEMENT_3D ( 'NONE', #1974, #3790, #1527 ) ;
#357 = EDGE_CURVE ( 'NONE', #5143, #5005, #2198, .T. ) ;
#358 = DIRECTION ( 'NONE',  ( -1.000000000000000000, 0.000000000000000000, 1.116774769942150345E-16 ) ) ;
#359 = CARTESIAN_POINT ( 'NONE',  ( -23.74837100583399874, 38.22901805224845617, 2.782235231974030665 ) ) ;
#360 = PLANE ( 'NONE',  #4136 ) ;
#361 = EDGE_CURVE ( 'NONE', #4467, #5802, #1788, .T. ) ;
#362 = CARTESIAN_POINT ( 'NONE',  ( -49.52762154881770584, 0.000000000000000000, 10.56677942393415925 ) ) ;
#363 = ORIENTED_EDGE ( 'NONE', *, *, #4761, .T. ) ;
#364 = PERSON_AND_ORGANIZATION_ROLE ( 'design_owner' ) ;
#365 = DIRECTION ( 'NONE',  ( 0.000000000000000000, 0.000000000000000000, 1.000000000000000000 ) ) ;
#366 = CARTESIAN_POINT ( 'NONE',  ( -20.11943660793273025, 24.34428980314100599, 30.24391521402602834 ) ) ;
#367 = LINE ( 'NONE', #3096, #5075 ) ;
#368 = B_SPLINE_CURVE_WITH_KNOTS ( 'NONE', 3,
 ( #723, #2137, #1163, #2974 ),
 .UNSPECIFIED., .F., .F.,
 ( 4, 4 ),
 ( 3.878959614448864246E-18, 0.005950760664909054282 ),
 .UNSPECIFIED. ) ;
#369 = ORIENTED_EDGE ( 'NONE', *, *, #83, .T. ) ;
#370 = CARTESIAN_POINT ( 'NONE',  ( 0.000000000000000000, 0.000000000000000000, 0.000000000000000000 ) ) ;
#371 = DIRECTION ( 'NONE',  ( 0.000000000000000000, 0.000000000000000000, 1.000000000000000000 ) ) ;
#372 = DIRECTION ( 'NONE',  ( 0.000000000000000000, -1.000000000000000000, 0.000000000000000000 ) ) ;
#373 = CARTESIAN_POINT ( 'NONE',  ( 14.45628997867803456, 12.92094751520460960, 7.148629685907792464 ) ) ;
#374 = PLANE ( 'NONE',  #3689 ) ;
#375 = ORIENTED_EDGE ( 'NONE', *, *, #10, .T. ) ;
#376 = VERTEX_POINT ( 'NONE', #2169 ) ;
#377 = CARTESIAN_POINT ( 'NONE',  ( 5.962066440519304678, 13.99999999999999289, -13.83976949312473437 ) ) ;
#378 = CARTESIAN_POINT ( 'NONE',  ( 56.09901130373780376, 20.00000000000000000, 3.703568960831224999 ) ) ;
#379 = AXIS2_PLACEMENT_3D ( 'NONE', #4521, #932, #4965 ) ;
#380 = EDGE_LOOP ( 'NONE', ( #1817, #3252, #5197, #4889, #354, #89, #560, #2324, #2096, #409, #1242, #1869, #151, #5411, #1790, #44, #794 ) ) ;
#381 = EDGE_CURVE ( 'NONE', #1459, #2291, #503, .T. ) ;
#382 = CARTESIAN_POINT ( 'NONE',  ( 27.04027132884744944, 20.07516583577890756, 19.41501581216586558 ) ) ;
#383 = CARTESIAN_POINT ( 'NONE',  ( 19.60000000000000142, 37.00000000000000711, 28.35000000000000497 ) ) ;
#384 = EDGE_LOOP ( 'NONE', ( #4209, #5039, #3869, #1705 ) ) ;
#385 = CIRCLE ( 'NONE', #2364, 3.299999999999990496 ) ;
#386 = DIRECTION ( 'NONE',  ( 0.000000000000000000, 0.000000000000000000, 1.000000000000000000 ) ) ;
#387 = CARTESIAN_POINT ( 'NONE',  ( -23.73913847124700638, 38.59026257282780392, 3.161557554642937085 ) ) ;
#388 = LINE ( 'NONE', #2186, #1765 ) ;
#389 = EDGE_CURVE ( 'NONE', #4692, #734, #1359, .T. ) ;
#390 = CARTESIAN_POINT ( 'NONE',  ( 31.88733761830489399, 20.00000000000000000, 20.66662904032490644 ) ) ;
#391 = EDGE_LOOP ( 'NONE', ( #4137, #1424, #3245, #5461 ) ) ;
#392 = PERSON_AND_ORGANIZATION ( #875, #1923 ) ;
#393 = CARTESIAN_POINT ( 'NONE',  ( 7.016381896167924737, 18.66349433659572554, -14.51562689897708935 ) ) ;
#394 = CARTESIAN_POINT ( 'NONE',  ( -21.04430811955899117, 23.75496331028708497, 26.77910007932586112 ) ) ;
#395 = DIRECTION ( 'NONE',  ( -1.000000000000000000, 0.000000000000000000, 1.116774769942150345E-16 ) ) ;
#396 = ORIENTED_EDGE ( 'NONE', *, *, #4708, .F. ) ;
#397 = ADVANCED_FACE ( 'NONE', ( #4076 ), #4018, .F. ) ;
#398 = CARTESIAN_POINT ( 'NONE',  ( -12.86764134336702448, 14.17643077468508395, -10.99999999999992362 ) ) ;
#399 = LINE ( 'NONE', #3959, #4033 ) ;
#400 = CARTESIAN_POINT ( 'NONE',  ( -31.88733761830489399, 0.000000000000000000, 17.16662904032490644 ) ) ;
#401 = CARTESIAN_POINT ( 'NONE',  ( -23.67761360284079331, 26.89831150229246148, 5.024603771871945845 ) ) ;
#402 = EDGE_LOOP ( 'NONE', ( #4179, #1248, #647, #2533 ) ) ;
#403 = CARTESIAN_POINT ( 'NONE',  ( 56.09901130373780376, 20.00000000000000000, -3.435073731422685145E-15 ) ) ;
#404 = FACE_OUTER_BOUND ( 'NONE', #3748, .T. ) ;
#405 = CARTESIAN_POINT ( 'NONE',  ( 45.00000000000000000, 48.00000000000000000, -1.653273178848926709E-14 ) ) ;
#406 = ORIENTED_EDGE ( 'NONE', *, *, #4061, .F. ) ;
#407 = CARTESIAN_POINT ( 'NONE',  ( 27.89540832747384158, 20.00612263539851199, 17.64583661301147899 ) ) ;
#408 = CARTESIAN_POINT ( 'NONE',  ( -6.157426101268084651, 13.99999999999999822, -14.07963806262779549 ) ) ;
#409 = ORIENTED_EDGE ( 'NONE', *, *, #274, .T. ) ;
#410 = ADVANCED_FACE ( 'NONE', ( #3990 ), #3150, .F. ) ;
#411 = LINE ( 'NONE', #5395, #433 ) ;
#412 = CARTESIAN_POINT ( 'NONE',  ( -23.62868943833510116, 38.00444928715520376, 6.115916670682772782 ) ) ;
#413 = CARTESIAN_POINT ( 'NONE',  ( 2.866834657879444137, -70.95718940385208384, -38.64334463271136855 ) ) ;
#414 = DIRECTION ( 'NONE',  ( 0.000000000000000000, 1.000000000000000000, 0.000000000000000000 ) ) ;
#415 = EDGE_LOOP ( 'NONE', ( #831, #4976 ) ) ;
#416 = CIRCLE ( 'NONE', #4295, 11.11567787102364591 ) ;
#417 = EDGE_CURVE ( 'NONE', #3690, #2805, #3319, .T. ) ;
#418 = VECTOR ( 'NONE', #4297, 1000.000000000000000 ) ;
#419 = PERSON_AND_ORGANIZATION ( #875, #1923 ) ;
#420 = CARTESIAN_POINT ( 'NONE',  ( -33.98476260558511086, -2.500000000000000000, 5.649999999999999467 ) ) ;
#421 = CYLINDRICAL_SURFACE ( 'NONE', #803, 3.499999999999999556 ) ;
#422 = DIRECTION ( 'NONE',  ( -0.000000000000000000, 1.000000000000000000, -0.000000000000000000 ) ) ;
#423 = CIRCLE ( 'NONE', #4780, 0.9999999999999983347 ) ;
#424 = ORIENTED_EDGE ( 'NONE', *, *, #1654, .F. ) ;
#425 = VECTOR ( 'NONE', #4820, 1000.000000000000000 ) ;
#426 = CIRCLE ( 'NONE', #5534, 4.999999999999997335 ) ;
#427 = CYLINDRICAL_SURFACE ( 'NONE', #146, 4.999999999999997335 ) ;
#428 = CARTESIAN_POINT ( 'NONE',  ( 20.74506239630754223, 35.77055801756733899, 29.93289311569692757 ) ) ;
#429 = LINE ( 'NONE', #3179, #3444 ) ;
#430 = EDGE_CURVE ( 'NONE', #2154, #2113, #2877, .T. ) ;
#431 = VECTOR ( 'NONE', #1220, 1000.000000000000000 ) ;
#432 = CARTESIAN_POINT ( 'NONE',  ( -14.59999999999999787, 37.00000000000000711, 5.381466874697175662 ) ) ;
#433 = VECTOR ( 'NONE', #358, 1000.000000000000000 ) ;
#434 = EDGE_LOOP ( 'NONE', ( #2021, #201, #3608, #3223, #5179, #1317 ) ) ;
#435 = CARTESIAN_POINT ( 'NONE',  ( 14.60000000000000142, 25.00000000000000355, 3.381466874697179659 ) ) ;
#436 = CARTESIAN_POINT ( 'NONE',  ( 27.37656607310031021, 20.00000000000000000, -22.82369650959252283 ) ) ;
#437 = CARTESIAN_POINT ( 'NONE',  ( -14.59999999999999787, 37.00000000000000711, 4.381466874697181879 ) ) ;
#438 = ORIENTED_EDGE ( 'NONE', *, *, #2809, .T. ) ;
#439 = DIRECTION ( 'NONE',  ( -1.000000000000000000, 0.000000000000000000, 1.116774769942150345E-16 ) ) ;
#440 = AXIS2_PLACEMENT_3D ( 'NONE', #3448, #4844, #1194 ) ;
#441 = ORIENTED_EDGE ( 'NONE', *, *, #2644, .T. ) ;
#442 = VECTOR ( 'NONE', #2432, 1000.000000000000000 ) ;
#443 = PLANE ( 'NONE',  #4504 ) ;
#444 = CARTESIAN_POINT ( 'NONE',  ( -2.866834657879416604, 2.999999999999999556, 27.72411964597798217 ) ) ;
#445 = CARTESIAN_POINT ( 'NONE',  ( 45.00000000000000000, 20.00000000000000000, -1.653273178848926709E-14 ) ) ;
#446 = ORIENTED_EDGE ( 'NONE', *, *, #1655, .F. ) ;
#447 = AXIS2_PLACEMENT_3D ( 'NONE', #5689, #2906, #3342 ) ;
#448 = DATE_TIME_ROLE ( 'classification_date' ) ;
#449 = CARTESIAN_POINT ( 'NONE',  ( 12.14639055403752010, 37.32900595723998549, -15.73458647565032642 ) ) ;
#450 = DIRECTION ( 'NONE',  ( -0.000000000000000000, -1.000000000000000000, -0.000000000000000000 ) ) ;
#451 = ADVANCED_FACE ( 'NONE', ( #2258 ), #1809, .F. ) ;
#452 = CARTESIAN_POINT ( 'NONE',  ( -19.59999999999999432, 25.00000000000000355, 29.35000000000000497 ) ) ;
#453 = VERTEX_POINT ( 'NONE', #2760 ) ;
#454 = DIRECTION ( 'NONE',  ( 0.000000000000000000, 0.000000000000000000, 1.000000000000000000 ) ) ;
#455 = CARTESIAN_POINT ( 'NONE',  ( 14.45628997867803811, -2.500000000000000444, -5.650000000000000355 ) ) ;
#456 = DIRECTION ( 'NONE',  ( 1.000000000000000000, 0.000000000000000000, -1.116774769942150345E-16 ) ) ;
#457 = ORIENTED_EDGE ( 'NONE', *, *, #1818, .T. ) ;
#458 = LINE ( 'NONE', #512, #5394 ) ;
#459 = EDGE_CURVE ( 'NONE', #1181, #1715, #3265, .T. ) ;
#460 = ORIENTED_EDGE ( 'NONE', *, *, #5682, .F. ) ;
#461 = LINE ( 'NONE', #5835, #2969 ) ;
#462 = DIRECTION ( 'NONE',  ( 0.000000000000000000, 0.000000000000000000, 1.000000000000000000 ) ) ;
#463 = EDGE_LOOP ( 'NONE', ( #2519, #741, #1378, #3423 ) ) ;
#464 = ORIENTED_EDGE ( 'NONE', *, *, #785, .T. ) ;
#465 = CARTESIAN_POINT ( 'NONE',  ( -19.59999999999999787, 25.00000000000000355, 3.381466874697188540 ) ) ;
#466 = EDGE_LOOP ( 'NONE', ( #1475, #3909 ) ) ;
#467 = EDGE_CURVE ( 'NONE', #2654, #5026, #3539, .T. ) ;
#468 = CIRCLE ( 'NONE', #754, 2.000000000000005329 ) ;
#469 = CARTESIAN_POINT ( 'NONE',  ( -14.49999999999999822, 34.00000000000000000, 20.99930208231626239 ) ) ;
#470 = CARTESIAN_POINT ( 'NONE',  ( -2.866834657879416159, 9.990757061413836126, 21.47498078786791353 ) ) ;
#471 = CARTESIAN_POINT ( 'NONE',  ( 14.44329384940561489, 35.67754232312829998, -12.46186097517626123 ) ) ;
#472 = AXIS2_PLACEMENT_3D ( 'NONE', #3749, #5557, #160 ) ;
#473 = EDGE_LOOP ( 'NONE', ( #3318, #658 ) ) ;
#474 = APPROVAL ( #2162, 'UNSPECIFIED' ) ;
#475 = DIRECTION ( 'NONE',  ( 0.000000000000000000, -0.000000000000000000, -1.000000000000000000 ) ) ;
#476 = CARTESIAN_POINT ( 'NONE',  ( -2.300975553205419910, 42.00000000000000000, -24.64812362946562629 ) ) ;
#477 = DIRECTION ( 'NONE',  ( -0.000000000000000000, -1.000000000000000000, -0.000000000000000000 ) ) ;
#478 = ORIENTED_EDGE ( 'NONE', *, *, #4951, .F. ) ;
#479 = EDGE_CURVE ( 'NONE', #3516, #2409, #5583, .T. ) ;
#480 = CARTESIAN_POINT ( 'NONE',  ( -19.59999999999999787, 25.00000000000000355, 2.381466874697180547 ) ) ;
#481 = DIRECTION ( 'NONE',  ( 1.000000000000000000, 0.000000000000000000, 0.000000000000000000 ) ) ;
#482 = CARTESIAN_POINT ( 'NONE',  ( -20.24443103980902237, 26.59845973308138412, 29.55902354404125632 ) ) ;
#483 = VERTEX_POINT ( 'NONE', #4633 ) ;
#484 = DIRECTION ( 'NONE',  ( 0.000000000000000000, 1.000000000000000000, 0.000000000000000000 ) ) ;
#485 = EDGE_LOOP ( 'NONE', ( #4580, #2195, #3377, #438 ) ) ;
#486 = CARTESIAN_POINT ( 'NONE',  ( -19.59999999999999432, 25.00000000000000355, 28.35000000000001208 ) ) ;
#487 = DIRECTION ( 'NONE',  ( -1.000000000000000000, 0.000000000000000000, -0.000000000000000000 ) ) ;
#488 = ORIENTED_EDGE ( 'NONE', *, *, #5426, .T. ) ;
#489 = VERTEX_POINT ( 'NONE', #2345 ) ;
#490 = EDGE_CURVE ( 'NONE', #3792, #5838, #3635, .T. ) ;
#491 = CARTESIAN_POINT ( 'NONE',  ( -45.00000000000000000, 13.99999999999999822, 3.299999999999990496 ) ) ;
#492 = EDGE_LOOP ( 'NONE', ( #1835, #4964, #4083, #5305 ) ) ;
#493 = EDGE_CURVE ( 'NONE', #1381, #4071, #4015, .T. ) ;
#494 = B_SPLINE_CURVE_WITH_KNOTS ( 'NONE', 3,
 ( #3333, #1490, #5054, #3304, #3806, #995, #5114, #70, #1083, #1873, #101, #2895, #2799, #1904, #1403, #2861, #4671, #4610, #2444, #549, #4401, #5174, #1115, #2981, #5738, #4790, #729, #1545, #3894, #4757 ),
 .UNSPECIFIED., .F., .F.,
 ( 4, 2, 2, 2, 2, 2, 2, 2, 2, 2, 2, 2, 2, 2, 4 ),
 ( 6.992893892674702526E-18, 0.0003909373596510557912, 0.0007818747193021045351, 0.001172812078953153333, 0.001563749438604202131, 0.002345624157906314039, 0.003127498877208426380, 0.003518436236859480599, 0.003909373596510535252, 0.004300310956161589905, 0.004691248315812643691, 0.005082185675463698343, 0.005473123035114752129, 0.005864060394765807649, 0.006254997754416861434 ),
 .UNSPECIFIED. ) ;
#495 = DIRECTION ( 'NONE',  ( 1.000000000000000000, -0.000000000000000000, -1.116774769942150345E-16 ) ) ;
#496 = CARTESIAN_POINT ( 'NONE',  ( -2.866834657879416159, 7.784615829299466938, 22.42547044913680310 ) ) ;
#497 = ADVANCED_FACE ( 'NONE', ( #985 ), #2791, .T. ) ;
#498 = DIRECTION ( 'NONE',  ( -1.000000000000000000, -0.000000000000000000, 1.116774769942150345E-16 ) ) ;
#499 = ORIENTED_EDGE ( 'NONE', *, *, #4922, .T. ) ;
#500 = CARTESIAN_POINT ( 'NONE',  ( 2.866834657879444137, 2.999999999999998224, 27.99930208231626949 ) ) ;
#501 = CARTESIAN_POINT ( 'NONE',  ( -7.526854638713685652, 14.00000000000000178, -11.61800931932919667 ) ) ;
#502 = DIRECTION ( 'NONE',  ( -1.000000000000000000, 0.000000000000000000, 1.116774769942150345E-16 ) ) ;
#503 = CIRCLE ( 'NONE', #3159, 130.8238134383398972 ) ;
#504 = ORIENTED_EDGE ( 'NONE', *, *, #4052, .F. ) ;
#505 = CIRCLE ( 'NONE', #1542, 11.11567787102364591 ) ;
#506 = CARTESIAN_POINT ( 'NONE',  ( 24.20715562797793297, 25.00000000000000711, 6.381466874697178326 ) ) ;
#507 = CARTESIAN_POINT ( 'NONE',  ( 24.33982630031261607, 38.22269277033420565, 2.793302266056618244 ) ) ;
#508 = CARTESIAN_POINT ( 'NONE',  ( -20.41097324509748390, 26.93740156185181078, 28.86285826397124410 ) ) ;
#509 = CARTESIAN_POINT ( 'NONE',  ( -31.88733761830489399, 48.00000000000000000, -25.66662904032490289 ) ) ;
#510 = EDGE_CURVE ( 'NONE', #1056, #1442, #1839, .T. ) ;
#511 = ORIENTED_EDGE ( 'NONE', *, *, #4073, .T. ) ;
#512 = CARTESIAN_POINT ( 'NONE',  ( 14.45628997867803456, -70.95718940385208384, -38.64334463271136855 ) ) ;
#513 = VECTOR ( 'NONE', #3720, 1000.000000000000000 ) ;
#514 = APPROVAL_PERSON_ORGANIZATION ( #419, #1516, #4953 ) ;
#515 = VERTEX_POINT ( 'NONE', #5492 ) ;
#516 = VECTOR ( 'NONE', #4458, 1000.000000000000000 ) ;
#517 = DIRECTION ( 'NONE',  ( -1.000000000000000000, 0.000000000000000000, 0.000000000000000000 ) ) ;
#518 = LINE ( 'NONE', #5499, #1182 ) ;
#519 = LINE ( 'NONE', #3276, #3819 ) ;
#520 = EDGE_LOOP ( 'NONE', ( #997, #5743, #1871, #2828, #3358, #335, #4779, #1399, #504, #1908, #3017, #3622 ) ) ;
#521 = EDGE_CURVE ( 'NONE', #826, #4381, #5014, .T. ) ;
#522 = CARTESIAN_POINT ( 'NONE',  ( -26.98954289324448297, 20.00892497229466471, 19.62177729033191298 ) ) ;
#523 = ORIENTED_EDGE ( 'NONE', *, *, #676, .F. ) ;
#524 = AXIS2_PLACEMENT_3D ( 'NONE', #3640, #3164, #1911 ) ;
#525 = DIRECTION ( 'NONE',  ( -1.000000000000000000, 0.000000000000000000, 1.188166764367676095E-16 ) ) ;
#526 = DIRECTION ( 'NONE',  ( -0.000000000000000000, 1.000000000000000000, -0.000000000000000000 ) ) ;
#527 = AXIS2_PLACEMENT_3D ( 'NONE', #5733, #213, #691 ) ;
#528 = DIRECTION ( 'NONE',  ( 0.000000000000000000, 1.000000000000000000, 1.734723475976808574E-16 ) ) ;
#529 = DIRECTION ( 'NONE',  ( -1.116774769942150345E-16, -0.000000000000000000, -1.000000000000000000 ) ) ;
#530 = CARTESIAN_POINT ( 'NONE',  ( 2.866834657879444137, -70.95718940385208384, 38.52235112214060564 ) ) ;
#531 = ORIENTED_EDGE ( 'NONE', *, *, #954, .F. ) ;
#532 = ORIENTED_EDGE ( 'NONE', *, *, #357, .F. ) ;
#533 = ADVANCED_FACE ( 'NONE', ( #3684, #2406 ), #1052, .F. ) ;
#534 = AXIS2_PLACEMENT_3D ( 'NONE', #3146, #4512, #4012 ) ;
#535 = EDGE_CURVE ( 'NONE', #933, #4257, #2854, .T. ) ;
#536 = DIRECTION ( 'NONE',  ( -0.000000000000000000, 1.000000000000000000, -0.000000000000000000 ) ) ;
#537 = CARTESIAN_POINT ( 'NONE',  ( -5.564904071906232375, 41.99999999999998579, -23.72941279022247585 ) ) ;
#538 = DIRECTION ( 'NONE',  ( 1.000000000000000000, 0.000000000000000000, -1.116774769942150345E-16 ) ) ;
#539 = VECTOR ( 'NONE', #2340, 1000.000000000000000 ) ;
#540 = VERTEX_POINT ( 'NONE', #2438 ) ;
#541 = CARTESIAN_POINT ( 'NONE',  ( 24.22007139761256411, 24.61548297579178524, 6.353295124224503709 ) ) ;
#542 = FACE_OUTER_BOUND ( 'NONE', #5446, .T. ) ;
#543 = CARTESIAN_POINT ( 'NONE',  ( -8.661562318278711814, 1.212141125398237484, 20.99930208231626239 ) ) ;
#544 = CARTESIAN_POINT ( 'NONE',  ( -14.45628997867800969, 4.140249202425406061, 25.58267624501653259 ) ) ;
#545 = VERTEX_POINT ( 'NONE', #2466 ) ;
#546 = DIRECTION ( 'NONE',  ( 1.000000000000000000, 0.000000000000000000, 0.000000000000000000 ) ) ;
#547 = ORIENTED_EDGE ( 'NONE', *, *, #1365, .F. ) ;
#548 = CARTESIAN_POINT ( 'NONE',  ( -40.00000000000000000, -2.500000000000000444, -5.650000000000000355 ) ) ;
#549 = CARTESIAN_POINT ( 'NONE',  ( -23.73911706869506233, 35.40914514606824781, 3.162380432275663011 ) ) ;
#550 = CARTESIAN_POINT ( 'NONE',  ( 19.59999999999999787, 37.00000000000000711, 3.381466874697183211 ) ) ;
#551 = ORIENTED_EDGE ( 'NONE', *, *, #4084, .T. ) ;
#552 = CARTESIAN_POINT ( 'NONE',  ( 18.31060644601975440, -70.95718940385208384, -38.64334463271135434 ) ) ;
#553 = ORIENTED_EDGE ( 'NONE', *, *, #4485, .T. ) ;
#554 = ADVANCED_FACE ( 'NONE', ( #3416 ), #4249, .T. ) ;
#555 = DIRECTION ( 'NONE',  ( -1.000000000000000000, 0.000000000000000000, 1.116774769942150345E-16 ) ) ;
#556 = CYLINDRICAL_SURFACE ( 'NONE', #1836, 2.000000000000001776 ) ;
#557 = FACE_OUTER_BOUND ( 'NONE', #5607, .T. ) ;
#558 = CARTESIAN_POINT ( 'NONE',  ( -2.866834657879415715, 4.308518704859751303, 25.38206379656809020 ) ) ;
#559 = CARTESIAN_POINT ( 'NONE',  ( 14.60000000000000497, 25.00000000000000355, 27.35000000000001918 ) ) ;
#560 = ORIENTED_EDGE ( 'NONE', *, *, #1435, .F. ) ;
#561 = ORIENTED_EDGE ( 'NONE', *, *, #1449, .T. ) ;
#562 = CARTESIAN_POINT ( 'NONE',  ( 2.866834657879445025, 3.373215445592262274, 26.69260415408414033 ) ) ;
#563 = AXIS2_PLACEMENT_3D ( 'NONE', #5412, #484, #2763 ) ;
#564 = CARTESIAN_POINT ( 'NONE',  ( -4.508394590934464929, 42.00000000000000000, -24.11968436703056540 ) ) ;
#565 = EDGE_CURVE ( 'NONE', #206, #3767, #5439, .T. ) ;
#566 = CARTESIAN_POINT ( 'NONE',  ( 19.60000000000000142, 37.00000000000000711, 28.35000000000000497 ) ) ;
#567 = ORIENTED_EDGE ( 'NONE', *, *, #2556, .T. ) ;
#568 = VECTOR ( 'NONE', #2290, 1000.000000000000000 ) ;
#569 = LINE ( 'NONE', #2311, #234 ) ;
#570 = CARTESIAN_POINT ( 'NONE',  ( 45.00000000000000000, 48.00000000000000000, 7.273499999999982535 ) ) ;
#571 = CARTESIAN_POINT ( 'NONE',  ( 102.0434606194388749, 25.00000000000000711, -0.06049675528537953872 ) ) ;
#572 = CARTESIAN_POINT ( 'NONE',  ( 31.88733761830489399, 10.00000000000000000, -17.16662904032490644 ) ) ;
#573 = EDGE_CURVE ( 'NONE', #4615, #75, #184, .T. ) ;
#574 = VERTEX_POINT ( 'NONE', #1571 ) ;
#575 = CARTESIAN_POINT ( 'NONE',  ( -17.75504987216077168, 24.32399046296139034, -38.64334463271136855 ) ) ;
#576 = ORIENTED_EDGE ( 'NONE', *, *, #3932, .T. ) ;
#577 = DIRECTION ( 'NONE',  ( 1.000000000000000000, 0.000000000000000000, 0.000000000000000000 ) ) ;
#578 = DIRECTION ( 'NONE',  ( 0.000000000000000000, -0.000000000000000000, 1.000000000000000000 ) ) ;
#579 = CARTESIAN_POINT ( 'NONE',  ( -20.05008431747800302, 37.00000000000001421, 30.35000000000001563 ) ) ;
#580 = VERTEX_POINT ( 'NONE', #4277 ) ;
#581 = CARTESIAN_POINT ( 'NONE',  ( 13.43157874241032168, 41.99999999999999289, -15.94580039634804436 ) ) ;
#582 = ORIENTED_EDGE ( 'NONE', *, *, #5088, .T. ) ;
#583 = DIRECTION ( 'NONE',  ( -1.000000000000000000, -0.000000000000000000, -0.000000000000000000 ) ) ;
#584 = CARTESIAN_POINT ( 'NONE',  ( -17.71878667842027610, 48.00000000000000000, -38.64334463271136855 ) ) ;
#585 = CARTESIAN_POINT ( 'NONE',  ( 23.62109048255086208, 20.00000000000000000, 38.30201149306833486 ) ) ;
#586 = CARTESIAN_POINT ( 'NONE',  ( 21.24232936192092680, 23.21998089401550303, 29.27036191473951021 ) ) ;
#587 = DIRECTION ( 'NONE',  ( 0.000000000000000000, 0.000000000000000000, 1.000000000000000000 ) ) ;
#588 = ORIENTED_EDGE ( 'NONE', *, *, #344, .F. ) ;
#589 = ADVANCED_FACE ( 'NONE', ( #1075 ), #722, .F. ) ;
#590 = ORIENTED_EDGE ( 'NONE', *, *, #1068, .F. ) ;
#591 = DIRECTION ( 'NONE',  ( -0.000000000000000000, -1.000000000000000000, -0.000000000000000000 ) ) ;
#592 = FACE_OUTER_BOUND ( 'NONE', #5774, .T. ) ;
#593 = CARTESIAN_POINT ( 'NONE',  ( 11.88959387293353487, 42.00000000000000000, -18.72825449267408260 ) ) ;
#594 = CARTESIAN_POINT ( 'NONE',  ( 45.00000000000000000, 13.99999999999999822, -1.653273178848926709E-14 ) ) ;
#595 = ORIENTED_EDGE ( 'NONE', *, *, #4922, .F. ) ;
#596 = ADVANCED_FACE ( 'NONE', ( #4785 ), #2884, .F. ) ;
#597 = CARTESIAN_POINT ( 'NONE',  ( 24.20715562797792941, 24.80912727160014697, 6.381466874697178326 ) ) ;
#598 = CARTESIAN_POINT ( 'NONE',  ( 5.758953889330582498, 13.99999999999999822, -14.08621999028509109 ) ) ;
#599 = CARTESIAN_POINT ( 'NONE',  ( 5.758953889330582498, 11.00000000000000000, -14.08621999028509109 ) ) ;
#600 = CARTESIAN_POINT ( 'NONE',  ( -14.49999999999999822, 0.000000000000000000, 20.99930208231626239 ) ) ;
#601 = ORIENTED_EDGE ( 'NONE', *, *, #921, .F. ) ;
#602 = CARTESIAN_POINT ( 'NONE',  ( -18.27363901787395051, 22.73880451232162514, -38.64334463271136855 ) ) ;
#603 = VECTOR ( 'NONE', #1791, 1000.000000000000000 ) ;
#604 = CIRCLE ( 'NONE', #5433, 4.999999999999997335 ) ;
#605 = ADVANCED_FACE ( 'NONE', ( #2047 ), #2552, .F. ) ;
#606 = EDGE_LOOP ( 'NONE', ( #3907, #5734, #1127 ) ) ;
#607 = EDGE_CURVE ( 'NONE', #3695, #1119, #1964, .T. ) ;
#608 = CARTESIAN_POINT ( 'NONE',  ( 14.45628997867803456, 34.00000000000000000, 7.148629685907792464 ) ) ;
#609 = DIRECTION ( 'NONE',  ( 0.000000000000000000, 1.000000000000000000, 0.000000000000000000 ) ) ;
#610 = DIRECTION ( 'NONE',  ( 0.000000000000000000, 0.000000000000000000, 1.000000000000000000 ) ) ;
#611 = AXIS2_PLACEMENT_3D ( 'NONE', #4215, #2754, #5041 ) ;
#612 = CARTESIAN_POINT ( 'NONE',  ( -10.69368365266668519, 41.99999999999998579, -20.18135329611083861 ) ) ;
#613 = CIRCLE ( 'NONE', #711, 4.999999999999997335 ) ;
#614 = EDGE_LOOP ( 'NONE', ( #1031, #2316, #5153, #446 ) ) ;
#615 = CIRCLE ( 'NONE', #2407, 3.499999999999999556 ) ;
#616 = AXIS2_PLACEMENT_3D ( 'NONE', #4881, #2631, #4435 ) ;
#617 = LINE ( 'NONE', #5568, #5587 ) ;
#618 = CARTESIAN_POINT ( 'NONE',  ( 14.45628997867803633, 3.812644255848383512, 2.140057094360015455 ) ) ;
#619 = CARTESIAN_POINT ( 'NONE',  ( 19.60000000000000142, 37.00000000000000711, 30.35000000000000853 ) ) ;
#620 = CARTESIAN_POINT ( 'NONE',  ( 24.22719172559880008, 26.22888441477363841, 5.980785484237035377 ) ) ;
#621 = CIRCLE ( 'NONE', #1551, 13.06426483703416430 ) ;
#622 = ORIENTED_EDGE ( 'NONE', *, *, #1120, .F. ) ;
#623 = VERTEX_POINT ( 'NONE', #2103 ) ;
#624 = CIRCLE ( 'NONE', #2706, 2.000000000000000000 ) ;
#625 = CARTESIAN_POINT ( 'NONE',  ( -14.45628997867800791, 8.728826806629173873, 6.226067243630109438 ) ) ;
#626 = DIRECTION ( 'NONE',  ( 0.000000000000000000, 0.000000000000000000, 1.000000000000000000 ) ) ;
#627 = CARTESIAN_POINT ( 'NONE',  ( -38.96940996788636369, 20.00000000000000000, 22.50300172765386364 ) ) ;
#628 = VERTEX_POINT ( 'NONE', #3918 ) ;
#629 = AXIS2_PLACEMENT_3D ( 'NONE', #3802, #3714, #4604 ) ;
#630 = EDGE_CURVE ( 'NONE', #1442, #4467, #700, .T. ) ;
#631 = AXIS2_PLACEMENT_3D ( 'NONE', #3569, #477, #897 ) ;
#632 = CARTESIAN_POINT ( 'NONE',  ( 13.26411545050575924, 16.44415902697440046, -11.00000000000004086 ) ) ;
#633 = DIRECTION ( 'NONE',  ( -0.000000000000000000, -1.000000000000000000, -0.000000000000000000 ) ) ;
#634 = CARTESIAN_POINT ( 'NONE',  ( 21.26804228909173133, 38.90126038507837336, 27.71587156684354269 ) ) ;
#635 = CARTESIAN_POINT ( 'NONE',  ( -14.45628997867800614, 3.245342584092075100, 26.93767454618411605 ) ) ;
#636 = ORIENTED_EDGE ( 'NONE', *, *, #2421, .F. ) ;
#637 = CARTESIAN_POINT ( 'NONE',  ( 56.09901130373780376, 0.000000000000000000, -3.435073731422685145E-15 ) ) ;
#638 = VECTOR ( 'NONE', #587, 1000.000000000000000 ) ;
#639 = B_SPLINE_CURVE_WITH_KNOTS ( 'NONE', 3,
 ( #147, #3402, #1644, #5686, #4379, #737, #5238, #1264, #4766, #3463, #1208, #2536, #4410, #290, #5333, #5274, #2507, #1951, #1585, #3020, #349, #4321, #2091, #260, #2568, #2061, #315, #4828, #766, #2989 ),
 .UNSPECIFIED., .F., .F.,
 ( 4, 2, 2, 2, 2, 2, 2, 2, 2, 2, 2, 2, 2, 2, 4 ),
 ( 0.0003175701502231177286, 0.0007130748690103080054, 0.001108579587797498336, 0.001504084306584688559, 0.001899589025371878782, 0.002295093744159069221, 0.002690598462946259661, 0.003086103181733450100, 0.003481607900520640106, 0.004272617338095020117, 0.004668122056882211858, 0.005063626775669403599, 0.005459131494456595339, 0.005854636213243787080, 0.006645645650818170561 ),
 .UNSPECIFIED. ) ;
#640 = DIRECTION ( 'NONE',  ( -1.116774769942150345E-16, 0.000000000000000000, -1.000000000000000000 ) ) ;
#641 = CARTESIAN_POINT ( 'NONE',  ( 2.866834657879444137, 2.999999999999998224, 38.52235112214061274 ) ) ;
#642 = CARTESIAN_POINT ( 'NONE',  ( -20.59032739706414716, 35.01242256080647053, 28.09270824269042066 ) ) ;
#643 = ADVANCED_FACE ( 'NONE', ( #5643 ), #4069, .F. ) ;
#644 = CARTESIAN_POINT ( 'NONE',  ( -73.60888549489654054, 0.000000000000000000, 42.50566993001285709 ) ) ;
#645 = ORIENTED_EDGE ( 'NONE', *, *, #5606, .F. ) ;
#646 = ADVANCED_FACE ( 'NONE', ( #4394, #2251, #3953 ), #2, .T. ) ;
#647 = ORIENTED_EDGE ( 'NONE', *, *, #2156, .F. ) ;
#648 = CARTESIAN_POINT ( 'NONE',  ( -73.60888549489654054, 0.000000000000000000, -42.50566993001284288 ) ) ;
#649 = DIRECTION ( 'NONE',  ( -1.000000000000000000, 0.000000000000000000, 1.116774769942150345E-16 ) ) ;
#650 = DIRECTION ( 'NONE',  ( 0.000000000000000000, 0.000000000000000000, 1.000000000000000000 ) ) ;
#651 = DIRECTION ( 'NONE',  ( -1.000000000000000000, 0.000000000000000000, 1.116774769942150345E-16 ) ) ;
#652 = ORIENTED_EDGE ( 'NONE', *, *, #357, .T. ) ;
#653 = EDGE_CURVE ( 'NONE', #4143, #4234, #1543, .T. ) ;
#654 = ORIENTED_EDGE ( 'NONE', *, *, #4951, .T. ) ;
#655 = DIRECTION ( 'NONE',  ( 0.000000000000000000, 0.000000000000000000, -1.000000000000000000 ) ) ;
#656 = LINE ( 'NONE', #2544, #418 ) ;
#657 = DIRECTION ( 'NONE',  ( -1.000000000000000000, 0.000000000000000000, 1.188166764367676095E-16 ) ) ;
#658 = ORIENTED_EDGE ( 'NONE', *, *, #1922, .F. ) ;
#659 = CIRCLE ( 'NONE', #563, 44.99999999999993605 ) ;
#660 = CARTESIAN_POINT ( 'NONE',  ( 12.17644982133980669, 37.43799752135310399, -15.74040272805175533 ) ) ;
#661 = CARTESIAN_POINT ( 'NONE',  ( -49.52762154881770584, 20.00000000000000000, 10.56677942393415925 ) ) ;
#662 = CARTESIAN_POINT ( 'NONE',  ( 21.56916100420945881, 37.26781865676655769, 26.35000000000000497 ) ) ;
#663 = CYLINDRICAL_SURFACE ( 'NONE', #440, 0.9999999999999904521 ) ;
#664 = EDGE_LOOP ( 'NONE', ( #582, #3628, #3427, #4896 ) ) ;
#665 = CARTESIAN_POINT ( 'NONE',  ( 53.86426032307243617, 0.000000000000000000, -7.297043333954705169 ) ) ;
#666 = CIRCLE ( 'NONE', #2266, 3.499999999999999556 ) ;
#667 = EDGE_CURVE ( 'NONE', #5337, #2687, #132, .T. ) ;
#668 = CARTESIAN_POINT ( 'NONE',  ( -12.24184778994115419, 37.43156136812815049, -15.73351493240686061 ) ) ;
#669 = CARTESIAN_POINT ( 'NONE',  ( 14.60000000000000497, 48.00000000000000000, 35.60000000000000853 ) ) ;
#670 = CARTESIAN_POINT ( 'NONE',  ( -2.866834657879416604, 6.461743869376526561, 4.797420775399141135 ) ) ;
#671 = ORIENTED_EDGE ( 'NONE', *, *, #1993, .F. ) ;
#672 = CARTESIAN_POINT ( 'NONE',  ( -9.997229639597783546, 42.00000000000000000, -20.88381863163371222 ) ) ;
#673 = ORIENTED_EDGE ( 'NONE', *, *, #2671, .T. ) ;
#674 = ADVANCED_FACE ( 'NONE', ( #3145 ), #3507, .F. ) ;
#675 = ORIENTED_EDGE ( 'NONE', *, *, #4374, .F. ) ;
#676 = EDGE_CURVE ( 'NONE', #4234, #4143, #1272, .T. ) ;
#677 = DIRECTION ( 'NONE',  ( 1.000000000000000000, -0.000000000000000000, -1.116774769942150345E-16 ) ) ;
#678 = CARTESIAN_POINT ( 'NONE',  ( 14.59999999999999964, 13.99999999999999822, -11.00000000000000000 ) ) ;
#679 = FACE_OUTER_BOUND ( 'NONE', #2928, .T. ) ;
#680 = CARTESIAN_POINT ( 'NONE',  ( -7.840918610919123566, 13.99999999999999822, -12.52784954453506749 ) ) ;
#681 = ORIENTED_EDGE ( 'NONE', *, *, #1389, .F. ) ;
#682 = ORIENTED_EDGE ( 'NONE', *, *, #1009, .T. ) ;
#683 = ADVANCED_FACE ( 'NONE', ( #3095 ), #421, .F. ) ;
#684 = CARTESIAN_POINT ( 'NONE',  ( -14.45628997867800791, 3.055759557072816435, 0.6883922823757989695 ) ) ;
#685 = CARTESIAN_POINT ( 'NONE',  ( -58.47502393429616774, 20.00000000000000000, -3.820622777212992816 ) ) ;
#686 = DIRECTION ( 'NONE',  ( -0.000000000000000000, -1.000000000000000000, -0.000000000000000000 ) ) ;
#687 = ORIENTED_EDGE ( 'NONE', *, *, #4044, .F. ) ;
#688 = LINE ( 'NONE', #2916, #4583 ) ;
#689 = DIRECTION ( 'NONE',  ( -0.000000000000000000, -0.000000000000000000, 1.000000000000000000 ) ) ;
#690 = DIRECTION ( 'NONE',  ( 0.000000000000000000, 0.000000000000000000, -1.000000000000000000 ) ) ;
#691 = DIRECTION ( 'NONE',  ( 0.000000000000000000, -0.000000000000000000, -1.000000000000000000 ) ) ;
#692 = EDGE_LOOP ( 'NONE', ( #118, #72, #3289, #3310 ) ) ;
#693 = DIRECTION ( 'NONE',  ( 1.000000000000000000, 0.000000000000000000, -1.116774769942150345E-16 ) ) ;
#694 = CARTESIAN_POINT ( 'NONE',  ( -19.59999999999999432, 37.00000000000000711, 28.35000000000001563 ) ) ;
#695 = CARTESIAN_POINT ( 'NONE',  ( 23.26001857313331200, 20.00000000000000000, 38.52235112214060564 ) ) ;
#696 = CARTESIAN_POINT ( 'NONE',  ( 14.45628997867803633, 3.647666669400686068, 26.24159618507729164 ) ) ;
#697 = CARTESIAN_POINT ( 'NONE',  ( -13.43432073213469913, 41.99999999999999289, -15.93942876313855095 ) ) ;
#698 = VERTEX_POINT ( 'NONE', #5320 ) ;
#699 = ORIENTED_EDGE ( 'NONE', *, *, #3968, .F. ) ;
#700 = CIRCLE ( 'NONE', #3350, 6.064264837034162525 ) ;
#701 = CARTESIAN_POINT ( 'NONE',  ( -20.24443103980899750, 38.59845973308139122, 29.55902354404124566 ) ) ;
#702 = CARTESIAN_POINT ( 'NONE',  ( 8.661562318278740236, 1.212141125398236596, -49.00079791768374804 ) ) ;
#703 = LINE ( 'NONE', #1709, #137 ) ;
#704 = EDGE_CURVE ( 'NONE', #826, #4381, #2253, .T. ) ;
#705 = CARTESIAN_POINT ( 'NONE',  ( 23.62109048255086208, 20.00000000000000000, 38.30201149306833486 ) ) ;
#706 = CARTESIAN_POINT ( 'NONE',  ( 24.20715562797793297, 25.00000000000000711, 6.381466874697178326 ) ) ;
#707 = VECTOR ( 'NONE', #755, 1000.000000000000000 ) ;
#708 = ORIENTED_EDGE ( 'NONE', *, *, #5380, .T. ) ;
#709 = ORIENTED_EDGE ( 'NONE', *, *, #4534, .T. ) ;
#710 = VECTOR ( 'NONE', #3729, 1000.000000000000000 ) ;
#711 = AXIS2_PLACEMENT_3D ( 'NONE', #4812, #4750, #5222 ) ;
#712 = VECTOR ( 'NONE', #633, 1000.000000000000000 ) ;
#713 = DIRECTION ( 'NONE',  ( 0.000000000000000000, 0.000000000000000000, -1.000000000000000000 ) ) ;
#714 = CARTESIAN_POINT ( 'NONE',  ( -19.17626735879737154, 21.53874958704619758, 38.52235112214061274 ) ) ;
#715 = DIRECTION ( 'NONE',  ( 0.000000000000000000, 0.000000000000000000, 1.000000000000000000 ) ) ;
#716 = EDGE_CURVE ( 'NONE', #5300, #1970, #4870, .T. ) ;
#717 = ORIENTED_EDGE ( 'NONE', *, *, #5632, .F. ) ;
#718 = EDGE_CURVE ( 'NONE', #5231, #2179, #327, .T. ) ;
#719 = CIRCLE ( 'NONE', #4788, 0.9999999999999974465 ) ;
#720 = CARTESIAN_POINT ( 'NONE',  ( 8.267775442820815002, 23.24319806794341403, -14.87411223967285778 ) ) ;
#721 = CARTESIAN_POINT ( 'NONE',  ( 21.68191656321453564, 20.31981247571950888, 38.52235112214061274 ) ) ;
#722 = CYLINDRICAL_SURFACE ( 'NONE', #3824, 3.499999999999999556 ) ;
#723 = CARTESIAN_POINT ( 'NONE',  ( -12.79953145517023216, 13.99999999999999822, -10.99999999999999645 ) ) ;
#724 = AXIS2_PLACEMENT_3D ( 'NONE', #5108, #2408, #1960 ) ;
#725 = ORIENTED_EDGE ( 'NONE', *, *, #4412, .T. ) ;
#726 = ADVANCED_FACE ( 'NONE', ( #86 ), #951, .T. ) ;
#727 = CIRCLE ( 'NONE', #154, 1.999999999999998224 ) ;
#728 = CARTESIAN_POINT ( 'NONE',  ( -31.88733761830489399, 0.000000000000000000, -24.16662904032490644 ) ) ;
#729 = CARTESIAN_POINT ( 'NONE',  ( -23.75539325895877596, 36.48047389139748731, 2.445704630607392627 ) ) ;
#730 = CARTESIAN_POINT ( 'NONE',  ( -2.866834657879416159, 7.343190041614892749, 5.413268619654665770 ) ) ;
#731 = FACE_OUTER_BOUND ( 'NONE', #5684, .T. ) ;
#732 = CARTESIAN_POINT ( 'NONE',  ( -23.75665401403832178, 25.00000000000000711, 2.381466874697180991 ) ) ;
#733 = VECTOR ( 'NONE', #5661, 1000.000000000000000 ) ;
#734 = VERTEX_POINT ( 'NONE', #26 ) ;
#735 = ORIENTED_EDGE ( 'NONE', *, *, #4553, .T. ) ;
#736 = CARTESIAN_POINT ( 'NONE',  ( -20.82762594107598275, 38.51531550100611412, 27.03816001264197766 ) ) ;
#737 = CARTESIAN_POINT ( 'NONE',  ( -23.83127392605571870, 24.10767107227519546, 2.586766357621608670 ) ) ;
#738 = CARTESIAN_POINT ( 'NONE',  ( 24.34722130282227326, 36.48211591467870818, 2.445287611760581292 ) ) ;
#739 = CARTESIAN_POINT ( 'NONE',  ( 38.96940996788637790, 0.000000000000000000, 22.50300172765385298 ) ) ;
#740 = CARTESIAN_POINT ( 'NONE',  ( 24.32194759555643415, 26.79827860132294859, 3.496356333714262021 ) ) ;
#741 = ORIENTED_EDGE ( 'NONE', *, *, #5104, .F. ) ;
#742 = ORIENTED_EDGE ( 'NONE', *, *, #887, .F. ) ;
#743 = EDGE_CURVE ( 'NONE', #305, #4319, #2305, .T. ) ;
#744 = DIRECTION ( 'NONE',  ( -0.000000000000000000, 1.000000000000000000, -0.000000000000000000 ) ) ;
#745 = CARTESIAN_POINT ( 'NONE',  ( 33.98476260558511086, 0.000000000000000000, -3.149999999999999911 ) ) ;
#746 = CARTESIAN_POINT ( 'NONE',  ( -33.98476260558511086, 48.64022130397180632, 11.78267809211570238 ) ) ;
#747 = ORIENTED_EDGE ( 'NONE', *, *, #2006, .T. ) ;
#748 = ADVANCED_FACE ( 'NONE', ( #5429 ), #4645, .F. ) ;
#749 = CARTESIAN_POINT ( 'NONE',  ( 8.621324441736645028, 15.42901621618376495, -10.99999999992201083 ) ) ;
#750 = CARTESIAN_POINT ( 'NONE',  ( 20.02378158220420801, 21.30143156676398419, 38.52235112214061985 ) ) ;
#751 = CARTESIAN_POINT ( 'NONE',  ( 21.52439534016288292, 37.89722599274068671, 26.55771648138629359 ) ) ;
#752 = DIRECTION ( 'NONE',  ( -1.000000000000000000, 0.000000000000000000, 1.116774769942150345E-16 ) ) ;
#753 = EDGE_LOOP ( 'NONE', ( #16, #5431, #1155, #5766 ) ) ;
#754 = AXIS2_PLACEMENT_3D ( 'NONE', #1907, #5530, #914 ) ;
#755 = DIRECTION ( 'NONE',  ( -1.000000000000000000, -0.000000000000000000, 1.116774769942150345E-16 ) ) ;
#756 = LINE ( 'NONE', #669, #2499 ) ;
#757 = CARTESIAN_POINT ( 'NONE',  ( -19.59999999999999432, 37.00000000000000711, 28.35000000000001563 ) ) ;
#758 = EDGE_CURVE ( 'NONE', #2327, #574, #4936, .T. ) ;
#759 = B_SPLINE_CURVE_WITH_KNOTS ( 'NONE', 3,
 ( #2190, #332, #393, #5376, #2135, #1781, #449, #3121 ),
 .UNSPECIFIED., .F., .F.,
 ( 4, 2, 2, 4 ),
 ( 0.000000000000000000, 0.007273557562737819823, 0.01454711512547563965, 0.02909423025095127929 ),
 .UNSPECIFIED. ) ;
#760 = CARTESIAN_POINT ( 'NONE',  ( 21.63827273204221058, 23.74492205186482963, 26.76981202857295372 ) ) ;
#761 = AXIS2_PLACEMENT_3D ( 'NONE', #1346, #14, #487 ) ;
#762 = LINE ( 'NONE', #3962, #1502 ) ;
#763 = ORIENTED_EDGE ( 'NONE', *, *, #4456, .T. ) ;
#764 = EDGE_LOOP ( 'NONE', ( #1996, #1265 ) ) ;
#765 = DIRECTION ( 'NONE',  ( 0.000000000000000000, 0.000000000000000000, -1.000000000000000000 ) ) ;
#766 = CARTESIAN_POINT ( 'NONE',  ( -23.61533586037842980, 24.73287295548738030, 6.381466874697183655 ) ) ;
#767 = CARTESIAN_POINT ( 'NONE',  ( 24.24018889191737358, 35.49202239605317288, 5.701855130571551022 ) ) ;
#768 = ORIENTED_EDGE ( 'NONE', *, *, #948, .F. ) ;
#769 = DIRECTION ( 'NONE',  ( 0.000000000000000000, 0.000000000000000000, -1.000000000000000000 ) ) ;
#770 = CARTESIAN_POINT ( 'NONE',  ( 44.60000000000000142, 25.00000000000000355, 28.35000000000000853 ) ) ;
#771 = ORIENTED_EDGE ( 'NONE', *, *, #2816, .F. ) ;
#772 = ORIENTED_EDGE ( 'NONE', *, *, #5795, .F. ) ;
#773 = FACE_OUTER_BOUND ( 'NONE', #2041, .T. ) ;
#774 = CARTESIAN_POINT ( 'NONE',  ( -23.74171682635955349, 38.50579253396358581, 3.058744058072541350 ) ) ;
#775 = EDGE_CURVE ( 'NONE', #1278, #869, #4272, .T. ) ;
#776 = DIRECTION ( 'NONE',  ( 0.000000000000000000, -1.000000000000000000, 0.000000000000000000 ) ) ;
#777 = CARTESIAN_POINT ( 'NONE',  ( -5.945518944237341508, 14.00000000002461142, -14.33733768242086448 ) ) ;
#778 = VERTEX_POINT ( 'NONE', #745 ) ;
#779 = CALENDAR_DATE ( 2026, 8, 7 ) ;
#780 = DIRECTION ( 'NONE',  ( -0.000000000000000000, 0.000000000000000000, 1.000000000000000000 ) ) ;
#781 = DIRECTION ( 'NONE',  ( 0.000000000000000000, 0.000000000000000000, 1.000000000000000000 ) ) ;
#782 = ADVANCED_FACE ( 'NONE', ( #5636, #4689 ), #2486, .F. ) ;
#783 = CARTESIAN_POINT ( 'NONE',  ( 31.88733761830489399, 0.000000000000000000, -20.66662904032490644 ) ) ;
#784 = ORIENTED_EDGE ( 'NONE', *, *, #4180, .F. ) ;
#785 = EDGE_CURVE ( 'NONE', #4362, #1119, #656, .T. ) ;
#786 = DIRECTION ( 'NONE',  ( -1.116774769942150345E-16, 0.000000000000000000, -1.000000000000000000 ) ) ;
#787 = DIRECTION ( 'NONE',  ( 0.000000000000000000, 1.000000000000000000, 1.734723475976807341E-16 ) ) ;
#788 = CARTESIAN_POINT ( 'NONE',  ( 19.60000000000000142, 25.00000000000000355, 27.35000000000001918 ) ) ;
#789 = CARTESIAN_POINT ( 'NONE',  ( -49.52762154881772005, 0.000000000000000000, 10.56677942393415037 ) ) ;
#790 = FACE_OUTER_BOUND ( 'NONE', #4805, .T. ) ;
#791 = ADVANCED_FACE ( 'NONE', ( #1506 ), #1563, .F. ) ;
#792 = EDGE_LOOP ( 'NONE', ( #3555, #2089, #3470, #1691, #258, #3626 ) ) ;
#793 = EDGE_CURVE ( 'NONE', #4077, #965, #5189, .T. ) ;
#794 = ORIENTED_EDGE ( 'NONE', *, *, #3618, .T. ) ;
#795 = CARTESIAN_POINT ( 'NONE',  ( -8.836089846937435155, 11.00000000000000000, -11.94184465587912136 ) ) ;
#796 = DIRECTION ( 'NONE',  ( 0.000000000000000000, 0.000000000000000000, -1.000000000000000000 ) ) ;
#797 = CARTESIAN_POINT ( 'NONE',  ( -19.59999999999999432, 37.00000000000000711, 26.35000000000001208 ) ) ;
#798 = ORIENTED_EDGE ( 'NONE', *, *, #153, .F. ) ;
#799 = FACE_OUTER_BOUND ( 'NONE', #3480, .T. ) ;
#800 = CARTESIAN_POINT ( 'NONE',  ( 19.93195213748369810, 21.37352733732895160, -38.64334463271136855 ) ) ;
#801 = ORIENTED_EDGE ( 'NONE', *, *, #3793, .T. ) ;
#802 = EDGE_LOOP ( 'NONE', ( #2095, #2782 ) ) ;
#803 = AXIS2_PLACEMENT_3D ( 'NONE', #5822, #3036, #781 ) ;
#804 = DIRECTION ( 'NONE',  ( 0.000000000000000000, 0.000000000000000000, 1.000000000000000000 ) ) ;
#805 = DIRECTION ( 'NONE',  ( -0.000000000000000000, 1.000000000000000000, -0.000000000000000000 ) ) ;
#806 = FACE_OUTER_BOUND ( 'NONE', #2308, .T. ) ;
#807 = VECTOR ( 'NONE', #1063, 1000.000000000000000 ) ;
#808 = DIRECTION ( 'NONE',  ( 0.000000000000000000, 0.000000000000000000, 1.000000000000000000 ) ) ;
#809 = EDGE_LOOP ( 'NONE', ( #3718, #1233, #3369, #4973 ) ) ;
#810 = LOCAL_TIME ( 10, 54, 4.000000000000000000, #2101 ) ;
#811 = CC_DESIGN_DATE_AND_TIME_ASSIGNMENT ( #2189, #2550, ( #3260 ) ) ;
#812 = AXIS2_PLACEMENT_3D ( 'NONE', #3903, #316, #261 ) ;
#813 = CIRCLE ( 'NONE', #4119, 0.9999999999999940048 ) ;
#814 = PERSON_AND_ORGANIZATION ( #875, #1923 ) ;
#815 = DIRECTION ( 'NONE',  ( 1.000000000000000000, 0.000000000000000000, 0.000000000000000000 ) ) ;
#816 = CARTESIAN_POINT ( 'NONE',  ( -45.00000000000000000, 13.99999999999999822, 0.000000000000000000 ) ) ;
#817 = DIRECTION ( 'NONE',  ( 0.000000000000000000, 1.000000000000000000, 0.000000000000000000 ) ) ;
#818 = ORIENTED_EDGE ( 'NONE', *, *, #1299, .T. ) ;
#819 = EDGE_CURVE ( 'NONE', #3010, #5579, #2069, .T. ) ;
#820 = AXIS2_PLACEMENT_3D ( 'NONE', #1410, #4619, #5537 ) ;
#821 = CARTESIAN_POINT ( 'NONE',  ( 14.45628997867803456, 0.000000000000000000, 3.149999999999999911 ) ) ;
#822 = FACE_OUTER_BOUND ( 'NONE', #3969, .T. ) ;
#823 = DIRECTION ( 'NONE',  ( -1.000000000000000000, 0.000000000000000000, 0.000000000000000000 ) ) ;
#824 = CARTESIAN_POINT ( 'NONE',  ( 14.45628997867803456, 12.37605014959657268, 20.99930208231626949 ) ) ;
#825 = CARTESIAN_POINT ( 'NONE',  ( -23.63974729861821089, 26.32311437224027273, 5.886924997529379588 ) ) ;
#826 = VERTEX_POINT ( 'NONE', #2874 ) ;
#827 = VECTOR ( 'NONE', #4665, 1000.000000000000000 ) ;
#828 = ORIENTED_EDGE ( 'NONE', *, *, #718, .F. ) ;
#829 = CARTESIAN_POINT ( 'NONE',  ( 2.866834657879444137, 0.000000000000000000, 38.52235112214061274 ) ) ;
#830 = DIRECTION ( 'NONE',  ( 0.000000000000000000, 0.000000000000000000, 1.000000000000000000 ) ) ;
#831 = ORIENTED_EDGE ( 'NONE', *, *, #5276, .F. ) ;
#832 = EDGE_CURVE ( 'NONE', #3955, #1459, #4658, .T. ) ;
#833 = CIRCLE ( 'NONE', #250, 4.999999999999997335 ) ;
#834 = DIRECTION ( 'NONE',  ( -1.000000000000000000, -0.000000000000000000, 1.116774769942150345E-16 ) ) ;
#835 = CYLINDRICAL_SURFACE ( 'NONE', #2067, 7.273499999999998522 ) ;
#836 = VERTEX_POINT ( 'NONE', #4863 ) ;
#837 = DIRECTION ( 'NONE',  ( -0.000000000000000000, 1.000000000000000000, -0.000000000000000000 ) ) ;
#838 = LINE ( 'NONE', #4450, #4299 ) ;
#839 = EDGE_CURVE ( 'NONE', #2752, #2768, #3254, .T. ) ;
#840 = CARTESIAN_POINT ( 'NONE',  ( 2.866834657879444581, 4.308518704859749526, 2.765867971655973090 ) ) ;
#841 = CARTESIAN_POINT ( 'NONE',  ( 5.988421630728562484, 13.99999999999999822, 7.148629685907792464 ) ) ;
#842 = VERTEX_POINT ( 'NONE', #4036 ) ;
#843 = DIRECTION ( 'NONE',  ( -0.000000000000000000, -1.000000000000000000, -0.000000000000000000 ) ) ;
#844 = FACE_BOUND ( 'NONE', #3237, .T. ) ;
#845 = DIRECTION ( 'NONE',  ( 0.000000000000000000, 1.000000000000000000, 0.000000000000000000 ) ) ;
#846 = DIRECTION ( 'NONE',  ( 0.000000000000000000, 0.000000000000000000, 1.000000000000000000 ) ) ;
#847 = EDGE_LOOP ( 'NONE', ( #1735, #3390 ) ) ;
#848 = ADVANCED_FACE ( 'NONE', ( #5723, #3473 ), #5339, .F. ) ;
#849 = CARTESIAN_POINT ( 'NONE',  ( -8.534680264212090250, 23.24035878011507705, -14.86701640788925083 ) ) ;
#850 = CARTESIAN_POINT ( 'NONE',  ( 20.88793790541486572, 35.26014329412670634, 29.34480594681695109 ) ) ;
#851 = CARTESIAN_POINT ( 'NONE',  ( -19.59999999999999787, 25.00000000000000355, 4.381466874697181879 ) ) ;
#852 = EDGE_CURVE ( 'NONE', #4279, #5802, #2115, .T. ) ;
#853 = CARTESIAN_POINT ( 'NONE',  ( -45.00000000000000000, 13.99999999999999822, 7.273499999999994969 ) ) ;
#854 = ORIENTED_EDGE ( 'NONE', *, *, #3211, .T. ) ;
#855 = LINE ( 'NONE', #3518, #5521 ) ;
#856 = DIRECTION ( 'NONE',  ( 0.000000000000000000, -1.000000000000000000, -1.734723475976807341E-16 ) ) ;
#857 = AXIS2_PLACEMENT_3D ( 'NONE', #4998, #3152, #4078 ) ;
#858 = DIRECTION ( 'NONE',  ( 1.000000000000000000, 0.000000000000000000, 0.000000000000000000 ) ) ;
#859 = VERTEX_POINT ( 'NONE', #3028 ) ;
#860 = CARTESIAN_POINT ( 'NONE',  ( 27.02645776280359158, 20.02270727130722605, 21.86380040033817451 ) ) ;
#861 = LINE ( 'NONE', #2606, #1113 ) ;
#862 = ORIENTED_EDGE ( 'NONE', *, *, #171, .F. ) ;
#863 = AXIS2_PLACEMENT_3D ( 'NONE', #2858, #4193, #4389 ) ;
#864 = EDGE_CURVE ( 'NONE', #5206, #4077, #866, .T. ) ;
#865 = LINE ( 'NONE', #4837, #1561 ) ;
#866 = LINE ( 'NONE', #3945, #3735 ) ;
#867 = CYLINDRICAL_SURFACE ( 'NONE', #1476, 0.9999999999999940048 ) ;
#868 = DIRECTION ( 'NONE',  ( 1.000000000000000000, 0.000000000000000000, 0.000000000000000000 ) ) ;
#869 = VERTEX_POINT ( 'NONE', #2614 ) ;
#870 = EDGE_CURVE ( 'NONE', #4396, #4192, #1274, .T. ) ;
#871 = PERSON_AND_ORGANIZATION_ROLE ( 'creator' ) ;
#872 = CARTESIAN_POINT ( 'NONE',  ( 18.31060644601976861, 24.67373752019588906, 38.52235112214061274 ) ) ;
#873 = CARTESIAN_POINT ( 'NONE',  ( -20.87928874130369294, 23.00981304937997862, 28.67691628987579833 ) ) ;
#874 = DIRECTION ( 'NONE',  ( 0.000000000000000000, 0.000000000000000000, 1.000000000000000000 ) ) ;
#875 = PERSON ( 'UNSPECIFIED', 'UNSPECIFIED', 'UNSPECIFIED', ('UNSPECIFIED'), ('UNSPECIFIED'), ('UNSPECIFIED') ) ;
#876 = EDGE_LOOP ( 'NONE', ( #1486, #4551 ) ) ;
#877 = FACE_OUTER_BOUND ( 'NONE', #2925, .T. ) ;
#878 = CARTESIAN_POINT ( 'NONE',  ( 44.60000000000000142, 25.00000000000000355, 4.381466874697174774 ) ) ;
#879 = CARTESIAN_POINT ( 'NONE',  ( 31.88733761830489399, 0.000000000000000000, 17.16662904032490644 ) ) ;
#880 = CARTESIAN_POINT ( 'NONE',  ( -2.866834657879416159, 3.000000000000000000, -49.00079791768374804 ) ) ;
#881 = ORIENTED_EDGE ( 'NONE', *, *, #4914, .F. ) ;
#882 = CARTESIAN_POINT ( 'NONE',  ( -14.59999999999999432, 25.00000000000000355, 27.35000000000001563 ) ) ;
#883 = CARTESIAN_POINT ( 'NONE',  ( 26.98478162656133961, 20.08200467627164798, -19.65299812848930472 ) ) ;
#884 = EDGE_LOOP ( 'NONE', ( #3175, #4947, #4683, #4348 ) ) ;
#885 = CARTESIAN_POINT ( 'NONE',  ( -17.71878667842027610, 25.00000000000000711, 38.52235112214060564 ) ) ;
#886 = ORIENTED_EDGE ( 'NONE', *, *, #3613, .F. ) ;
#887 = EDGE_CURVE ( 'NONE', #2409, #1234, #5624, .T. ) ;
#888 = CARTESIAN_POINT ( 'NONE',  ( 49.52762154881770584, 0.000000000000000000, 10.56677942393415037 ) ) ;
#889 = DIRECTION ( 'NONE',  ( -0.000000000000000000, 1.000000000000000000, -0.000000000000000000 ) ) ;
#890 = CARTESIAN_POINT ( 'NONE',  ( -8.661562318278711814, 1.212141125398237484, -49.00079791768374804 ) ) ;
#891 = VECTOR ( 'NONE', #3238, 1000.000000000000000 ) ;
#892 = EDGE_LOOP ( 'NONE', ( #1405, #2363, #2870, #3365 ) ) ;
#893 = VECTOR ( 'NONE', #3602, 1000.000000000000000 ) ;
#894 = DIRECTION ( 'NONE',  ( 1.000000000000000000, 0.000000000000000000, 0.000000000000000000 ) ) ;
#895 = CARTESIAN_POINT ( 'NONE',  ( -20.18309985598945744, 24.10483543203426393, 30.14319577749972012 ) ) ;
#896 = EDGE_CURVE ( 'NONE', #2482, #4100, #3088, .T. ) ;
#897 = DIRECTION ( 'NONE',  ( 0.000000000000000000, 0.000000000000000000, 1.000000000000000000 ) ) ;
#898 = LOCAL_TIME ( 10, 54, 4.000000000000000000, #3120 ) ;
#899 = ADVANCED_FACE ( 'NONE', ( #1302 ), #2185, .F. ) ;
#900 = EDGE_LOOP ( 'NONE', ( #3777, #1589, #2845, #3241 ) ) ;
#901 = CARTESIAN_POINT ( 'NONE',  ( -31.88733761830489399, 20.00000000000000000, 15.66662904032490822 ) ) ;
#902 = CARTESIAN_POINT ( 'NONE',  ( 21.15202098131968711, 34.99983505235672254, 28.22362700288830339 ) ) ;
#903 = CARTESIAN_POINT ( 'NONE',  ( -14.45628997867800791, 3.000000000000000888, -49.00079791768374804 ) ) ;
#904 = AXIS2_PLACEMENT_3D ( 'NONE', #3415, #1599, #4337 ) ;
#905 = EDGE_CURVE ( 'NONE', #3767, #545, #838, .T. ) ;
#906 = EDGE_LOOP ( 'NONE', ( #3002, #1285, #1371, #68 ) ) ;
#907 = DIRECTION ( 'NONE',  ( -0.000000000000000000, 1.000000000000000000, -0.000000000000000000 ) ) ;
#908 = CIRCLE ( 'NONE', #2650, 0.9999999999999940048 ) ;
#909 = ORIENTED_EDGE ( 'NONE', *, *, #653, .F. ) ;
#910 = FACE_OUTER_BOUND ( 'NONE', #764, .T. ) ;
#911 = CARTESIAN_POINT ( 'NONE',  ( 26.90812176897543395, 20.08206150770144660, -20.14709809476377345 ) ) ;
#912 = CARTESIAN_POINT ( 'NONE',  ( -31.88733761830489399, 48.00000000000000000, 20.66662904032490644 ) ) ;
#913 = ORIENTED_EDGE ( 'NONE', *, *, #4978, .F. ) ;
#914 = DIRECTION ( 'NONE',  ( 0.000000000000000000, 0.000000000000000000, 1.000000000000000000 ) ) ;
#915 = AXIS2_PLACEMENT_3D ( 'NONE', #2031, #198, #1094 ) ;
#916 = EDGE_LOOP ( 'NONE', ( #4326, #2292 ) ) ;
#917 = VECTOR ( 'NONE', #538, 1000.000000000000000 ) ;
#918 = CARTESIAN_POINT ( 'NONE',  ( 23.38065654542329952, 20.00259718023009015, 38.44950921622491080 ) ) ;
#919 = CARTESIAN_POINT ( 'NONE',  ( -2.866834657879416159, 3.367028381789538116, 26.70411315649243988 ) ) ;
#920 = CARTESIAN_POINT ( 'NONE',  ( 13.48009005702121854, 41.99993163425673259, -15.83312378918884811 ) ) ;
#921 = EDGE_CURVE ( 'NONE', #175, #4841, #5221, .T. ) ;
#922 = ORIENTED_EDGE ( 'NONE', *, *, #5489, .F. ) ;
#923 = CARTESIAN_POINT ( 'NONE',  ( -31.88733761830489399, 48.00000000000000000, -20.66662904032490644 ) ) ;
#924 = CARTESIAN_POINT ( 'NONE',  ( -6.768137763325459133, 14.00000000000000178, -13.24221637010595742 ) ) ;
#925 = DIRECTION ( 'NONE',  ( -0.000000000000000000, 0.000000000000000000, 1.000000000000000000 ) ) ;
#926 = VERTEX_POINT ( 'NONE', #4148 ) ;
#927 = EDGE_CURVE ( 'NONE', #223, #1381, #3040, .T. ) ;
#928 = DIRECTION ( 'NONE',  ( 0.000000000000000000, 0.000000000000000000, 1.000000000000000000 ) ) ;
#929 = DIRECTION ( 'NONE',  ( 1.000000000000000000, -0.000000000000000000, -0.000000000000000000 ) ) ;
#930 = DIRECTION ( 'NONE',  ( 1.000000000000000000, 0.000000000000000000, -1.116774769942150345E-16 ) ) ;
#931 = ORIENTED_EDGE ( 'NONE', *, *, #1262, .F. ) ;
#932 = DIRECTION ( 'NONE',  ( -0.000000000000000000, 1.000000000000000000, -0.000000000000000000 ) ) ;
#933 = VERTEX_POINT ( 'NONE', #110 ) ;
#934 = VERTEX_POINT ( 'NONE', #4088 ) ;
#935 = EDGE_CURVE ( 'NONE', #3571, #175, #4506, .T. ) ;
#936 = DIRECTION ( 'NONE',  ( 1.000000000000000000, 0.000000000000000000, -1.116774769942150345E-16 ) ) ;
#937 = CARTESIAN_POINT ( 'NONE',  ( 13.43157874241032168, 41.99999999999999289, -15.94580039634804436 ) ) ;
#938 = VERTEX_POINT ( 'NONE', #4981 ) ;
#939 = VERTEX_POINT ( 'NONE', #4587 ) ;
#940 = CARTESIAN_POINT ( 'NONE',  ( 8.407882355371745220, 42.00000000000000000, -22.17069512367551809 ) ) ;
#941 = ORIENTED_EDGE ( 'NONE', *, *, #5236, .T. ) ;
#942 = AXIS2_PLACEMENT_3D ( 'NONE', #5809, #3971, #2665 ) ;
#943 = DIRECTION ( 'NONE',  ( 0.000000000000000000, 0.000000000000000000, 1.000000000000000000 ) ) ;
#944 = DIRECTION ( 'NONE',  ( 1.000000000000000000, 0.000000000000000000, -1.116774769942150345E-16 ) ) ;
#945 = FACE_OUTER_BOUND ( 'NONE', #299, .T. ) ;
#946 = AXIS2_PLACEMENT_3D ( 'NONE', #76, #555, #4584 ) ;
#947 = ORIENTED_EDGE ( 'NONE', *, *, #676, .T. ) ;
#948 = EDGE_CURVE ( 'NONE', #2635, #5781, #2725, .T. ) ;
#949 = APPROVAL_STATUS ( 'not_yet_approved' ) ;
#950 = CYLINDRICAL_SURFACE ( 'NONE', #1843, 125.8238134383398972 ) ;
#951 = PLANE ( 'NONE',  #611 ) ;
#952 = CARTESIAN_POINT ( 'NONE',  ( 0.000000000000000000, 13.99999999999999822, 7.148629685907792464 ) ) ;
#953 = VERTEX_POINT ( 'NONE', #1439 ) ;
#954 = EDGE_CURVE ( 'NONE', #112, #4952, #3074, .T. ) ;
#955 = CARTESIAN_POINT ( 'NONE',  ( 28.23814985960639490, 20.00000000000000711, -17.24852595502087027 ) ) ;
#956 = CARTESIAN_POINT ( 'NONE',  ( 24.34747096510081121, 37.52688323362851719, 2.434598163647610836 ) ) ;
#957 = CARTESIAN_POINT ( 'NONE',  ( -2.866834657879416159, -70.95718940385208384, -38.64334463271136855 ) ) ;
#958 = FACE_OUTER_BOUND ( 'NONE', #2920, .T. ) ;
#959 = ORIENTED_EDGE ( 'NONE', *, *, #2174, .T. ) ;
#960 = CARTESIAN_POINT ( 'NONE',  ( 24.60000000000000142, 23.19044304560213732, 5.233231882660244416 ) ) ;
#961 = ORIENTED_EDGE ( 'NONE', *, *, #2484, .F. ) ;
#962 = DIRECTION ( 'NONE',  ( 0.000000000000000000, 0.000000000000000000, -1.000000000000000000 ) ) ;
#963 = PLANE ( 'NONE',  #2125 ) ;
#964 = CARTESIAN_POINT ( 'NONE',  ( -20.88690806105854136, 35.76952430302482355, 26.76788633474178880 ) ) ;
#965 = VERTEX_POINT ( 'NONE', #4177 ) ;
#966 = EDGE_CURVE ( 'NONE', #934, #1684, #1086, .T. ) ;
#967 = CARTESIAN_POINT ( 'NONE',  ( -23.26001857313331200, 20.00000000000000000, 38.52235112214060564 ) ) ;
#968 = EDGE_CURVE ( 'NONE', #5026, #3192, #2596, .T. ) ;
#969 = VERTEX_POINT ( 'NONE', #5507 ) ;
#970 = CARTESIAN_POINT ( 'NONE',  ( -19.59999999999999432, 25.00000000000000355, 30.35000000000001208 ) ) ;
#971 = CARTESIAN_POINT ( 'NONE',  ( 14.45628997867803989, 3.656905854172833426, 1.920176775325593610 ) ) ;
#972 = CARTESIAN_POINT ( 'NONE',  ( -14.59999999999999432, 37.00000000000000711, 28.35000000000001208 ) ) ;
#973 = CARTESIAN_POINT ( 'NONE',  ( -2.866834657879416159, 3.000000000000000000, 27.99930208231626949 ) ) ;
#974 = CARTESIAN_POINT ( 'NONE',  ( 14.49859512165237696, 33.81660833042502645, -12.08269219009810413 ) ) ;
#975 = VERTEX_POINT ( 'NONE', #4557 ) ;
#976 = ORIENTED_EDGE ( 'NONE', *, *, #5380, .F. ) ;
#977 = DATE_AND_TIME ( #2701, #4967 ) ;
#978 = PLANE ( 'NONE',  #1279 ) ;
#979 = DIRECTION ( 'NONE',  ( 0.000000000000000000, 0.000000000000000000, 1.000000000000000000 ) ) ;
#980 = PLANE ( 'NONE',  #2042 ) ;
#981 = VECTOR ( 'NONE', #2322, 1000.000000000000000 ) ;
#982 = ORIENTED_EDGE ( 'NONE', *, *, #1120, .T. ) ;
#983 = DIRECTION ( 'NONE',  ( 0.000000000000000000, 0.000000000000000000, 1.000000000000000000 ) ) ;
#984 = CARTESIAN_POINT ( 'NONE',  ( 24.34305891273389832, 38.00453623724322227, 2.647064561843791353 ) ) ;
#985 = FACE_OUTER_BOUND ( 'NONE', #4194, .T. ) ;
#986 = CYLINDRICAL_SURFACE ( 'NONE', #4795, 7.273499999999998522 ) ;
#987 = ORIENTED_EDGE ( 'NONE', *, *, #5057, .T. ) ;
#988 = DIRECTION ( 'NONE',  ( -0.000000000000000000, 1.000000000000000000, -0.000000000000000000 ) ) ;
#989 = CIRCLE ( 'NONE', #4025, 44.99999999999993605 ) ;
#990 = EDGE_CURVE ( 'NONE', #545, #3675, #2211, .T. ) ;
#991 = AXIS2_PLACEMENT_3D ( 'NONE', #3325, #2971, #1984 ) ;
#992 = VERTEX_POINT ( 'NONE', #3641 ) ;
#993 = AXIS2_PLACEMENT_3D ( 'NONE', #1985, #3477, #2011 ) ;
#994 = CARTESIAN_POINT ( 'NONE',  ( 14.59999999999999964, 13.99999999999999822, -11.00000000000000000 ) ) ;
#995 = CARTESIAN_POINT ( 'NONE',  ( -23.62557590522631656, 36.11282661344040434, 6.178719201062897959 ) ) ;
#996 = CARTESIAN_POINT ( 'NONE',  ( -20.11697980671411301, 35.98829932816209975, 30.08024948737595494 ) ) ;
#997 = ORIENTED_EDGE ( 'NONE', *, *, #704, .F. ) ;
#998 = CARTESIAN_POINT ( 'NONE',  ( -26.97496284303431580, 20.00000000000000000, 21.59860225200279871 ) ) ;
#999 = EDGE_LOOP ( 'NONE', ( #3112, #2477, #363, #1295, #1066, #1928, #982, #2642 ) ) ;
#1000 = VECTOR ( 'NONE', #1352, 1000.000000000000000 ) ;
#1001 = EDGE_CURVE ( 'NONE', #294, #1558, #4581, .T. ) ;
#1002 = CYLINDRICAL_SURFACE ( 'NONE', #946, 2.000000000000000888 ) ;
#1003 = CARTESIAN_POINT ( 'NONE',  ( -2.866834657879416159, 12.92094751520460960, 7.148629685907792464 ) ) ;
#1004 = AXIS2_PLACEMENT_3D ( 'NONE', #5350, #5378, #874 ) ;
#1005 = DIRECTION ( 'NONE',  ( 1.000000000000000000, -0.000000000000000000, -1.116774769942150345E-16 ) ) ;
#1006 = DIRECTION ( 'NONE',  ( -1.000000000000000000, -0.000000000000000000, 1.116774769942150345E-16 ) ) ;
#1007 = DIRECTION ( 'NONE',  ( 1.000000000000000000, 0.000000000000000000, -1.116774769942150345E-16 ) ) ;
#1008 = EDGE_LOOP ( 'NONE', ( #2210, #1196, #1621, #645, #5334, #4301 ) ) ;
#1009 = EDGE_CURVE ( 'NONE', #2963, #2673, #1384, .T. ) ;
#1010 = ORIENTED_EDGE ( 'NONE', *, *, #2915, .F. ) ;
#1011 = VECTOR ( 'NONE', #3823, 1000.000000000000000 ) ;
#1012 = EDGE_CURVE ( 'NONE', #2113, #2154, #3079, .T. ) ;
#1013 = FACE_OUTER_BOUND ( 'NONE', #614, .T. ) ;
#1014 = CARTESIAN_POINT ( 'NONE',  ( -14.49051764130910946, 42.00000000000001421, -12.24864996120943061 ) ) ;
#1015 = FACE_BOUND ( 'NONE', #42, .T. ) ;
#1016 = AXIS2_PLACEMENT_3D ( 'NONE', #4507, #3058, #1303 ) ;
#1017 = ORIENTED_EDGE ( 'NONE', *, *, #3137, .T. ) ;
#1018 = CARTESIAN_POINT ( 'NONE',  ( 24.26702896289928546, 24.25174644586888562, 6.245890808857568643 ) ) ;
#1019 = CARTESIAN_POINT ( 'NONE',  ( 24.34847378163784981, 37.26431707901289059, 2.381466874697177438 ) ) ;
#1020 = CARTESIAN_POINT ( 'NONE',  ( -20.86853652834203032, 26.33156983161664755, 26.85199232193246743 ) ) ;
#1021 = DIRECTION ( 'NONE',  ( -1.000000000000000000, 0.000000000000000000, 0.000000000000000000 ) ) ;
#1022 = ORIENTED_EDGE ( 'NONE', *, *, #381, .T. ) ;
#1023 = CARTESIAN_POINT ( 'NONE',  ( -18.00138581492345224, 23.34850222276531184, -38.64334463271136855 ) ) ;
#1024 = EDGE_LOOP ( 'NONE', ( #4660, #1341, #5437, #4744 ) ) ;
#1025 = FACE_BOUND ( 'NONE', #4624, .T. ) ;
#1026 = LINE ( 'NONE', #2830, #513 ) ;
#1027 = LINE ( 'NONE', #3334, #5245 ) ;
#1028 = ADVANCED_FACE ( 'NONE', ( #2811 ), #5285, .F. ) ;
#1029 = EDGE_LOOP ( 'NONE', ( #1364, #4635, #195, #1427 ) ) ;
#1030 = DIRECTION ( 'NONE',  ( 0.000000000000000000, -1.000000000000000000, 0.000000000000000000 ) ) ;
#1031 = ORIENTED_EDGE ( 'NONE', *, *, #4591, .F. ) ;
#1032 = LINE ( 'NONE', #970, #4261 ) ;
#1033 = CARTESIAN_POINT ( 'NONE',  ( 14.45628997867803811, 3.000000000000002220, 0.4249633526293865593 ) ) ;
#1034 = EDGE_CURVE ( 'NONE', #453, #4841, #5328, .T. ) ;
#1035 = CARTESIAN_POINT ( 'NONE',  ( -38.96940996788636369, 0.000000000000000000, 22.50300172765386364 ) ) ;
#1036 = CARTESIAN_POINT ( 'NONE',  ( -2.866834657879414827, 4.845868641815550326, 24.78073059038264958 ) ) ;
#1037 = DIRECTION ( 'NONE',  ( -1.116774769942150345E-16, 0.000000000000000000, -1.000000000000000000 ) ) ;
#1038 = ORIENTED_EDGE ( 'NONE', *, *, #5529, .T. ) ;
#1039 = EDGE_CURVE ( 'NONE', #186, #5103, #5297, .T. ) ;
#1040 = VERTEX_POINT ( 'NONE', #5653 ) ;
#1041 = CIRCLE ( 'NONE', #2833, 44.99999999999993605 ) ;
#1042 = B_SPLINE_CURVE_WITH_KNOTS ( 'NONE', 3,
 ( #2629, #3541, #2197, #2231, #5856, #1787, #3601, #1838, #4189, #1865, #1453, #5132, #3657, #33, #1483, #3264, #4565, #4695, #2790, #1925, #4602, #2373, #2405, #4632, #507, #984, #5077, #956, #1019, #3232 ),
 .UNSPECIFIED., .F., .F.,
 ( 4, 2, 2, 2, 2, 2, 2, 2, 2, 2, 2, 2, 2, 2, 4 ),
 ( 0.006255001011564215348, 0.006645849106313060466, 0.007036697201061904716, 0.007818393390559575870, 0.008209241485308412314, 0.008600089580057247024, 0.008990937674806083468, 0.009381785769554919913, 0.009772633864303756357, 0.01016348195905259454, 0.01055433005380143098, 0.01094517814855026916, 0.01133602624329910560, 0.01172687433804794205, 0.01250857052754561841 ),
 .UNSPECIFIED. ) ;
#1043 = CARTESIAN_POINT ( 'NONE',  ( 19.59999999999999787, 37.00000000000000711, 4.381466874697178326 ) ) ;
#1044 = AXIS2_PLACEMENT_3D ( 'NONE', #2159, #3561, #1720 ) ;
#1045 = CARTESIAN_POINT ( 'NONE',  ( 8.407882355371745220, 42.00000000000000000, -22.17069512367551809 ) ) ;
#1046 = LINE ( 'NONE', #952, #4706 ) ;
#1047 = EDGE_CURVE ( 'NONE', #2934, #4192, #2467, .T. ) ;
#1048 = VERTEX_POINT ( 'NONE', #220 ) ;
#1049 = ADVANCED_FACE ( 'NONE', ( #731 ), #2531, .T. ) ;
#1050 = FACE_OUTER_BOUND ( 'NONE', #2598, .T. ) ;
#1051 = CARTESIAN_POINT ( 'NONE',  ( 14.60000000000000497, 48.00000000000000000, 35.60000000000000853 ) ) ;
#1052 = PLANE ( 'NONE',  #5344 ) ;
#1053 = CARTESIAN_POINT ( 'NONE',  ( -14.45628997867800614, 3.373215445592261386, 26.69260415408411902 ) ) ;
#1054 = ORIENTED_EDGE ( 'NONE', *, *, #1389, .T. ) ;
#1055 = DIRECTION ( 'NONE',  ( 0.000000000000000000, -0.000000000000000000, 1.000000000000000000 ) ) ;
#1056 = VERTEX_POINT ( 'NONE', #4760 ) ;
#1057 = FACE_BOUND ( 'NONE', #2908, .T. ) ;
#1058 = DIRECTION ( 'NONE',  ( 1.000000000000000000, -0.000000000000000000, -1.116774769942150345E-16 ) ) ;
#1059 = CARTESIAN_POINT ( 'NONE',  ( 14.60000000000000497, 37.00000000000000711, 27.35000000000001563 ) ) ;
#1060 = CARTESIAN_POINT ( 'NONE',  ( -14.59678882507310682, 23.62631028979273751, -11.06321233615113186 ) ) ;
#1061 = ORIENTED_EDGE ( 'NONE', *, *, #3440, .T. ) ;
#1062 = CARTESIAN_POINT ( 'NONE',  ( 14.59999999999999964, 20.55380474298929627, -11.00000000000000000 ) ) ;
#1063 = DIRECTION ( 'NONE',  ( 0.000000000000000000, 0.8602915336341744323, 0.5098023903017325775 ) ) ;
#1064 = PLANE ( 'NONE',  #54 ) ;
#1065 = CARTESIAN_POINT ( 'NONE',  ( 24.60000000000000142, 23.37837933107810429, 3.210848915615186705 ) ) ;
#1066 = ORIENTED_EDGE ( 'NONE', *, *, #535, .T. ) ;
#1067 = ORIENTED_EDGE ( 'NONE', *, *, #2769, .F. ) ;
#1068 = EDGE_CURVE ( 'NONE', #953, #112, #4745, .T. ) ;
#1069 = PLANE ( 'NONE',  #3938 ) ;
#1070 = CARTESIAN_POINT ( 'NONE',  ( 13.54016225540809515, 42.00000000000000000, -15.73970574331890937 ) ) ;
#1071 = DIRECTION ( 'NONE',  ( 0.000000000000000000, 0.000000000000000000, 1.000000000000000000 ) ) ;
#1072 = ORIENTED_EDGE ( 'NONE', *, *, #5390, .F. ) ;
#1073 = DIRECTION ( 'NONE',  ( -1.000000000000000000, 0.000000000000000000, 1.116774769942150345E-16 ) ) ;
#1074 = CARTESIAN_POINT ( 'NONE',  ( -14.59999999999999787, 37.00000000000000711, 4.381466874697181879 ) ) ;
#1075 = FACE_OUTER_BOUND ( 'NONE', #1696, .T. ) ;
#1076 = CARTESIAN_POINT ( 'NONE',  ( -14.45628997867800436, 6.461743869376525673, 23.35051099282492260 ) ) ;
#1077 = ORIENTED_EDGE ( 'NONE', *, *, #5057, .F. ) ;
#1078 = LINE ( 'NONE', #2187, #5399 ) ;
#1079 = ADVANCED_FACE ( 'NONE', ( #3543 ), #3071, .F. ) ;
#1080 = VECTOR ( 'NONE', #4573, 1000.000000000000000 ) ;
#1081 = CIRCLE ( 'NONE', #1171, 0.9999999999999904521 ) ;
#1082 = DIRECTION ( 'NONE',  ( 1.000000000000000000, 0.000000000000000000, -1.116774769942150345E-16 ) ) ;
#1083 = CARTESIAN_POINT ( 'NONE',  ( -23.63971702071027536, 35.67761879478581477, 5.887563340419585955 ) ) ;
#1084 = CARTESIAN_POINT ( 'NONE',  ( -20.05008431747801012, 36.86604061412198519, 30.35000000000001918 ) ) ;
#1085 = EDGE_CURVE ( 'NONE', #975, #2947, #2331, .T. ) ;
#1086 = CIRCLE ( 'NONE', #1830, 4.999999999999997335 ) ;
#1087 = CARTESIAN_POINT ( 'NONE',  ( -14.22563974867815340, 39.18498372181380773, -13.55623636752417482 ) ) ;
#1088 = VECTOR ( 'NONE', #3533, 1000.000000000000000 ) ;
#1089 = ORIENTED_EDGE ( 'NONE', *, *, #5293, .T. ) ;
#1090 = AXIS2_PLACEMENT_3D ( 'NONE', #5304, #1123, #4857 ) ;
#1091 = ORIENTED_EDGE ( 'NONE', *, *, #4623, .T. ) ;
#1092 = DIRECTION ( 'NONE',  ( -0.000000000000000000, 1.000000000000000000, -0.000000000000000000 ) ) ;
#1093 = CARTESIAN_POINT ( 'NONE',  ( -33.98476260558511086, -2.500000000000000000, 3.149999999999999467 ) ) ;
#1094 = DIRECTION ( 'NONE',  ( 0.000000000000000000, 0.000000000000000000, 1.000000000000000000 ) ) ;
#1095 = CARTESIAN_POINT ( 'NONE',  ( 20.64190408507750618, 37.00000000000000711, 30.35000000000000853 ) ) ;
#1096 = AXIS2_PLACEMENT_3D ( 'NONE', #1282, #4871, #365 ) ;
#1097 = EDGE_LOOP ( 'NONE', ( #561, #1841 ) ) ;
#1098 = ORIENTED_EDGE ( 'NONE', *, *, #1576, .F. ) ;
#1099 = CARTESIAN_POINT ( 'NONE',  ( -14.45628997867801147, 4.845868641815554767, 3.367201177841406601 ) ) ;
#1100 = CARTESIAN_POINT ( 'NONE',  ( -17.71878667842027966, 24.66173816953032372, 38.52235112214061274 ) ) ;
#1101 = ADVANCED_FACE ( 'NONE', ( #5596 ), #197, .F. ) ;
#1102 = PLANE ( 'NONE',  #1568 ) ;
#1103 = ORIENTED_EDGE ( 'NONE', *, *, #3353, .T. ) ;
#1104 = CIRCLE ( 'NONE', #2623, 0.9999999999999940048 ) ;
#1105 = VECTOR ( 'NONE', #1954, 1000.000000000000000 ) ;
#1106 = CARTESIAN_POINT ( 'NONE',  ( 31.88733761830489399, 0.000000000000000000, 24.16662904032490644 ) ) ;
#1107 = LINE ( 'NONE', #4784, #431 ) ;
#1108 = CARTESIAN_POINT ( 'NONE',  ( 21.46003893371969085, 38.33318905244922803, 26.85344179720011226 ) ) ;
#1109 = CARTESIAN_POINT ( 'NONE',  ( 21.00152769273409703, 26.94891241582028130, 28.86898093525972087 ) ) ;
#1110 = ORIENTED_EDGE ( 'NONE', *, *, #1222, .F. ) ;
#1111 = CARTESIAN_POINT ( 'NONE',  ( -22.96147533197451196, 20.00000000000000000, -38.64334463271136855 ) ) ;
#1112 = EDGE_CURVE ( 'NONE', #231, #4260, #170, .T. ) ;
#1113 = VECTOR ( 'NONE', #1212, 1000.000000000000000 ) ;
#1114 = FACE_OUTER_BOUND ( 'NONE', #105, .T. ) ;
#1115 = CARTESIAN_POINT ( 'NONE',  ( -23.74804617081161240, 35.77970815366542467, 2.791537780154985438 ) ) ;
#1116 = FACE_OUTER_BOUND ( 'NONE', #2065, .T. ) ;
#1117 = ORIENTED_EDGE ( 'NONE', *, *, #4186, .F. ) ;
#1118 = CARTESIAN_POINT ( 'NONE',  ( -23.71099784180177394, 26.98692325216530463, 4.118564823481904114 ) ) ;
#1119 = VERTEX_POINT ( 'NONE', #3340 ) ;
#1120 = EDGE_CURVE ( 'NONE', #5864, #5695, #5148, .T. ) ;
#1121 = VERTEX_POINT ( 'NONE', #1003 ) ;
#1122 = CARTESIAN_POINT ( 'NONE',  ( -20.21940163104014587, 38.51503509822058646, 29.66211508828433452 ) ) ;
#1123 = DIRECTION ( 'NONE',  ( -0.000000000000000000, 1.000000000000000000, -0.000000000000000000 ) ) ;
#1124 = DIRECTION ( 'NONE',  ( 1.000000000000000000, 0.000000000000000000, -1.116774769942150345E-16 ) ) ;
#1125 = CARTESIAN_POINT ( 'NONE',  ( 24.33089401573592170, 26.59215969885761766, 3.164060499205614274 ) ) ;
#1126 = ORIENTED_EDGE ( 'NONE', *, *, #1426, .T. ) ;
#1127 = ORIENTED_EDGE ( 'NONE', *, *, #5340, .F. ) ;
#1128 = CARTESIAN_POINT ( 'NONE',  ( -14.45628997867800969, 3.804793560208529435, 2.129361977900555480 ) ) ;
#1129 = CARTESIAN_POINT ( 'NONE',  ( 6.738421665531215687, 14.00000000000000178, -12.58568573764625853 ) ) ;
#1130 = CARTESIAN_POINT ( 'NONE',  ( 0.000000000000000000, 13.99999999999999822, 0.000000000000000000 ) ) ;
#1131 = ORIENTED_EDGE ( 'NONE', *, *, #95, .T. ) ;
#1132 = CIRCLE ( 'NONE', #5484, 0.9999999999999974465 ) ;
#1133 = DIRECTION ( 'NONE',  ( 0.000000000000000000, 0.000000000000000000, 1.000000000000000000 ) ) ;
#1134 = CARTESIAN_POINT ( 'NONE',  ( 20.81090027248436769, 38.51390345917744895, 29.66343607894776468 ) ) ;
#1135 = CARTESIAN_POINT ( 'NONE',  ( 21.26804228909175976, 26.90126038507837691, 27.71587156684355335 ) ) ;
#1136 = VERTEX_POINT ( 'NONE', #2775 ) ;
#1137 = CARTESIAN_POINT ( 'NONE',  ( -3.992101845534183013, 14.00000000002461142, -15.91338194400665174 ) ) ;
#1138 = EDGE_CURVE ( 'NONE', #1583, #2147, #107, .T. ) ;
#1139 = CARTESIAN_POINT ( 'NONE',  ( 0.000000000000000000, 20.00000000000000000, 0.000000000000000000 ) ) ;
#1140 = DIRECTION ( 'NONE',  ( 1.000000000000000000, 0.000000000000000000, 0.000000000000000000 ) ) ;
#1141 = CARTESIAN_POINT ( 'NONE',  ( -8.557435853078029453, 23.32770752576179873, -14.87323890715262564 ) ) ;
#1142 = EDGE_LOOP ( 'NONE', ( #1552, #4622, #5621, #2684, #3406 ) ) ;
#1143 = CARTESIAN_POINT ( 'NONE',  ( 21.58920202005514000, 24.34048471876011632, 26.45707273537654203 ) ) ;
#1144 = CARTESIAN_POINT ( 'NONE',  ( -14.06128537264687850, 40.52319444005583193, -14.18179647977562752 ) ) ;
#1145 = ORIENTED_EDGE ( 'NONE', *, *, #5065, .T. ) ;
#1146 = ORIENTED_EDGE ( 'NONE', *, *, #5013, .T. ) ;
#1147 = CARTESIAN_POINT ( 'NONE',  ( -20.80478967758992681, 38.59893542318320669, 27.14155864733865542 ) ) ;
#1148 = CARTESIAN_POINT ( 'NONE',  ( 2.866834657879444137, 0.000000000000000000, -38.64334463271136855 ) ) ;
#1149 = CARTESIAN_POINT ( 'NONE',  ( 24.21235606962476794, 36.35577613212568338, 6.279411302544071205 ) ) ;
#1150 = EDGE_CURVE ( 'NONE', #257, #1619, #5121, .T. ) ;
#1151 = CARTESIAN_POINT ( 'NONE',  ( 45.00000000000000000, 0.000000000000000000, -1.653273178848926709E-14 ) ) ;
#1152 = EDGE_CURVE ( 'NONE', #3825, #3010, #4205, .T. ) ;
#1153 = CARTESIAN_POINT ( 'NONE',  ( 24.28900991659218889, 26.99986535846932512, 4.515328253203236386 ) ) ;
#1154 = ORIENTED_EDGE ( 'NONE', *, *, #948, .T. ) ;
#1155 = ORIENTED_EDGE ( 'NONE', *, *, #3750, .F. ) ;
#1156 = DIRECTION ( 'NONE',  ( -1.000000000000000000, -0.000000000000000000, 1.116774769942150345E-16 ) ) ;
#1157 = CARTESIAN_POINT ( 'NONE',  ( -49.52762154881771295, 20.00000000000000000, -10.56677942393415037 ) ) ;
#1158 = DIRECTION ( 'NONE',  ( -1.188166764367676095E-16, 0.000000000000000000, -1.000000000000000000 ) ) ;
#1159 = ORIENTED_EDGE ( 'NONE', *, *, #4996, .T. ) ;
#1160 = CARTESIAN_POINT ( 'NONE',  ( 17.75652434559166082, 30.60378374115303046, -11.00000000000002309 ) ) ;
#1161 = LINE ( 'NONE', #661, #712 ) ;
#1162 = CARTESIAN_POINT ( 'NONE',  ( 21.00152769273410058, 38.94891241582028130, 28.86898093525971376 ) ) ;
#1163 = CARTESIAN_POINT ( 'NONE',  ( -14.01301646963056768, 17.77705795457203664, -10.99999999999999645 ) ) ;
#1164 = ORIENTED_EDGE ( 'NONE', *, *, #1963, .T. ) ;
#1165 = CARTESIAN_POINT ( 'NONE',  ( -19.59999999999999432, 37.00000000000000711, 28.35000000000001563 ) ) ;
#1166 = CARTESIAN_POINT ( 'NONE',  ( 33.98476260558511797, -2.500000000000000000, 3.149999999999999467 ) ) ;
#1167 = CARTESIAN_POINT ( 'NONE',  ( -2.866834657879416604, 10.77858375082994336, 6.950009348409214027 ) ) ;
#1168 = CARTESIAN_POINT ( 'NONE',  ( 21.50366599049973004, 23.00533912605048670, 28.54496275510433989 ) ) ;
#1169 = EDGE_CURVE ( 'NONE', #4605, #4210, #4712, .T. ) ;
#1170 = CARTESIAN_POINT ( 'NONE',  ( -14.44418123712397239, 35.37802549031996335, -12.45625555447849742 ) ) ;
#1171 = AXIS2_PLACEMENT_3D ( 'NONE', #2383, #4140, #5086 ) ;
#1172 = ORIENTED_EDGE ( 'NONE', *, *, #3764, .T. ) ;
#1173 = ORIENTED_EDGE ( 'NONE', *, *, #2679, .F. ) ;
#1174 = CARTESIAN_POINT ( 'NONE',  ( -20.97734123660994854, 37.26455288005668365, 26.35000000000001563 ) ) ;
#1175 = DIRECTION ( 'NONE',  ( 0.000000000000000000, 0.000000000000000000, 1.000000000000000000 ) ) ;
#1176 = CARTESIAN_POINT ( 'NONE',  ( -14.59999999999999432, 25.00000000000000355, 29.35000000000000497 ) ) ;
#1177 = TOROIDAL_SURFACE ( 'NONE', #330, 13.06426483703416253, 7.000000000000000000 ) ;
#1178 = DIRECTION ( 'NONE',  ( 1.000000000000000000, 0.000000000000000000, -0.000000000000000000 ) ) ;
#1179 = CARTESIAN_POINT ( 'NONE',  ( -8.327235992563760902, 14.00000000000000178, -12.21584785838446230 ) ) ;
#1180 = VERTEX_POINT ( 'NONE', #4617 ) ;
#1181 = VERTEX_POINT ( 'NONE', #4175 ) ;
#1182 = VECTOR ( 'NONE', #2321, 1000.000000000000000 ) ;
#1183 = ADVANCED_FACE ( 'NONE', ( #1998 ), #556, .F. ) ;
#1184 = VECTOR ( 'NONE', #4428, 1000.000000000000000 ) ;
#1185 = CARTESIAN_POINT ( 'NONE',  ( -14.45628997867800969, 3.647666669400686068, 1.906335583146767876 ) ) ;
#1186 = CARTESIAN_POINT ( 'NONE',  ( -21.62983063540859519, 20.15382394438414693, 38.52235112214059853 ) ) ;
#1187 = PLANE ( 'NONE',  #2139 ) ;
#1188 = ORIENTED_EDGE ( 'NONE', *, *, #4002, .T. ) ;
#1189 = VECTOR ( 'NONE', #1855, 1000.000000000000000 ) ;
#1190 = EDGE_CURVE ( 'NONE', #4520, #4835, #1910, .T. ) ;
#1191 = LINE ( 'NONE', #2436, #2025 ) ;
#1192 = CARTESIAN_POINT ( 'NONE',  ( 18.98544984370526478, 22.52767579635830231, 38.52235112214061274 ) ) ;
#1193 = CARTESIAN_POINT ( 'NONE',  ( 21.51058224212079040, 38.01474661220584750, 26.62150973984002178 ) ) ;
#1194 = DIRECTION ( 'NONE',  ( 0.000000000000000000, 0.000000000000000000, -1.000000000000000000 ) ) ;
#1195 = AXIS2_PLACEMENT_3D ( 'NONE', #3389, #752, #2468 ) ;
#1196 = ORIENTED_EDGE ( 'NONE', *, *, #2088, .F. ) ;
#1197 = AXIS2_PLACEMENT_3D ( 'NONE', #2193, #2165, #3597 ) ;
#1198 = DIRECTION ( 'NONE',  ( 0.000000000000000000, 0.000000000000000000, -1.000000000000000000 ) ) ;
#1199 = FACE_OUTER_BOUND ( 'NONE', #4709, .T. ) ;
#1200 = DIRECTION ( 'NONE',  ( 1.000000000000000000, 0.000000000000000000, -1.116774769942150345E-16 ) ) ;
#1201 = CARTESIAN_POINT ( 'NONE',  ( 21.57189939000685897, 24.72976847107332787, 26.36383921636956273 ) ) ;
#1202 = FACE_OUTER_BOUND ( 'NONE', #2355, .T. ) ;
#1203 = CIRCLE ( 'NONE', #1955, 3.499999999999999556 ) ;
#1204 = VERTEX_POINT ( 'NONE', #4648 ) ;
#1205 = EDGE_CURVE ( 'NONE', #4431, #5501, #4679, .T. ) ;
#1206 = ORIENTED_EDGE ( 'NONE', *, *, #4534, .F. ) ;
#1207 = CARTESIAN_POINT ( 'NONE',  ( -20.88683180934870620, 38.23105475311278667, 26.76823757310020824 ) ) ;
#1208 = CARTESIAN_POINT ( 'NONE',  ( -23.99890648927320669, 23.40753070894465537, 3.164545913273907551 ) ) ;
#1209 = CARTESIAN_POINT ( 'NONE',  ( 24.21043477585658010, 36.48049038097696695, 6.317232679752971869 ) ) ;
#1210 = VERTEX_POINT ( 'NONE', #2359 ) ;
#1211 = CARTESIAN_POINT ( 'NONE',  ( -14.45628997867800436, 11.83167323023141293, 20.99930208231626949 ) ) ;
#1212 = DIRECTION ( 'NONE',  ( 0.000000000000000000, 0.000000000000000000, -1.000000000000000000 ) ) ;
#1213 = ORIENTED_EDGE ( 'NONE', *, *, #2435, .F. ) ;
#1214 = ORIENTED_EDGE ( 'NONE', *, *, #935, .T. ) ;
#1215 = CARTESIAN_POINT ( 'NONE',  ( -8.661562318278711814, 13.99999999999999822, 7.143170395913834625 ) ) ;
#1216 = CARTESIAN_POINT ( 'NONE',  ( -23.71923203933059199, 38.93600935784053974, 3.862960110148978554 ) ) ;
#1217 = EDGE_CURVE ( 'NONE', #5231, #3879, #5569, .T. ) ;
#1218 = PLANE ( 'NONE',  #3379 ) ;
#1219 = ORIENTED_EDGE ( 'NONE', *, *, #4455, .F. ) ;
#1220 = DIRECTION ( 'NONE',  ( 0.000000000000000000, 1.000000000000000000, 0.000000000000000000 ) ) ;
#1221 = DIRECTION ( 'NONE',  ( -0.000000000000000000, 1.000000000000000000, -0.000000000000000000 ) ) ;
#1222 = EDGE_CURVE ( 'NONE', #5781, #4431, #2388, .T. ) ;
#1223 = CARTESIAN_POINT ( 'NONE',  ( 21.46003893371969440, 26.33318905244922092, 26.85344179720012292 ) ) ;
#1224 = EDGE_CURVE ( 'NONE', #5572, #2294, #426, .T. ) ;
#1225 = ORIENTED_EDGE ( 'NONE', *, *, #1388, .T. ) ;
#1226 = VECTOR ( 'NONE', #1314, 1000.000000000000000 ) ;
#1227 = CARTESIAN_POINT ( 'NONE',  ( -23.26001857313331200, 0.000000000000000000, 38.52235112214060564 ) ) ;
#1228 = DIRECTION ( 'NONE',  ( 0.000000000000000000, 0.000000000000000000, -1.000000000000000000 ) ) ;
#1229 = LINE ( 'NONE', #695, #5142 ) ;
#1230 = CARTESIAN_POINT ( 'NONE',  ( 14.45628997867802923, 3.241990833914200287, 26.94458514258403881 ) ) ;
#1231 = AXIS2_PLACEMENT_3D ( 'NONE', #3090, #4477, #1277 ) ;
#1232 = CARTESIAN_POINT ( 'NONE',  ( -23.66757219667652734, 26.79803136226615123, 5.267071102640330515 ) ) ;
#1233 = ORIENTED_EDGE ( 'NONE', *, *, #1280, .T. ) ;
#1234 = VERTEX_POINT ( 'NONE', #3021 ) ;
#1235 = CARTESIAN_POINT ( 'NONE',  ( -20.93281810480084815, 37.89499460351201066, 26.55659570465364538 ) ) ;
#1236 = CARTESIAN_POINT ( 'NONE',  ( 23.26001857313331200, 20.00785756329670306, 38.52235112214060564 ) ) ;
#1237 = CARTESIAN_POINT ( 'NONE',  ( -31.88733761830489399, 20.00000000000000000, 20.66662904032490644 ) ) ;
#1238 = ORIENTED_EDGE ( 'NONE', *, *, #3075, .F. ) ;
#1239 = CARTESIAN_POINT ( 'NONE',  ( 5.988421630728562484, 13.99999999999999822, 7.148629685907792464 ) ) ;
#1240 = DIRECTION ( 'NONE',  ( 0.000000000000000000, 0.000000000000000000, 1.000000000000000000 ) ) ;
#1241 = VERTEX_POINT ( 'NONE', #4289 ) ;
#1242 = ORIENTED_EDGE ( 'NONE', *, *, #3987, .F. ) ;
#1243 = CARTESIAN_POINT ( 'NONE',  ( -33.98476260558511086, 0.000000000000000000, 11.78267809211570238 ) ) ;
#1244 = CARTESIAN_POINT ( 'NONE',  ( -23.71099784180178105, 38.98692325216530463, 4.118564823481895232 ) ) ;
#1245 = DIRECTION ( 'NONE',  ( 1.000000000000000000, 0.000000000000000000, 0.000000000000000000 ) ) ;
#1246 = ADVANCED_FACE ( 'NONE', ( #4830 ), #3491, .F. ) ;
#1247 = LINE ( 'NONE', #3979, #5111 ) ;
#1248 = ORIENTED_EDGE ( 'NONE', *, *, #5834, .F. ) ;
#1249 = DIRECTION ( 'NONE',  ( -1.000000000000000000, 0.000000000000000000, 1.116774769942150345E-16 ) ) ;
#1250 = CARTESIAN_POINT ( 'NONE',  ( -20.79207926964404507, 23.06981608822787777, 28.93057677446669729 ) ) ;
#1251 = CARTESIAN_POINT ( 'NONE',  ( -14.49999999999999822, 34.00000000000000000, 20.99930208231626239 ) ) ;
#1252 = VERTEX_POINT ( 'NONE', #797 ) ;
#1253 = EDGE_CURVE ( 'NONE', #2794, #3892, #2255, .T. ) ;
#1254 = CARTESIAN_POINT ( 'NONE',  ( -8.393473628812298415, 13.07141668771657450, -10.99999999999992184 ) ) ;
#1255 = DIRECTION ( 'NONE',  ( 0.000000000000000000, -6.938893903907229364E-16, -1.000000000000000000 ) ) ;
#1256 = CARTESIAN_POINT ( 'NONE',  ( 8.661562318278740236, 1.212141125398236596, 27.99930208231626949 ) ) ;
#1257 = CARTESIAN_POINT ( 'NONE',  ( 14.45628997867803633, 11.83696158163842149, 21.05001279209440668 ) ) ;
#1258 =( BOUNDED_CURVE ( )  B_SPLINE_CURVE ( 3, ( #4081, #2202, #378, #3155 ),
 .UNSPECIFIED., .F., .F. ) 
 B_SPLINE_CURVE_WITH_KNOTS ( ( 4, 4 ),
 ( 5.794308409976669516, 6.283185307179586232 ),
 .UNSPECIFIED. ) 
 CURVE ( )  GEOMETRIC_REPRESENTATION_ITEM ( )  RATIONAL_B_SPLINE_CURVE ( ( 1.000000000000000000, 0.9801822532315679348, 0.9801822532315679348, 1.000000000000000000 ) ) 
 REPRESENTATION_ITEM ( '' )  );
#1259 = DIRECTION ( 'NONE',  ( -0.000000000000000000, 1.000000000000000000, -0.000000000000000000 ) ) ;
#1260 = ORIENTED_EDGE ( 'NONE', *, *, #1316, .T. ) ;
#1261 = ORIENTED_EDGE ( 'NONE', *, *, #1224, .T. ) ;
#1262 = EDGE_CURVE ( 'NONE', #3157, #515, #3967, .T. ) ;
#1263 = CARTESIAN_POINT ( 'NONE',  ( -58.47502393429616774, 0.000000000000000000, 3.820622777212993704 ) ) ;
#1264 = CARTESIAN_POINT ( 'NONE',  ( -23.89913604418466520, 23.77494590416570119, 2.795226088770225381 ) ) ;
#1265 = ORIENTED_EDGE ( 'NONE', *, *, #4542, .T. ) ;
#1266 = ORIENTED_EDGE ( 'NONE', *, *, #4284, .F. ) ;
#1267 = AXIS2_PLACEMENT_3D ( 'NONE', #543, #4098, #5554 ) ;
#1268 = DIRECTION ( 'NONE',  ( 0.000000000000000000, 0.000000000000000000, 1.000000000000000000 ) ) ;
#1269 = CARTESIAN_POINT ( 'NONE',  ( 45.00000000000000000, 48.00000000000000000, -3.300000000000006928 ) ) ;
#1270 = ORIENTED_EDGE ( 'NONE', *, *, #235, .T. ) ;
#1271 = CIRCLE ( 'NONE', #1357, 0.9999999999999940048 ) ;
#1272 = CIRCLE ( 'NONE', #3162, 7.273499999999994969 ) ;
#1273 = CARTESIAN_POINT ( 'NONE',  ( 49.52762154881769874, 0.000000000000000000, 10.56677942393414327 ) ) ;
#1274 = LINE ( 'NONE', #325, #4494 ) ;
#1275 = CARTESIAN_POINT ( 'NONE',  ( -14.59999999999999432, 25.00000000000000355, 28.35000000000001208 ) ) ;
#1276 = AXIS2_PLACEMENT_3D ( 'NONE', #2451, #3699, #5505 ) ;
#1277 = DIRECTION ( 'NONE',  ( 0.000000000000000000, 0.000000000000000000, -1.000000000000000000 ) ) ;
#1278 = VERTEX_POINT ( 'NONE', #3935 ) ;
#1279 = AXIS2_PLACEMENT_3D ( 'NONE', #1415, #25, #475 ) ;
#1280 = EDGE_CURVE ( 'NONE', #3475, #143, #703, .T. ) ;
#1281 = DIRECTION ( 'NONE',  ( 1.000000000000000000, 0.000000000000000000, 0.000000000000000000 ) ) ;
#1282 = CARTESIAN_POINT ( 'NONE',  ( 19.59999999999999787, 37.00000000000000711, 4.381466874697178326 ) ) ;
#1283 = DIRECTION ( 'NONE',  ( 0.000000000000000000, 0.000000000000000000, 1.000000000000000000 ) ) ;
#1284 = DIRECTION ( 'NONE',  ( -1.000000000000000000, -0.000000000000000000, 1.116774769942150345E-16 ) ) ;
#1285 = ORIENTED_EDGE ( 'NONE', *, *, #5716, .T. ) ;
#1286 = FACE_BOUND ( 'NONE', #1474, .T. ) ;
#1287 = CARTESIAN_POINT ( 'NONE',  ( 21.54659352457766985, 36.34708750179283498, 26.45495377719512220 ) ) ;
#1288 = CARTESIAN_POINT ( 'NONE',  ( 24.54113791949852796, 23.57662239729205567, 2.967827081324940330 ) ) ;
#1289 = DIRECTION ( 'NONE',  ( 0.000000000000000000, 0.000000000000000000, 1.000000000000000000 ) ) ;
#1290 = AXIS2_PLACEMENT_3D ( 'NONE', #5548, #1479, #3294 ) ;
#1291 = EDGE_LOOP ( 'NONE', ( #2393, #4384, #3207, #5292 ) ) ;
#1292 = CARTESIAN_POINT ( 'NONE',  ( -11.33470300582888868, 13.99999999999999822, 20.99930208231626239 ) ) ;
#1293 = CARTESIAN_POINT ( 'NONE',  ( 27.17816798901411346, 20.00627277341840937, -22.36554665230633177 ) ) ;
#1294 = ORIENTED_EDGE ( 'NONE', *, *, #5865, .F. ) ;
#1295 = ORIENTED_EDGE ( 'NONE', *, *, #1532, .T. ) ;
#1296 = CIRCLE ( 'NONE', #5755, 13.06426483703416430 ) ;
#1297 = FACE_OUTER_BOUND ( 'NONE', #5080, .T. ) ;
#1298 = DIRECTION ( 'NONE',  ( -0.000000000000000000, 1.000000000000000000, -0.000000000000000000 ) ) ;
#1299 = EDGE_CURVE ( 'NONE', #2963, #113, #233, .T. ) ;
#1300 = ORIENTED_EDGE ( 'NONE', *, *, #1034, .T. ) ;
#1301 = CARTESIAN_POINT ( 'NONE',  ( -6.879470384805777883, 13.99999999999999822, 7.148629685907793352 ) ) ;
#1302 = FACE_OUTER_BOUND ( 'NONE', #402, .T. ) ;
#1303 = DIRECTION ( 'NONE',  ( 0.000000000000000000, 0.000000000000000000, 1.000000000000000000 ) ) ;
#1304 = DIRECTION ( 'NONE',  ( 0.000000000000000000, 0.000000000000000000, 1.000000000000000000 ) ) ;
#1305 = ORIENTED_EDGE ( 'NONE', *, *, #5033, .F. ) ;
#1306 = PERSON_AND_ORGANIZATION ( #875, #1923 ) ;
#1307 = FACE_BOUND ( 'NONE', #2690, .T. ) ;
#1308 = CARTESIAN_POINT ( 'NONE',  ( -21.01470033801946258, 24.09430125921171495, 26.56182668449203277 ) ) ;
#1309 = CYLINDRICAL_SURFACE ( 'NONE', #2234, 40.00000000000002842 ) ;
#1310 = ORIENTED_EDGE ( 'NONE', *, *, #5773, .T. ) ;
#1311 = FACE_BOUND ( 'NONE', #18, .T. ) ;
#1312 = CARTESIAN_POINT ( 'NONE',  ( 20.76561632991863249, 35.66955911304741988, 29.84908995473428561 ) ) ;
#1313 = CARTESIAN_POINT ( 'NONE',  ( 102.0434606194388749, 20.00000000000000000, -0.06049675528537953872 ) ) ;
#1314 = DIRECTION ( 'NONE',  ( 0.000000000000000000, 0.000000000000000000, 1.000000000000000000 ) ) ;
#1315 = AXIS2_PLACEMENT_3D ( 'NONE', #2595, #2172, #4883 ) ;
#1316 = EDGE_CURVE ( 'NONE', #4835, #1121, #4497, .T. ) ;
#1317 = ORIENTED_EDGE ( 'NONE', *, *, #3681, .F. ) ;
#1318 = FACE_OUTER_BOUND ( 'NONE', #2469, .T. ) ;
#1319 = DIRECTION ( 'NONE',  ( 0.000000000000000000, 0.000000000000000000, -1.000000000000000000 ) ) ;
#1320 = VECTOR ( 'NONE', #45, 1000.000000000000000 ) ;
#1321 = DIRECTION ( 'NONE',  ( -0.000000000000000000, 1.000000000000000000, -0.000000000000000000 ) ) ;
#1322 = CARTESIAN_POINT ( 'NONE',  ( 9.552611072355983168, 13.99999999999999822, 7.143170395913834625 ) ) ;
#1323 = CARTESIAN_POINT ( 'NONE',  ( -31.88733761830489399, 0.000000000000000000, -20.66662904032490644 ) ) ;
#1324 = ORIENTED_EDGE ( 'NONE', *, *, #4618, .T. ) ;
#1325 = AXIS2_PLACEMENT_3D ( 'NONE', #1409, #1436, #3339 ) ;
#1326 = EDGE_CURVE ( 'NONE', #1619, #5824, #5183, .T. ) ;
#1327 = ADVANCED_FACE ( 'NONE', ( #2931 ), #1645, .F. ) ;
#1328 = CARTESIAN_POINT ( 'NONE',  ( 14.45628997867803456, 2.999999999999998224, -49.00079791768374804 ) ) ;
#1329 = CARTESIAN_POINT ( 'NONE',  ( -23.73337755238164348, 38.73562114413991964, 3.379103146449498496 ) ) ;
#1330 = CARTESIAN_POINT ( 'NONE',  ( 2.866834657879445025, 3.647666669400684736, 1.906335583146768542 ) ) ;
#1331 = VERTEX_POINT ( 'NONE', #190 ) ;
#1332 = EDGE_CURVE ( 'NONE', #1331, #3400, #2766, .T. ) ;
#1333 =( NAMED_UNIT ( * ) SI_UNIT ( $, .STERADIAN. ) SOLID_ANGLE_UNIT ( ) );
#1334 = LINE ( 'NONE', #2620, #1184 ) ;
#1335 = DIRECTION ( 'NONE',  ( 0.000000000000000000, 0.000000000000000000, 1.000000000000000000 ) ) ;
#1336 = DIRECTION ( 'NONE',  ( 0.000000000000000000, 1.000000000000000000, 0.000000000000000000 ) ) ;
#1337 = VERTEX_POINT ( 'NONE', #5085 ) ;
#1338 = CARTESIAN_POINT ( 'NONE',  ( -11.36094968787772608, 24.95094439760609717, -11.00000000008925483 ) ) ;
#1339 = CARTESIAN_POINT ( 'NONE',  ( 21.51089495756954406, 35.98772811082464074, 26.62006791512349224 ) ) ;
#1340 = CARTESIAN_POINT ( 'NONE',  ( 24.40399323833545964, 24.22442106933225858, 2.531322034715305591 ) ) ;
#1341 = ORIENTED_EDGE ( 'NONE', *, *, #3306, .T. ) ;
#1342 = CARTESIAN_POINT ( 'NONE',  ( 14.59999999999999964, 20.55380474298929627, -11.00000000000000000 ) ) ;
#1343 = B_SPLINE_CURVE_WITH_KNOTS ( 'NONE', 3,
 ( #1962, #2827, #4700, #2948, #3778, #215, #1487, #5647, #2410, #3804, #1989, #2921, #2579, #1574, #3391, #4252, #1137, #187, #5613, #3301, #777, #4727 ),
 .UNSPECIFIED., .F., .F.,
 ( 4, 2, 2, 2, 2, 2, 2, 2, 2, 2, 4 ),
 ( 0.003462189642980772857, 0.004591388064246880452, 0.006001692891852226930, 0.007411997719457571673, 0.008822302547062918152, 0.01023260737466826290, 0.01164291220227360937, 0.01305321702987895585, 0.01446352185748429886, 0.01587382668508964534, 0.01701272326881132779 ),
 .UNSPECIFIED. ) ;
#1344 = EDGE_LOOP ( 'NONE', ( #1522, #1988, #5807, #3161, #3449, #1414 ) ) ;
#1345 = CARTESIAN_POINT ( 'NONE',  ( 31.88733761830489399, 0.000000000000000000, 17.16662904032490644 ) ) ;
#1346 = CARTESIAN_POINT ( 'NONE',  ( -14.49999999999999822, 34.00000000000000000, 20.99930208231626239 ) ) ;
#1347 = DIRECTION ( 'NONE',  ( 0.000000000000000000, 0.000000000000000000, -1.000000000000000000 ) ) ;
#1348 = ADVANCED_FACE ( 'NONE', ( #5525 ), #3692, .F. ) ;
#1349 = ORIENTED_EDGE ( 'NONE', *, *, #5135, .T. ) ;
#1350 = CARTESIAN_POINT ( 'NONE',  ( -5.988421630728534062, 13.99999999999999822, 20.99930208231626239 ) ) ;
#1351 = ORIENTED_EDGE ( 'NONE', *, *, #2236, .F. ) ;
#1352 = DIRECTION ( 'NONE',  ( 1.000000000000000000, 0.000000000000000000, 0.000000000000000000 ) ) ;
#1353 = CARTESIAN_POINT ( 'NONE',  ( -2.866834657879416604, 3.055759557072819987, 27.45953948584826776 ) ) ;
#1354 = B_SPLINE_CURVE_WITH_KNOTS ( 'NONE', 3,
 ( #84, #3292, #3649, #3171, #4124, #4182, #4535, #1859, #3737, #2278, #3677, #3769, #3706, #2817, #4986, #562, #4625, #5576, #114, #500 ),
 .UNSPECIFIED., .F., .F.,
 ( 4, 2, 2, 2, 2, 2, 2, 2, 2, 4 ),
 ( 0.000000000000000000, 0.003214907220793880062, 0.004822360831190817924, 0.006429814441587755787, 0.008037268051984692782, 0.009644721662381628910, 0.01044844846758009697, 0.01125217527277855983, 0.01205590207797702443, 0.01285962888317548902 ),
 .UNSPECIFIED. ) ;
#1355 = DIRECTION ( 'NONE',  ( 0.000000000000000000, 0.000000000000000000, 1.000000000000000000 ) ) ;
#1356 = EDGE_CURVE ( 'NONE', #2609, #4726, #4255, .T. ) ;
#1357 = AXIS2_PLACEMENT_3D ( 'NONE', #486, #2381, #1872 ) ;
#1358 = ORIENTED_EDGE ( 'NONE', *, *, #3440, .F. ) ;
#1359 = CIRCLE ( 'NONE', #4774, 3.499999999999999556 ) ;
#1360 = AXIS2_PLACEMENT_3D ( 'NONE', #4511, #450, #979 ) ;
#1361 = DIRECTION ( 'NONE',  ( 1.000000000000000000, -0.000000000000000000, -1.116774769942150345E-16 ) ) ;
#1362 = CARTESIAN_POINT ( 'NONE',  ( -5.772379030793200805, 13.99999999999999467, -14.53160287550209340 ) ) ;
#1363 = DIRECTION ( 'NONE',  ( 0.000000000000000000, -1.000000000000000000, 0.000000000000000000 ) ) ;
#1364 = ORIENTED_EDGE ( 'NONE', *, *, #4515, .F. ) ;
#1365 = EDGE_CURVE ( 'NONE', #1180, #5691, #1026, .T. ) ;
#1366 = VECTOR ( 'NONE', #5712, 1000.000000000000000 ) ;
#1367 = CARTESIAN_POINT ( 'NONE',  ( -14.45628997867800791, 12.92094751520460960, 7.148629685907792464 ) ) ;
#1368 = CARTESIAN_POINT ( 'NONE',  ( 21.09223547392231879, 35.00016828634617383, 28.48154113137803378 ) ) ;
#1369 = LINE ( 'NONE', #879, #323 ) ;
#1370 = VECTOR ( 'NONE', #5019, 1000.000000000000000 ) ;
#1371 = ORIENTED_EDGE ( 'NONE', *, *, #2671, .F. ) ;
#1372 = DIRECTION ( 'NONE',  ( 1.000000000000000000, 0.000000000000000000, -0.000000000000000000 ) ) ;
#1373 = AXIS2_PLACEMENT_3D ( 'NONE', #5247, #1156, #655 ) ;
#1374 = ORIENTED_EDGE ( 'NONE', *, *, #2302, .F. ) ;
#1375 = CARTESIAN_POINT ( 'NONE',  ( 6.637282457376278089, 13.99999999999999822, -13.16668326021146918 ) ) ;
#1376 = CARTESIAN_POINT ( 'NONE',  ( 0.000000000000000000, 20.00000000000000000, 0.000000000000000000 ) ) ;
#1377 = DIRECTION ( 'NONE',  ( 0.000000000000000000, -1.000000000000000000, 0.000000000000000000 ) ) ;
#1378 = ORIENTED_EDGE ( 'NONE', *, *, #5236, .F. ) ;
#1379 = CARTESIAN_POINT ( 'NONE',  ( 11.88959387293353487, 42.00000000000000000, -18.72825449267408260 ) ) ;
#1380 = AXIS2_PLACEMENT_3D ( 'NONE', #2554, #246, #304 ) ;
#1381 = VERTEX_POINT ( 'NONE', #4228 ) ;
#1382 = ADVANCED_FACE ( 'NONE', ( #2415 ), #963, .F. ) ;
#1383 = DIRECTION ( 'NONE',  ( 0.000000000000000000, 0.000000000000000000, -1.000000000000000000 ) ) ;
#1384 = LINE ( 'NONE', #3673, #3167 ) ;
#1385 = CARTESIAN_POINT ( 'NONE',  ( 13.43157874241032168, 41.99999999999999289, -15.94580039634804436 ) ) ;
#1386 = EDGE_LOOP ( 'NONE', ( #3810, #5841 ) ) ;
#1387 = VECTOR ( 'NONE', #4769, 1000.000000000000000 ) ;
#1388 = EDGE_CURVE ( 'NONE', #3076, #778, #518, .T. ) ;
#1389 = EDGE_CURVE ( 'NONE', #2291, #4529, #5442, .T. ) ;
#1390 = COORDINATED_UNIVERSAL_TIME_OFFSET ( 5, 0, .BEHIND. ) ;
#1391 = DIRECTION ( 'NONE',  ( 0.000000000000000000, 1.000000000000000000, 0.000000000000000000 ) ) ;
#1392 = CARTESIAN_POINT ( 'NONE',  ( 1.796816425937483919, 13.99999999999999467, -16.64998522505354472 ) ) ;
#1393 = CARTESIAN_POINT ( 'NONE',  ( 31.88733761830489399, 20.00000000000000000, 25.66662904032490289 ) ) ;
#1394 = VERTEX_POINT ( 'NONE', #641 ) ;
#1395 = EDGE_CURVE ( 'NONE', #4952, #1136, #3213, .T. ) ;
#1396 = FACE_OUTER_BOUND ( 'NONE', #792, .T. ) ;
#1397 = CARTESIAN_POINT ( 'NONE',  ( 10.44365425175167417, 13.99999999999999822, 20.99930208231626239 ) ) ;
#1398 = CARTESIAN_POINT ( 'NONE',  ( -20.75646672398671200, 26.74201252952085994, 27.35888076533428048 ) ) ;
#1399 = ORIENTED_EDGE ( 'NONE', *, *, #1776, .F. ) ;
#1400 = CARTESIAN_POINT ( 'NONE',  ( -31.88733761830489399, 0.000000000000000000, -24.16662904032490644 ) ) ;
#1401 = ORIENTED_EDGE ( 'NONE', *, *, #1190, .T. ) ;
#1402 = DIRECTION ( 'NONE',  ( 0.000000000000000000, -0.5098023903017333547, -0.8602915336341740993 ) ) ;
#1403 = CARTESIAN_POINT ( 'NONE',  ( -23.71096205063247453, 35.01290419396372045, 4.119655050432347032 ) ) ;
#1404 = DIRECTION ( 'NONE',  ( 0.000000000000000000, 0.000000000000000000, 1.000000000000000000 ) ) ;
#1405 = ORIENTED_EDGE ( 'NONE', *, *, #3587, .F. ) ;
#1406 = CARTESIAN_POINT ( 'NONE',  ( -27.48648495222360211, 20.00000000000000711, 18.29334106550070516 ) ) ;
#1407 = ORIENTED_EDGE ( 'NONE', *, *, #1936, .T. ) ;
#1408 = CIRCLE ( 'NONE', #5580, 7.273499999999998522 ) ;
#1409 = CARTESIAN_POINT ( 'NONE',  ( -19.59999999999999787, 37.00000000000000711, 4.381466874697182767 ) ) ;
#1410 = CARTESIAN_POINT ( 'NONE',  ( -40.00000000000000000, 0.000000000000000000, 3.149999999999999911 ) ) ;
#1411 = CARTESIAN_POINT ( 'NONE',  ( -2.866834657879416159, 11.83696158163841616, 21.05001279209440668 ) ) ;
#1412 = CARTESIAN_POINT ( 'NONE',  ( 13.97903728461121631, 41.00806203383746151, -14.45912731565060660 ) ) ;
#1413 = AXIS2_PLACEMENT_3D ( 'NONE', #5342, #4928, #4865 ) ;
#1414 = ORIENTED_EDGE ( 'NONE', *, *, #2748, .T. ) ;
#1415 = CARTESIAN_POINT ( 'NONE',  ( 0.000000000000000000, 13.99999999999999822, 0.000000000000000000 ) ) ;
#1416 = CARTESIAN_POINT ( 'NONE',  ( -13.54016225540809693, 41.99999999999998579, -15.73970574331890937 ) ) ;
#1417 = EDGE_CURVE ( 'NONE', #1558, #5368, #1933, .T. ) ;
#1418 = DIRECTION ( 'NONE',  ( -0.000000000000000000, 1.000000000000000000, -0.000000000000000000 ) ) ;
#1419 = ORIENTED_EDGE ( 'NONE', *, *, #3323, .F. ) ;
#1420 = DIRECTION ( 'NONE',  ( 0.000000000000000000, 0.000000000000000000, -1.000000000000000000 ) ) ;
#1421 = DIRECTION ( 'NONE',  ( 1.000000000000000000, -0.000000000000000000, -1.116774769942150345E-16 ) ) ;
#1422 = CARTESIAN_POINT ( 'NONE',  ( -20.91909114663726754, 26.01220117317133074, 26.61999509672831010 ) ) ;
#1423 = CARTESIAN_POINT ( 'NONE',  ( -40.00000000000000000, -2.500000000000000000, 5.649999999999999467 ) ) ;
#1424 = ORIENTED_EDGE ( 'NONE', *, *, #430, .T. ) ;
#1425 = CARTESIAN_POINT ( 'NONE',  ( 19.60000000000000142, 37.00000000000000711, 26.34999999999999787 ) ) ;
#1426 = EDGE_CURVE ( 'NONE', #5646, #965, #5562, .T. ) ;
#1427 = ORIENTED_EDGE ( 'NONE', *, *, #5867, .F. ) ;
#1428 = DIRECTION ( 'NONE',  ( 0.000000000000000000, 0.000000000000000000, 1.000000000000000000 ) ) ;
#1429 = CARTESIAN_POINT ( 'NONE',  ( -2.866834657879416159, 3.000000000000000000, -38.64334463271136855 ) ) ;
#1430 = CARTESIAN_POINT ( 'NONE',  ( -20.95485876144272908, 36.34816115076171172, 26.45455963849156333 ) ) ;
#1431 = VERTEX_POINT ( 'NONE', #1966 ) ;
#1432 = DIRECTION ( 'NONE',  ( 0.000000000000000000, -0.000000000000000000, -1.000000000000000000 ) ) ;
#1433 = APPLICATION_CONTEXT ( 'configuration controlled 3d designs of mechanical parts and assemblies' ) ;
#1434 = ORIENTED_EDGE ( 'NONE', *, *, #1085, .T. ) ;
#1435 = EDGE_CURVE ( 'NONE', #2929, #939, #5139, .T. ) ;
#1436 = DIRECTION ( 'NONE',  ( -1.000000000000000000, -0.000000000000000000, 1.116774769942150345E-16 ) ) ;
#1437 = CARTESIAN_POINT ( 'NONE',  ( 33.98476260558511797, -2.500000000000000444, -5.650000000000000355 ) ) ;
#1438 = CARTESIAN_POINT ( 'NONE',  ( 23.26001857313331200, 20.00785756329670306, 38.52235112214060564 ) ) ;
#1439 = CARTESIAN_POINT ( 'NONE',  ( 14.45628997867803456, 2.999999999999998224, 27.99930208231626949 ) ) ;
#1440 = CARTESIAN_POINT ( 'NONE',  ( 14.08962705031954243, 40.40102997715406730, -14.08062083537229192 ) ) ;
#1441 = VERTEX_POINT ( 'NONE', #5589 ) ;
#1442 = VERTEX_POINT ( 'NONE', #1429 ) ;
#1443 =( BOUNDED_CURVE ( )  B_SPLINE_CURVE ( 3, ( #5363, #5861, #1263, #5414 ),
 .UNSPECIFIED., .F., .F. ) 
 B_SPLINE_CURVE_WITH_KNOTS ( ( 4, 4 ),
 ( 2.652715756386876400, 3.630469550792709832 ),
 .UNSPECIFIED. ) 
 CURVE ( )  GEOMETRIC_REPRESENTATION_ITEM ( )  RATIONAL_B_SPLINE_CURVE ( ( 1.000000000000000000, 0.9219072421872047673, 0.9219072421872047673, 1.000000000000000000 ) ) 
 REPRESENTATION_ITEM ( '' )  );
#1444 = PLANE ( 'NONE',  #4415 ) ;
#1445 = CARTESIAN_POINT ( 'NONE',  ( -4.773679413871083632, 14.00000000000000178, -15.40880264104976582 ) ) ;
#1446 = CARTESIAN_POINT ( 'NONE',  ( 19.60000000000000142, 25.00000000000000355, 30.35000000000000497 ) ) ;
#1447 = VECTOR ( 'NONE', #4465, 1000.000000000000000 ) ;
#1448 = ORIENTED_EDGE ( 'NONE', *, *, #2323, .F. ) ;
#1449 = EDGE_CURVE ( 'NONE', #4841, #175, #494, .T. ) ;
#1450 = AXIS2_PLACEMENT_3D ( 'NONE', #5422, #3165, #21 ) ;
#1451 = AXIS2_PLACEMENT_3D ( 'NONE', #1924, #4993, #1482 ) ;
#1452 = CARTESIAN_POINT ( 'NONE',  ( 49.52762154881769163, 20.00000000000000000, -10.56677942393417169 ) ) ;
#1453 = CARTESIAN_POINT ( 'NONE',  ( 24.25929021410367170, 38.79682804810691721, 5.269463109762904551 ) ) ;
#1454 = CARTESIAN_POINT ( 'NONE',  ( 33.98476260558511797, -2.500000000000000000, 5.649999999999999467 ) ) ;
#1455 = AXIS2_PLACEMENT_3D ( 'NONE', #1165, #1082, #640 ) ;
#1456 = DIRECTION ( 'NONE',  ( 0.000000000000000000, -1.000000000000000000, 0.000000000000000000 ) ) ;
#1457 = ORIENTED_EDGE ( 'NONE', *, *, #2663, .F. ) ;
#1458 = PLANE ( 'NONE',  #4630 ) ;
#1459 = VERTEX_POINT ( 'NONE', #2108 ) ;
#1460 = CARTESIAN_POINT ( 'NONE',  ( 0.000000000000000000, 0.000000000000000000, 38.52235112214060564 ) ) ;
#1461 = CARTESIAN_POINT ( 'NONE',  ( 14.45628997867803456, 0.000000000000000000, 7.148629685907792464 ) ) ;
#1462 = CARTESIAN_POINT ( 'NONE',  ( -20.67625097822573821, 35.09878142104928145, 27.71574583407518233 ) ) ;
#1463 = ORIENTED_EDGE ( 'NONE', *, *, #4772, .T. ) ;
#1464 = CARTESIAN_POINT ( 'NONE',  ( -27.35214988557893179, 20.00000000000000711, 18.54244224599912982 ) ) ;
#1465 = ORIENTED_EDGE ( 'NONE', *, *, #2489, .F. ) ;
#1466 = VECTOR ( 'NONE', #744, 1000.000000000000000 ) ;
#1467 = DIRECTION ( 'NONE',  ( 1.000000000000000000, 0.000000000000000000, -1.116774769942150345E-16 ) ) ;
#1468 = CARTESIAN_POINT ( 'NONE',  ( 14.45628997867803278, 4.847470004413804823, 3.368691380765831411 ) ) ;
#1469 = AXIS2_PLACEMENT_3D ( 'NONE', #4681, #2960, #1178 ) ;
#1470 = DIRECTION ( 'NONE',  ( 0.000000000000000000, 0.000000000000000000, 1.000000000000000000 ) ) ;
#1471 = DIRECTION ( 'NONE',  ( -1.000000000000000000, 0.000000000000000000, 0.000000000000000000 ) ) ;
#1472 = EDGE_CURVE ( 'NONE', #75, #2752, #989, .T. ) ;
#1473 = CARTESIAN_POINT ( 'NONE',  ( 13.82930176028283498, 41.54510547938028253, -14.91999564886353902 ) ) ;
#1474 = EDGE_LOOP ( 'NONE', ( #2349, #5681 ) ) ;
#1475 = ORIENTED_EDGE ( 'NONE', *, *, #202, .F. ) ;
#1476 = AXIS2_PLACEMENT_3D ( 'NONE', #1275, #4926, #2647 ) ;
#1477 = CYLINDRICAL_SURFACE ( 'NONE', #4977, 7.784497522204846476 ) ;
#1478 = CARTESIAN_POINT ( 'NONE',  ( 3.174654249844042209, 14.00000000000000000, -16.13693838902265298 ) ) ;
#1479 = DIRECTION ( 'NONE',  ( 0.000000000000000000, 1.000000000000000000, 0.000000000000000000 ) ) ;
#1480 = AXIS2_PLACEMENT_3D ( 'NONE', #3616, #5423, #2578 ) ;
#1481 = ORIENTED_EDGE ( 'NONE', *, *, #3306, .F. ) ;
#1482 = DIRECTION ( 'NONE',  ( 1.000000000000000000, 0.000000000000000000, 0.000000000000000000 ) ) ;
#1483 = CARTESIAN_POINT ( 'NONE',  ( 24.28900991659220310, 38.99986535846933577, 4.515328253203241715 ) ) ;
#1484 = CARTESIAN_POINT ( 'NONE',  ( 45.00000000000000000, 48.00000000000000000, 3.299999999999974065 ) ) ;
#1485 = DIRECTION ( 'NONE',  ( 1.000000000000000000, 0.000000000000000000, 0.000000000000000000 ) ) ;
#1486 = ORIENTED_EDGE ( 'NONE', *, *, #3142, .F. ) ;
#1487 = CARTESIAN_POINT ( 'NONE',  ( 3.174654249847856935, 14.00000000002461498, -16.13693838902846878 ) ) ;
#1488 = VERTEX_POINT ( 'NONE', #2923 ) ;
#1489 = DIRECTION ( 'NONE',  ( 0.000000000000000000, 0.000000000000000000, 1.000000000000000000 ) ) ;
#1490 = CARTESIAN_POINT ( 'NONE',  ( -23.61533586037845467, 36.86781008797888859, 6.381466874697183655 ) ) ;
#1491 = CARTESIAN_POINT ( 'NONE',  ( -20.91888862767167012, 35.98636339259034855, 26.62092657218889968 ) ) ;
#1492 = EDGE_LOOP ( 'NONE', ( #742, #4029 ) ) ;
#1493 = EDGE_CURVE ( 'NONE', #5579, #5503, #5265, .T. ) ;
#1494 = CARTESIAN_POINT ( 'NONE',  ( 7.514718548988406965, 41.99999999999998579, -22.75455419529693657 ) ) ;
#1495 = ORIENTED_EDGE ( 'NONE', *, *, #4084, .F. ) ;
#1496 = CYLINDRICAL_SURFACE ( 'NONE', #2688, 3.299999999999990496 ) ;
#1497 = CARTESIAN_POINT ( 'NONE',  ( 14.45628997867803633, 4.140249202425403396, 2.565255523207528032 ) ) ;
#1498 = DIRECTION ( 'NONE',  ( 0.000000000000000000, -0.000000000000000000, 1.000000000000000000 ) ) ;
#1499 = CARTESIAN_POINT ( 'NONE',  ( 14.05667458873117504, 40.60778282414442941, -14.19794332130997816 ) ) ;
#1500 = ORIENTED_EDGE ( 'NONE', *, *, #1639, .T. ) ;
#1501 = ORIENTED_EDGE ( 'NONE', *, *, #310, .F. ) ;
#1502 = VECTOR ( 'NONE', #2562, 1000.000000000000000 ) ;
#1503 = ADVANCED_FACE ( 'NONE', ( #2529 ), #5650, .F. ) ;
#1504 = CARTESIAN_POINT ( 'NONE',  ( -14.45628997867800791, 3.000000000000000888, 0.1486296859077931853 ) ) ;
#1505 = VECTOR ( 'NONE', #5147, 1000.000000000000000 ) ;
#1506 = FACE_OUTER_BOUND ( 'NONE', #4576, .T. ) ;
#1507 = LINE ( 'NONE', #2755, #442 ) ;
#1508 = EDGE_LOOP ( 'NONE', ( #4743, #1172, #3465, #4390, #636, #180, #1089, #4334 ) ) ;
#1509 = ADVANCED_FACE ( 'NONE', ( #3421 ), #1670, .F. ) ;
#1510 = DIRECTION ( 'NONE',  ( 0.000000000000000000, 0.000000000000000000, 1.000000000000000000 ) ) ;
#1511 = CARTESIAN_POINT ( 'NONE',  ( 31.88733761830489399, 10.00000000000000000, 25.66662904032490289 ) ) ;
#1512 = CARTESIAN_POINT ( 'NONE',  ( -20.93281810480084459, 25.89499460351200710, 26.55659570465364183 ) ) ;
#1513 = CARTESIAN_POINT ( 'NONE',  ( -14.45628997867800436, 3.000000000000000444, 27.72296841559466785 ) ) ;
#1514 = ORIENTED_EDGE ( 'NONE', *, *, #1795, .T. ) ;
#1515 = LINE ( 'NONE', #3330, #1703 ) ;
#1516 = APPROVAL ( #4479, 'UNSPECIFIED' ) ;
#1517 = CARTESIAN_POINT ( 'NONE',  ( 8.661562318278740236, 1.212141125398236596, 0.1486296859077931853 ) ) ;
#1518 = CARTESIAN_POINT ( 'NONE',  ( -14.59999999999999432, 37.00000000000000711, 27.35000000000001918 ) ) ;
#1519 = DIRECTION ( 'NONE',  ( 0.000000000000000000, 0.000000000000000000, 1.000000000000000000 ) ) ;
#1520 = ORIENTED_EDGE ( 'NONE', *, *, #4492, .F. ) ;
#1521 = CARTESIAN_POINT ( 'NONE',  ( -23.75665401403832888, 25.26108561890830728, 2.381466874697180103 ) ) ;
#1522 = ORIENTED_EDGE ( 'NONE', *, *, #5065, .F. ) ;
#1523 = ADVANCED_FACE ( 'NONE', ( #1199 ), #3482, .F. ) ;
#1524 = CARTESIAN_POINT ( 'NONE',  ( -8.836024629083905069, 13.99999999999999822, -11.94176396051995503 ) ) ;
#1525 = CARTESIAN_POINT ( 'NONE',  ( 14.45628997867803456, 6.034871973222085906, 4.459563569560467400 ) ) ;
#1526 = DIRECTION ( 'NONE',  ( 0.000000000000000000, 0.000000000000000000, -1.000000000000000000 ) ) ;
#1527 = DIRECTION ( 'NONE',  ( 0.000000000000000000, 0.000000000000000000, 1.000000000000000000 ) ) ;
#1528 = VERTEX_POINT ( 'NONE', #3924 ) ;
#1529 = VERTEX_POINT ( 'NONE', #5295 ) ;
#1530 = CARTESIAN_POINT ( 'NONE',  ( -73.60888549489654054, 20.00000000000000000, -42.50566993001284288 ) ) ;
#1531 = CARTESIAN_POINT ( 'NONE',  ( -18.27210975263363935, 22.74154510852694600, 38.52235112214060564 ) ) ;
#1532 = EDGE_CURVE ( 'NONE', #1204, #933, #5229, .T. ) ;
#1533 = DIRECTION ( 'NONE',  ( 0.000000000000000000, -0.000000000000000000, 1.000000000000000000 ) ) ;
#1534 = EDGE_LOOP ( 'NONE', ( #3329, #3733, #2263, #3108 ) ) ;
#1535 = AXIS2_PLACEMENT_3D ( 'NONE', #851, #456, #5829 ) ;
#1536 = CARTESIAN_POINT ( 'NONE',  ( 19.18037723995686150, 35.34652243579996878, -11.00000000000003730 ) ) ;
#1537 = FACE_OUTER_BOUND ( 'NONE', #3873, .T. ) ;
#1538 = CARTESIAN_POINT ( 'NONE',  ( 20.88813421450023000, 38.74034698890463346, 29.34399034007772045 ) ) ;
#1539 = CARTESIAN_POINT ( 'NONE',  ( -31.88733761830489399, 10.00000000000000000, -20.66662904032490644 ) ) ;
#1540 = EDGE_CURVE ( 'NONE', #965, #1659, #756, .T. ) ;
#1541 = ORIENTED_EDGE ( 'NONE', *, *, #5761, .F. ) ;
#1542 = AXIS2_PLACEMENT_3D ( 'NONE', #3186, #4409, #5775 ) ;
#1543 = CIRCLE ( 'NONE', #1921, 7.273499999999994969 ) ;
#1544 = CARTESIAN_POINT ( 'NONE',  ( -14.29370369909470107, 36.89723907227437394, -10.99999999979658760 ) ) ;
#1545 = CARTESIAN_POINT ( 'NONE',  ( -23.75640188430386601, 36.73682332919453586, 2.394554475242459457 ) ) ;
#1546 = CARTESIAN_POINT ( 'NONE',  ( -2.866834657879416159, 3.000000000000000000, 0.4249633526293877250 ) ) ;
#1547 = VECTOR ( 'NONE', #4168, 1000.000000000000000 ) ;
#1548 = CARTESIAN_POINT ( 'NONE',  ( -23.72312812916123548, 26.89743156617810627, 3.735793255626877141 ) ) ;
#1549 = VECTOR ( 'NONE', #4783, 1000.000000000000000 ) ;
#1550 = ORIENTED_EDGE ( 'NONE', *, *, #310, .T. ) ;
#1551 = AXIS2_PLACEMENT_3D ( 'NONE', #4159, #3712, #2943 ) ;
#1552 = ORIENTED_EDGE ( 'NONE', *, *, #2565, .T. ) ;
#1553 = CARTESIAN_POINT ( 'NONE',  ( -0.1964689643180099754, 11.00000000000000000, -9.073103164651215025 ) ) ;
#1554 = CARTESIAN_POINT ( 'NONE',  ( 14.45628997867803456, 4.312378538295134511, 2.770336357284181705 ) ) ;
#1555 = DIRECTION ( 'NONE',  ( 1.000000000000000000, 0.000000000000000000, -1.116774769942150345E-16 ) ) ;
#1556 = CARTESIAN_POINT ( 'NONE',  ( 24.21041329891402683, 25.51811743394453558, 6.317655846620135129 ) ) ;
#1557 = CIRCLE ( 'NONE', #2127, 0.9999999999999940048 ) ;
#1558 = VERTEX_POINT ( 'NONE', #5615 ) ;
#1559 = EDGE_CURVE ( 'NONE', #1056, #4608, #2589, .T. ) ;
#1560 = ORIENTED_EDGE ( 'NONE', *, *, #2879, .F. ) ;
#1561 = VECTOR ( 'NONE', #2668, 1000.000000000000000 ) ;
#1562 = CARTESIAN_POINT ( 'NONE',  ( -19.59999999999999787, 25.00000000000000355, 2.381466874697180547 ) ) ;
#1563 = CYLINDRICAL_SURFACE ( 'NONE', #4778, 1.999999999999998224 ) ;
#1564 = CARTESIAN_POINT ( 'NONE',  ( -14.59999999999999787, 25.00000000000000355, 5.381466874697179215 ) ) ;
#1565 = ADVANCED_FACE ( 'NONE', ( #217 ), #2497, .T. ) ;
#1566 = EDGE_LOOP ( 'NONE', ( #4185, #3580 ) ) ;
#1567 = CIRCLE ( 'NONE', #5645, 3.499999999999999556 ) ;
#1568 = AXIS2_PLACEMENT_3D ( 'NONE', #3441, #1158, #657 ) ;
#1569 = CARTESIAN_POINT ( 'NONE',  ( 6.980147792189694833, 18.53044591385436135, -14.50460740444041896 ) ) ;
#1570 = CARTESIAN_POINT ( 'NONE',  ( 20.40397648136904607, 21.00138730420673738, 38.52235112214059143 ) ) ;
#1571 = CARTESIAN_POINT ( 'NONE',  ( -49.52762154881770584, 20.00000000000000000, 10.56677942393415925 ) ) ;
#1572 = CARTESIAN_POINT ( 'NONE',  ( 24.60000000000000142, 25.00000000000000355, 4.381466874697177438 ) ) ;
#1573 = ORIENTED_EDGE ( 'NONE', *, *, #3457, .T. ) ;
#1574 = CARTESIAN_POINT ( 'NONE',  ( -2.189870218599140994, 14.00000000002461675, -16.64998522506011369 ) ) ;
#1575 = ADVANCED_FACE ( 'NONE', ( #307 ), #252, .F. ) ;
#1576 = EDGE_CURVE ( 'NONE', #5503, #3076, #1632, .T. ) ;
#1577 = DIRECTION ( 'NONE',  ( 0.000000000000000000, -0.000000000000000000, 1.000000000000000000 ) ) ;
#1578 = CARTESIAN_POINT ( 'NONE',  ( 0.000000000000000000, 20.00000000000000000, 0.000000000000000000 ) ) ;
#1579 = CARTESIAN_POINT ( 'NONE',  ( -2.866834657879416159, 4.312378538295133623, 2.770336357284185702 ) ) ;
#1580 = DIRECTION ( 'NONE',  ( -0.000000000000000000, 1.000000000000000000, -0.000000000000000000 ) ) ;
#1581 = CARTESIAN_POINT ( 'NONE',  ( -23.75155489550651211, 26.00572368344793261, 2.633206393434916137 ) ) ;
#1582 = ORIENTED_EDGE ( 'NONE', *, *, #1169, .F. ) ;
#1583 = VERTEX_POINT ( 'NONE', #5200 ) ;
#1584 = CARTESIAN_POINT ( 'NONE',  ( -11.09071653448093109, 13.99999999999999645, -11.15974411282790690 ) ) ;
#1585 = CARTESIAN_POINT ( 'NONE',  ( -24.07425127189058145, 23.05636466785754379, 4.919637180917858288 ) ) ;
#1586 = CARTESIAN_POINT ( 'NONE',  ( 24.25436233202370673, 35.26462282588455110, 5.384184295136644316 ) ) ;
#1587 = FACE_BOUND ( 'NONE', #5074, .T. ) ;
#1588 = LINE ( 'NONE', #4325, #733 ) ;
#1589 = ORIENTED_EDGE ( 'NONE', *, *, #4701, .F. ) ;
#1590 = ORIENTED_EDGE ( 'NONE', *, *, #1609, .T. ) ;
#1591 = VECTOR ( 'NONE', #4961, 1000.000000000000000 ) ;
#1592 = CARTESIAN_POINT ( 'NONE',  ( 45.00000000000000000, 48.00000000000000000, -7.273500000000015397 ) ) ;
#1593 = CARTESIAN_POINT ( 'NONE',  ( -18.43835115620120746, 22.45232142626053573, 38.52235112214060564 ) ) ;
#1594 = FACE_OUTER_BOUND ( 'NONE', #5187, .T. ) ;
#1595 = ORIENTED_EDGE ( 'NONE', *, *, #3196, .F. ) ;
#1596 = AXIS2_PLACEMENT_3D ( 'NONE', #3603, #5050, #2795 ) ;
#1597 = EDGE_CURVE ( 'NONE', #1625, #5695, #3453, .T. ) ;
#1598 = CARTESIAN_POINT ( 'NONE',  ( -14.45628997867800791, 3.000000000000000888, 0.1486296859077931853 ) ) ;
#1599 = DIRECTION ( 'NONE',  ( 1.000000000000000000, -0.000000000000000000, -1.116774769942150345E-16 ) ) ;
#1600 = CARTESIAN_POINT ( 'NONE',  ( 20.64190408507752039, 37.26460571816171097, 30.35000000000001208 ) ) ;
#1601 = FACE_BOUND ( 'NONE', #2273, .T. ) ;
#1602 = VERTEX_POINT ( 'NONE', #4821 ) ;
#1603 = AXIS2_PLACEMENT_3D ( 'NONE', #1708, #4856, #796 ) ;
#1604 = CARTESIAN_POINT ( 'NONE',  ( -14.59999999999999432, 37.00000000000000711, 27.35000000000001563 ) ) ;
#1605 = DIRECTION ( 'NONE',  ( 0.000000000000000000, 0.000000000000000000, 1.000000000000000000 ) ) ;
#1606 = DIRECTION ( 'NONE',  ( 0.000000000000000000, 0.000000000000000000, -1.000000000000000000 ) ) ;
#1607 = ORIENTED_EDGE ( 'NONE', *, *, #3632, .T. ) ;
#1608 = CARTESIAN_POINT ( 'NONE',  ( 14.45628997867802745, 8.728826806629168544, 21.92186452459394275 ) ) ;
#1609 = EDGE_CURVE ( 'NONE', #1119, #3695, #4014, .T. ) ;
#1610 = CARTESIAN_POINT ( 'NONE',  ( -2.866834657879416159, 0.000000000000000000, -49.00079791768374804 ) ) ;
#1611 = ORIENTED_EDGE ( 'NONE', *, *, #1047, .F. ) ;
#1612 = EDGE_CURVE ( 'NONE', #4447, #1278, #3069, .T. ) ;
#1613 = VERTEX_POINT ( 'NONE', #4518 ) ;
#1614 = CARTESIAN_POINT ( 'NONE',  ( -20.97734123660993077, 37.00000000000000711, 26.35000000000001208 ) ) ;
#1615 = CYLINDRICAL_SURFACE ( 'NONE', #3504, 6.064264837034162525 ) ;
#1616 = DIRECTION ( 'NONE',  ( 0.000000000000000000, -1.000000000000000000, 0.000000000000000000 ) ) ;
#1617 = PLANE ( 'NONE',  #3564 ) ;
#1618 = CARTESIAN_POINT ( 'NONE',  ( 24.29832828773538367, 27.00013258716144193, 4.251659500345582821 ) ) ;
#1619 = VERTEX_POINT ( 'NONE', #4962 ) ;
#1620 = ADVANCED_FACE ( 'NONE', ( #822 ), #3989, .F. ) ;
#1621 = ORIENTED_EDGE ( 'NONE', *, *, #2667, .T. ) ;
#1622 = CARTESIAN_POINT ( 'NONE',  ( -14.45628997867800791, 6.451635971676392245, 4.789965408243187284 ) ) ;
#1623 = CARTESIAN_POINT ( 'NONE',  ( 6.888188431954354485, 14.00000000000000178, -12.25902508116477918 ) ) ;
#1624 = DIRECTION ( 'NONE',  ( 0.000000000000000000, 0.000000000000000000, 1.000000000000000000 ) ) ;
#1625 = VERTEX_POINT ( 'NONE', #455 ) ;
#1626 = CARTESIAN_POINT ( 'NONE',  ( 11.66322652716719510, 11.75841986870796951, -11.00000000000001599 ) ) ;
#1627 = CARTESIAN_POINT ( 'NONE',  ( 23.26001857313331200, 20.00000000000000000, 38.52235112214060564 ) ) ;
#1628 = CARTESIAN_POINT ( 'NONE',  ( 21.56916100420945881, 25.26781865676654704, 26.35000000000000853 ) ) ;
#1629 = ORIENTED_EDGE ( 'NONE', *, *, #2088, .T. ) ;
#1630 = EDGE_CURVE ( 'NONE', #5579, #1204, #5798, .T. ) ;
#1631 = LINE ( 'NONE', #3837, #5253 ) ;
#1632 = LINE ( 'NONE', #2053, #2893 ) ;
#1633 = CARTESIAN_POINT ( 'NONE',  ( -23.75665401403832178, 37.00000000000000711, 2.381466874697180991 ) ) ;
#1634 = CARTESIAN_POINT ( 'NONE',  ( 21.33726351087031858, 23.11948663414837313, 29.04224529801668808 ) ) ;
#1635 = VECTOR ( 'NONE', #1965, 1000.000000000000000 ) ;
#1636 = CARTESIAN_POINT ( 'NONE',  ( 0.000000000000000000, 0.000000000000000000, 38.52235112214060564 ) ) ;
#1637 = AXIS2_PLACEMENT_3D ( 'NONE', #1256, #2142, #823 ) ;
#1638 = VERTEX_POINT ( 'NONE', #3576 ) ;
#1639 = EDGE_CURVE ( 'NONE', #4443, #4605, #4464, .T. ) ;
#1640 = ORIENTED_EDGE ( 'NONE', *, *, #1612, .F. ) ;
#1641 = ADVANCED_FACE ( 'NONE', ( #1761 ), #2681, .F. ) ;
#1642 = AXIS2_PLACEMENT_3D ( 'NONE', #3795, #1953, #2461 ) ;
#1643 = CARTESIAN_POINT ( 'NONE',  ( -20.11732777638989589, 38.01411659540121235, 30.07883963109053482 ) ) ;
#1644 = CARTESIAN_POINT ( 'NONE',  ( -23.76172451444674394, 24.73502720375133279, 2.394667836887910628 ) ) ;
#1645 = CYLINDRICAL_SURFACE ( 'NONE', #3352, 4.999999999999997335 ) ;
#1646 = ORIENTED_EDGE ( 'NONE', *, *, #1902, .T. ) ;
#1647 = APPROVAL_PERSON_ORGANIZATION ( #814, #474, #5820 ) ;
#1648 = CARTESIAN_POINT ( 'NONE',  ( 27.18664151002423424, 20.06255618643966798, 18.94498930307078410 ) ) ;
#1649 = CARTESIAN_POINT ( 'NONE',  ( 0.000000000000000000, 0.000000000000000000, 0.000000000000000000 ) ) ;
#1650 = AXIS2_PLACEMENT_3D ( 'NONE', #306, #1990, #4729 ) ;
#1651 = ORIENTED_EDGE ( 'NONE', *, *, #4253, .F. ) ;
#1652 = ORIENTED_EDGE ( 'NONE', *, *, #239, .F. ) ;
#1653 = VECTOR ( 'NONE', #5062, 999.9999999999998863 ) ;
#1654 = EDGE_CURVE ( 'NONE', #4470, #1970, #399, .T. ) ;
#1655 = EDGE_CURVE ( 'NONE', #3892, #2794, #1042, .T. ) ;
#1656 = DIRECTION ( 'NONE',  ( -0.000000000000000000, -1.000000000000000000, -0.000000000000000000 ) ) ;
#1657 = CARTESIAN_POINT ( 'NONE',  ( 73.60888549489658317, 0.000000000000000000, 42.50566993001280736 ) ) ;
#1658 = DIRECTION ( 'NONE',  ( 0.000000000000000000, 1.000000000000000000, 0.000000000000000000 ) ) ;
#1659 = VERTEX_POINT ( 'NONE', #1051 ) ;
#1660 = VECTOR ( 'NONE', #5635, 1000.000000000000000 ) ;
#1661 = AXIS2_PLACEMENT_3D ( 'NONE', #370, #3125, #4517 ) ;
#1662 = CARTESIAN_POINT ( 'NONE',  ( -31.88733761830489399, 0.000000000000000000, -17.16662904032490644 ) ) ;
#1663 = DIRECTION ( 'NONE',  ( -0.000000000000000000, 0.000000000000000000, 1.000000000000000000 ) ) ;
#1664 = CARTESIAN_POINT ( 'NONE',  ( 20.64190408507750618, 37.00000000000000711, 30.35000000000000853 ) ) ;
#1665 = CARTESIAN_POINT ( 'NONE',  ( 20.88813421450022290, 26.74034698890461925, 29.34399034007771689 ) ) ;
#1666 = VECTOR ( 'NONE', #262, 1000.000000000000000 ) ;
#1667 = ORIENTED_EDGE ( 'NONE', *, *, #2384, .T. ) ;
#1668 = VECTOR ( 'NONE', #1336, 1000.000000000000000 ) ;
#1669 = CARTESIAN_POINT ( 'NONE',  ( -19.59999999999999432, 25.00000000000000355, 28.35000000000001563 ) ) ;
#1670 = CYLINDRICAL_SURFACE ( 'NONE', #2610, 2.000000000000000888 ) ;
#1671 = CARTESIAN_POINT ( 'NONE',  ( -2.866834657879416604, 5.228798264732700041, 3.745382667544137512 ) ) ;
#1672 = CARTESIAN_POINT ( 'NONE',  ( 21.46593058813488852, 23.02228203321121214, 28.67401596840659295 ) ) ;
#1673 = FACE_OUTER_BOUND ( 'NONE', #5469, .T. ) ;
#1674 = VECTOR ( 'NONE', #1742, 1000.000000000000000 ) ;
#1675 = ORIENTED_EDGE ( 'NONE', *, *, #5784, .T. ) ;
#1676 = ORIENTED_EDGE ( 'NONE', *, *, #2526, .T. ) ;
#1677 = CARTESIAN_POINT ( 'NONE',  ( -20.10159167105970113, 37.89677020660217011, 30.14249951135606054 ) ) ;
#1678 = FACE_OUTER_BOUND ( 'NONE', #2175, .T. ) ;
#1679 = CARTESIAN_POINT ( 'NONE',  ( 24.27440181730895574, 35.06408237806148520, 4.900418791094895532 ) ) ;
#1680 = EDGE_CURVE ( 'NONE', #5016, #1210, #2823, .T. ) ;
#1681 = ORIENTED_EDGE ( 'NONE', *, *, #2474, .F. ) ;
#1682 = CARTESIAN_POINT ( 'NONE',  ( 26.88609344289949021, 20.06233825877645671, 20.88686482084721874 ) ) ;
#1683 = DIRECTION ( 'NONE',  ( 0.000000000000000000, 0.000000000000000000, 1.000000000000000000 ) ) ;
#1684 = VERTEX_POINT ( 'NONE', #1511 ) ;
#1685 = ORIENTED_EDGE ( 'NONE', *, *, #3290, .T. ) ;
#1686 = CARTESIAN_POINT ( 'NONE',  ( 53.86426032307242906, 0.000000000000000000, 7.297043333954690958 ) ) ;
#1687 = CARTESIAN_POINT ( 'NONE',  ( -23.68268086676182449, 38.93655615430537154, 4.897901501480455444 ) ) ;
#1688 = CARTESIAN_POINT ( 'NONE',  ( 2.866834657879444581, 2.999999999999998224, 0.4238121222460795590 ) ) ;
#1689 = ADVANCED_FACE ( 'NONE', ( #542 ), #2759, .F. ) ;
#1690 = CARTESIAN_POINT ( 'NONE',  ( -20.68196140452693754, 20.48694924792748040, -38.64334463271136855 ) ) ;
#1691 = ORIENTED_EDGE ( 'NONE', *, *, #1764, .F. ) ;
#1692 = LINE ( 'NONE', #3505, #38 ) ;
#1693 = FACE_BOUND ( 'NONE', #4057, .T. ) ;
#1694 = CARTESIAN_POINT ( 'NONE',  ( -20.49829126151155023, 23.42528974197087877, 29.58928158158433774 ) ) ;
#1695 = PLANE ( 'NONE',  #5749 ) ;
#1696 = EDGE_LOOP ( 'NONE', ( #5612, #5069, #2133, #4874 ) ) ;
#1697 = ADVANCED_FACE ( 'NONE', ( #2283 ), #2344, .T. ) ;
#1698 = AXIS2_PLACEMENT_3D ( 'NONE', #644, #5654, #4259 ) ;
#1699 = DIRECTION ( 'NONE',  ( 0.000000000000000000, -1.000000000000000000, 0.000000000000000000 ) ) ;
#1700 = CARTESIAN_POINT ( 'NONE',  ( 20.81132554346947572, 35.48447589814306724, 29.66168988055527933 ) ) ;
#1701 = CARTESIAN_POINT ( 'NONE',  ( 24.38362559760189541, 24.37316169909657049, 2.475536321043129817 ) ) ;
#1702 = CARTESIAN_POINT ( 'NONE',  ( 21.66063379979322789, 23.46547480627853233, 27.06031550367208993 ) ) ;
#1703 = VECTOR ( 'NONE', #5137, 1000.000000000000000 ) ;
#1704 = LINE ( 'NONE', #1636, #4068 ) ;
#1705 = ORIENTED_EDGE ( 'NONE', *, *, #192, .T. ) ;
#1706 = ORIENTED_EDGE ( 'NONE', *, *, #19, .F. ) ;
#1707 = CARTESIAN_POINT ( 'NONE',  ( -14.59999999999999787, 37.00000000000000711, 3.381466874697191205 ) ) ;
#1708 = CARTESIAN_POINT ( 'NONE',  ( -31.88733761830489399, 10.00000000000000000, -20.66662904032490644 ) ) ;
#1709 = CARTESIAN_POINT ( 'NONE',  ( 44.60000000000000142, 37.00000000000000711, 27.35000000000001208 ) ) ;
#1710 = EDGE_LOOP ( 'NONE', ( #1351, #287 ) ) ;
#1711 = DIRECTION ( 'NONE',  ( -1.000000000000000000, 0.000000000000000000, 1.116774769942150345E-16 ) ) ;
#1712 = CARTESIAN_POINT ( 'NONE',  ( 45.00000000000000000, 48.00000000000000000, -1.653273178848926709E-14 ) ) ;
#1713 = ORIENTED_EDGE ( 'NONE', *, *, #4187, .F. ) ;
#1714 = EDGE_CURVE ( 'NONE', #2378, #4327, #1557, .T. ) ;
#1715 = VERTEX_POINT ( 'NONE', #598 ) ;
#1716 = EDGE_CURVE ( 'NONE', #1431, #4327, #156, .T. ) ;
#1717 = CARTESIAN_POINT ( 'NONE',  ( -49.52762154881771295, 20.00000000000000000, -10.56677942393415037 ) ) ;
#1718 = DIRECTION ( 'NONE',  ( 0.000000000000000000, 0.000000000000000000, 1.000000000000000000 ) ) ;
#1719 = FACE_OUTER_BOUND ( 'NONE', #4643, .T. ) ;
#1720 = DIRECTION ( 'NONE',  ( 0.000000000000000000, -0.000000000000000000, -1.000000000000000000 ) ) ;
#1721 = ORIENTED_EDGE ( 'NONE', *, *, #4668, .F. ) ;
#1722 = EDGE_CURVE ( 'NONE', #5234, #4915, #93, .T. ) ;
#1723 = MECHANICAL_CONTEXT ( 'NONE', #5803, 'mechanical' ) ;
#1724 = PLANE ( 'NONE',  #3835 ) ;
#1725 = CARTESIAN_POINT ( 'NONE',  ( -20.98875998479203986, 24.46318319923247486, 26.40494375817693751 ) ) ;
#1726 = CARTESIAN_POINT ( 'NONE',  ( -2.866834657879416159, 34.00000000000000000, 20.99930208231626239 ) ) ;
#1727 = VERTEX_POINT ( 'NONE', #1896 ) ;
#1728 = CARTESIAN_POINT ( 'NONE',  ( -10.77369430918175475, 22.57500793664577188, -10.99999999994821920 ) ) ;
#1729 = CARTESIAN_POINT ( 'NONE',  ( 21.52445484175903445, 36.10321083679858134, 26.55744201944632721 ) ) ;
#1730 = DIRECTION ( 'NONE',  ( -0.000000000000000000, -1.000000000000000000, -0.000000000000000000 ) ) ;
#1731 = EDGE_CURVE ( 'NONE', #4952, #859, #2377, .T. ) ;
#1732 = CARTESIAN_POINT ( 'NONE',  ( 14.45628997867803278, 11.03618908720145342, 21.19469965093851727 ) ) ;
#1733 = PLANE ( 'NONE',  #3783 ) ;
#1734 = ORIENTED_EDGE ( 'NONE', *, *, #5287, .T. ) ;
#1735 = ORIENTED_EDGE ( 'NONE', *, *, #1299, .F. ) ;
#1736 = DIRECTION ( 'NONE',  ( -0.000000000000000000, -1.000000000000000000, -0.000000000000000000 ) ) ;
#1737 = CARTESIAN_POINT ( 'NONE',  ( 28.23814985960639490, 20.00000000000000711, -17.24852595502087027 ) ) ;
#1738 = LINE ( 'NONE', #2719, #3644 ) ;
#1739 = ORIENTED_EDGE ( 'NONE', *, *, #5529, .F. ) ;
#1740 = AXIS2_PLACEMENT_3D ( 'NONE', #7, #1730, #4879 ) ;
#1741 = DIRECTION ( 'NONE',  ( 0.000000000000000000, 0.000000000000000000, -1.000000000000000000 ) ) ;
#1742 = DIRECTION ( 'NONE',  ( -0.000000000000000000, -1.000000000000000000, -0.000000000000000000 ) ) ;
#1743 = VERTEX_POINT ( 'NONE', #3774 ) ;
#1744 = AXIS2_PLACEMENT_3D ( 'NONE', #2944, #3008, #3830 ) ;
#1745 = CARTESIAN_POINT ( 'NONE',  ( -14.59999999999999432, 37.00000000000000711, 29.35000000000000497 ) ) ;
#1746 = CARTESIAN_POINT ( 'NONE',  ( -22.96147533197452617, 20.00000000000000000, 38.52235112214060564 ) ) ;
#1747 = CARTESIAN_POINT ( 'NONE',  ( 2.866834657879444581, 4.845868641815550326, 3.367201177841404824 ) ) ;
#1748 = AXIS2_PLACEMENT_3D ( 'NONE', #4116, #944, #2750 ) ;
#1749 = CARTESIAN_POINT ( 'NONE',  ( 14.45628997867803456, 13.99999999999999822, 7.148629685907792464 ) ) ;
#1750 = ORIENTED_EDGE ( 'NONE', *, *, #4455, .T. ) ;
#1751 = PRODUCT_DEFINITION_FORMATION_WITH_SPECIFIED_SOURCE ( 'ANY', '', #3368, .NOT_KNOWN. ) ;
#1752 = CIRCLE ( 'NONE', #1096, 2.000000000000000000 ) ;
#1753 = DIRECTION ( 'NONE',  ( 0.000000000000000000, 0.8602915336341744323, 0.5098023903017325775 ) ) ;
#1754 = DIRECTION ( 'NONE',  ( 0.000000000000000000, 0.000000000000000000, 1.000000000000000000 ) ) ;
#1755 = ADVANCED_FACE ( 'NONE', ( #4097 ), #63, .F. ) ;
#1756 = FACE_OUTER_BOUND ( 'NONE', #23, .T. ) ;
#1757 = EDGE_LOOP ( 'NONE', ( #3494, #4590 ) ) ;
#1758 = CIRCLE ( 'NONE', #5451, 2.000000000000000888 ) ;
#1759 = AXIS2_PLACEMENT_3D ( 'NONE', #4430, #817, #846 ) ;
#1760 = CARTESIAN_POINT ( 'NONE',  ( -31.88733761830489399, 20.00000000000000000, -25.66662904032490289 ) ) ;
#1761 = FACE_OUTER_BOUND ( 'NONE', #5467, .T. ) ;
#1762 = DIRECTION ( 'NONE',  ( 0.000000000000000000, 0.000000000000000000, 1.000000000000000000 ) ) ;
#1763 = FACE_OUTER_BOUND ( 'NONE', #2771, .T. ) ;
#1764 = EDGE_CURVE ( 'NONE', #5103, #4549, #621, .T. ) ;
#1765 = VECTOR ( 'NONE', #4900, 1000.000000000000000 ) ;
#1766 = ADVANCED_FACE ( 'NONE', ( #5257 ), #5731, .F. ) ;
#1767 = VERTEX_POINT ( 'NONE', #2437 ) ;
#1768 = CARTESIAN_POINT ( 'NONE',  ( 6.880916832287116591, 13.99999999999999645, -12.95867322219829099 ) ) ;
#1769 = CARTESIAN_POINT ( 'NONE',  ( 26.97664568352626802, 20.03498213200872513, -21.63989480720868031 ) ) ;
#1770 = ORIENTED_EDGE ( 'NONE', *, *, #3717, .T. ) ;
#1771 = ORIENTED_EDGE ( 'NONE', *, *, #1936, .F. ) ;
#1772 = CIRCLE ( 'NONE', #5559, 44.99999999999992184 ) ;
#1773 = DIRECTION ( 'NONE',  ( 1.000000000000000000, -0.000000000000000000, -1.116774769942150345E-16 ) ) ;
#1774 = CARTESIAN_POINT ( 'NONE',  ( -19.59999999999999787, 37.00000000000000711, 4.381466874697181879 ) ) ;
#1775 = ORIENTED_EDGE ( 'NONE', *, *, #5099, .F. ) ;
#1776 = EDGE_CURVE ( 'NONE', #2294, #3972, #5735, .T. ) ;
#1777 = DIRECTION ( 'NONE',  ( 0.000000000000000000, 0.000000000000000000, 1.000000000000000000 ) ) ;
#1778 = CARTESIAN_POINT ( 'NONE',  ( -73.60888549489654054, 20.00000000000000000, -42.50566993001284288 ) ) ;
#1779 = CARTESIAN_POINT ( 'NONE',  ( 2.866834657879444137, 11.83696158163841261, 7.097918976129649948 ) ) ;
#1780 = ORIENTED_EDGE ( 'NONE', *, *, #2435, .T. ) ;
#1781 = CARTESIAN_POINT ( 'NONE',  ( 10.85841637121497705, 32.66031815543670547, -15.49109465173239464 ) ) ;
#1782 = DIRECTION ( 'NONE',  ( -0.000000000000000000, -1.000000000000000000, -0.000000000000000000 ) ) ;
#1783 = DIRECTION ( 'NONE',  ( 0.000000000000000000, 0.000000000000000000, -1.000000000000000000 ) ) ;
#1784 = ORIENTED_EDGE ( 'NONE', *, *, #5754, .T. ) ;
#1785 = EDGE_CURVE ( 'NONE', #574, #4522, #1161, .T. ) ;
#1786 = CARTESIAN_POINT ( 'NONE',  ( -40.00000000000000000, -7.900000000000003908, -2.449999999999994404 ) ) ;
#1787 = CARTESIAN_POINT ( 'NONE',  ( 24.21984638886213759, 38.00565836938472586, 6.129759854583607392 ) ) ;
#1788 = LINE ( 'NONE', #903, #5721 ) ;
#1789 = CARTESIAN_POINT ( 'NONE',  ( 0.000000000000000000, 0.000000000000000000, 0.000000000000000000 ) ) ;
#1790 = ORIENTED_EDGE ( 'NONE', *, *, #1365, .T. ) ;
#1791 = DIRECTION ( 'NONE',  ( -0.000000000000000000, 1.000000000000000000, -0.000000000000000000 ) ) ;
#1792 = DIRECTION ( 'NONE',  ( 0.000000000000000000, 1.000000000000000000, 0.000000000000000000 ) ) ;
#1793 = ORIENTED_EDGE ( 'NONE', *, *, #1963, .F. ) ;
#1794 = ORIENTED_EDGE ( 'NONE', *, *, #3762, .T. ) ;
#1795 = EDGE_CURVE ( 'NONE', #4549, #4605, #4248, .T. ) ;
#1796 = CARTESIAN_POINT ( 'NONE',  ( -26.88331029277919271, 20.00725657699384286, 20.46369002335113407 ) ) ;
#1797 = ORIENTED_EDGE ( 'NONE', *, *, #5793, .T. ) ;
#1798 = FACE_OUTER_BOUND ( 'NONE', #3899, .T. ) ;
#1799 = CARTESIAN_POINT ( 'NONE',  ( -2.866834657879416159, 10.76965638263936675, 21.25475076098807037 ) ) ;
#1800 = ADVANCED_FACE ( 'NONE', ( #2523 ), #3355, .F. ) ;
#1801 = FACE_OUTER_BOUND ( 'NONE', #4797, .T. ) ;
#1802 = ORIENTED_EDGE ( 'NONE', *, *, #2739, .F. ) ;
#1803 = CARTESIAN_POINT ( 'NONE',  ( -45.00000000000000000, 13.99999999999999822, -3.299999999999990496 ) ) ;
#1804 = CARTESIAN_POINT ( 'NONE',  ( -101.4516408518393717, 20.00000000000000000, -0.06049675528535178315 ) ) ;
#1805 = DIRECTION ( 'NONE',  ( -1.000000000000000000, 0.000000000000000000, -0.000000000000000000 ) ) ;
#1806 = ORIENTED_EDGE ( 'NONE', *, *, #3026, .T. ) ;
#1807 = CARTESIAN_POINT ( 'NONE',  ( 24.51722800916724054, 23.37323189805587731, 5.559713177409606466 ) ) ;
#1808 = CARTESIAN_POINT ( 'NONE',  ( 21.39876706346218782, 35.39211777275004067, 27.13225180816015936 ) ) ;
#1809 = CYLINDRICAL_SURFACE ( 'NONE', #4392, 1.999999999999998224 ) ;
#1810 = EDGE_CURVE ( 'NONE', #3584, #3825, #3860, .T. ) ;
#1811 = ORIENTED_EDGE ( 'NONE', *, *, #3077, .T. ) ;
#1812 = DIRECTION ( 'NONE',  ( 0.000000000000000000, 0.000000000000000000, -1.000000000000000000 ) ) ;
#1813 = ORIENTED_EDGE ( 'NONE', *, *, #5390, .T. ) ;
#1814 = CARTESIAN_POINT ( 'NONE',  ( 11.17009632485667581, 13.99999999999999645, -11.06758542787636657 ) ) ;
#1815 = CARTESIAN_POINT ( 'NONE',  ( 27.03209001116276511, 20.02373908829734006, -21.88694470566561634 ) ) ;
#1816 = ORIENTED_EDGE ( 'NONE', *, *, #2848, .T. ) ;
#1817 = ORIENTED_EDGE ( 'NONE', *, *, #2336, .T. ) ;
#1818 = EDGE_CURVE ( 'NONE', #2182, #2654, #2851, .T. ) ;
#1819 = CARTESIAN_POINT ( 'NONE',  ( 45.00000000000000000, 20.00000000000000000, -1.653273178848926709E-14 ) ) ;
#1820 = ORIENTED_EDGE ( 'NONE', *, *, #3793, .F. ) ;
#1821 = ADVANCED_FACE ( 'NONE', ( #5223 ), #3930, .T. ) ;
#1822 = VECTOR ( 'NONE', #3960, 1000.000000000000000 ) ;
#1823 = CYLINDRICAL_SURFACE ( 'NONE', #4128, 0.9999999999999940048 ) ;
#1824 = DIRECTION ( 'NONE',  ( -1.000000000000000000, 0.000000000000000000, 1.116774769942150345E-16 ) ) ;
#1825 = DIRECTION ( 'NONE',  ( 0.000000000000000000, 0.000000000000000000, -1.000000000000000000 ) ) ;
#1826 = AXIS2_PLACEMENT_3D ( 'NONE', #994, #936, #4196 ) ;
#1827 = ORIENTED_EDGE ( 'NONE', *, *, #607, .T. ) ;
#1828 = CIRCLE ( 'NONE', #1740, 40.00000000000000711 ) ;
#1829 = ADVANCED_FACE ( 'NONE', ( #1537 ), #2917, .F. ) ;
#1830 = AXIS2_PLACEMENT_3D ( 'NONE', #1883, #3701, #5538 ) ;
#1831 = DIRECTION ( 'NONE',  ( 0.000000000000000000, -0.5098023903017325775, 0.8602915336341744323 ) ) ;
#1832 = CARTESIAN_POINT ( 'NONE',  ( 2.300975553205425239, 41.99999999999999289, -24.64812362946561564 ) ) ;
#1833 = DIRECTION ( 'NONE',  ( 0.000000000000000000, 1.000000000000000000, 1.734723475976808574E-16 ) ) ;
#1834 = CC_DESIGN_APPROVAL ( #108, ( #2881 ) ) ;
#1835 = ORIENTED_EDGE ( 'NONE', *, *, #4099, .T. ) ;
#1836 = AXIS2_PLACEMENT_3D ( 'NONE', #1943, #649, #4265 ) ;
#1837 = CARTESIAN_POINT ( 'NONE',  ( 53.86426032307243617, 0.000000000000000000, -7.297043333954705169 ) ) ;
#1838 = CARTESIAN_POINT ( 'NONE',  ( 24.24007064638915310, 38.50559144005444523, 5.704413829627085875 ) ) ;
#1839 = LINE ( 'NONE', #957, #2009 ) ;
#1840 = AXIS2_PLACEMENT_3D ( 'NONE', #3297, #3744, #5553 ) ;
#1841 = ORIENTED_EDGE ( 'NONE', *, *, #921, .T. ) ;
#1842 = CARTESIAN_POINT ( 'NONE',  ( 19.60000000000000142, 25.00000000000000355, 26.35000000000000853 ) ) ;
#1843 = AXIS2_PLACEMENT_3D ( 'NONE', #5040, #1391, #4560 ) ;
#1844 = EDGE_LOOP ( 'NONE', ( #4646, #4969 ) ) ;
#1845 = CYLINDRICAL_SURFACE ( 'NONE', #2781, 3.299999999999990496 ) ;
#1846 = CARTESIAN_POINT ( 'NONE',  ( 26.90419134671524404, 20.05562840650302192, -21.14662358949164300 ) ) ;
#1847 = CARTESIAN_POINT ( 'NONE',  ( -20.82720456990945124, 35.48291872767314459, 27.04007404780376689 ) ) ;
#1848 = ORIENTED_EDGE ( 'NONE', *, *, #320, .T. ) ;
#1849 = CARTESIAN_POINT ( 'NONE',  ( -26.92210403180243716, 20.00000000000000355, 21.31998663548873552 ) ) ;
#1850 = CIRCLE ( 'NONE', #3751, 0.9999999999999940048 ) ;
#1851 = VERTEX_POINT ( 'NONE', #302 ) ;
#1852 = ADVANCED_FACE ( 'NONE', ( #4305 ), #3829, .F. ) ;
#1853 = CIRCLE ( 'NONE', #631, 8.683891135745930967 ) ;
#1854 = CARTESIAN_POINT ( 'NONE',  ( -9.552611072355954747, 13.99999999999999822, 21.00476137231022733 ) ) ;
#1855 = DIRECTION ( 'NONE',  ( -1.000000000000000000, 0.000000000000000000, 1.116774769942150345E-16 ) ) ;
#1856 = CARTESIAN_POINT ( 'NONE',  ( -49.52762154881771295, 0.000000000000000000, -10.56677942393414860 ) ) ;
#1857 = CARTESIAN_POINT ( 'NONE',  ( 13.52604195490285299, 41.98358676448140159, -15.72252069271761599 ) ) ;
#1858 = ORIENTED_EDGE ( 'NONE', *, *, #4895, .F. ) ;
#1859 = CARTESIAN_POINT ( 'NONE',  ( 2.866834657879444137, 6.461743869376524785, 23.35051099282492260 ) ) ;
#1860 = CARTESIAN_POINT ( 'NONE',  ( -7.514718548988403413, 41.99999999999999289, -22.75455419529694367 ) ) ;
#1861 = EDGE_CURVE ( 'NONE', #3792, #2147, #1107, .T. ) ;
#1862 = CARTESIAN_POINT ( 'NONE',  ( 23.66675350869329364, 20.00000000000000000, -38.27381321946830894 ) ) ;
#1863 = ORIENTED_EDGE ( 'NONE', *, *, #2228, .T. ) ;
#1864 = CARTESIAN_POINT ( 'NONE',  ( 56.09901130373780376, 0.000000000000000000, -3.435073731422685145E-15 ) ) ;
#1865 = CARTESIAN_POINT ( 'NONE',  ( 24.25436018621349277, 38.73537949057563168, 5.384241240095290593 ) ) ;
#1866 = CARTESIAN_POINT ( 'NONE',  ( -20.64927202557086972, 26.95018532382691845, 27.83549887739600948 ) ) ;
#1867 = CARTESIAN_POINT ( 'NONE',  ( 24.34847378163785692, 37.00000000000001421, 2.381466874697177438 ) ) ;
#1868 = EDGE_CURVE ( 'NONE', #4615, #5243, #2591, .T. ) ;
#1869 = ORIENTED_EDGE ( 'NONE', *, *, #4154, .F. ) ;
#1870 = DIRECTION ( 'NONE',  ( 0.000000000000000000, 1.000000000000000000, -0.000000000000000000 ) ) ;
#1871 = ORIENTED_EDGE ( 'NONE', *, *, #4623, .F. ) ;
#1872 = DIRECTION ( 'NONE',  ( 0.000000000000000000, 0.000000000000000000, -1.000000000000000000 ) ) ;
#1873 = CARTESIAN_POINT ( 'NONE',  ( -23.65261379153598753, 35.40095705325236253, 5.610749640507275871 ) ) ;
#1874 = CARTESIAN_POINT ( 'NONE',  ( -20.56020645269728320, 34.99983780384339838, 28.22360419571968393 ) ) ;
#1875 = ORIENTED_EDGE ( 'NONE', *, *, #4996, .F. ) ;
#1876 = B_SPLINE_CURVE_WITH_KNOTS ( 'NONE', 3,
 ( #2530, #253, #1167, #2498, #5616, #3043, #730, #670, #3422, #1671, #2084, #1579, #4731, #2982, #2952, #5704, #5175, #3454, #1546, #3839 ),
 .UNSPECIFIED., .F., .F.,
 ( 4, 2, 2, 2, 2, 2, 2, 2, 2, 4 ),
 ( 1.734723475976807094E-18, 0.003214907220793875291, 0.004822360831190809251, 0.006429814441587744511, 0.008037268051984678904, 0.009644721662381611563, 0.01044844846758007963, 0.01125217527277854769, 0.01205590207797701575, 0.01285962888317548382 ),
 .UNSPECIFIED. ) ;
#1877 = CARTESIAN_POINT ( 'NONE',  ( 14.45628997867803101, -2.499999999999998668, -3.150000000000000355 ) ) ;
#1878 = ORIENTED_EDGE ( 'NONE', *, *, #3987, .T. ) ;
#1879 = AXIS2_PLACEMENT_3D ( 'NONE', #2317, #2286, #1372 ) ;
#1880 = CARTESIAN_POINT ( 'NONE',  ( -9.446056129463849871, 13.99999999999999645, -11.63272780141541674 ) ) ;
#1881 = CARTESIAN_POINT ( 'NONE',  ( 14.45628997867803811, 5.228798264732694712, 3.745382667544134847 ) ) ;
#1882 = LINE ( 'NONE', #3220, #1000 ) ;
#1883 = CARTESIAN_POINT ( 'NONE',  ( 31.88733761830489399, 10.00000000000000000, 20.66662904032490644 ) ) ;
#1884 = CARTESIAN_POINT ( 'NONE',  ( -14.59999999999999432, 25.00000000000000355, 28.35000000000001208 ) ) ;
#1885 = VERTEX_POINT ( 'NONE', #2675 ) ;
#1886 = AXIS2_PLACEMENT_3D ( 'NONE', #2838, #4204, #525 ) ;
#1887 = ADVANCED_FACE ( 'NONE', ( #3594 ), #3144, .T. ) ;
#1888 = ORIENTED_EDGE ( 'NONE', *, *, #2371, .F. ) ;
#1889 = SHAPE_DEFINITION_REPRESENTATION ( #2310, #5818 ) ;
#1890 = FACE_OUTER_BOUND ( 'NONE', #753, .T. ) ;
#1891 = CARTESIAN_POINT ( 'NONE',  ( -6.553967837431315502, 14.00000000000000000, -13.57208931268220908 ) ) ;
#1892 = CARTESIAN_POINT ( 'NONE',  ( 19.60000000000000142, 25.00000000000000355, 30.35000000000000497 ) ) ;
#1893 = ORIENTED_EDGE ( 'NONE', *, *, #479, .F. ) ;
#1894 = ADVANCED_FACE ( 'NONE', ( #844, #1693, #1307, #3534, #5319 ), #4510, .F. ) ;
#1895 = CARTESIAN_POINT ( 'NONE',  ( -31.88733761830489399, 10.00000000000000000, 25.66662904032490289 ) ) ;
#1896 = CARTESIAN_POINT ( 'NONE',  ( 24.60000000000000142, 23.19044304560213732, 5.233231882660244416 ) ) ;
#1897 = CARTESIAN_POINT ( 'NONE',  ( -20.06373424387636817, 25.53358208354564596, 30.29532654502087397 ) ) ;
#1898 = CARTESIAN_POINT ( 'NONE',  ( -14.45628997867800791, 6.034871973222089458, 23.68836819866359633 ) ) ;
#1899 = EDGE_LOOP ( 'NONE', ( #2066, #5532 ) ) ;
#1900 = CARTESIAN_POINT ( 'NONE',  ( 24.60000000000000142, 23.32727522951152821, 3.886211421559643497 ) ) ;
#1901 = VERTEX_POINT ( 'NONE', #1803 ) ;
#1902 = EDGE_CURVE ( 'NONE', #2727, #4100, #4880, .T. ) ;
#1903 = FACE_OUTER_BOUND ( 'NONE', #5718, .T. ) ;
#1904 = CARTESIAN_POINT ( 'NONE',  ( -23.70649112542973569, 34.99993069647023702, 4.252123389490995997 ) ) ;
#1905 = CARTESIAN_POINT ( 'NONE',  ( -20.47054878773764486, 35.01268016134835648, 28.60946233013578421 ) ) ;
#1906 = ORIENTED_EDGE ( 'NONE', *, *, #1217, .F. ) ;
#1907 = CARTESIAN_POINT ( 'NONE',  ( 19.60000000000000142, 37.00000000000000711, 28.35000000000000497 ) ) ;
#1908 = ORIENTED_EDGE ( 'NONE', *, *, #381, .F. ) ;
#1909 = DIRECTION ( 'NONE',  ( -1.000000000000000000, 0.000000000000000000, 1.116774769942150345E-16 ) ) ;
#1910 = LINE ( 'NONE', #3284, #710 ) ;
#1911 = DIRECTION ( 'NONE',  ( 0.000000000000000000, 0.000000000000000000, 1.000000000000000000 ) ) ;
#1912 = CARTESIAN_POINT ( 'NONE',  ( -2.866834657879415715, 4.135272557167700036, 25.58864895857282207 ) ) ;
#1913 = CARTESIAN_POINT ( 'NONE',  ( 13.61335910139499994, 41.92070722203088451, -15.50519961585602147 ) ) ;
#1914 = ORIENTED_EDGE ( 'NONE', *, *, #19, .T. ) ;
#1915 = ORIENTED_EDGE ( 'NONE', *, *, #4008, .T. ) ;
#1916 = DIRECTION ( 'NONE',  ( 0.000000000000000000, 0.000000000000000000, -1.000000000000000000 ) ) ;
#1917 = CARTESIAN_POINT ( 'NONE',  ( -7.281242224613974301, 14.00000000000000178, -12.25902508116478273 ) ) ;
#1918 = PLANE ( 'NONE',  #1290 ) ;
#1919 = AXIS2_PLACEMENT_3D ( 'NONE', #3364, #5651, #4791 ) ;
#1920 = ORIENTED_EDGE ( 'NONE', *, *, #1001, .F. ) ;
#1921 = AXIS2_PLACEMENT_3D ( 'NONE', #5792, #5852, #333 ) ;
#1922 = EDGE_CURVE ( 'NONE', #2801, #5280, #1752, .T. ) ;
#1923 = ORGANIZATION ( 'UNSPECIFIED', 'UNSPECIFIED', '' ) ;
#1924 = CARTESIAN_POINT ( 'NONE',  ( -8.661562318278711814, 1.212141125398237484, -49.00079791768374804 ) ) ;
#1925 = CARTESIAN_POINT ( 'NONE',  ( 24.32194759555643415, 38.79827860132295569, 3.496356333714266462 ) ) ;
#1926 = CARTESIAN_POINT ( 'NONE',  ( -20.97734123660994143, 25.26455288005667299, 26.35000000000001208 ) ) ;
#1927 = CARTESIAN_POINT ( 'NONE',  ( -14.45628997867800969, 3.812644255848384400, 26.00787467386405183 ) ) ;
#1928 = ORIENTED_EDGE ( 'NONE', *, *, #166, .T. ) ;
#1929 = CARTESIAN_POINT ( 'NONE',  ( -17.71878667842027610, 25.00000000000000711, -38.64334463271136855 ) ) ;
#1930 = VECTOR ( 'NONE', #3239, 1000.000000000000000 ) ;
#1931 = ORIENTED_EDGE ( 'NONE', *, *, #785, .F. ) ;
#1932 = CARTESIAN_POINT ( 'NONE',  ( -31.88733761830489399, 48.00000000000000000, 20.66662904032490644 ) ) ;
#1933 = LINE ( 'NONE', #1518, #3455 ) ;
#1934 = CARTESIAN_POINT ( 'NONE',  ( -20.10152877002200000, 36.10362707504574331, 30.14275428757690634 ) ) ;
#1935 = ORIENTED_EDGE ( 'NONE', *, *, #4868, .T. ) ;
#1936 = EDGE_CURVE ( 'NONE', #4143, #3307, #3952, .T. ) ;
#1937 = CARTESIAN_POINT ( 'NONE',  ( -13.25067851792645790, 41.99999999999999289, -16.36647692953350131 ) ) ;
#1938 = EDGE_CURVE ( 'NONE', #113, #2963, #5449, .T. ) ;
#1939 = ORIENTED_EDGE ( 'NONE', *, *, #4374, .T. ) ;
#1940 = AXIS2_PLACEMENT_3D ( 'NONE', #5010, #4656, #2785 ) ;
#1941 = CIRCLE ( 'NONE', #4223, 4.999999999999997335 ) ;
#1942 = FACE_OUTER_BOUND ( 'NONE', #4377, .T. ) ;
#1943 = CARTESIAN_POINT ( 'NONE',  ( -19.59999999999999432, 37.00000000000000711, 28.35000000000001563 ) ) ;
#1944 = AXIS2_PLACEMENT_3D ( 'NONE', #1251, #1783, #1805 ) ;
#1945 = CARTESIAN_POINT ( 'NONE',  ( 14.60000000000000497, 13.99999999999999822, 35.60000000000000853 ) ) ;
#1946 = DIRECTION ( 'NONE',  ( 0.000000000000000000, -0.000000000000000000, -1.000000000000000000 ) ) ;
#1947 = ORIENTED_EDGE ( 'NONE', *, *, #667, .F. ) ;
#1948 = EDGE_CURVE ( 'NONE', #4, #257, #5347, .T. ) ;
#1949 = ORIENTED_EDGE ( 'NONE', *, *, #4654, .T. ) ;
#1950 = VECTOR ( 'NONE', #3536, 1000.000000000000000 ) ;
#1951 = CARTESIAN_POINT ( 'NONE',  ( -24.10933221376967950, 23.00136373611757179, 4.655703546154178696 ) ) ;
#1952 = DIRECTION ( 'NONE',  ( 0.000000000000000000, 0.000000000000000000, 1.000000000000000000 ) ) ;
#1953 = DIRECTION ( 'NONE',  ( -1.000000000000000000, 0.000000000000000000, 1.116774769942150345E-16 ) ) ;
#1954 = DIRECTION ( 'NONE',  ( 0.000000000000000000, -1.000000000000000000, 0.000000000000000000 ) ) ;
#1955 = AXIS2_PLACEMENT_3D ( 'NONE', #2751, #3251, #4208 ) ;
#1956 = ORIENTED_EDGE ( 'NONE', *, *, #2218, .F. ) ;
#1957 = DIRECTION ( 'NONE',  ( 0.000000000000000000, -1.000000000000000000, 0.000000000000000000 ) ) ;
#1958 = CARTESIAN_POINT ( 'NONE',  ( 7.770513564201496415, 13.99999999999999822, 21.00476137231022733 ) ) ;
#1959 = DIRECTION ( 'NONE',  ( -0.000000000000000000, 1.000000000000000000, -0.000000000000000000 ) ) ;
#1960 = DIRECTION ( 'NONE',  ( 0.000000000000000000, 0.000000000000000000, 1.000000000000000000 ) ) ;
#1961 = ORIENTED_EDGE ( 'NONE', *, *, #5567, .T. ) ;
#1962 = CARTESIAN_POINT ( 'NONE',  ( 5.758953889330582498, 13.99999999999999822, -14.08621999028509109 ) ) ;
#1963 = EDGE_CURVE ( 'NONE', #4720, #4443, #5763, .T. ) ;
#1964 = B_SPLINE_CURVE_WITH_KNOTS ( 'NONE', 3,
 ( #1664, #1600, #2524, #4696, #4338, #273, #2973, #1134, #5224, #1538, #5671, #1162, #2918, #3890, #5698, #3447, #634, #3356, #5258, #4814, #5165, #1108, #4724, #1193, #751, #4365, #662, #303 ),
 .UNSPECIFIED., .F., .F.,
 ( 4, 2, 2, 2, 2, 2, 2, 2, 2, 2, 2, 2, 2, 4 ),
 ( 0.006337646131895995592, 0.007129598039954953420, 0.007525573993984444043, 0.007921549948013934667, 0.008317525902043425290, 0.008713501856072915913, 0.009505453764131888486, 0.009901429718161373905, 0.01029740567219086106, 0.01069338162622034821, 0.01108935758024983537, 0.01148533353427932252, 0.01188130948830880967, 0.01267326139636776663 ),
 .UNSPECIFIED. ) ;
#1965 = DIRECTION ( 'NONE',  ( 0.000000000000000000, -1.000000000000000000, 0.000000000000000000 ) ) ;
#1966 = CARTESIAN_POINT ( 'NONE',  ( -19.59999999999999787, 37.00000000000000711, 5.381466874697172997 ) ) ;
#1967 = CARTESIAN_POINT ( 'NONE',  ( -20.05340481972790201, 36.73443523547618383, 30.33667743901649416 ) ) ;
#1968 = EDGE_LOOP ( 'NONE', ( #3151, #3495, #3724, #4886, #4613, #673, #1780, #2732 ) ) ;
#1969 = CARTESIAN_POINT ( 'NONE',  ( -13.98489523511903521, 40.94123632809572655, -14.43997436550916724 ) ) ;
#1970 = VERTEX_POINT ( 'NONE', #3567 ) ;
#1971 = CARTESIAN_POINT ( 'NONE',  ( -14.49999999999999822, 0.000000000000000000, 7.148629685907792464 ) ) ;
#1972 = CARTESIAN_POINT ( 'NONE',  ( 14.45628997867803456, 7.799917731161409407, 5.693280996435643004 ) ) ;
#1973 = LINE ( 'NONE', #1945, #4897 ) ;
#1974 = CARTESIAN_POINT ( 'NONE',  ( 14.60000000000000497, 25.00000000000000355, 28.35000000000001208 ) ) ;
#1975 = ORIENTED_EDGE ( 'NONE', *, *, #5170, .T. ) ;
#1976 = VERTEX_POINT ( 'NONE', #3094 ) ;
#1977 = AXIS2_PLACEMENT_3D ( 'NONE', #4940, #3458, #5269 ) ;
#1978 = EDGE_CURVE ( 'NONE', #1715, #4715, #759, .T. ) ;
#1979 = CARTESIAN_POINT ( 'NONE',  ( -14.45628997867800614, 11.03618908720145519, 6.953232117285548242 ) ) ;
#1980 = AXIS2_PLACEMENT_3D ( 'NONE', #1376, #5836, #1319 ) ;
#1981 = CARTESIAN_POINT ( 'NONE',  ( 7.133800846054064948, 14.00000000000000178, -11.61800931932919667 ) ) ;
#1982 = FACE_BOUND ( 'NONE', #2705, .T. ) ;
#1983 = ORIENTED_EDGE ( 'NONE', *, *, #5192, .T. ) ;
#1984 = DIRECTION ( 'NONE',  ( -1.000000000000000000, 0.000000000000000000, 0.000000000000000000 ) ) ;
#1985 = CARTESIAN_POINT ( 'NONE',  ( 44.60000000000000142, 37.00000000000000711, 4.381466874697174774 ) ) ;
#1986 = DIRECTION ( 'NONE',  ( 1.000000000000000000, 0.000000000000000000, 0.000000000000000000 ) ) ;
#1987 = CARTESIAN_POINT ( 'NONE',  ( 8.454385031338778944, 13.99999999999999822, -11.94184465520995175 ) ) ;
#1988 = ORIENTED_EDGE ( 'NONE', *, *, #2816, .T. ) ;
#1989 = CARTESIAN_POINT ( 'NONE',  ( 0.3090362592365260563, 14.00000000002461142, -16.89502909253964802 ) ) ;
#1990 = DIRECTION ( 'NONE',  ( 1.000000000000000000, 0.000000000000000000, -1.116774769942150345E-16 ) ) ;
#1991 = CARTESIAN_POINT ( 'NONE',  ( -14.59999999999999787, 37.00000000000000711, 4.381466874697181879 ) ) ;
#1992 = CARTESIAN_POINT ( 'NONE',  ( -7.348766177427614288, 18.66325285577826421, -14.50877916791690048 ) ) ;
#1993 = EDGE_CURVE ( 'NONE', #5824, #992, #2250, .T. ) ;
#1994 = CARTESIAN_POINT ( 'NONE',  ( -14.56467189027089582, 29.52577250199092873, -11.50685949660773311 ) ) ;
#1995 = ORIENTED_EDGE ( 'NONE', *, *, #1395, .T. ) ;
#1996 = ORIENTED_EDGE ( 'NONE', *, *, #966, .T. ) ;
#1997 = CARTESIAN_POINT ( 'NONE',  ( -11.43032721011088881, 13.99999999999999822, -11.09983512157150010 ) ) ;
#1998 = FACE_OUTER_BOUND ( 'NONE', #2540, .T. ) ;
#1999 = EDGE_CURVE ( 'NONE', #2609, #778, #3506, .T. ) ;
#2000 = CARTESIAN_POINT ( 'NONE',  ( -19.59999999999999432, 25.00000000000000355, 28.35000000000001563 ) ) ;
#2001 = CARTESIAN_POINT ( 'NONE',  ( 24.24475473979585161, 26.59004099971535950, 5.601658672503728731 ) ) ;
#2002 = ORIENTED_EDGE ( 'NONE', *, *, #4740, .F. ) ;
#2003 = ORIENTED_EDGE ( 'NONE', *, *, #3968, .T. ) ;
#2004 = DIRECTION ( 'NONE',  ( 0.000000000000000000, 0.000000000000000000, 1.000000000000000000 ) ) ;
#2005 = CARTESIAN_POINT ( 'NONE',  ( -14.49999999999999822, 0.000000000000000000, 20.99930208231626239 ) ) ;
#2006 = EDGE_CURVE ( 'NONE', #3400, #5503, #1334, .T. ) ;
#2007 = ORIENTED_EDGE ( 'NONE', *, *, #1316, .F. ) ;
#2008 = EDGE_CURVE ( 'NONE', #540, #3475, #4503, .T. ) ;
#2009 = VECTOR ( 'NONE', #34, 1000.000000000000000 ) ;
#2010 = CARTESIAN_POINT ( 'NONE',  ( 15.54752614918780296, 23.51215348742772804, -11.00000000000002309 ) ) ;
#2011 = DIRECTION ( 'NONE',  ( 0.000000000000000000, 0.000000000000000000, 1.000000000000000000 ) ) ;
#2012 = DIRECTION ( 'NONE',  ( -1.000000000000000000, 0.000000000000000000, 0.000000000000000000 ) ) ;
#2013 = FACE_OUTER_BOUND ( 'NONE', #1757, .T. ) ;
#2014 = EDGE_LOOP ( 'NONE', ( #4763, #1349, #5374, #4737, #1324 ) ) ;
#2015 = CARTESIAN_POINT ( 'NONE',  ( -21.30953139727106205, 20.24441570085096131, -38.64334463271136855 ) ) ;
#2016 = CIRCLE ( 'NONE', #3726, 7.784497522204846476 ) ;
#2017 = AXIS2_PLACEMENT_3D ( 'NONE', #1657, #4899, #1718 ) ;
#2018 = CARTESIAN_POINT ( 'NONE',  ( 44.60000000000000142, 37.00000000000000711, 3.381466874697180547 ) ) ;
#2019 = CARTESIAN_POINT ( 'NONE',  ( 0.000000000000000000, 0.000000000000000000, 0.000000000000000000 ) ) ;
#2020 = CARTESIAN_POINT ( 'NONE',  ( -10.99289978151647951, 32.66016280178618558, -15.48434647094222782 ) ) ;
#2021 = ORIENTED_EDGE ( 'NONE', *, *, #3530, .F. ) ;
#2022 = VECTOR ( 'NONE', #526, 1000.000000000000000 ) ;
#2023 = DIRECTION ( 'NONE',  ( 0.000000000000000000, 0.000000000000000000, 1.000000000000000000 ) ) ;
#2024 = LINE ( 'NONE', #1610, #4258 ) ;
#2025 = VECTOR ( 'NONE', #843, 1000.000000000000000 ) ;
#2026 = ORIENTED_EDGE ( 'NONE', *, *, #3230, .F. ) ;
#2027 = CIRCLE ( 'NONE', #2900, 4.999999999999997335 ) ;
#2028 = VERTEX_POINT ( 'NONE', #3983 ) ;
#2029 = CARTESIAN_POINT ( 'NONE',  ( -20.50023943462507958, 38.99985605091337248, 28.48230344406077563 ) ) ;
#2030 = CARTESIAN_POINT ( 'NONE',  ( 24.33987893633070598, 35.78040528963631317, 2.790968551026608679 ) ) ;
#2031 = CARTESIAN_POINT ( 'NONE',  ( 31.88733761830489399, 0.000000000000000000, 20.66662904032490644 ) ) ;
#2032 = LINE ( 'NONE', #4803, #5375 ) ;
#2033 = VECTOR ( 'NONE', #5811, 1000.000000000000000 ) ;
#2034 = ORIENTED_EDGE ( 'NONE', *, *, #4180, .T. ) ;
#2035 = ORIENTED_EDGE ( 'NONE', *, *, #3271, .F. ) ;
#2036 = ADVANCED_FACE ( 'NONE', ( #5791 ), #1724, .T. ) ;
#2037 = AXIS2_PLACEMENT_3D ( 'NONE', #1572, #4307, #2049 ) ;
#2038 = CARTESIAN_POINT ( 'NONE',  ( -14.45628997867800969, 10.24734401031044762, 6.753072295248298218 ) ) ;
#2039 = CARTESIAN_POINT ( 'NONE',  ( -17.71878667842027610, 25.00000000000000711, 38.52235112214060564 ) ) ;
#2040 = CARTESIAN_POINT ( 'NONE',  ( 102.0434606194388749, 25.00000000000000711, -0.06049675528537953872 ) ) ;
#2041 = EDGE_LOOP ( 'NONE', ( #4787, #3545, #3105, #1667 ) ) ;
#2042 = AXIS2_PLACEMENT_3D ( 'NONE', #5512, #2369, #58 ) ;
#2043 = ADVANCED_FACE ( 'NONE', ( #5483 ), #1477, .F. ) ;
#2044 = VECTOR ( 'NONE', #3906, 1000.000000000000000 ) ;
#2045 = CARTESIAN_POINT ( 'NONE',  ( -0.1964689643180099754, 13.99999999999999822, -9.073103164651215025 ) ) ;
#2046 = DIRECTION ( 'NONE',  ( 0.000000000000000000, 0.000000000000000000, 1.000000000000000000 ) ) ;
#2047 = FACE_OUTER_BOUND ( 'NONE', #3532, .T. ) ;
#2048 = B_SPLINE_CURVE_WITH_KNOTS ( 'NONE', 3,
 ( #960, #2714, #1900, #5859 ),
 .UNSPECIFIED., .F., .F.,
 ( 4, 4 ),
 ( 0.005818933159591844172, 0.007849832686693309150 ),
 .UNSPECIFIED. ) ;
#2049 = DIRECTION ( 'NONE',  ( 1.116774769942150345E-16, 0.000000000000000000, 1.000000000000000000 ) ) ;
#2050 = ORIENTED_EDGE ( 'NONE', *, *, #1810, .F. ) ;
#2051 =( BOUNDED_SURFACE ( )  B_SPLINE_SURFACE ( 3, 2, ( 
 ( #5614, #2107, #3332 ),
 ( #3805, #1544, #668 ),
 ( #2471, #216, #2709 ),
 ( #4489, #1338, #5827 ),
 ( #4016, #1728, #849 ),
 ( #3511, #4048, #2140 ),
 ( #398, #4463, #5797 ),
 ( #339, #1254, #3540 ) ),
 .UNSPECIFIED., .F., .F., .F. ) 
 B_SPLINE_SURFACE_WITH_KNOTS ( ( 4, 2, 2, 4 ),
 ( 3, 3 ),
 ( 0.03381859677730035540, 0.04861840410324880929, 0.05601830776622303276, 0.06341821142919726317 ),
 ( 0.000000000000000000, 1.000000000000000000 ),
 .UNSPECIFIED. ) 
 GEOMETRIC_REPRESENTATION_ITEM ( )  RATIONAL_B_SPLINE_SURFACE ( (
 ( 1.000000000000000000, 0.8311325485166363158, 1.000000000000000000),
 ( 1.000000000000000000, 0.8391927141541989377, 1.000000000000000000),
 ( 1.000000000000000000, 0.8483571062698558318, 1.000000000000000000),
 ( 1.000000000000000000, 0.8648688368786077163, 1.000000000000000000),
 ( 1.000000000000000000, 0.8708356559456204016, 1.000000000000000000),
 ( 1.000000000000000000, 0.8839909076698836410, 1.000000000000000000),
 ( 1.000000000000000000, 0.8911837756354217266, 1.000000000000000000),
 ( 1.000000000000000000, 0.8991911703977950587, 1.000000000000000000) ) ) 
 REPRESENTATION_ITEM ( '' )  SURFACE ( )  );
#2052 = FACE_OUTER_BOUND ( 'NONE', #3840, .T. ) ;
#2053 = CARTESIAN_POINT ( 'NONE',  ( -40.00000000000000000, 0.000000000000000000, 3.149999999999999911 ) ) ;
#2054 = CARTESIAN_POINT ( 'NONE',  ( -6.748037788433522977, 16.33175922894428567, -14.30755258038868583 ) ) ;
#2055 = EDGE_CURVE ( 'NONE', #3852, #698, #1354, .T. ) ;
#2056 = CARTESIAN_POINT ( 'NONE',  ( 20.64190408507750973, 25.00000000000000711, 30.35000000000000497 ) ) ;
#2057 = CARTESIAN_POINT ( 'NONE',  ( -23.73337755238164348, 26.73562114413991608, 3.379103146449507378 ) ) ;
#2058 = ORIENTED_EDGE ( 'NONE', *, *, #743, .T. ) ;
#2059 = ORIENTED_EDGE ( 'NONE', *, *, #337, .F. ) ;
#2060 = CARTESIAN_POINT ( 'NONE',  ( 45.00000000000000000, 13.99999999999999822, 7.273499999999978982 ) ) ;
#2061 = CARTESIAN_POINT ( 'NONE',  ( -23.72983069108598997, 23.99422150918103114, 6.114963195397579376 ) ) ;
#2062 = CARTESIAN_POINT ( 'NONE',  ( 24.33127930640433334, 35.40072190304874766, 3.152467180254383994 ) ) ;
#2063 = CARTESIAN_POINT ( 'NONE',  ( 14.60000000000000497, 13.99999999999999822, 35.60000000000000853 ) ) ;
#2064 = CARTESIAN_POINT ( 'NONE',  ( -8.836024629083905069, 13.99999999999999822, -11.94176396051995503 ) ) ;
#2065 = EDGE_LOOP ( 'NONE', ( #5713, #4909, #3437, #4486, #1721 ) ) ;
#2066 = ORIENTED_EDGE ( 'NONE', *, *, #3271, .T. ) ;
#2067 = AXIS2_PLACEMENT_3D ( 'NONE', #1712, #1298, #4000 ) ;
#2068 = DIRECTION ( 'NONE',  ( 0.000000000000000000, 1.000000000000000000, -0.000000000000000000 ) ) ;
#2069 = LINE ( 'NONE', #3321, #4685 ) ;
#2070 = ADVANCED_FACE ( 'NONE', ( #4595 ), #2304, .F. ) ;
#2071 = DIRECTION ( 'NONE',  ( 0.000000000000000000, 1.000000000000000000, 0.000000000000000000 ) ) ;
#2072 = AXIS2_PLACEMENT_3D ( 'NONE', #3016, #2632, #3579 ) ;
#2073 = ORIENTED_EDGE ( 'NONE', *, *, #990, .T. ) ;
#2074 = VECTOR ( 'NONE', #5575, 1000.000000000000000 ) ;
#2075 = CARTESIAN_POINT ( 'NONE',  ( 7.982593837714562213, 13.04203997660962955, -11.00000000000001954 ) ) ;
#2076 = CARTESIAN_POINT ( 'NONE',  ( 21.08614392565755580, 20.57850081700086875, 38.52235112214061274 ) ) ;
#2077 = DIRECTION ( 'NONE',  ( 0.000000000000000000, 0.000000000000000000, 1.000000000000000000 ) ) ;
#2078 = CARTESIAN_POINT ( 'NONE',  ( 21.34793071302120282, 26.74291094028043148, 27.36047405488713835 ) ) ;
#2079 = ORIENTED_EDGE ( 'NONE', *, *, #3864, .T. ) ;
#2080 = CIRCLE ( 'NONE', #5401, 4.999999999999997335 ) ;
#2081 = ADVANCED_FACE ( 'NONE', ( #4092 ), #978, .F. ) ;
#2082 = DIRECTION ( 'NONE',  ( 0.000000000000000000, 1.000000000000000000, 0.000000000000000000 ) ) ;
#2083 = DIRECTION ( 'NONE',  ( -0.000000000000000000, -1.000000000000000000, -0.000000000000000000 ) ) ;
#2084 = CARTESIAN_POINT ( 'NONE',  ( -2.866834657879416604, 4.847470004413805711, 3.368691380765833188 ) ) ;
#2085 = CARTESIAN_POINT ( 'NONE',  ( 20.71111965798640142, 24.34467353157882741, 30.24413650176980539 ) ) ;
#2086 = DIRECTION ( 'NONE',  ( 0.000000000000000000, 0.000000000000000000, 1.000000000000000000 ) ) ;
#2087 = ORIENTED_EDGE ( 'NONE', *, *, #5773, .F. ) ;
#2088 = EDGE_CURVE ( 'NONE', #3972, #5144, #2027, .T. ) ;
#2089 = ORIENTED_EDGE ( 'NONE', *, *, #5754, .F. ) ;
#2090 = CARTESIAN_POINT ( 'NONE',  ( -20.15369553998351648, 38.23190968287380542, 29.93104948446882574 ) ) ;
#2091 = CARTESIAN_POINT ( 'NONE',  ( -23.87885819319081193, 23.49647383487909735, 5.706612041706804916 ) ) ;
#2092 = DIRECTION ( 'NONE',  ( 1.000000000000000000, -0.000000000000000000, -1.116774769942150345E-16 ) ) ;
#2093 = CARTESIAN_POINT ( 'NONE',  ( 28.21936330930989456, 20.00000000000000000, 17.26869371596206193 ) ) ;
#2094 = CARTESIAN_POINT ( 'NONE',  ( 19.60000000000000142, 25.00000000000000355, 29.35000000000000142 ) ) ;
#2095 = ORIENTED_EDGE ( 'NONE', *, *, #2892, .F. ) ;
#2096 = ORIENTED_EDGE ( 'NONE', *, *, #832, .T. ) ;
#2097 = DIRECTION ( 'NONE',  ( 0.000000000000000000, 0.000000000000000000, -1.000000000000000000 ) ) ;
#2098 = DIRECTION ( 'NONE',  ( -0.000000000000000000, -1.000000000000000000, -0.000000000000000000 ) ) ;
#2099 = DIRECTION ( 'NONE',  ( 1.000000000000000000, 0.000000000000000000, 0.000000000000000000 ) ) ;
#2100 = ORIENTED_EDGE ( 'NONE', *, *, #2991, .T. ) ;
#2101 = COORDINATED_UNIVERSAL_TIME_OFFSET ( 5, 0, .BEHIND. ) ;
#2102 = CARTESIAN_POINT ( 'NONE',  ( 19.55589666794224257, 21.75157536474547726, 38.52235112214061274 ) ) ;
#2103 = CARTESIAN_POINT ( 'NONE',  ( 11.33470300582891710, 13.99999999999999822, 7.148629685907792464 ) ) ;
#2104 = CARTESIAN_POINT ( 'NONE',  ( 19.59999999999999787, 37.00000000000000711, 5.381466874697171221 ) ) ;
#2105 = ORIENTED_EDGE ( 'NONE', *, *, #3115, .T. ) ;
#2106 = ADVANCED_FACE ( 'NONE', ( #1013 ), #2338, .F. ) ;
#2107 = CARTESIAN_POINT ( 'NONE',  ( -15.44742186072921264, 41.62727463871713951, -11.00000000000000355 ) ) ;
#2108 = CARTESIAN_POINT ( 'NONE',  ( -22.96147533197452617, 20.00000000000000000, 38.52235112214060564 ) ) ;
#2109 = CARTESIAN_POINT ( 'NONE',  ( -9.165498228252793922, 25.66030143530295504, -15.03645830704807906 ) ) ;
#2110 = CARTESIAN_POINT ( 'NONE',  ( 21.09182875317613082, 23.42264820121181401, 29.58592505634122105 ) ) ;
#2111 = VECTOR ( 'NONE', #5595, 1000.000000000000000 ) ;
#2112 = CARTESIAN_POINT ( 'NONE',  ( 33.98476260558511086, -7.900000000000003908, 2.449999999999999289 ) ) ;
#2113 = VERTEX_POINT ( 'NONE', #4152 ) ;
#2114 = ORIENTED_EDGE ( 'NONE', *, *, #1861, .F. ) ;
#2115 = CIRCLE ( 'NONE', #37, 6.064264837034162525 ) ;
#2116 = CARTESIAN_POINT ( 'NONE',  ( -45.00000000000000000, 48.00000000000000000, 0.000000000000000000 ) ) ;
#2117 = DIRECTION ( 'NONE',  ( 0.000000000000000000, 0.000000000000000000, 1.000000000000000000 ) ) ;
#2118 = CARTESIAN_POINT ( 'NONE',  ( 24.23148949779350403, 35.67862460738945884, 5.888579568578928836 ) ) ;
#2119 = EDGE_CURVE ( 'NONE', #2996, #5059, #2994, .T. ) ;
#2120 = CIRCLE ( 'NONE', #3827, 4.999999999999997335 ) ;
#2121 = LINE ( 'NONE', #3083, #4226 ) ;
#2122 = CARTESIAN_POINT ( 'NONE',  ( 18.79931411723663004, 22.87071835755066473, -38.64334463271136855 ) ) ;
#2123 = VERTEX_POINT ( 'NONE', #3226 ) ;
#2124 = ORIENTED_EDGE ( 'NONE', *, *, #10, .F. ) ;
#2125 = AXIS2_PLACEMENT_3D ( 'NONE', #4574, #609, #578 ) ;
#2126 = CIRCLE ( 'NONE', #2889, 4.999999999999997335 ) ;
#2127 = AXIS2_PLACEMENT_3D ( 'NONE', #1074, #2853, #4220 ) ;
#2128 = LINE ( 'NONE', #1328, #2033 ) ;
#2129 = DIRECTION ( 'NONE',  ( -1.116774769942150345E-16, 0.000000000000000000, -1.000000000000000000 ) ) ;
#2130 = ADVANCED_FACE ( 'NONE', ( #1890 ), #1444, .T. ) ;
#2131 = DIRECTION ( 'NONE',  ( 0.000000000000000000, 1.000000000000000000, 0.000000000000000000 ) ) ;
#2132 = CARTESIAN_POINT ( 'NONE',  ( -20.38346919099020127, 20.63572465740972461, -38.64334463271136855 ) ) ;
#2133 = ORIENTED_EDGE ( 'NONE', *, *, #5867, .T. ) ;
#2134 = AXIS2_PLACEMENT_3D ( 'NONE', #4386, #837, #804 ) ;
#2135 = CARTESIAN_POINT ( 'NONE',  ( 8.932109325012811851, 25.66055739320205831, -15.04334195883102154 ) ) ;
#2136 = DIRECTION ( 'NONE',  ( -1.000000000000000000, 0.000000000000000000, 1.116774769942150345E-16 ) ) ;
#2137 = CARTESIAN_POINT ( 'NONE',  ( -13.41458896605380602, 15.88587330284906685, -10.99999999999999645 ) ) ;
#2138 = ORIENTED_EDGE ( 'NONE', *, *, #1999, .F. ) ;
#2139 = AXIS2_PLACEMENT_3D ( 'NONE', #3349, #2940, #4810 ) ;
#2140 = CARTESIAN_POINT ( 'NONE',  ( -7.314091318778992878, 18.52894555742808080, -14.49765344514587362 ) ) ;
#2141 = DIRECTION ( 'NONE',  ( 0.000000000000000000, 0.000000000000000000, -1.000000000000000000 ) ) ;
#2142 = DIRECTION ( 'NONE',  ( 0.000000000000000000, 0.000000000000000000, -1.000000000000000000 ) ) ;
#2143 = CARTESIAN_POINT ( 'NONE',  ( 14.45628997867803101, 5.227290524459266230, 24.40409791815883622 ) ) ;
#2144 = ADVANCED_FACE ( 'NONE', ( #592, #4214, #56 ), #950, .T. ) ;
#2145 = CIRCLE ( 'NONE', #5462, 2.000000000000005329 ) ;
#2146 = ORIENTED_EDGE ( 'NONE', *, *, #3099, .T. ) ;
#2147 = VERTEX_POINT ( 'NONE', #3256 ) ;
#2148 = CARTESIAN_POINT ( 'NONE',  ( 9.337102062400269631, 13.99999999999999822, -11.55027394303950850 ) ) ;
#2149 = DIRECTION ( 'NONE',  ( 0.000000000000000000, 1.000000000000000000, 0.000000000000000000 ) ) ;
#2150 = CARTESIAN_POINT ( 'NONE',  ( 24.20715562797793652, 37.00000000000000711, 6.381466874697178326 ) ) ;
#2151 = VERTEX_POINT ( 'NONE', #2753 ) ;
#2152 = CARTESIAN_POINT ( 'NONE',  ( 28.05025841169114642, 19.99999999999999289, 17.45123763183461918 ) ) ;
#2153 = LINE ( 'NONE', #2689, #4426 ) ;
#2154 = VERTEX_POINT ( 'NONE', #1562 ) ;
#2155 = ORIENTED_EDGE ( 'NONE', *, *, #3941, .F. ) ;
#2156 = EDGE_CURVE ( 'NONE', #2123, #2327, #4979, .T. ) ;
#2157 = CARTESIAN_POINT ( 'NONE',  ( -23.67761360284078975, 38.89831150229247214, 5.024603771871937852 ) ) ;
#2158 = CARTESIAN_POINT ( 'NONE',  ( 45.00000000000000000, 0.000000000000000000, 3.299999999999974065 ) ) ;
#2159 = CARTESIAN_POINT ( 'NONE',  ( 48.29999999999999005, 13.99999999999999822, -1.653273178848926709E-14 ) ) ;
#2160 = ORIENTED_EDGE ( 'NONE', *, *, #758, .T. ) ;
#2161 = EDGE_CURVE ( 'NONE', #4890, #3302, #5262, .T. ) ;
#2162 = APPROVAL_STATUS ( 'not_yet_approved' ) ;
#2163 = DIRECTION ( 'NONE',  ( 0.000000000000000000, 0.000000000000000000, 1.000000000000000000 ) ) ;
#2164 = CARTESIAN_POINT ( 'NONE',  ( -20.09348867874003020, 24.47297509717177277, 30.28385146568527730 ) ) ;
#2165 = DIRECTION ( 'NONE',  ( 1.000000000000000000, -0.000000000000000000, -1.116774769942150345E-16 ) ) ;
#2166 = EDGE_LOOP ( 'NONE', ( #2087, #681, #5124, #4826, #2857, #675 ) ) ;
#2167 = DIRECTION ( 'NONE',  ( 0.000000000000000000, 0.000000000000000000, 1.000000000000000000 ) ) ;
#2168 = CARTESIAN_POINT ( 'NONE',  ( -14.49999999999999822, 0.000000000000000000, 20.99930208231626239 ) ) ;
#2169 = CARTESIAN_POINT ( 'NONE',  ( -31.88733761830489399, 10.00000000000000000, -24.16662904032490644 ) ) ;
#2170 = CARTESIAN_POINT ( 'NONE',  ( 14.45628997867803633, 10.76965638263936853, 21.25475076098806682 ) ) ;
#2171 = AXIS2_PLACEMENT_3D ( 'NONE', #648, #4174, #3671 ) ;
#2172 = DIRECTION ( 'NONE',  ( -0.000000000000000000, -1.000000000000000000, -0.000000000000000000 ) ) ;
#2173 = ORIENTED_EDGE ( 'NONE', *, *, #2991, .F. ) ;
#2174 = EDGE_CURVE ( 'NONE', #5343, #2947, #4331, .T. ) ;
#2175 = EDGE_LOOP ( 'NONE', ( #1640, #270, #5772, #81 ) ) ;
#2176 = CARTESIAN_POINT ( 'NONE',  ( 5.758953889330582498, 13.99999999999999822, -14.08621999028509109 ) ) ;
#2177 = CARTESIAN_POINT ( 'NONE',  ( 38.96940996788637790, 20.00000000000000000, 22.50300172765385298 ) ) ;
#2178 = EDGE_LOOP ( 'NONE', ( #232, #735, #2300, #1145, #4095, #4732, #5052, #2597, #457, #4461, #5331, #2788, #3218, #1038, #295 ) ) ;
#2179 = VERTEX_POINT ( 'NONE', #5692 ) ;
#2180 = CARTESIAN_POINT ( 'NONE',  ( 27.36097232637342103, 20.00000000000000711, 22.79077998693818330 ) ) ;
#2181 = LINE ( 'NONE', #3493, #4462 ) ;
#2182 = VERTEX_POINT ( 'NONE', #3380 ) ;
#2183 = EDGE_CURVE ( 'NONE', #5501, #4077, #3086, .T. ) ;
#2184 = DIRECTION ( 'NONE',  ( -0.000000000000000000, 0.000000000000000000, 1.000000000000000000 ) ) ;
#2185 = CYLINDRICAL_SURFACE ( 'NONE', #4397, 39.99999999999999289 ) ;
#2186 = CARTESIAN_POINT ( 'NONE',  ( 49.52762154881769874, 20.00000000000000000, 10.56677942393414327 ) ) ;
#2187 = CARTESIAN_POINT ( 'NONE',  ( 19.59999999999999787, 25.00000000000000355, 2.381466874697177882 ) ) ;
#2188 = VERTEX_POINT ( 'NONE', #3820 ) ;
#2189 = DATE_AND_TIME ( #3593, #898 ) ;
#2190 = CARTESIAN_POINT ( 'NONE',  ( 5.758953889330582498, 13.99999999999999822, -14.08621999028509109 ) ) ;
#2191 = CARTESIAN_POINT ( 'NONE',  ( -20.05908793254313238, 24.73255111810093254, 30.33645609946586319 ) ) ;
#2192 = ADVANCED_FACE ( 'NONE', ( #5126 ), #1069, .T. ) ;
#2193 = CARTESIAN_POINT ( 'NONE',  ( -14.59999999999999787, 25.00000000000000355, 4.381466874697181879 ) ) ;
#2194 = EDGE_CURVE ( 'NONE', #5802, #5673, #3268, .T. ) ;
#2195 = ORIENTED_EDGE ( 'NONE', *, *, #1630, .F. ) ;
#2196 = LINE ( 'NONE', #1786, #3451 ) ;
#2197 = CARTESIAN_POINT ( 'NONE',  ( 24.20780656316540913, 37.26028589814921332, 6.368807978176395324 ) ) ;
#2198 = LINE ( 'NONE', #2232, #893 ) ;
#2199 = CARTESIAN_POINT ( 'NONE',  ( -23.61533586037843691, 25.00000000000000711, 6.381466874697182767 ) ) ;
#2200 = VERTEX_POINT ( 'NONE', #2965 ) ;
#2201 = DIRECTION ( 'NONE',  ( 0.000000000000000000, -0.000000000000000000, 1.000000000000000000 ) ) ;
#2202 = CARTESIAN_POINT ( 'NONE',  ( 53.86426032307243617, 20.00000000000000000, 7.297043333954690958 ) ) ;
#2203 = ORIENTED_EDGE ( 'NONE', *, *, #2565, .F. ) ;
#2204 = ORIENTED_EDGE ( 'NONE', *, *, #1009, .F. ) ;
#2205 = AXIS2_PLACEMENT_3D ( 'NONE', #4349, #3933, #4320 ) ;
#2206 = CIRCLE ( 'NONE', #3346, 4.999999999999997335 ) ;
#2207 = DIRECTION ( 'NONE',  ( 0.000000000000000000, 1.000000000000000000, 0.000000000000000000 ) ) ;
#2208 = CC_DESIGN_PERSON_AND_ORGANIZATION_ASSIGNMENT ( #2674, #5545, ( #1751 ) ) ;
#2209 = DIRECTION ( 'NONE',  ( 0.000000000000000000, 1.000000000000000000, -0.000000000000000000 ) ) ;
#2210 = ORIENTED_EDGE ( 'NONE', *, *, #3725, .F. ) ;
#2211 = CIRCLE ( 'NONE', #5528, 0.9999999999999904521 ) ;
#2212 = CIRCLE ( 'NONE', #4303, 7.784497522204846476 ) ;
#2213 = AXIS2_PLACEMENT_3D ( 'NONE', #1139, #5264, #1577 ) ;
#2214 = CARTESIAN_POINT ( 'NONE',  ( 49.52762154881770584, 20.00000000000000000, 10.56677942393415037 ) ) ;
#2215 = CARTESIAN_POINT ( 'NONE',  ( -23.62559346712088271, 37.88776809393784362, 6.178363581263007553 ) ) ;
#2216 = DIRECTION ( 'NONE',  ( 0.000000000000000000, -0.000000000000000000, 1.000000000000000000 ) ) ;
#2217 = AXIS2_PLACEMENT_3D ( 'NONE', #3250, #5007, #3286 ) ;
#2218 = EDGE_CURVE ( 'NONE', #4192, #489, #3370, .T. ) ;
#2219 = CARTESIAN_POINT ( 'NONE',  ( 8.661562318278740236, 1.212141125398236596, -49.00079791768374804 ) ) ;
#2220 = ORIENTED_EDGE ( 'NONE', *, *, #4073, .F. ) ;
#2221 = VECTOR ( 'NONE', #5516, 1000.000000000000000 ) ;
#2222 =( LENGTH_UNIT ( ) NAMED_UNIT ( * ) SI_UNIT ( .MILLI., .METRE. ) );
#2223 = CARTESIAN_POINT ( 'NONE',  ( -40.00000000000000000, 0.000000000000000000, 3.149999999999999911 ) ) ;
#2224 = CARTESIAN_POINT ( 'NONE',  ( -20.05008431747801012, 25.00000000000000711, 30.35000000000001208 ) ) ;
#2225 = CARTESIAN_POINT ( 'NONE',  ( 19.60000000000000142, 25.00000000000000355, 28.35000000000000853 ) ) ;
#2226 = ORIENTED_EDGE ( 'NONE', *, *, #3075, .T. ) ;
#2227 = VECTOR ( 'NONE', #3763, 1000.000000000000000 ) ;
#2228 = EDGE_CURVE ( 'NONE', #2463, #3503, #4717, .T. ) ;
#2229 = AXIS2_PLACEMENT_3D ( 'NONE', #3206, #1711, #2571 ) ;
#2230 = PLANE ( 'NONE',  #4157 ) ;
#2231 = CARTESIAN_POINT ( 'NONE',  ( 24.21041329891399840, 37.51811743394453913, 6.317655846620135129 ) ) ;
#2232 = CARTESIAN_POINT ( 'NONE',  ( 2.866834657879444137, 2.999999999999998224, -49.00079791768374804 ) ) ;
#2233 = DIRECTION ( 'NONE',  ( -1.000000000000000000, 0.000000000000000000, 0.000000000000000000 ) ) ;
#2234 = AXIS2_PLACEMENT_3D ( 'NONE', #4070, #3123, #4933 ) ;
#2235 = ORIENTED_EDGE ( 'NONE', *, *, #2871, .F. ) ;
#2236 = EDGE_CURVE ( 'NONE', #453, #3571, #1758, .T. ) ;
#2237 = LINE ( 'NONE', #4055, #322 ) ;
#2238 = DIRECTION ( 'NONE',  ( 1.000000000000000000, -0.000000000000000000, -1.116774769942150345E-16 ) ) ;
#2239 = DIRECTION ( 'NONE',  ( 1.000000000000000000, -0.000000000000000000, -1.116774769942150345E-16 ) ) ;
#2240 = EDGE_LOOP ( 'NONE', ( #5049, #5272, #3817, #3782 ) ) ;
#2241 = AXIS2_PLACEMENT_3D ( 'NONE', #5454, #1007, #1037 ) ;
#2242 = CARTESIAN_POINT ( 'NONE',  ( 24.20715562797793652, 37.00000000000000711, 6.381466874697178326 ) ) ;
#2243 = ORIENTED_EDGE ( 'NONE', *, *, #4854, .T. ) ;
#2244 = CARTESIAN_POINT ( 'NONE',  ( -2.866834657879416159, 0.000000000000000000, -49.00079791768374804 ) ) ;
#2245 = CARTESIAN_POINT ( 'NONE',  ( -2.866834657879415715, 3.241990833914202952, 26.94458514258403881 ) ) ;
#2246 = DIRECTION ( 'NONE',  ( 0.000000000000000000, -0.5098023903017333547, -0.8602915336341740993 ) ) ;
#2247 = ORIENTED_EDGE ( 'NONE', *, *, #5795, .T. ) ;
#2248 = EDGE_CURVE ( 'NONE', #3157, #938, #2315, .T. ) ;
#2249 = CALENDAR_DATE ( 2026, 8, 7 ) ;
#2250 = LINE ( 'NONE', #2223, #142 ) ;
#2251 = FACE_BOUND ( 'NONE', #3758, .T. ) ;
#2252 = CARTESIAN_POINT ( 'NONE',  ( -19.59999999999999787, 37.00000000000000711, 4.381466874697182767 ) ) ;
#2253 = B_SPLINE_CURVE_WITH_KNOTS ( 'NONE', 3,
 ( #4955, #5377, #1725, #1308, #5348, #394, #4907, #4843, #5290, #3122, #5764, #4481, #4932, #873, #1250, #2676, #2584, #1694, #3062, #4872, #4429, #2703, #895, #366, #2164, #2191, #4011, #2224 ),
 .UNSPECIFIED., .F., .F.,
 ( 4, 2, 2, 2, 2, 2, 2, 2, 2, 2, 2, 2, 2, 4 ),
 ( 0.0003173817184483600923, 0.001118927588079363881, 0.001519700522894867293, 0.001920473457710370922, 0.002722019327341370157, 0.003122792262156874436, 0.003523565196972379149, 0.004325111066603391612, 0.004725884001418890687, 0.005126656936234390630, 0.005527429871049890572, 0.005928202805865390515, 0.006328975740680889590, 0.006729748675496389533 ),
 .UNSPECIFIED. ) ;
#2254 = VERTEX_POINT ( 'NONE', #2938 ) ;
#2255 = B_SPLINE_CURVE_WITH_KNOTS ( 'NONE', 3,
 ( #5275, #4800, #2479, #738, #228, #2537, #4322, #2030, #2569, #2062, #3847, #5748, #2602, #5659, #4352, #1679, #4411, #5778, #1586, #350, #767, #2118, #3403, #5211, #5239, #1149, #1209, #4767, #291, #2150 ),
 .UNSPECIFIED., .F., .F.,
 ( 4, 2, 2, 2, 2, 2, 2, 2, 2, 2, 2, 2, 2, 2, 4 ),
 ( 7.059813062317230268E-18, 0.0003909375632227706150, 0.0007818751264455341826, 0.001172812689668297804, 0.001563750252891061426, 0.002345625379336587369, 0.003127500505782113312, 0.003518438069004876066, 0.003909375632227638821, 0.004300313195450401575, 0.004691250758673164330, 0.005082188321895927952, 0.005473125885118689839, 0.005864063448341452593, 0.006255001011564215348 ),
 .UNSPECIFIED. ) ;
#2256 = CARTESIAN_POINT ( 'NONE',  ( 14.59999999999999964, 48.00000000000000000, -11.00000000000000000 ) ) ;
#2257 = CARTESIAN_POINT ( 'NONE',  ( 20.66789492506181602, 36.34837151199653960, 30.24550595555997035 ) ) ;
#2258 = FACE_OUTER_BOUND ( 'NONE', #3060, .T. ) ;
#2259 = EDGE_CURVE ( 'NONE', #4726, #4559, #203, .T. ) ;
#2260 = ORIENTED_EDGE ( 'NONE', *, *, #1714, .T. ) ;
#2261 = FACE_OUTER_BOUND ( 'NONE', #380, .T. ) ;
#2262 = AXIS2_PLACEMENT_3D ( 'NONE', #3073, #1259, #1289 ) ;
#2263 = ORIENTED_EDGE ( 'NONE', *, *, #4187, .T. ) ;
#2264 = CARTESIAN_POINT ( 'NONE',  ( 12.43512398670949359, 13.99999999999999822, -11.00000000000000000 ) ) ;
#2265 = CARTESIAN_POINT ( 'NONE',  ( 19.59999999999999787, 37.00000000000000711, 4.381466874697178326 ) ) ;
#2266 = AXIS2_PLACEMENT_3D ( 'NONE', #2807, #3760, #5504 ) ;
#2267 = ORIENTED_EDGE ( 'NONE', *, *, #4302, .F. ) ;
#2268 = ORIENTED_EDGE ( 'NONE', *, *, #3742, .T. ) ;
#2269 = B_SPLINE_CURVE_WITH_KNOTS ( 'NONE', 3,
 ( #4711, #2387, #5120, #3247, #1854, #4616, #3283 ),
 .UNSPECIFIED., .F., .F.,
 ( 4, 3, 4 ),
 ( 0.000000000000000000, 0.002673146262231731064, 0.005346292524463461260 ),
 .UNSPECIFIED. ) ;
#2270 = EDGE_CURVE ( 'NONE', #859, #3852, #5639, .T. ) ;
#2271 = DIRECTION ( 'NONE',  ( 0.000000000000000000, -1.000000000000000000, 0.000000000000000000 ) ) ;
#2272 = ADVANCED_FACE ( 'NONE', ( #296 ), #5283, .F. ) ;
#2273 = EDGE_LOOP ( 'NONE', ( #4368, #2826 ) ) ;
#2274 = CARTESIAN_POINT ( 'NONE',  ( -14.59999999999999787, 25.00000000000000355, 4.381466874697181879 ) ) ;
#2275 = CARTESIAN_POINT ( 'NONE',  ( -2.866834657879416159, 11.03618908720145342, 21.19469965093851727 ) ) ;
#2276 = CARTESIAN_POINT ( 'NONE',  ( 13.65458175241655070, 41.87379930649923665, -15.39873540799984042 ) ) ;
#2277 = ORIENTED_EDGE ( 'NONE', *, *, #3578, .T. ) ;
#2278 = CARTESIAN_POINT ( 'NONE',  ( 2.866834657879444137, 5.228798264732696488, 24.40254910067992355 ) ) ;
#2279 = CARTESIAN_POINT ( 'NONE',  ( -1.150704995792918073, 42.00000000000000711, -24.78575462300992527 ) ) ;
#2280 = CYLINDRICAL_SURFACE ( 'NONE', #1004, 8.683891135745930967 ) ;
#2281 = ORIENTED_EDGE ( 'NONE', *, *, #5152, .T. ) ;
#2282 = DIRECTION ( 'NONE',  ( -1.000000000000000000, 0.000000000000000000, 1.116774769942150345E-16 ) ) ;
#2283 = FACE_OUTER_BOUND ( 'NONE', #4308, .T. ) ;
#2284 = CARTESIAN_POINT ( 'NONE',  ( 14.45628997867803456, 34.00000000000000000, 7.148629685907792464 ) ) ;
#2285 = VERTEX_POINT ( 'NONE', #1745 ) ;
#2286 = DIRECTION ( 'NONE',  ( 0.000000000000000000, 0.000000000000000000, 1.000000000000000000 ) ) ;
#2287 = ADVANCED_FACE ( 'NONE', ( #5312 ), #4419, .T. ) ;
#2288 = EDGE_LOOP ( 'NONE', ( #5487, #4473, #176, #4533 ) ) ;
#2289 = CARTESIAN_POINT ( 'NONE',  ( 12.43512398670949359, 13.99999999999999822, -11.00000000000000000 ) ) ;
#2290 = DIRECTION ( 'NONE',  ( 0.000000000000000000, -1.000000000000000000, -1.734723475976808574E-16 ) ) ;
#2291 = VERTEX_POINT ( 'NONE', #5370 ) ;
#2292 = ORIENTED_EDGE ( 'NONE', *, *, #4629, .F. ) ;
#2293 = DIRECTION ( 'NONE',  ( 0.000000000000000000, -1.000000000000000000, 0.000000000000000000 ) ) ;
#2294 = VERTEX_POINT ( 'NONE', #2645 ) ;
#2295 = ADVANCED_FACE ( 'NONE', ( #4449 ), #443, .T. ) ;
#2296 = AXIS2_PLACEMENT_3D ( 'NONE', #4603, #5078, #4566 ) ;
#2297 = LINE ( 'NONE', #3672, #2227 ) ;
#2298 = CARTESIAN_POINT ( 'NONE',  ( 8.661562318278740236, 1.212141125398236596, 27.99930208231626949 ) ) ;
#2299 = AXIS2_PLACEMENT_3D ( 'NONE', #2636, #1736, #2600 ) ;
#2300 = ORIENTED_EDGE ( 'NONE', *, *, #2161, .T. ) ;
#2301 = AXIS2_PLACEMENT_3D ( 'NONE', #2646, #5313, #2129 ) ;
#2302 = EDGE_CURVE ( 'NONE', #953, #1331, #2128, .T. ) ;
#2303 = AXIS2_PLACEMENT_3D ( 'NONE', #1991, #129, #4703 ) ;
#2304 = CYLINDRICAL_SURFACE ( 'NONE', #4589, 4.999999999999997335 ) ;
#2305 = LINE ( 'NONE', #5485, #3638 ) ;
#2306 = DIRECTION ( 'NONE',  ( -1.000000000000000000, 0.000000000000000000, 0.000000000000000000 ) ) ;
#2307 = CC_DESIGN_SECURITY_CLASSIFICATION ( #2881, ( #1751 ) ) ;
#2308 = EDGE_LOOP ( 'NONE', ( #375, #1646 ) ) ;
#2309 = AXIS2_PLACEMENT_3D ( 'NONE', #5106, #5582, #3204 ) ;
#2310 = PRODUCT_DEFINITION_SHAPE ( 'NONE', 'NONE',  #3260 ) ;
#2311 = CARTESIAN_POINT ( 'NONE',  ( -14.49999999999999822, 34.00000000000000000, 7.148629685907792464 ) ) ;
#2312 = CARTESIAN_POINT ( 'NONE',  ( 11.33470300582891710, 13.99999999999999822, 20.99930208231626239 ) ) ;
#2313 = DIRECTION ( 'NONE',  ( 0.000000000000000000, 0.000000000000000000, 1.000000000000000000 ) ) ;
#2314 = CARTESIAN_POINT ( 'NONE',  ( 31.88733761830489399, 10.00000000000000000, -24.16662904032490644 ) ) ;
#2315 = CIRCLE ( 'NONE', #1373, 0.9999999999999940048 ) ;
#2316 = ORIENTED_EDGE ( 'NONE', *, *, #1922, .T. ) ;
#2317 = CARTESIAN_POINT ( 'NONE',  ( -17.71878667842027610, -70.95718940385208384, 38.52235112214060564 ) ) ;
#2318 = AXIS2_PLACEMENT_3D ( 'NONE', #469, #1383, #4062 ) ;
#2319 = ORIENTED_EDGE ( 'NONE', *, *, #5293, .F. ) ;
#2320 = CARTESIAN_POINT ( 'NONE',  ( 19.59999999999999787, 37.00000000000000711, 2.381466874697177882 ) ) ;
#2321 = DIRECTION ( 'NONE',  ( 0.000000000000000000, 0.000000000000000000, -1.000000000000000000 ) ) ;
#2322 = DIRECTION ( 'NONE',  ( 1.000000000000000000, 0.000000000000000000, 0.000000000000000000 ) ) ;
#2323 = EDGE_CURVE ( 'NONE', #628, #5824, #3087, .T. ) ;
#2324 = ORIENTED_EDGE ( 'NONE', *, *, #4546, .F. ) ;
#2325 = CARTESIAN_POINT ( 'NONE',  ( 20.68461554775641531, 20.80535342945102073, -38.64334463271136855 ) ) ;
#2326 = VECTOR ( 'NONE', #1526, 1000.000000000000000 ) ;
#2327 = VERTEX_POINT ( 'NONE', #1717 ) ;
#2328 = AXIS2_PLACEMENT_3D ( 'NONE', #5694, #5667, #1624 ) ;
#2329 = CARTESIAN_POINT ( 'NONE',  ( -45.00000000000000000, 0.000000000000000000, 3.299999999999990496 ) ) ;
#2330 = CARTESIAN_POINT ( 'NONE',  ( 14.45628997867803101, 7.343190041614889196, 5.413268619654664882 ) ) ;
#2331 = B_SPLINE_CURVE_WITH_KNOTS ( 'NONE', 3,
 ( #373, #5626, #3248, #3761, #77, #1972, #2330, #5536, #1525, #1881, #1468, #1554, #1497, #618, #971, #4237, #2423, #2867, #1033, #3313 ),
 .UNSPECIFIED., .F., .F.,
 ( 4, 2, 2, 2, 2, 2, 2, 2, 2, 4 ),
 ( 0.000000000000000000, 0.003214907220793868786, 0.004822360831190806649, 0.006429814441587743644, 0.008037268051984678904, 0.009644721662381613297, 0.01044844846758008136, 0.01125217527277854943, 0.01205590207797701749, 0.01285962888317548729 ),
 .UNSPECIFIED. ) ;
#2332 = CARTESIAN_POINT ( 'NONE',  ( -101.4516408518393717, 25.00000000000000711, -0.06049675528535178315 ) ) ;
#2333 = CARTESIAN_POINT ( 'NONE',  ( 8.661562318278740236, 1.212141125398236596, 20.99930208231626239 ) ) ;
#2334 = CARTESIAN_POINT ( 'NONE',  ( -8.661562318278711814, 1.212141125398237484, 7.148629685907792464 ) ) ;
#2335 = ORIENTED_EDGE ( 'NONE', *, *, #5701, .T. ) ;
#2336 = EDGE_CURVE ( 'NONE', #1394, #1331, #338, .T. ) ;
#2337 = EDGE_LOOP ( 'NONE', ( #2235, #3998 ) ) ;
#2338 = CYLINDRICAL_SURFACE ( 'NONE', #145, 2.000000000000000000 ) ;
#2339 = CARTESIAN_POINT ( 'NONE',  ( -0.7020900518954047431, 14.00000000000000355, -16.89502909253272378 ) ) ;
#2340 = DIRECTION ( 'NONE',  ( 1.000000000000000000, 0.000000000000000000, 0.000000000000000000 ) ) ;
#2341 = ORIENTED_EDGE ( 'NONE', *, *, #2119, .F. ) ;
#2342 = EDGE_CURVE ( 'NONE', #4246, #4835, #12, .T. ) ;
#2343 = DIRECTION ( 'NONE',  ( -0.000000000000000000, -1.000000000000000000, -0.000000000000000000 ) ) ;
#2344 = PLANE ( 'NONE',  #2309 ) ;
#2345 = CARTESIAN_POINT ( 'NONE',  ( 24.20715562797793297, 25.00000000000000711, 6.381466874697178326 ) ) ;
#2346 = DIRECTION ( 'NONE',  ( 0.000000000000000000, 0.000000000000000000, 1.000000000000000000 ) ) ;
#2347 = ORIENTED_EDGE ( 'NONE', *, *, #1609, .F. ) ;
#2348 = DIRECTION ( 'NONE',  ( 0.000000000000000000, 0.000000000000000000, 1.000000000000000000 ) ) ;
#2349 = ORIENTED_EDGE ( 'NONE', *, *, #2119, .T. ) ;
#2350 = PLANE ( 'NONE',  #4487 ) ;
#2351 = CARTESIAN_POINT ( 'NONE',  ( 14.45628997867803456, -70.95718940385208384, 38.52235112214060564 ) ) ;
#2352 = CARTESIAN_POINT ( 'NONE',  ( -20.07618046783033350, 36.34722220485321742, 30.24508139835198861 ) ) ;
#2353 = VERTEX_POINT ( 'NONE', #3113 ) ;
#2354 = CARTESIAN_POINT ( 'NONE',  ( 19.60000000000000142, 37.00000000000000711, 30.35000000000000853 ) ) ;
#2355 = EDGE_LOOP ( 'NONE', ( #1463, #3065, #3130, #1858 ) ) ;
#2356 = AXIS2_PLACEMENT_3D ( 'NONE', #98, #4606, #546 ) ;
#2357 = EDGE_LOOP ( 'NONE', ( #3740, #2035, #3551, #5630 ) ) ;
#2358 = CARTESIAN_POINT ( 'NONE',  ( 31.88733761830489399, 20.00000000000000000, 15.66662904032490822 ) ) ;
#2359 = CARTESIAN_POINT ( 'NONE',  ( 45.00000000000000000, 20.00000000000000000, 7.273499999999982535 ) ) ;
#2360 = CARTESIAN_POINT ( 'NONE',  ( 45.00000000000000000, 13.99999999999999822, -7.273500000000011845 ) ) ;
#2361 = DIRECTION ( 'NONE',  ( -0.000000000000000000, -0.000000000000000000, 1.000000000000000000 ) ) ;
#2362 = DIRECTION ( 'NONE',  ( 1.116774769942150345E-16, 0.000000000000000000, 1.000000000000000000 ) ) ;
#2363 = ORIENTED_EDGE ( 'NONE', *, *, #1978, .F. ) ;
#2364 = AXIS2_PLACEMENT_3D ( 'NONE', #4888, #4525, #462 ) ;
#2365 = ORIENTED_EDGE ( 'NONE', *, *, #2581, .F. ) ;
#2366 = EDGE_CURVE ( 'NONE', #4764, #5543, #624, .T. ) ;
#2367 = DIRECTION ( 'NONE',  ( 0.000000000000000000, 0.000000000000000000, -1.000000000000000000 ) ) ;
#2368 = CARTESIAN_POINT ( 'NONE',  ( 0.8145069875995849529, 13.99999999999999822, -16.84489144275402595 ) ) ;
#2369 = DIRECTION ( 'NONE',  ( -1.000000000000000000, 0.000000000000000000, 0.000000000000000000 ) ) ;
#2370 = ORIENTED_EDGE ( 'NONE', *, *, #5172, .T. ) ;
#2371 = EDGE_CURVE ( 'NONE', #2353, #826, #411, .T. ) ;
#2372 = DIRECTION ( 'NONE',  ( 0.000000000000000000, -1.000000000000000000, 0.000000000000000000 ) ) ;
#2373 = CARTESIAN_POINT ( 'NONE',  ( 24.33089401573592525, 38.59215969885760700, 3.164060499205613830 ) ) ;
#2374 = DIRECTION ( 'NONE',  ( -1.000000000000000000, 0.000000000000000000, 0.000000000000000000 ) ) ;
#2375 = EDGE_CURVE ( 'NONE', #5144, #5496, #3653, .T. ) ;
#2376 = CARTESIAN_POINT ( 'NONE',  ( -14.45628997867800791, 3.000000000000000888, 27.99930208231626949 ) ) ;
#2377 = B_SPLINE_CURVE_WITH_KNOTS ( 'NONE', 3,
 ( #2312, #1397, #5491, #3326, #1958, #4131, #2883 ),
 .UNSPECIFIED., .F., .F.,
 ( 4, 3, 4 ),
 ( 0.000000000000000000, 0.002673146262231731064, 0.005346292524463461260 ),
 .UNSPECIFIED. ) ;
#2378 = VERTEX_POINT ( 'NONE', #3138 ) ;
#2379 = CARTESIAN_POINT ( 'NONE',  ( -19.54614359698342696, 21.19440153872082533, -38.64334463271136855 ) ) ;
#2380 = ORIENTED_EDGE ( 'NONE', *, *, #1039, .T. ) ;
#2381 = DIRECTION ( 'NONE',  ( -1.000000000000000000, -0.000000000000000000, 1.116774769942150345E-16 ) ) ;
#2382 = DIRECTION ( 'NONE',  ( 1.387778780781446464E-15, 0.000000000000000000, 1.000000000000000000 ) ) ;
#2383 = CARTESIAN_POINT ( 'NONE',  ( -19.59999999999999432, 37.00000000000000711, 28.35000000000001208 ) ) ;
#2384 = EDGE_CURVE ( 'NONE', #2768, #1885, #5317, .T. ) ;
#2385 = CARTESIAN_POINT ( 'NONE',  ( 13.03974397557575138, 42.00000000000000000, -16.80020703403445026 ) ) ;
#2386 = ORIENTED_EDGE ( 'NONE', *, *, #5088, .F. ) ;
#2387 = CARTESIAN_POINT ( 'NONE',  ( -6.879470384805777883, 13.99999999999999822, 20.99930208231626239 ) ) ;
#2388 = LINE ( 'NONE', #678, #2983 ) ;
#2389 = CARTESIAN_POINT ( 'NONE',  ( -26.88197793544730274, 20.00817094559391407, -20.48660626251440675 ) ) ;
#2390 = CARTESIAN_POINT ( 'NONE',  ( 21.61535919364029823, 23.96877963587098037, 26.61531827069611467 ) ) ;
#2391 = DIRECTION ( 'NONE',  ( -1.000000000000000000, 0.000000000000000000, 0.000000000000000000 ) ) ;
#2392 = EDGE_LOOP ( 'NONE', ( #2986, #4060, #1164, #1500, #5860, #4242, #4199, #3351, #2386, #881, #312, #708 ) ) ;
#2393 = ORIENTED_EDGE ( 'NONE', *, *, #5567, .F. ) ;
#2394 = CARTESIAN_POINT ( 'NONE',  ( -40.00000000000000000, -2.499999999999998668, -3.150000000000000355 ) ) ;
#2395 = DIRECTION ( 'NONE',  ( 0.000000000000000000, 0.000000000000000000, 1.000000000000000000 ) ) ;
#2396 = CARTESIAN_POINT ( 'NONE',  ( -7.131475458190835504, 14.00000000000000178, -12.58568573764626386 ) ) ;
#2397 = EDGE_CURVE ( 'NONE', #3124, #186, #865, .T. ) ;
#2398 = AXIS2_PLACEMENT_3D ( 'NONE', #4855, #3401, #2450 ) ;
#2399 = DIRECTION ( 'NONE',  ( -0.000000000000000000, 1.000000000000000000, -0.000000000000000000 ) ) ;
#2400 = VECTOR ( 'NONE', #2831, 1000.000000000000000 ) ;
#2401 = ORIENTED_EDGE ( 'NONE', *, *, #1810, .T. ) ;
#2402 = AXIS2_PLACEMENT_3D ( 'NONE', #4459, #3568, #1283 ) ;
#2403 = VECTOR ( 'NONE', #3916, 1000.000000000000000 ) ;
#2404 = LINE ( 'NONE', #3296, #3639 ) ;
#2405 = CARTESIAN_POINT ( 'NONE',  ( 24.33348107269175742, 38.50777654897522950, 3.060989539630456946 ) ) ;
#2406 = FACE_BOUND ( 'NONE', #847, .T. ) ;
#2407 = AXIS2_PLACEMENT_3D ( 'NONE', #280, #2082, #3866 ) ;
#2408 = DIRECTION ( 'NONE',  ( 1.000000000000000000, -0.000000000000000000, -1.116774769942150345E-16 ) ) ;
#2409 = VERTEX_POINT ( 'NONE', #4948 ) ;
#2410 = CARTESIAN_POINT ( 'NONE',  ( 1.796816425939867790, 14.00000000002460965, -16.64998522506011014 ) ) ;
#2411 = ADVANCED_FACE ( 'NONE', ( #773 ), #2890, .F. ) ;
#2412 = ORIENTED_EDGE ( 'NONE', *, *, #2964, .F. ) ;
#2413 = VECTOR ( 'NONE', #481, 1000.000000000000000 ) ;
#2414 = FACE_OUTER_BOUND ( 'NONE', #3344, .T. ) ;
#2415 = FACE_OUTER_BOUND ( 'NONE', #5868, .T. ) ;
#2416 = CARTESIAN_POINT ( 'NONE',  ( -20.50043046246028311, 35.00016542434016031, 28.48147767973723532 ) ) ;
#2417 = VERTEX_POINT ( 'NONE', #4530 ) ;
#2418 = CARTESIAN_POINT ( 'NONE',  ( -14.33104322199120695, 37.77904316902434090, -13.07763529571881378 ) ) ;
#2419 = EDGE_LOOP ( 'NONE', ( #3722, #29, #2247, #5316, #2723, #1358 ) ) ;
#2420 = VECTOR ( 'NONE', #4087, 999.9999999999998863 ) ;
#2421 = EDGE_CURVE ( 'NONE', #939, #1583, #4593, .T. ) ;
#2422 = CARTESIAN_POINT ( 'NONE',  ( 12.43512398670949359, 13.99999999999999822, -11.00000000000000000 ) ) ;
#2423 = CARTESIAN_POINT ( 'NONE',  ( 14.45628997867803633, 3.245342584092074656, 1.210257222039931913 ) ) ;
#2424 = AXIS2_PLACEMENT_3D ( 'NONE', #5750, #1773, #1741 ) ;
#2425 = CARTESIAN_POINT ( 'NONE',  ( -26.98976605502905812, 20.01006744772834267, -19.61824357090070237 ) ) ;
#2426 = CARTESIAN_POINT ( 'NONE',  ( 24.32513399547346111, 26.73693607941165595, 3.381414953149138203 ) ) ;
#2427 = EDGE_LOOP ( 'NONE', ( #4112, #1214, #4091, #2844 ) ) ;
#2428 = VERTEX_POINT ( 'NONE', #5035 ) ;
#2429 = CIRCLE ( 'NONE', #3183, 3.499999999999999556 ) ;
#2430 = CARTESIAN_POINT ( 'NONE',  ( 14.45628997867803456, 2.999999999999998224, -49.00079791768374804 ) ) ;
#2431 = CARTESIAN_POINT ( 'NONE',  ( -17.75447873542238497, 24.32962217539453320, 38.52235112214060564 ) ) ;
#2432 = DIRECTION ( 'NONE',  ( -0.000000000000000000, 1.000000000000000000, -0.000000000000000000 ) ) ;
#2433 = VECTOR ( 'NONE', #498, 1000.000000000000000 ) ;
#2434 = ORIENTED_EDGE ( 'NONE', *, *, #3762, .F. ) ;
#2435 = EDGE_CURVE ( 'NONE', #3521, #231, #78, .T. ) ;
#2436 = CARTESIAN_POINT ( 'NONE',  ( -49.52762154881771295, 20.00000000000000000, -10.56677942393415037 ) ) ;
#2437 = CARTESIAN_POINT ( 'NONE',  ( -0.1908524075289199096, 13.99999999999999822, -7.813166437683153553 ) ) ;
#2438 = CARTESIAN_POINT ( 'NONE',  ( 19.60000000000000142, 37.00000000000000711, 29.35000000000000497 ) ) ;
#2439 = LINE ( 'NONE', #600, #5744 ) ;
#2440 = ORIENTED_EDGE ( 'NONE', *, *, #716, .T. ) ;
#2441 = DIRECTION ( 'NONE',  ( 0.000000000000000000, 1.000000000000000000, 0.000000000000000000 ) ) ;
#2442 = EDGE_CURVE ( 'NONE', #5216, #5301, #2840, .T. ) ;
#2443 = CYLINDRICAL_SURFACE ( 'NONE', #1650, 2.000000000000000000 ) ;
#2444 = CARTESIAN_POINT ( 'NONE',  ( -23.73337505005553894, 35.26436819098687891, 3.379182910984301902 ) ) ;
#2445 = CARTESIAN_POINT ( 'NONE',  ( -20.64821820515991035, 35.06198839998674543, 27.83933948323308272 ) ) ;
#2446 = ADVANCED_FACE ( 'NONE', ( #1798 ), #4980, .T. ) ;
#2447 = CARTESIAN_POINT ( 'NONE',  ( -5.564904071906232375, 41.99999999999998579, -23.72941279022247585 ) ) ;
#2448 = ORIENTED_EDGE ( 'NONE', *, *, #116, .F. ) ;
#2449 = VERTEX_POINT ( 'NONE', #1035 ) ;
#2450 = DIRECTION ( 'NONE',  ( 0.000000000000000000, 0.000000000000000000, 1.000000000000000000 ) ) ;
#2451 = CARTESIAN_POINT ( 'NONE',  ( 19.59999999999999787, 25.00000000000000355, 4.381466874697178326 ) ) ;
#2452 = EDGE_CURVE ( 'NONE', #5368, #2285, #242, .T. ) ;
#2453 = CARTESIAN_POINT ( 'NONE',  ( 14.45628997867803456, 0.000000000000000000, -3.149999999999999911 ) ) ;
#2454 = EDGE_CURVE ( 'NONE', #257, #5301, #1882, .T. ) ;
#2455 = CARTESIAN_POINT ( 'NONE',  ( 24.27439344092743667, 26.93583419395642764, 4.900619753140198931 ) ) ;
#2456 = VERTEX_POINT ( 'NONE', #5452 ) ;
#2457 = VERTEX_POINT ( 'NONE', #2776 ) ;
#2458 = CIRCLE ( 'NONE', #1315, 130.8238134383398972 ) ;
#2459 = DIRECTION ( 'NONE',  ( 1.000000000000000000, 0.000000000000000000, -1.116774769942150345E-16 ) ) ;
#2460 = VECTOR ( 'NONE', #3519, 1000.000000000000000 ) ;
#2461 = DIRECTION ( 'NONE',  ( 1.116774769942150345E-16, 0.000000000000000000, 1.000000000000000000 ) ) ;
#2462 = DIRECTION ( 'NONE',  ( 0.000000000000000000, 0.000000000000000000, 1.000000000000000000 ) ) ;
#2463 = VERTEX_POINT ( 'NONE', #2360 ) ;
#2464 = CARTESIAN_POINT ( 'NONE',  ( 12.98965491960739271, 32.11975796655617188, -11.00000000006093792 ) ) ;
#2465 = CARTESIAN_POINT ( 'NONE',  ( 21.99025414229485875, 20.21812815358633841, 38.52235112214060564 ) ) ;
#2466 = CARTESIAN_POINT ( 'NONE',  ( 14.60000000000000497, 25.00000000000000355, 29.35000000000000142 ) ) ;
#2467 = B_SPLINE_CURVE_WITH_KNOTS ( 'NONE', 3,
 ( #2056, #2841, #3870, #283, #2085, #5202, #4650, #3424, #2110, #5232, #586, #1634, #4207, #1672, #1168, #3927, #5740, #5705, #2953, #3456, #1702, #760, #2390, #1143, #5268, #1201, #4792, #2592 ),
 .UNSPECIFIED., .F., .F.,
 ( 4, 2, 2, 2, 2, 2, 2, 2, 2, 2, 2, 2, 2, 4 ),
 ( 0.0003166403068035569292, 0.0007172806638531857917, 0.001117921020902814654, 0.001919201735002073680, 0.002319842092051708615, 0.002720482449101343549, 0.003121122806150978483, 0.003521763163200613417, 0.004323043877299885887, 0.004723684234349521255, 0.005124324591399156623, 0.005925605305498429093, 0.006326245662548067930, 0.006726886019597705033 ),
 .UNSPECIFIED. ) ;
#2468 = DIRECTION ( 'NONE',  ( 0.000000000000000000, 0.000000000000000000, 1.000000000000000000 ) ) ;
#2469 = EDGE_LOOP ( 'NONE', ( #2026, #3153, #4150, #3229 ) ) ;
#2470 = CARTESIAN_POINT ( 'NONE',  ( -22.62337599073912031, 20.00000000000000000, -38.64334463271137565 ) ) ;
#2471 = CARTESIAN_POINT ( 'NONE',  ( -17.91247797892095051, 30.68913432240895389, -10.99999999999996803 ) ) ;
#2472 = DIRECTION ( 'NONE',  ( 1.000000000000000000, -0.000000000000000000, -0.000000000000000000 ) ) ;
#2473 = DIRECTION ( 'NONE',  ( -0.000000000000000000, -1.000000000000000000, -0.000000000000000000 ) ) ;
#2474 = EDGE_CURVE ( 'NONE', #4260, #3488, #4176, .T. ) ;
#2475 = CARTESIAN_POINT ( 'NONE',  ( -1.150704995792918073, 42.00000000000000711, -24.78575462300992527 ) ) ;
#2476 = ORIENTED_EDGE ( 'NONE', *, *, #905, .T. ) ;
#2477 = ORIENTED_EDGE ( 'NONE', *, *, #1388, .F. ) ;
#2478 = CARTESIAN_POINT ( 'NONE',  ( -19.59999999999999787, 25.00000000000000355, 4.381466874697182767 ) ) ;
#2479 = CARTESIAN_POINT ( 'NONE',  ( 24.34822378915909269, 36.73783278756716442, 2.394443367845792370 ) ) ;
#2480 = CARTESIAN_POINT ( 'NONE',  ( -26.89526125357092212, 20.00312123057655711, -21.07308607860976224 ) ) ;
#2481 = CARTESIAN_POINT ( 'NONE',  ( 24.20780656316544110, 25.26028589814921688, 6.368807978176396212 ) ) ;
#2482 = VERTEX_POINT ( 'NONE', #5870 ) ;
#2483 = EDGE_LOOP ( 'NONE', ( #947, #5663 ) ) ;
#2484 = EDGE_CURVE ( 'NONE', #5059, #2996, #4894, .T. ) ;
#2485 = CARTESIAN_POINT ( 'NONE',  ( -14.45628997867801324, 4.308518704859753079, 2.765867971655973978 ) ) ;
#2486 = PLANE ( 'NONE',  #1642 ) ;
#2487 = DIRECTION ( 'NONE',  ( 1.000000000000000000, -0.000000000000000000, 0.000000000000000000 ) ) ;
#2488 = ORIENTED_EDGE ( 'NONE', *, *, #3211, .F. ) ;
#2489 = EDGE_CURVE ( 'NONE', #2805, #1528, #5167, .T. ) ;
#2490 = AXIS2_PLACEMENT_3D ( 'NONE', #571, #157, #3298 ) ;
#2491 = DIRECTION ( 'NONE',  ( -1.000000000000000000, -0.000000000000000000, 1.116774769942150345E-16 ) ) ;
#2492 = CARTESIAN_POINT ( 'NONE',  ( 2.866834657879444137, 0.000000000000000000, -49.00079791768374804 ) ) ;
#2493 = CARTESIAN_POINT ( 'NONE',  ( 20.83590359243209988, 26.59737860571818047, 29.56045695006102747 ) ) ;
#2494 = EDGE_LOOP ( 'NONE', ( #1481, #5097, #3772, #5601, #2146 ) ) ;
#2495 = AXIS2_PLACEMENT_3D ( 'NONE', #2333, #2361, #1471 ) ;
#2496 = LINE ( 'NONE', #2018, #707 ) ;
#2497 = CYLINDRICAL_SURFACE ( 'NONE', #3169, 44.99999999999992184 ) ;
#2498 = CARTESIAN_POINT ( 'NONE',  ( -2.866834657879414827, 9.243203772065614388, 6.409164944662857799 ) ) ;
#2499 = VECTOR ( 'NONE', #2472, 1000.000000000000000 ) ;
#2500 = CARTESIAN_POINT ( 'NONE',  ( 14.45628997867803633, 6.029968894836454041, 23.69250105719404331 ) ) ;
#2501 = CARTESIAN_POINT ( 'NONE',  ( 31.88733761830489399, 10.00000000000000000, -25.66662904032490289 ) ) ;
#2502 = ORIENTED_EDGE ( 'NONE', *, *, #5450, .T. ) ;
#2503 = AXIS2_PLACEMENT_3D ( 'NONE', #4490, #2710, #4994 ) ;
#2504 = EDGE_CURVE ( 'NONE', #2687, #4615, #3067, .T. ) ;
#2505 = ORIENTED_EDGE ( 'NONE', *, *, #1559, .F. ) ;
#2506 = CARTESIAN_POINT ( 'NONE',  ( -12.79953145517023216, 13.99999999999999822, -10.99999999999999645 ) ) ;
#2507 = CARTESIAN_POINT ( 'NONE',  ( -24.12418847572276093, 22.99935663448615486, 4.259547676681224360 ) ) ;
#2508 = DIRECTION ( 'NONE',  ( -1.000000000000000000, -0.000000000000000000, 1.116774769942150345E-16 ) ) ;
#2509 = CARTESIAN_POINT ( 'NONE',  ( -19.59999999999999787, 25.00000000000000355, 4.381466874697182767 ) ) ;
#2510 = CARTESIAN_POINT ( 'NONE',  ( 24.24007064638914954, 26.50559144005444168, 5.704413829627088539 ) ) ;
#2511 = AXIS2_PLACEMENT_3D ( 'NONE', #5093, #3193, #943 ) ;
#2512 = ORIENTED_EDGE ( 'NONE', *, *, #4761, .F. ) ;
#2513 = ORIENTED_EDGE ( 'NONE', *, *, #4728, .F. ) ;
#2514 = AXIS2_PLACEMENT_3D ( 'NONE', #2640, #292, #5278 ) ;
#2515 = DIRECTION ( 'NONE',  ( 1.000000000000000000, 0.000000000000000000, 0.000000000000000000 ) ) ;
#2516 = CARTESIAN_POINT ( 'NONE',  ( -19.54242877919070054, 21.19754818178424571, 38.52235112214060564 ) ) ;
#2517 = ADVANCED_FACE ( 'NONE', ( #20 ), #1823, .F. ) ;
#2518 = FACE_OUTER_BOUND ( 'NONE', #2178, .T. ) ;
#2519 = ORIENTED_EDGE ( 'NONE', *, *, #3202, .F. ) ;
#2520 = VECTOR ( 'NONE', #5794, 1000.000000000000000 ) ;
#2521 = CIRCLE ( 'NONE', #356, 0.9999999999999904521 ) ;
#2522 = CARTESIAN_POINT ( 'NONE',  ( 6.341192936861405727, 16.17890581022188456, -14.30060731059410628 ) ) ;
#2523 = FACE_OUTER_BOUND ( 'NONE', #3253, .T. ) ;
#2524 = CARTESIAN_POINT ( 'NONE',  ( 20.65536577879803559, 37.53092897789355220, 30.29608293663813257 ) ) ;
#2525 = CARTESIAN_POINT ( 'NONE',  ( 20.74516957367811543, 26.23013097789472070, 29.93245816856742536 ) ) ;
#2526 = EDGE_CURVE ( 'NONE', #1252, #2151, #4147, .T. ) ;
#2527 = ORIENTED_EDGE ( 'NONE', *, *, #239, .T. ) ;
#2528 = LINE ( 'NONE', #5199, #4023 ) ;
#2529 = FACE_OUTER_BOUND ( 'NONE', #492, .T. ) ;
#2530 = CARTESIAN_POINT ( 'NONE',  ( -2.866834657879416159, 12.92094751520460960, 7.148629685907792464 ) ) ;
#2531 = CYLINDRICAL_SURFACE ( 'NONE', #4875, 7.044315601958865081 ) ;
#2532 = CARTESIAN_POINT ( 'NONE',  ( -13.53189683292590040, 41.98138744614367823, -15.70830386841734772 ) ) ;
#2533 = ORIENTED_EDGE ( 'NONE', *, *, #4978, .T. ) ;
#2534 = ORIENTED_EDGE ( 'NONE', *, *, #52, .T. ) ;
#2535 = CARTESIAN_POINT ( 'NONE',  ( -12.11166270538999079, 13.99999999999999822, -11.02009936505701049 ) ) ;
#2536 = CARTESIAN_POINT ( 'NONE',  ( -24.04403308258944705, 23.26356863329790059, 3.380636630330685843 ) ) ;
#2537 = CARTESIAN_POINT ( 'NONE',  ( 24.34438418454568165, 36.11276966621498019, 2.584240984762757432 ) ) ;
#2538 = DIRECTION ( 'NONE',  ( -1.000000000000000000, 0.000000000000000000, 1.116774769942150345E-16 ) ) ;
#2539 = CARTESIAN_POINT ( 'NONE',  ( 24.33348107269175031, 26.50777654897522595, 3.060989539630456058 ) ) ;
#2540 = EDGE_LOOP ( 'NONE', ( #5656, #1676, #3261, #5810 ) ) ;
#2541 = ORIENTED_EDGE ( 'NONE', *, *, #1426, .F. ) ;
#2542 = B_SPLINE_CURVE_WITH_KNOTS ( 'NONE', 3,
 ( #1111, #2470, #4280, #328, #2015, #1690, #2132, #4667, #2379, #4636, #3947, #3502, #602, #1023, #5586, #575, #123, #1929 ),
 .UNSPECIFIED., .F., .F.,
 ( 4, 2, 2, 2, 2, 2, 2, 2, 4 ),
 ( 0.000000000000000000, 0.001000088290342463285, 0.002000176580684926569, 0.003000264871027389854, 0.004000353161369853139, 0.005000441451712316424, 0.006000529742054779708, 0.007000618032397242993, 0.008000706322739706278 ),
 .UNSPECIFIED. ) ;
#2543 = DIRECTION ( 'NONE',  ( -0.000000000000000000, -0.000000000000000000, 1.000000000000000000 ) ) ;
#2544 = CARTESIAN_POINT ( 'NONE',  ( 19.60000000000000142, 37.00000000000000711, 26.34999999999999787 ) ) ;
#2545 = FACE_OUTER_BOUND ( 'NONE', #4079, .T. ) ;
#2546 = CIRCLE ( 'NONE', #942, 40.00000000000000000 ) ;
#2547 = EDGE_CURVE ( 'NONE', #3863, #2673, #3557, .T. ) ;
#2548 = EDGE_LOOP ( 'NONE', ( #4086, #5406, #5281, #5519 ) ) ;
#2549 = CIRCLE ( 'NONE', #4169, 7.273499999999998522 ) ;
#2550 = DATE_TIME_ROLE ( 'creation_date' ) ;
#2551 = DIRECTION ( 'NONE',  ( 0.000000000000000000, -1.000000000000000000, 0.000000000000000000 ) ) ;
#2552 = CYLINDRICAL_SURFACE ( 'NONE', #4966, 2.000000000000005329 ) ;
#2553 = ADVANCED_FACE ( 'NONE', ( #557 ), #2724, .T. ) ;
#2554 = CARTESIAN_POINT ( 'NONE',  ( -0.1908524075289199096, 13.99999999999999822, -18.92884430870680035 ) ) ;
#2555 = EDGE_LOOP ( 'NONE', ( #2173, #4997, #1806, #1238 ) ) ;
#2556 = EDGE_CURVE ( 'NONE', #2147, #2929, #4309, .T. ) ;
#2557 = FACE_OUTER_BOUND ( 'NONE', #2288, .T. ) ;
#2558 = DIRECTION ( 'NONE',  ( -1.000000000000000000, 0.000000000000000000, 1.116774769942150345E-16 ) ) ;
#2559 = PLANE ( 'NONE',  #1919 ) ;
#2560 = DIRECTION ( 'NONE',  ( -1.000000000000000000, 0.000000000000000000, 1.116774769942150345E-16 ) ) ;
#2561 = EDGE_CURVE ( 'NONE', #3461, #969, #719, .T. ) ;
#2562 = DIRECTION ( 'NONE',  ( 0.000000000000000000, 1.000000000000000000, -0.000000000000000000 ) ) ;
#2563 = ORIENTED_EDGE ( 'NONE', *, *, #1326, .F. ) ;
#2564 = EDGE_LOOP ( 'NONE', ( #3413, #4804, #4294, #1010 ) ) ;
#2565 = EDGE_CURVE ( 'NONE', #1056, #2457, #2297, .T. ) ;
#2566 = ADVANCED_FACE ( 'NONE', ( #5627, #172 ), #1617, .T. ) ;
#2567 = CARTESIAN_POINT ( 'NONE',  ( -12.45449612276054019, 13.99999999999999822, -10.99999999999993960 ) ) ;
#2568 = CARTESIAN_POINT ( 'NONE',  ( -23.78572405782561816, 23.78011346561195083, 5.971585332452646888 ) ) ;
#2569 = CARTESIAN_POINT ( 'NONE',  ( 24.33794718865330253, 35.67746202725143689, 2.875503402125480612 ) ) ;
#2570 = VERTEX_POINT ( 'NONE', #4324 ) ;
#2571 = DIRECTION ( 'NONE',  ( 0.000000000000000000, 0.000000000000000000, 1.000000000000000000 ) ) ;
#2572 = B_SPLINE_CURVE_WITH_KNOTS ( 'NONE', 3,
 ( #5660, #5149, #3849, #4802, #2425, #3815, #2389, #2480, #5212, #4206 ),
 .UNSPECIFIED., .F., .F.,
 ( 4, 2, 2, 2, 4 ),
 ( 0.001974140272809961349, 0.002848450618205338250, 0.003722760963600715151, 0.004597071308996092051, 0.005471381654391468952 ),
 .UNSPECIFIED. ) ;
#2573 = DIRECTION ( 'NONE',  ( -0.000000000000000000, 1.000000000000000000, -0.000000000000000000 ) ) ;
#2574 = VERTEX_POINT ( 'NONE', #140 ) ;
#2575 = ORIENTED_EDGE ( 'NONE', *, *, #3099, .F. ) ;
#2576 = DIRECTION ( 'NONE',  ( 1.000000000000000000, 0.000000000000000000, 0.000000000000000000 ) ) ;
#2577 = DIRECTION ( 'NONE',  ( 0.000000000000000000, 0.000000000000000000, -1.000000000000000000 ) ) ;
#2578 = DIRECTION ( 'NONE',  ( -1.000000000000000000, 0.000000000000000000, 0.000000000000000000 ) ) ;
#2579 = CARTESIAN_POINT ( 'NONE',  ( -1.207560780260166222, 14.00000000002462031, -16.84489144276088979 ) ) ;
#2580 = ORIENTED_EDGE ( 'NONE', *, *, #3487, .F. ) ;
#2581 = EDGE_CURVE ( 'NONE', #5646, #2635, #1973, .T. ) ;
#2582 = LINE ( 'NONE', #301, #5440 ) ;
#2583 = DIRECTION ( 'NONE',  ( -0.000000000000000000, 1.000000000000000000, -0.000000000000000000 ) ) ;
#2584 = CARTESIAN_POINT ( 'NONE',  ( -20.59850654409570225, 23.28362370748427779, 29.38420677704524309 ) ) ;
#2585 = DIRECTION ( 'NONE',  ( 0.000000000000000000, 0.000000000000000000, 1.000000000000000000 ) ) ;
#2586 = ORIENTED_EDGE ( 'NONE', *, *, #5044, .F. ) ;
#2587 = CIRCLE ( 'NONE', #3727, 3.299999999999990496 ) ;
#2588 = CARTESIAN_POINT ( 'NONE',  ( 31.88733761830489399, 20.00000000000000000, -20.66662904032490644 ) ) ;
#2589 = LINE ( 'NONE', #281, #4403 ) ;
#2590 = DIRECTION ( 'NONE',  ( -1.000000000000000000, 0.000000000000000000, 0.000000000000000000 ) ) ;
#2591 = B_SPLINE_CURVE_WITH_KNOTS ( 'NONE', 3,
 ( #244, #4723, #5642, #2465, #721, #2076, #3889, #1570, #4813, #750, #4276, #2102, #5194, #1192, #3007, #3917, #2651, #4010, #872, #3619 ),
 .UNSPECIFIED., .F., .F.,
 ( 4, 2, 2, 2, 2, 2, 2, 2, 2, 4 ),
 ( 0.000000000000000000, 0.0009637395422735482459, 0.001927479084547096492, 0.002891218626820644521, 0.003373088397957421571, 0.003854958169094199055, 0.004818697711367759227, 0.005782437253641321134, 0.006746176795914881306, 0.007709916338188444081 ),
 .UNSPECIFIED. ) ;
#2592 = CARTESIAN_POINT ( 'NONE',  ( 21.56916100420945526, 25.00000000000000711, 26.35000000000000853 ) ) ;
#2593 = ADVANCED_FACE ( 'NONE', ( #1587, #4741 ), #1064, .F. ) ;
#2594 = VECTOR ( 'NONE', #3080, 1000.000000000000000 ) ;
#2595 = CARTESIAN_POINT ( 'NONE',  ( -101.4516408518393717, 20.00000000000000000, -0.06049675528535178315 ) ) ;
#2596 = CIRCLE ( 'NONE', #1450, 44.99999999999992184 ) ;
#2597 = ORIENTED_EDGE ( 'NONE', *, *, #4690, .T. ) ;
#2598 = EDGE_LOOP ( 'NONE', ( #3687, #1949 ) ) ;
#2599 = VECTOR ( 'NONE', #238, 1000.000000000000000 ) ;
#2600 = DIRECTION ( 'NONE',  ( 0.000000000000000000, 0.000000000000000000, 1.000000000000000000 ) ) ;
#2601 = LINE ( 'NONE', #3966, #5017 ) ;
#2602 = CARTESIAN_POINT ( 'NONE',  ( 24.30296498930483295, 35.00004116306654822, 4.120323048529236587 ) ) ;
#2603 = ORIENTED_EDGE ( 'NONE', *, *, #1559, .T. ) ;
#2604 = CIRCLE ( 'NONE', #3552, 3.499999999999999556 ) ;
#2605 = CYLINDRICAL_SURFACE ( 'NONE', #2229, 1.999999999999998224 ) ;
#2606 = CARTESIAN_POINT ( 'NONE',  ( 14.45628997867803456, 13.99999999999999822, 0.000000000000000000 ) ) ;
#2607 = EDGE_LOOP ( 'NONE', ( #567, #4406, #5118, #3920 ) ) ;
#2608 = EDGE_CURVE ( 'NONE', #4210, #4563, #3314, .T. ) ;
#2609 = VERTEX_POINT ( 'NONE', #2453 ) ;
#2610 = AXIS2_PLACEMENT_3D ( 'NONE', #5676, #2558, #3042 ) ;
#2611 = AXIS2_PLACEMENT_3D ( 'NONE', #405, #1321, #3133 ) ;
#2612 = AXIS2_PLACEMENT_3D ( 'NONE', #4042, #5821, #3061 ) ;
#2613 = CARTESIAN_POINT ( 'NONE',  ( -5.988421630728534062, 13.99999999999999822, 7.148629685907792464 ) ) ;
#2614 = CARTESIAN_POINT ( 'NONE',  ( -33.98476260558511086, -7.900000000000003908, -2.449999999999995737 ) ) ;
#2615 = FACE_BOUND ( 'NONE', #3963, .T. ) ;
#2616 = DIRECTION ( 'NONE',  ( 0.000000000000000000, 1.000000000000000000, 0.000000000000000000 ) ) ;
#2617 = ORIENTED_EDGE ( 'NONE', *, *, #5606, .T. ) ;
#2618 = AXIS2_PLACEMENT_3D ( 'NONE', #4035, #1656, #1777 ) ;
#2619 =( NAMED_UNIT ( * ) PLANE_ANGLE_UNIT ( ) SI_UNIT ( $, .RADIAN. ) );
#2620 = CARTESIAN_POINT ( 'NONE',  ( 14.45628997867803456, 0.000000000000000000, 7.148629685907792464 ) ) ;
#2621 = CARTESIAN_POINT ( 'NONE',  ( -101.4516408518393717, -70.95718940385208384, -0.06049675528535178315 ) ) ;
#2622 = FACE_BOUND ( 'NONE', #802, .T. ) ;
#2623 = AXIS2_PLACEMENT_3D ( 'NONE', #4191, #185, #3299 ) ;
#2624 = ORIENTED_EDGE ( 'NONE', *, *, #3921, .F. ) ;
#2625 = ADVANCED_FACE ( 'NONE', ( #3404 ), #3341, .F. ) ;
#2626 = CIRCLE ( 'NONE', #2328, 0.9999999999999983347 ) ;
#2627 = B_SPLINE_CURVE_WITH_KNOTS ( 'NONE', 3,
 ( #998, #1849, #3668, #1796, #17, #522, #2803, #5474, #1464, #1406 ),
 .UNSPECIFIED., .F., .F.,
 ( 4, 2, 2, 2, 4 ),
 ( 0.003615051613801080043, 0.004463376300133347664, 0.005311700986465614852, 0.006160025672797882906, 0.007008350359130150094 ),
 .UNSPECIFIED. ) ;
#2628 = FACE_BOUND ( 'NONE', #4957, .T. ) ;
#2629 = CARTESIAN_POINT ( 'NONE',  ( 24.20715562797793652, 37.00000000000000711, 6.381466874697178326 ) ) ;
#2630 = DIRECTION ( 'NONE',  ( -0.000000000000000000, 1.000000000000000000, -0.000000000000000000 ) ) ;
#2631 = DIRECTION ( 'NONE',  ( -0.000000000000000000, 1.000000000000000000, -0.000000000000000000 ) ) ;
#2632 = DIRECTION ( 'NONE',  ( 1.000000000000000000, 0.000000000000000000, -1.116774769942150345E-16 ) ) ;
#2633 = ADVANCED_FACE ( 'NONE', ( #2992 ), #5184, .F. ) ;
#2634 = ORIENTED_EDGE ( 'NONE', *, *, #2561, .F. ) ;
#2635 = VERTEX_POINT ( 'NONE', #2063 ) ;
#2636 = CARTESIAN_POINT ( 'NONE',  ( 11.35919283539901414, 13.99999999999999822, -18.35935771880957645 ) ) ;
#2637 = CARTESIAN_POINT ( 'NONE',  ( -14.45628997867800791, 3.000000000000000000, -49.00079791768374804 ) ) ;
#2638 = ORIENTED_EDGE ( 'NONE', *, *, #3897, .T. ) ;
#2639 = ORIENTED_EDGE ( 'NONE', *, *, #3865, .T. ) ;
#2640 = CARTESIAN_POINT ( 'NONE',  ( 9.960304280044710587E-17, 42.00000000000000000, -10.16170822322694178 ) ) ;
#2641 = CARTESIAN_POINT ( 'NONE',  ( -38.96940996788636369, 20.00000000000000000, 22.50300172765386364 ) ) ;
#2642 = ORIENTED_EDGE ( 'NONE', *, *, #5682, .T. ) ;
#2643 = ADVANCED_FACE ( 'NONE', ( #679 ), #2868, .F. ) ;
#2644 = EDGE_CURVE ( 'NONE', #2353, #1743, #4984, .T. ) ;
#2645 = CARTESIAN_POINT ( 'NONE',  ( -27.48648495222360211, 20.00000000000000711, 18.29334106550070516 ) ) ;
#2646 = CARTESIAN_POINT ( 'NONE',  ( -19.59999999999999787, 25.00000000000000355, 4.381466874697181879 ) ) ;
#2647 = DIRECTION ( 'NONE',  ( 0.000000000000000000, 0.000000000000000000, -1.000000000000000000 ) ) ;
#2648 = CARTESIAN_POINT ( 'NONE',  ( 31.88733761830489399, 10.00000000000000000, 20.66662904032490644 ) ) ;
#2649 = ORIENTED_EDGE ( 'NONE', *, *, #4436, .F. ) ;
#2650 = AXIS2_PLACEMENT_3D ( 'NONE', #4937, #2680, #2167 ) ;
#2651 = CARTESIAN_POINT ( 'NONE',  ( 18.47579092359328001, 23.71492053532890054, 38.52235112214059853 ) ) ;
#2652 = DIRECTION ( 'NONE',  ( 0.000000000000000000, 0.000000000000000000, 1.000000000000000000 ) ) ;
#2653 = PLANE ( 'NONE',  #1944 ) ;
#2654 = VERTEX_POINT ( 'NONE', #2932 ) ;
#2655 = DIRECTION ( 'NONE',  ( -0.000000000000000000, -1.000000000000000000, -0.000000000000000000 ) ) ;
#2656 = CARTESIAN_POINT ( 'NONE',  ( -40.00000000000000000, -2.500000000000000000, 3.149999999999999467 ) ) ;
#2657 = DIRECTION ( 'NONE',  ( -0.000000000000000000, -1.000000000000000000, -0.000000000000000000 ) ) ;
#2658 = CARTESIAN_POINT ( 'NONE',  ( -23.62559346712087560, 25.88776809393780454, 6.178363581263006665 ) ) ;
#2659 = ORIENTED_EDGE ( 'NONE', *, *, #4121, .T. ) ;
#2660 = DIRECTION ( 'NONE',  ( 0.000000000000000000, 1.000000000000000000, 0.000000000000000000 ) ) ;
#2661 = LINE ( 'NONE', #2718, #4930 ) ;
#2662 = CARTESIAN_POINT ( 'NONE',  ( -0.1908524075289199096, 11.00000000000000000, -18.92884430870680035 ) ) ;
#2663 = EDGE_CURVE ( 'NONE', #3986, #3695, #229, .T. ) ;
#2664 = CARTESIAN_POINT ( 'NONE',  ( -14.45628997867800791, 3.000000000000000888, -49.00079791768374804 ) ) ;
#2665 = DIRECTION ( 'NONE',  ( 0.000000000000000000, 0.000000000000000000, 1.000000000000000000 ) ) ;
#2666 = ORIENTED_EDGE ( 'NONE', *, *, #4958, .T. ) ;
#2667 = EDGE_CURVE ( 'NONE', #3972, #5300, #2572, .T. ) ;
#2668 = DIRECTION ( 'NONE',  ( 0.000000000000000000, 0.000000000000000000, 1.000000000000000000 ) ) ;
#2669 = CARTESIAN_POINT ( 'NONE',  ( -23.69730982959450927, 39.00008340880601310, 4.512038573384727691 ) ) ;
#2670 = CARTESIAN_POINT ( 'NONE',  ( 2.866834657879444137, 10.24734401031044584, 6.753072295248297330 ) ) ;
#2671 = EDGE_CURVE ( 'NONE', #2456, #3521, #3789, .T. ) ;
#2672 = PLANE ( 'NONE',  #1044 ) ;
#2673 = VERTEX_POINT ( 'NONE', #2905 ) ;
#2674 = PERSON_AND_ORGANIZATION ( #875, #1923 ) ;
#2675 = CARTESIAN_POINT ( 'NONE',  ( 56.09901130373780376, 0.000000000000000000, -3.435073731422685145E-15 ) ) ;
#2676 = CARTESIAN_POINT ( 'NONE',  ( -20.64892159370712932, 23.22181694490424064, 29.27397773439020057 ) ) ;
#2677 = LINE ( 'NONE', #1726, #1668 ) ;
#2678 = ORIENTED_EDGE ( 'NONE', *, *, #459, .T. ) ;
#2679 = EDGE_CURVE ( 'NONE', #1638, #3516, #3844, .T. ) ;
#2680 = DIRECTION ( 'NONE',  ( -1.000000000000000000, 0.000000000000000000, 1.116774769942150345E-16 ) ) ;
#2681 = CYLINDRICAL_SURFACE ( 'NONE', #2503, 0.9999999999999983347 ) ;
#2682 = CARTESIAN_POINT ( 'NONE',  ( 24.60000000000000142, 23.37837933107810429, 3.210848915615186705 ) ) ;
#2683 = DIRECTION ( 'NONE',  ( 1.000000000000000000, -0.000000000000000000, -1.116774769942150345E-16 ) ) ;
#2684 = ORIENTED_EDGE ( 'NONE', *, *, #4241, .F. ) ;
#2685 = DIRECTION ( 'NONE',  ( 1.000000000000000000, -0.000000000000000000, -1.116774769942150345E-16 ) ) ;
#2686 = CARTESIAN_POINT ( 'NONE',  ( 27.18973093876666169, 20.06510863543437395, -18.93621676935939391 ) ) ;
#2687 = VERTEX_POINT ( 'NONE', #705 ) ;
#2688 = AXIS2_PLACEMENT_3D ( 'NONE', #3312, #1092, #4114 ) ;
#2689 = CARTESIAN_POINT ( 'NONE',  ( 14.45628997867803101, -2.499999999999998668, -3.150000000000000355 ) ) ;
#2690 = EDGE_LOOP ( 'NONE', ( #4424, #2634 ) ) ;
#2691 = EDGE_CURVE ( 'NONE', #3993, #5351, #2904, .T. ) ;
#2692 = LOCAL_TIME ( 10, 54, 4.000000000000000000, #5790 ) ;
#2693 = AXIS2_PLACEMENT_3D ( 'NONE', #189, #693, #1198 ) ;
#2694 = CARTESIAN_POINT ( 'NONE',  ( 56.09901130373780376, 20.00000000000000000, -3.435073731422685145E-15 ) ) ;
#2695 = CARTESIAN_POINT ( 'NONE',  ( 45.00000000000000000, 13.99999999999999822, -1.653273178848926709E-14 ) ) ;
#2696 = CARTESIAN_POINT ( 'NONE',  ( -40.00000000000000000, -2.500000000000000444, -5.650000000000000355 ) ) ;
#2697 = ORIENTED_EDGE ( 'NONE', *, *, #4335, .F. ) ;
#2698 = ADVANCED_FACE ( 'NONE', ( #1297 ), #5335, .F. ) ;
#2699 = AXIS2_PLACEMENT_3D ( 'NONE', #5428, #1249, #2702 ) ;
#2700 = EDGE_CURVE ( 'NONE', #4520, #623, #88, .T. ) ;
#2701 = CALENDAR_DATE ( 2026, 8, 7 ) ;
#2702 = DIRECTION ( 'NONE',  ( 1.116774769942150345E-16, 0.000000000000000000, 1.000000000000000000 ) ) ;
#2703 = CARTESIAN_POINT ( 'NONE',  ( -20.22081034414749112, 23.99265220290666889, 30.08243955428338623 ) ) ;
#2704 = DIRECTION ( 'NONE',  ( 0.000000000000000000, 1.000000000000000000, 0.000000000000000000 ) ) ;
#2705 = EDGE_LOOP ( 'NONE', ( #5719, #5700 ) ) ;
#2706 = AXIS2_PLACEMENT_3D ( 'NONE', #5722, #3056, #5338 ) ;
#2707 = ADVANCED_FACE ( 'NONE', ( #5808 ), #3905, .F. ) ;
#2708 = VECTOR ( 'NONE', #1363, 1000.000000000000000 ) ;
#2709 = CARTESIAN_POINT ( 'NONE',  ( -11.00102332257855942, 32.69135000779672851, -15.48658227745735694 ) ) ;
#2710 = DIRECTION ( 'NONE',  ( -1.000000000000000000, -0.000000000000000000, 1.116774769942150345E-16 ) ) ;
#2711 = DIRECTION ( 'NONE',  ( 0.000000000000000000, 0.000000000000000000, -1.000000000000000000 ) ) ;
#2712 = EDGE_CURVE ( 'NONE', #265, #4563, #3522, .T. ) ;
#2713 = EDGE_LOOP ( 'NONE', ( #5617, #3371 ) ) ;
#2714 = CARTESIAN_POINT ( 'NONE',  ( 24.60000000000000142, 23.26318564144978751, 4.560184561141428894 ) ) ;
#2715 = TOROIDAL_SURFACE ( 'NONE', #5460, 130.8238134383398972, 5.000000000000000000 ) ;
#2716 = EDGE_LOOP ( 'NONE', ( #478, #1739, #2872, #3031 ) ) ;
#2717 = DIRECTION ( 'NONE',  ( 0.000000000000000000, 0.000000000000000000, -1.000000000000000000 ) ) ;
#2718 = CARTESIAN_POINT ( 'NONE',  ( 14.59999999999999964, 13.99999999999999822, -11.00000000000000000 ) ) ;
#2719 = CARTESIAN_POINT ( 'NONE',  ( -40.00000000000000000, -2.500000000000000000, 3.149999999999999467 ) ) ;
#2720 = ORIENTED_EDGE ( 'NONE', *, *, #1395, .F. ) ;
#2721 = CIRCLE ( 'NONE', #1480, 6.064264837034162525 ) ;
#2722 = LINE ( 'NONE', #967, #5869 ) ;
#2723 = ORIENTED_EDGE ( 'NONE', *, *, #2837, .T. ) ;
#2724 = PLANE ( 'NONE',  #2318 ) ;
#2725 = LINE ( 'NONE', #5871, #5250 ) ;
#2726 = CARTESIAN_POINT ( 'NONE',  ( 14.51823316116461093, 32.88117126204966212, -11.92321457902514048 ) ) ;
#2727 = VERTEX_POINT ( 'NONE', #4471 ) ;
#2728 = DIRECTION ( 'NONE',  ( 1.000000000000000000, 0.000000000000000000, -1.116774769942150345E-16 ) ) ;
#2729 = DIRECTION ( 'NONE',  ( -0.000000000000000000, 1.000000000000000000, -0.000000000000000000 ) ) ;
#2730 = ADVANCED_FACE ( 'NONE', ( #799 ), #2605, .F. ) ;
#2731 = FACE_OUTER_BOUND ( 'NONE', #3398, .T. ) ;
#2732 = ORIENTED_EDGE ( 'NONE', *, *, #1112, .T. ) ;
#2733 = FACE_BOUND ( 'NONE', #2337, .T. ) ;
#2734 = DIRECTION ( 'NONE',  ( -1.000000000000000000, -0.000000000000000000, 1.116774769942150345E-16 ) ) ;
#2735 = CARTESIAN_POINT ( 'NONE',  ( -20.29666878300360722, 26.74118441593996565, 29.34251613488974542 ) ) ;
#2736 = ORIENTED_EDGE ( 'NONE', *, *, #1222, .T. ) ;
#2737 = CARTESIAN_POINT ( 'NONE',  ( -2.866834657879416159, 3.000000000000000000, 0.1486296859077931853 ) ) ;
#2738 = CIRCLE ( 'NONE', #857, 40.00000000000002132 ) ;
#2739 = EDGE_CURVE ( 'NONE', #2428, #5116, #2121, .T. ) ;
#2740 = ORIENTED_EDGE ( 'NONE', *, *, #4328, .F. ) ;
#2741 = LINE ( 'NONE', #1460, #5244 ) ;
#2742 = LINE ( 'NONE', #2177, #4541 ) ;
#2743 = AXIS2_PLACEMENT_3D ( 'NONE', #2637, #4972, #3132 ) ;
#2744 = ORIENTED_EDGE ( 'NONE', *, *, #1818, .F. ) ;
#2745 = ORIENTED_EDGE ( 'NONE', *, *, #3676, .T. ) ;
#2746 = CARTESIAN_POINT ( 'NONE',  ( -40.00000000000000000, -7.900000000000003908, 2.449999999999999289 ) ) ;
#2747 = ORIENTED_EDGE ( 'NONE', *, *, #3587, .T. ) ;
#2748 = EDGE_CURVE ( 'NONE', #3280, #5337, #3563, .T. ) ;
#2749 = CARTESIAN_POINT ( 'NONE',  ( 23.50105899672649556, 20.00000000000000000, 38.37603566247585718 ) ) ;
#2750 = DIRECTION ( 'NONE',  ( 0.000000000000000000, 0.000000000000000000, -1.000000000000000000 ) ) ;
#2751 = CARTESIAN_POINT ( 'NONE',  ( -31.88733761830489399, 10.00000000000000000, -20.66662904032490644 ) ) ;
#2752 = VERTEX_POINT ( 'NONE', #739 ) ;
#2753 = CARTESIAN_POINT ( 'NONE',  ( -20.97734123660993077, 37.00000000000000711, 26.35000000000001208 ) ) ;
#2754 = DIRECTION ( 'NONE',  ( 1.000000000000000000, 0.000000000000000000, -0.000000000000000000 ) ) ;
#2755 = CARTESIAN_POINT ( 'NONE',  ( -0.1908524075289199096, 11.00000000000000000, -7.813166437683153553 ) ) ;
#2756 = ORIENTED_EDGE ( 'NONE', *, *, #2561, .T. ) ;
#2757 = EDGE_CURVE ( 'NONE', #734, #4692, #5648, .T. ) ;
#2758 = DIRECTION ( 'NONE',  ( 0.000000000000000000, -1.000000000000000000, 0.000000000000000000 ) ) ;
#2759 = CYLINDRICAL_SURFACE ( 'NONE', #1840, 2.000000000000005329 ) ;
#2760 = CARTESIAN_POINT ( 'NONE',  ( -19.59999999999999787, 37.00000000000000711, 6.381466874697182767 ) ) ;
#2761 = CARTESIAN_POINT ( 'NONE',  ( 0.000000000000000000, 13.99999999999999822, 7.148629685907792464 ) ) ;
#2762 = EDGE_LOOP ( 'NONE', ( #5863, #1146, #3752, #2105 ) ) ;
#2763 = DIRECTION ( 'NONE',  ( 0.000000000000000000, 0.000000000000000000, 1.000000000000000000 ) ) ;
#2764 = ORIENTED_EDGE ( 'NONE', *, *, #2161, .F. ) ;
#2765 = CARTESIAN_POINT ( 'NONE',  ( -6.157426101268084651, 11.00000000000000000, -14.07963806262779549 ) ) ;
#2766 = LINE ( 'NONE', #2351, #1547 ) ;
#2767 = CARTESIAN_POINT ( 'NONE',  ( -20.96318824288395888, 36.47411568168421780, 26.41585272610687340 ) ) ;
#2768 = VERTEX_POINT ( 'NONE', #3970 ) ;
#2769 = EDGE_CURVE ( 'NONE', #3690, #1727, #5550, .T. ) ;
#2770 = CARTESIAN_POINT ( 'NONE',  ( 14.60000000000000497, 13.99999999999999822, 35.60000000000000853 ) ) ;
#2771 = EDGE_LOOP ( 'NONE', ( #2512, #1098, #5690, #3168 ) ) ;
#2772 = AXIS2_PLACEMENT_3D ( 'NONE', #912, #1377, #3188 ) ;
#2773 = CARTESIAN_POINT ( 'NONE',  ( -5.988421630728534062, 13.99999999999999822, 7.148629685907792464 ) ) ;
#2774 = B_SPLINE_CURVE_WITH_KNOTS ( 'NONE', 3,
 ( #3466, #1211, #3022, #3492, #5306, #4832, #4858, #1076, #1898, #4222, #5493, #3776, #544, #1927, #121, #1053, #635, #5584, #1513, #2376 ),
 .UNSPECIFIED., .F., .F.,
 ( 4, 2, 2, 2, 2, 2, 2, 2, 2, 4 ),
 ( 1.734723475976807094E-18, 0.003214907220793877893, 0.004822360831190813588, 0.006429814441587749715, 0.008037268051984687578, 0.009644721662381625440, 0.01044844846758009003, 0.01125217527277855636, 0.01205590207797702269, 0.01285962888317548902 ),
 .UNSPECIFIED. ) ;
#2775 = CARTESIAN_POINT ( 'NONE',  ( 14.45628997867803456, 13.99999999999999822, 20.99930208231626239 ) ) ;
#2776 = CARTESIAN_POINT ( 'NONE',  ( -2.866834657879416159, 0.000000000000000000, 7.148629685907792464 ) ) ;
#2777 = CARTESIAN_POINT ( 'NONE',  ( -2.866834657879415271, 12.37605014959657446, 20.99930208231626949 ) ) ;
#2778 = EDGE_CURVE ( 'NONE', #4549, #265, #2774, .T. ) ;
#2779 = PLANE ( 'NONE',  #2241 ) ;
#2780 = ORIENTED_EDGE ( 'NONE', *, *, #1764, .T. ) ;
#2781 = AXIS2_PLACEMENT_3D ( 'NONE', #5561, #4227, #1489 ) ;
#2782 = ORIENTED_EDGE ( 'NONE', *, *, #565, .F. ) ;
#2783 = AXIS2_PLACEMENT_3D ( 'NONE', #2990, #2092, #4380 ) ;
#2784 = COORDINATED_UNIVERSAL_TIME_OFFSET ( 5, 0, .BEHIND. ) ;
#2785 = DIRECTION ( 'NONE',  ( 0.000000000000000000, 0.000000000000000000, 1.000000000000000000 ) ) ;
#2786 = CARTESIAN_POINT ( 'NONE',  ( -7.696526896329810796, 13.99999999999999822, -10.99999999999999822 ) ) ;
#2787 = CARTESIAN_POINT ( 'NONE',  ( -38.96940996788635658, 0.000000000000000000, -22.50300172765385298 ) ) ;
#2788 = ORIENTED_EDGE ( 'NONE', *, *, #4195, .T. ) ;
#2789 = CYLINDRICAL_SURFACE ( 'NONE', #4686, 4.999999999999997335 ) ;
#2790 = CARTESIAN_POINT ( 'NONE',  ( 24.31485264531364976, 38.89852862588247007, 3.738959556108588433 ) ) ;
#2791 = PLANE ( 'NONE',  #4571 ) ;
#2792 = PLANE ( 'NONE',  #3272 ) ;
#2793 = AXIS2_PLACEMENT_3D ( 'NONE', #2998, #5603, #2911 ) ;
#2794 = VERTEX_POINT ( 'NONE', #1867 ) ;
#2795 = DIRECTION ( 'NONE',  ( 0.000000000000000000, 0.000000000000000000, 1.000000000000000000 ) ) ;
#2796 = AXIS2_PLACEMENT_3D ( 'NONE', #2509, #834, #769 ) ;
#2797 = ORIENTED_EDGE ( 'NONE', *, *, #3613, .T. ) ;
#2798 = DIRECTION ( 'NONE',  ( 0.000000000000000000, -1.000000000000000000, -1.734723475976807341E-16 ) ) ;
#2799 = CARTESIAN_POINT ( 'NONE',  ( -23.69266750171320624, 35.00013946127369024, 4.643355496051245979 ) ) ;
#2800 = DIRECTION ( 'NONE',  ( 0.000000000000000000, -1.000000000000000000, 0.000000000000000000 ) ) ;
#2801 = VERTEX_POINT ( 'NONE', #5048 ) ;
#2802 = EDGE_CURVE ( 'NONE', #4514, #623, #4133, .T. ) ;
#2803 = CARTESIAN_POINT ( 'NONE',  ( -27.05742836841760735, 20.00722026018887689, 19.34251350468770170 ) ) ;
#2804 = AXIS2_PLACEMENT_3D ( 'NONE', #4777, #3796, #1533 ) ;
#2805 = VERTEX_POINT ( 'NONE', #2825 ) ;
#2806 = AXIS2_PLACEMENT_3D ( 'NONE', #2696, #2246, #4982 ) ;
#2807 = CARTESIAN_POINT ( 'NONE',  ( -31.88733761830489399, 10.00000000000000000, 20.66662904032490644 ) ) ;
#2808 = DIRECTION ( 'NONE',  ( 0.000000000000000000, 0.000000000000000000, 1.000000000000000000 ) ) ;
#2809 = EDGE_CURVE ( 'NONE', #3010, #933, #4250, .T. ) ;
#2810 = DIRECTION ( 'NONE',  ( 0.000000000000000000, 0.000000000000000000, 1.000000000000000000 ) ) ;
#2811 = FACE_OUTER_BOUND ( 'NONE', #664, .T. ) ;
#2812 = CARTESIAN_POINT ( 'NONE',  ( -14.59999999999999964, 13.99999999999999822, -10.99999999999999645 ) ) ;
#2813 = ORIENTED_EDGE ( 'NONE', *, *, #3565, .T. ) ;
#2814 = ORIENTED_EDGE ( 'NONE', *, *, #4195, .F. ) ;
#2815 = ADVANCED_FACE ( 'NONE', ( #3328 ), #986, .F. ) ;
#2816 = EDGE_CURVE ( 'NONE', #3302, #1684, #2855, .T. ) ;
#2817 = CARTESIAN_POINT ( 'NONE',  ( 2.866834657879444137, 3.812644255848381292, 26.00787467386404472 ) ) ;
#2818 = CARTESIAN_POINT ( 'NONE',  ( 0.3090362592357861482, 13.99999999999999645, -16.89502909253271312 ) ) ;
#2819 = FACE_BOUND ( 'NONE', #82, .T. ) ;
#2820 = VERTEX_POINT ( 'NONE', #4161 ) ;
#2821 = ADVANCED_FACE ( 'NONE', ( #4697 ), #2792, .T. ) ;
#2822 = DIRECTION ( 'NONE',  ( 0.000000000000000000, -1.000000000000000000, 0.000000000000000000 ) ) ;
#2823 = LINE ( 'NONE', #570, #3262 ) ;
#2824 = CARTESIAN_POINT ( 'NONE',  ( -20.17416174571044962, 26.33198648615307391, 29.84759452270943925 ) ) ;
#2825 = CARTESIAN_POINT ( 'NONE',  ( 24.34847378163783205, 25.00000000000000711, 2.381466874697177882 ) ) ;
#2826 = ORIENTED_EDGE ( 'NONE', *, *, #4846, .F. ) ;
#2827 = CARTESIAN_POINT ( 'NONE',  ( 5.548463430880750558, 14.00000000002460965, -14.34162261228436819 ) ) ;
#2828 = ORIENTED_EDGE ( 'NONE', *, *, #490, .F. ) ;
#2829 = FACE_BOUND ( 'NONE', #5364, .T. ) ;
#2830 = CARTESIAN_POINT ( 'NONE',  ( -2.866834657879416159, -70.95718940385208384, 38.52235112214060564 ) ) ;
#2831 = DIRECTION ( 'NONE',  ( 0.000000000000000000, -1.000000000000000000, 0.000000000000000000 ) ) ;
#2832 = ORIENTED_EDGE ( 'NONE', *, *, #1938, .T. ) ;
#2833 = AXIS2_PLACEMENT_3D ( 'NONE', #5468, #3236, #4164 ) ;
#2834 = CARTESIAN_POINT ( 'NONE',  ( 13.24859157672544541, 42.00000000000000000, -16.37076960413417481 ) ) ;
#2835 = ORIENTED_EDGE ( 'NONE', *, *, #2323, .T. ) ;
#2836 = CIRCLE ( 'NONE', #1231, 0.9999999999999940048 ) ;
#2837 = EDGE_CURVE ( 'NONE', #3852, #2428, #5518, .T. ) ;
#2838 = CARTESIAN_POINT ( 'NONE',  ( 14.59999999999999964, 13.99999999999999822, -11.00000000000000000 ) ) ;
#2839 = DIRECTION ( 'NONE',  ( -0.000000000000000000, 1.000000000000000000, -0.000000000000000000 ) ) ;
#2840 = LINE ( 'NONE', #4649, #5544 ) ;
#2841 = CARTESIAN_POINT ( 'NONE',  ( 20.64190408507749197, 24.86643384461255479, 30.35000000000000853 ) ) ;
#2842 = B_SPLINE_CURVE_WITH_KNOTS ( 'NONE', 3,
 ( #706, #5213, #2481, #1556, #2961, #3405, #620, #2510, #2001, #4714, #3376, #5599, #2455, #2869, #1153, #1618, #3435, #4267, #5241, #740, #2426, #1125, #2539, #2933, #5717, #4354, #199, #4239, #174, #293 ),
 .UNSPECIFIED., .F., .F.,
 ( 4, 2, 2, 2, 2, 2, 2, 2, 2, 2, 2, 2, 2, 2, 4 ),
 ( 0.006255001011564213613, 0.006645849106313055261, 0.007036697201061896910, 0.007818393390559579340, 0.008209241485308417519, 0.008600089580057253963, 0.008990937674806090407, 0.009381785769554926852, 0.009772633864303763296, 0.01016348195905259974, 0.01055433005380143272, 0.01094517814855026916, 0.01133602624329910560, 0.01172687433804794205, 0.01250857052754562188 ),
 .UNSPECIFIED. ) ;
#2843 = LINE ( 'NONE', #4651, #638 ) ;
#2844 = ORIENTED_EDGE ( 'NONE', *, *, #1034, .F. ) ;
#2845 = ORIENTED_EDGE ( 'NONE', *, *, #4882, .T. ) ;
#2846 = CARTESIAN_POINT ( 'NONE',  ( -0.1964689643180099754, 11.00000000000000000, -9.073103164651215025 ) ) ;
#2847 = CARTESIAN_POINT ( 'NONE',  ( 4.380625621211463816, 14.00000000000000000, -15.40880264104976760 ) ) ;
#2848 = EDGE_CURVE ( 'NONE', #992, #3488, #2439, .T. ) ;
#2849 = FACE_OUTER_BOUND ( 'NONE', #999, .T. ) ;
#2850 = ORIENTED_EDGE ( 'NONE', *, *, #4515, .T. ) ;
#2851 =( BOUNDED_CURVE ( )  B_SPLINE_CURVE ( 3, ( #4751, #3800, #3035, #2972 ),
 .UNSPECIFIED., .F., .F. ) 
 B_SPLINE_CURVE_WITH_KNOTS ( ( 4, 4 ),
 ( 0.000000000000000000, 0.4888768972029176041 ),
 .UNSPECIFIED. ) 
 CURVE ( )  GEOMETRIC_REPRESENTATION_ITEM ( )  RATIONAL_B_SPLINE_CURVE ( ( 1.000000000000000000, 0.9801822532315678238, 0.9801822532315678238, 1.000000000000000000 ) ) 
 REPRESENTATION_ITEM ( '' )  );
#2852 = LINE ( 'NONE', #480, #3736 ) ;
#2853 = DIRECTION ( 'NONE',  ( 1.000000000000000000, -0.000000000000000000, -1.116774769942150345E-16 ) ) ;
#2854 = LINE ( 'NONE', #1454, #5817 ) ;
#2855 = LINE ( 'NONE', #2885, #827 ) ;
#2856 = ADVANCED_FACE ( 'NONE', ( #958 ), #65, .T. ) ;
#2857 = ORIENTED_EDGE ( 'NONE', *, *, #153, .T. ) ;
#2858 = CARTESIAN_POINT ( 'NONE',  ( 14.60000000000000142, 25.00000000000000355, 4.381466874697178326 ) ) ;
#2859 = ORIENTED_EDGE ( 'NONE', *, *, #5104, .T. ) ;
#2860 = CARTESIAN_POINT ( 'NONE',  ( 27.36097232637342103, 20.00000000000000711, 22.79077998693818330 ) ) ;
#2861 = CARTESIAN_POINT ( 'NONE',  ( -23.71922564760442853, 35.06390261795657182, 3.863179212354670877 ) ) ;
#2862 = CARTESIAN_POINT ( 'NONE',  ( 0.000000000000000000, 20.00000000000000000, 0.000000000000000000 ) ) ;
#2863 = VERTEX_POINT ( 'NONE', #2314 ) ;
#2864 = CARTESIAN_POINT ( 'NONE',  ( -11.88959387293353487, 42.00000000000000000, -18.72825449267408260 ) ) ;
#2865 = ORIENTED_EDGE ( 'NONE', *, *, #5741, .F. ) ;
#2866 = LINE ( 'NONE', #5091, #5488 ) ;
#2867 = CARTESIAN_POINT ( 'NONE',  ( 14.45628997867803456, 3.058385772581597717, 0.6979369927119413175 ) ) ;
#2868 = PLANE ( 'NONE',  #1469 ) ;
#2869 = CARTESIAN_POINT ( 'NONE',  ( 24.28421647510517900, 26.98682559345789755, 4.645091226507216398 ) ) ;
#2870 = ORIENTED_EDGE ( 'NONE', *, *, #5160, .F. ) ;
#2871 = EDGE_CURVE ( 'NONE', #1529, #376, #5171, .T. ) ;
#2872 = ORIENTED_EDGE ( 'NONE', *, *, #896, .T. ) ;
#2873 = CARTESIAN_POINT ( 'NONE',  ( -14.45628997867801324, 4.135272557167703589, 2.559282809651240775 ) ) ;
#2874 = CARTESIAN_POINT ( 'NONE',  ( -20.97734123660993077, 25.00000000000000711, 26.35000000000001563 ) ) ;
#2875 = AXIS2_PLACEMENT_3D ( 'NONE', #2478, #5710, #765 ) ;
#2876 = DIRECTION ( 'NONE',  ( -1.000000000000000000, 0.000000000000000000, 1.116774769942150345E-16 ) ) ;
#2877 = CIRCLE ( 'NONE', #1535, 2.000000000000000888 ) ;
#2878 = ORIENTED_EDGE ( 'NONE', *, *, #3681, .T. ) ;
#2879 = EDGE_CURVE ( 'NONE', #2200, #143, #1850, .T. ) ;
#2880 = VECTOR ( 'NONE', #3861, 1000.000000000000000 ) ;
#2881 = SECURITY_CLASSIFICATION ( '', '', #3170 ) ;
#2882 = CARTESIAN_POINT ( 'NONE',  ( 20.57907906682356014, 40.09664796711065549, -11.00000000000003730 ) ) ;
#2883 = CARTESIAN_POINT ( 'NONE',  ( 5.988421630728562484, 13.99999999999999822, 20.99930208231626239 ) ) ;
#2884 = CYLINDRICAL_SURFACE ( 'NONE', #1744, 3.499999999999999556 ) ;
#2885 = CARTESIAN_POINT ( 'NONE',  ( 31.88733761830489399, 48.00000000000000000, 25.66662904032490289 ) ) ;
#2886 = VERTEX_POINT ( 'NONE', #572 ) ;
#2887 = CARTESIAN_POINT ( 'NONE',  ( -33.98476260558511086, -2.499999999999998668, -3.150000000000000355 ) ) ;
#2888 = AXIS2_PLACEMENT_3D ( 'NONE', #4640, #3780, #2382 ) ;
#2889 = AXIS2_PLACEMENT_3D ( 'NONE', #3520, #4918, #3997 ) ;
#2890 =( BOUNDED_SURFACE ( )  B_SPLINE_SURFACE ( 3, 1, ( 
 ( #2214, #888 ),
 ( #4862, #1686 ),
 ( #3589, #5843 ),
 ( #2694, #3472 ) ),
 .UNSPECIFIED., .F., .F., .F. ) 
 B_SPLINE_SURFACE_WITH_KNOTS ( ( 4, 4 ),
 ( 2, 2 ),
 ( 0.000000000000000000, 1.000000000000000000 ),
 ( 0.000000000000000000, 1.000000000000000000 ),
 .UNSPECIFIED. ) 
 GEOMETRIC_REPRESENTATION_ITEM ( )  RATIONAL_B_SPLINE_SURFACE ( (
 ( 1.000000000000000000, 1.000000000000000000),
 ( 0.9801822532315679348, 0.9801822532315679348),
 ( 0.9801822532315679348, 0.9801822532315679348),
 ( 1.000000000000000000, 1.000000000000000000) ) ) 
 REPRESENTATION_ITEM ( '' )  SURFACE ( )  );
#2891 = EDGE_CURVE ( 'NONE', #3475, #540, #1104, .T. ) ;
#2892 = EDGE_CURVE ( 'NONE', #3767, #206, #247, .T. ) ;
#2893 = VECTOR ( 'NONE', #4848, 1000.000000000000000 ) ;
#2894 = FACE_OUTER_BOUND ( 'NONE', #5417, .T. ) ;
#2895 = CARTESIAN_POINT ( 'NONE',  ( -23.68250907380538806, 35.05263797891715427, 4.906449973593817404 ) ) ;
#2896 = CARTESIAN_POINT ( 'NONE',  ( -20.17412619881770297, 35.66818468616492765, 29.84773954304111854 ) ) ;
#2897 = ORIENTED_EDGE ( 'NONE', *, *, #3887, .F. ) ;
#2898 = CARTESIAN_POINT ( 'NONE',  ( -23.73019563494803919, 26.79706587867277889, 3.493944932206466625 ) ) ;
#2899 = ORIENTED_EDGE ( 'NONE', *, *, #1205, .F. ) ;
#2900 = AXIS2_PLACEMENT_3D ( 'NONE', #5510, #3198, #2395 ) ;
#2901 = VERTEX_POINT ( 'NONE', #1987 ) ;
#2902 = DIRECTION ( 'NONE',  ( 1.000000000000000000, 0.000000000000000000, 0.000000000000000000 ) ) ;
#2903 = DIRECTION ( 'NONE',  ( -1.000000000000000000, -0.000000000000000000, -0.000000000000000000 ) ) ;
#2904 = CIRCLE ( 'NONE', #2796, 0.9999999999999940048 ) ;
#2905 = CARTESIAN_POINT ( 'NONE',  ( 14.60000000000000142, 37.00000000000000711, 5.381466874697172109 ) ) ;
#2906 = DIRECTION ( 'NONE',  ( 0.000000000000000000, 1.000000000000000000, 0.000000000000000000 ) ) ;
#2907 = EDGE_LOOP ( 'NONE', ( #5235, #4770, #5752, #2007, #3136, #214 ) ) ;
#2908 = EDGE_LOOP ( 'NONE', ( #1651, #4385 ) ) ;
#2909 = CIRCLE ( 'NONE', #351, 125.8238134383398972 ) ;
#2910 = CC_DESIGN_DATE_AND_TIME_ASSIGNMENT ( #977, #448, ( #2881 ) ) ;
#2911 = DIRECTION ( 'NONE',  ( 0.000000000000000000, 0.000000000000000000, 1.000000000000000000 ) ) ;
#2912 = CARTESIAN_POINT ( 'NONE',  ( 6.160914044771696574, 14.00000000000000000, -13.57208931268220553 ) ) ;
#2913 = VECTOR ( 'NONE', #5780, 1000.000000000000000 ) ;
#2914 = ORIENTED_EDGE ( 'NONE', *, *, #2691, .F. ) ;
#2915 = EDGE_CURVE ( 'NONE', #5496, #5556, #5611, .T. ) ;
#2916 = CARTESIAN_POINT ( 'NONE',  ( 0.000000000000000000, 13.99999999999999822, 20.99930208231626239 ) ) ;
#2917 = CYLINDRICAL_SURFACE ( 'NONE', #5540, 0.9999999999999940048 ) ;
#2918 = CARTESIAN_POINT ( 'NONE',  ( 21.06170232622937988, 38.99961435036372848, 28.61325734986970204 ) ) ;
#2919 = CARTESIAN_POINT ( 'NONE',  ( 21.52439534016285805, 25.89722599274067960, 26.55771648138630070 ) ) ;
#2920 = EDGE_LOOP ( 'NONE', ( #345, #687, #2050, #5833 ) ) ;
#2921 = CARTESIAN_POINT ( 'NONE',  ( -0.7020900518957989833, 14.00000000002461853, -16.89502909253965868 ) ) ;
#2922 = DIRECTION ( 'NONE',  ( -0.000000000000000000, 0.000000000000000000, -1.000000000000000000 ) ) ;
#2923 = CARTESIAN_POINT ( 'NONE',  ( -14.59999999999999432, 25.00000000000000355, 27.35000000000001208 ) ) ;
#2924 = CARTESIAN_POINT ( 'NONE',  ( 0.000000000000000000, 20.00000000000000000, 0.000000000000000000 ) ) ;
#2925 = EDGE_LOOP ( 'NONE', ( #4853, #1270, #3980, #3659, #3598 ) ) ;
#2926 = EDGE_CURVE ( 'NONE', #580, #5206, #368, .T. ) ;
#2927 = CARTESIAN_POINT ( 'NONE',  ( -13.62055396187030176, 41.91219361773493546, -15.48688098286343084 ) ) ;
#2928 = EDGE_LOOP ( 'NONE', ( #3872, #5168, #2365, #1126 ) ) ;
#2929 = VERTEX_POINT ( 'NONE', #334 ) ;
#2930 = DIRECTION ( 'NONE',  ( -0.000000000000000000, -1.000000000000000000, -0.000000000000000000 ) ) ;
#2931 = FACE_OUTER_BOUND ( 'NONE', #1344, .T. ) ;
#2932 = CARTESIAN_POINT ( 'NONE',  ( 49.52762154881769163, 20.00000000000000000, -10.56677942393417169 ) ) ;
#2933 = CARTESIAN_POINT ( 'NONE',  ( 24.33793209701111948, 26.32328400579223171, 2.876152969201382081 ) ) ;
#2934 = VERTEX_POINT ( 'NONE', #4786 ) ;
#2935 = EDGE_CURVE ( 'NONE', #2934, #4192, #5523, .T. ) ;
#2936 = EDGE_LOOP ( 'NONE', ( #1225, #2138, #5662, #3940, #4860, #3442, #4921, #3378, #3931, #3295, #1734, #747, #4831 ) ) ;
#2937 = CIRCLE ( 'NONE', #379, 3.299999999999990496 ) ;
#2938 = CARTESIAN_POINT ( 'NONE',  ( -31.88733761830489399, 0.000000000000000000, 24.16662904032490644 ) ) ;
#2939 = CARTESIAN_POINT ( 'NONE',  ( 13.21457355801788758, 42.00000000000000000, -16.48358979372484256 ) ) ;
#2940 = DIRECTION ( 'NONE',  ( 0.000000000000000000, 1.734723475976808327E-16, -1.000000000000000000 ) ) ;
#2941 = ORIENTED_EDGE ( 'NONE', *, *, #4882, .F. ) ;
#2942 = DIRECTION ( 'NONE',  ( -0.000000000000000000, 1.000000000000000000, -0.000000000000000000 ) ) ;
#2943 = DIRECTION ( 'NONE',  ( -1.000000000000000000, 0.000000000000000000, 0.000000000000000000 ) ) ;
#2944 = CARTESIAN_POINT ( 'NONE',  ( 31.88733761830489399, 0.000000000000000000, -20.66662904032490644 ) ) ;
#2945 = PLANE ( 'NONE',  #527 ) ;
#2946 = ADVANCED_FACE ( 'NONE', ( #4367 ), #663, .F. ) ;
#2947 = VERTEX_POINT ( 'NONE', #3009 ) ;
#2948 = CARTESIAN_POINT ( 'NONE',  ( 4.737829485362071047, 14.00000000002460965, -15.12792297814848297 ) ) ;
#2949 = EDGE_CURVE ( 'NONE', #4396, #3181, #3942, .T. ) ;
#2950 = DIRECTION ( 'NONE',  ( 0.000000000000000000, -0.8602915336341744323, -0.5098023903017325775 ) ) ;
#2951 = CARTESIAN_POINT ( 'NONE',  ( 21.56916100420944815, 37.00000000000000711, 26.34999999999999787 ) ) ;
#2952 = CARTESIAN_POINT ( 'NONE',  ( -2.866834657879416159, 3.656905854172834314, 1.920176775325596497 ) ) ;
#2953 = CARTESIAN_POINT ( 'NONE',  ( 21.66841410525047706, 23.23898327178334000, 27.39246010525416963 ) ) ;
#2954 = CARTESIAN_POINT ( 'NONE',  ( 5.564904071906235927, 41.99999999999999289, -23.72941279022247940 ) ) ;
#2955 = EDGE_LOOP ( 'NONE', ( #5527, #1920 ) ) ;
#2956 = ORIENTED_EDGE ( 'NONE', *, *, #361, .T. ) ;
#2957 = CARTESIAN_POINT ( 'NONE',  ( -45.00000000000000000, 0.000000000000000000, -3.299999999999990496 ) ) ;
#2958 = DIRECTION ( 'NONE',  ( 1.000000000000000000, 0.000000000000000000, 0.000000000000000000 ) ) ;
#2959 = DIRECTION ( 'NONE',  ( 1.000000000000000000, -0.000000000000000000, -1.116774769942150345E-16 ) ) ;
#2960 = DIRECTION ( 'NONE',  ( 0.000000000000000000, 0.000000000000000000, 1.000000000000000000 ) ) ;
#2961 = CARTESIAN_POINT ( 'NONE',  ( 24.21236518445047636, 25.64457264840696382, 6.279227496004323505 ) ) ;
#2962 = ORIENTED_EDGE ( 'NONE', *, *, #344, .T. ) ;
#2963 = VERTEX_POINT ( 'NONE', #2104 ) ;
#2964 = EDGE_CURVE ( 'NONE', #5400, #483, #3092, .T. ) ;
#2965 = CARTESIAN_POINT ( 'NONE',  ( 14.60000000000000497, 37.00000000000000711, 29.35000000000000497 ) ) ;
#2966 = CARTESIAN_POINT ( 'NONE',  ( -18.83769990685989271, 21.91025970308552218, 38.52235112214060564 ) ) ;
#2967 = CARTESIAN_POINT ( 'NONE',  ( 2.866834657879444137, 2.999999999999998224, -49.00079791768374804 ) ) ;
#2968 = ORIENTED_EDGE ( 'NONE', *, *, #3578, .F. ) ;
#2969 = VECTOR ( 'NONE', #4942, 1000.000000000000000 ) ;
#2970 = AXIS2_PLACEMENT_3D ( 'NONE', #191, #218, #5230 ) ;
#2971 = DIRECTION ( 'NONE',  ( 0.000000000000000000, 0.000000000000000000, -1.000000000000000000 ) ) ;
#2972 = CARTESIAN_POINT ( 'NONE',  ( 49.52762154881769163, 20.00000000000000000, -10.56677942393417169 ) ) ;
#2973 = CARTESIAN_POINT ( 'NONE',  ( 20.76564636255629281, 38.33046026368555204, 29.84896414364884620 ) ) ;
#2974 = CARTESIAN_POINT ( 'NONE',  ( -14.59999999999999964, 19.67184688953659943, -10.99999999999999645 ) ) ;
#2975 = ORIENTED_EDGE ( 'NONE', *, *, #4629, .T. ) ;
#2976 = AXIS2_PLACEMENT_3D ( 'NONE', #2695, #805, #4838 ) ;
#2977 =( GEOMETRIC_REPRESENTATION_CONTEXT ( 3 ) GLOBAL_UNCERTAINTY_ASSIGNED_CONTEXT ( ( #5267 ) ) GLOBAL_UNIT_ASSIGNED_CONTEXT ( ( #2222, #2619, #1333 ) ) REPRESENTATION_CONTEXT ( 'NONE', 'WORKASPACE' ) );
#2978 = B_SPLINE_CURVE_WITH_KNOTS ( 'NONE', 3,
 ( #4501, #4383, #4059, #318, #5866, #2122, #3467, #3053, #4859, #800, #5502, #2325, #3160, #5058, #4554, #3636 ),
 .UNSPECIFIED., .F., .F.,
 ( 4, 2, 2, 2, 2, 2, 2, 4 ),
 ( 0.000000000000000000, 0.0009382606629310322318, 0.001876521325862064464, 0.002814781988793096587, 0.003753042651724128927, 0.004691303314655161268, 0.005629563977586193174, 0.007506085303448247446 ),
 .UNSPECIFIED. ) ;
#2979 = CIRCLE ( 'NONE', #2693, 2.000000000000000888 ) ;
#2980 = DIRECTION ( 'NONE',  ( 1.000000000000000000, 0.000000000000000000, -0.000000000000000000 ) ) ;
#2981 = CARTESIAN_POINT ( 'NONE',  ( -23.75124849109238667, 35.99637280514897952, 2.646612653254396985 ) ) ;
#2982 = CARTESIAN_POINT ( 'NONE',  ( -2.866834657879416604, 3.812644255848386621, 2.140057094360017231 ) ) ;
#2983 = VECTOR ( 'NONE', #3464, 1000.000000000000000 ) ;
#2984 = CARTESIAN_POINT ( 'NONE',  ( 11.35919283539901414, 11.00000000000000000, -18.35935771880957645 ) ) ;
#2985 = CARTESIAN_POINT ( 'NONE',  ( -8.407882355371743444, 42.00000000000000000, -22.17069512367551454 ) ) ;
#2986 = ORIENTED_EDGE ( 'NONE', *, *, #3645, .T. ) ;
#2987 = ORIENTED_EDGE ( 'NONE', *, *, #2442, .F. ) ;
#2988 = CARTESIAN_POINT ( 'NONE',  ( -20.32404967781558014, 38.80144975774419436, 29.22840327810016348 ) ) ;
#2989 = CARTESIAN_POINT ( 'NONE',  ( -23.61533586037843691, 25.00000000000000711, 6.381466874697182767 ) ) ;
#2990 = CARTESIAN_POINT ( 'NONE',  ( 19.59999999999999787, 37.00000000000000711, 4.381466874697177438 ) ) ;
#2991 = EDGE_CURVE ( 'NONE', #5549, #842, #1567, .T. ) ;
#2992 = FACE_OUTER_BOUND ( 'NONE', #347, .T. ) ;
#2993 = CARTESIAN_POINT ( 'NONE',  ( -6.935888279151503077, 13.99999999999999822, -13.23030515968210175 ) ) ;
#2994 = CIRCLE ( 'NONE', #1940, 3.499999999999999556 ) ;
#2995 = ORIENTED_EDGE ( 'NONE', *, *, #3604, .T. ) ;
#2996 = VERTEX_POINT ( 'NONE', #3919 ) ;
#2997 = AXIS2_PLACEMENT_3D ( 'NONE', #3999, #2207, #317 ) ;
#2998 = CARTESIAN_POINT ( 'NONE',  ( -101.4516408518393717, 25.00000000000000711, -0.06049675528535178315 ) ) ;
#2999 = CARTESIAN_POINT ( 'NONE',  ( -22.28976627828858170, 20.03097201794946969, 38.52235112214061274 ) ) ;
#3000 = DIRECTION ( 'NONE',  ( 0.000000000000000000, -0.000000000000000000, 1.000000000000000000 ) ) ;
#3001 = ADVANCED_FACE ( 'NONE', ( #1601, #4395 ), #2945, .F. ) ;
#3002 = ORIENTED_EDGE ( 'NONE', *, *, #3708, .F. ) ;
#3003 = CIRCLE ( 'NONE', #4903, 7.273499999999994969 ) ;
#3004 = ADVANCED_FACE ( 'NONE', ( #2013 ), #5644, .T. ) ;
#3005 = CIRCLE ( 'NONE', #256, 0.9999999999999974465 ) ;
#3006 = CARTESIAN_POINT ( 'NONE',  ( 14.59999999999999964, 13.99999999999999822, -11.00000000000000000 ) ) ;
#3007 = CARTESIAN_POINT ( 'NONE',  ( 18.82654812693983359, 22.81523404933482624, 38.52235112214059853 ) ) ;
#3008 = DIRECTION ( 'NONE',  ( -0.000000000000000000, 1.000000000000000000, -0.000000000000000000 ) ) ;
#3009 = CARTESIAN_POINT ( 'NONE',  ( 14.45628997867803456, 2.999999999999998224, 0.1486296859077931853 ) ) ;
#3010 = VERTEX_POINT ( 'NONE', #3862 ) ;
#3011 = ADVANCED_FACE ( 'NONE', ( #1756 ), #2280, .T. ) ;
#3012 = CARTESIAN_POINT ( 'NONE',  ( -2.866834657879416159, 3.000000000000000000, -49.00079791768374804 ) ) ;
#3013 = DIRECTION ( 'NONE',  ( 0.000000000000000000, 0.000000000000000000, 1.000000000000000000 ) ) ;
#3014 = CARTESIAN_POINT ( 'NONE',  ( -0.1908524075289199096, 11.00000000000000000, -18.92884430870680035 ) ) ;
#3015 = CARTESIAN_POINT ( 'NONE',  ( 14.45628997867803456, 3.804793560208526770, 26.01856979032351092 ) ) ;
#3016 = CARTESIAN_POINT ( 'NONE',  ( 19.59999999999999787, 37.00000000000000711, 4.381466874697178326 ) ) ;
#3017 = ORIENTED_EDGE ( 'NONE', *, *, #832, .F. ) ;
#3018 = ORIENTED_EDGE ( 'NONE', *, *, #521, .T. ) ;
#3019 = CARTESIAN_POINT ( 'NONE',  ( -20.05008431747800302, 37.00000000000001421, 30.35000000000001563 ) ) ;
#3020 = CARTESIAN_POINT ( 'NONE',  ( -23.99937220720094544, 23.20764885098301633, 5.278302285645048109 ) ) ;
#3021 = CARTESIAN_POINT ( 'NONE',  ( 45.00000000000000000, 13.99999999999999822, -3.300000000000006928 ) ) ;
#3022 = CARTESIAN_POINT ( 'NONE',  ( -14.45628997867800969, 10.77858375082994691, 21.19792241981485148 ) ) ;
#3023 = DIRECTION ( 'NONE',  ( 0.000000000000000000, 0.000000000000000000, 1.000000000000000000 ) ) ;
#3024 = ORIENTED_EDGE ( 'NONE', *, *, #136, .F. ) ;
#3025 = ORIENTED_EDGE ( 'NONE', *, *, #4796, .F. ) ;
#3026 = EDGE_CURVE ( 'NONE', #2863, #2886, #4318, .T. ) ;
#3027 = CARTESIAN_POINT ( 'NONE',  ( 56.09901130373780376, 0.000000000000000000, 3.703568960831224999 ) ) ;
#3028 = CARTESIAN_POINT ( 'NONE',  ( 5.988421630728562484, 13.99999999999999822, 20.99930208231626239 ) ) ;
#3029 = DIRECTION ( 'NONE',  ( 0.000000000000000000, 0.000000000000000000, -1.000000000000000000 ) ) ;
#3030 = VECTOR ( 'NONE', #3696, 1000.000000000000000 ) ;
#3031 = ORIENTED_EDGE ( 'NONE', *, *, #1902, .F. ) ;
#3032 = CIRCLE ( 'NONE', #2171, 39.99999999999999289 ) ;
#3033 = ADVANCED_FACE ( 'NONE', ( #4873 ), #2653, .T. ) ;
#3034 = APPLICATION_PROTOCOL_DEFINITION ( 'international standard', 'config_control_design', 1994, #5803 ) ;
#3035 = CARTESIAN_POINT ( 'NONE',  ( 53.86426032307243617, 19.99999999999999289, -7.297043333954705169 ) ) ;
#3036 = DIRECTION ( 'NONE',  ( -0.000000000000000000, 1.000000000000000000, -0.000000000000000000 ) ) ;
#3037 = CARTESIAN_POINT ( 'NONE',  ( 21.47833085037783718, 26.23290853318102478, 26.76970704764573483 ) ) ;
#3038 = ORIENTED_EDGE ( 'NONE', *, *, #2397, .F. ) ;
#3039 = EDGE_CURVE ( 'NONE', #1121, #2457, #3509, .T. ) ;
#3040 = B_SPLINE_CURVE_WITH_KNOTS ( 'NONE', 3,
 ( #973, #444, #1353, #2245, #919, #5094, #3221, #1912, #558, #1036, #4063, #3615, #5453, #496, #5036, #470, #3731, #1799, #2275, #1411, #2777, #4620 ),
 .UNSPECIFIED., .F., .F.,
 ( 4, 2, 2, 2, 2, 2, 2, 2, 2, 2, 4 ),
 ( 0.000000000000000000, 0.0008110166224973737589, 0.001622033244994747518, 0.002433049867492121168, 0.003244066489989495903, 0.004866099734984244939, 0.006488132979978992673, 0.009732199469968488142, 0.01054321609246586244, 0.01135423271496323501, 0.01297626595995798014 ),
 .UNSPECIFIED. ) ;
#3041 = FACE_OUTER_BOUND ( 'NONE', #1008, .T. ) ;
#3042 = DIRECTION ( 'NONE',  ( 0.000000000000000000, 0.000000000000000000, 1.000000000000000000 ) ) ;
#3043 = CARTESIAN_POINT ( 'NONE',  ( -2.866834657879415271, 7.799917731161413847, 5.693280996435644781 ) ) ;
#3044 = EDGE_CURVE ( 'NONE', #1048, #2901, #367, .T. ) ;
#3045 = CARTESIAN_POINT ( 'NONE',  ( -58.47502393429616774, 20.00000000000000000, -3.820622777212992816 ) ) ;
#3046 = CARTESIAN_POINT ( 'NONE',  ( -45.00000000000000000, 13.99999999999999822, -7.273499999999994969 ) ) ;
#3047 = ORIENTED_EDGE ( 'NONE', *, *, #5420, .T. ) ;
#3048 = VERTEX_POINT ( 'NONE', #3621 ) ;
#3049 = CARTESIAN_POINT ( 'NONE',  ( 2.866834657879444137, 2.999999999999998224, 0.1486296859077931853 ) ) ;
#3050 = CARTESIAN_POINT ( 'NONE',  ( -45.00000000000000000, 20.00000000000000000, 0.000000000000000000 ) ) ;
#3051 = DIRECTION ( 'NONE',  ( -0.000000000000000000, -1.000000000000000000, -0.000000000000000000 ) ) ;
#3052 = CARTESIAN_POINT ( 'NONE',  ( 26.98460414067285029, 20.07867148957121728, 19.65457188382310605 ) ) ;
#3053 = CARTESIAN_POINT ( 'NONE',  ( 19.29339667653911050, 22.07118435234587395, -38.64334463271136855 ) ) ;
#3054 = ORIENTED_EDGE ( 'NONE', *, *, #1205, .T. ) ;
#3055 = ORIENTED_EDGE ( 'NONE', *, *, #3044, .T. ) ;
#3056 = DIRECTION ( 'NONE',  ( -1.000000000000000000, 0.000000000000000000, 1.116774769942150345E-16 ) ) ;
#3057 = CARTESIAN_POINT ( 'NONE',  ( -23.64835285734676873, 38.50755300470029852, 5.702193848620765948 ) ) ;
#3058 = DIRECTION ( 'NONE',  ( 0.000000000000000000, 1.000000000000000000, 0.000000000000000000 ) ) ;
#3059 = DIRECTION ( 'NONE',  ( -0.000000000000000000, -1.000000000000000000, -0.000000000000000000 ) ) ;
#3060 = EDGE_LOOP ( 'NONE', ( #5600, #225, #5873, #5726 ) ) ;
#3061 = DIRECTION ( 'NONE',  ( 0.000000000000000000, 0.000000000000000000, 1.000000000000000000 ) ) ;
#3062 = CARTESIAN_POINT ( 'NONE',  ( -20.44849373052115382, 23.50493637131489422, 29.68431569549532156 ) ) ;
#3063 = EDGE_CURVE ( 'NONE', #1441, #1381, #2677, .T. ) ;
#3064 = CARTESIAN_POINT ( 'NONE',  ( 31.88733761830489399, 0.000000000000000000, -17.16662904032490644 ) ) ;
#3065 = ORIENTED_EDGE ( 'NONE', *, *, #4591, .T. ) ;
#3066 = AXIS2_PLACEMENT_3D ( 'NONE', #4170, #4642, #610 ) ;
#3067 = B_SPLINE_CURVE_WITH_KNOTS ( 'NONE', 3,
 ( #585, #2749, #918, #1438 ),
 .UNSPECIFIED., .F., .F.,
 ( 4, 4 ),
 ( 0.000000000000000000, 0.0004230652635363747185 ),
 .UNSPECIFIED. ) ;
#3068 = CARTESIAN_POINT ( 'NONE',  ( -31.88733761830489399, 0.000000000000000000, 20.66662904032490644 ) ) ;
#3069 = LINE ( 'NONE', #4049, #236 ) ;
#3070 = CARTESIAN_POINT ( 'NONE',  ( -19.59999999999999432, 37.00000000000000711, 29.35000000000000142 ) ) ;
#3071 = CYLINDRICAL_SURFACE ( 'NONE', #616, 7.273499999999998522 ) ;
#3072 = AXIS2_PLACEMENT_3D ( 'NONE', #5182, #677, #5209 ) ;
#3073 = CARTESIAN_POINT ( 'NONE',  ( 45.00000000000000000, 13.99999999999999822, -1.653273178848926709E-14 ) ) ;
#3074 = CIRCLE ( 'NONE', #2495, 13.06426483703416253 ) ;
#3075 = EDGE_CURVE ( 'NONE', #842, #2886, #4956, .T. ) ;
#3076 = VERTEX_POINT ( 'NONE', #5823 ) ;
#3077 = EDGE_CURVE ( 'NONE', #2947, #5005, #3570, .T. ) ;
#3078 = EDGE_LOOP ( 'NONE', ( #2956, #5365, #4439, #4262, #8 ) ) ;
#3079 = CIRCLE ( 'NONE', #1748, 2.000000000000000888 ) ;
#3080 = DIRECTION ( 'NONE',  ( 1.000000000000000000, -0.000000000000000000, -1.116774769942150345E-16 ) ) ;
#3081 = CARTESIAN_POINT ( 'NONE',  ( 19.59999999999999787, 25.00000000000000355, 6.381466874697178326 ) ) ;
#3082 = ORIENTED_EDGE ( 'NONE', *, *, #5135, .F. ) ;
#3083 = CARTESIAN_POINT ( 'NONE',  ( 2.866834657879444137, 0.000000000000000000, -49.00079791768374804 ) ) ;
#3084 = DIRECTION ( 'NONE',  ( -1.000000000000000000, -0.000000000000000000, 1.116774769942150345E-16 ) ) ;
#3085 = ORIENTED_EDGE ( 'NONE', *, *, #4740, .T. ) ;
#3086 = CIRCLE ( 'NONE', #5070, 14.62404639978297283 ) ;
#3087 = LINE ( 'NONE', #1243, #3468 ) ;
#3088 = LINE ( 'NONE', #297, #5346 ) ;
#3089 = CARTESIAN_POINT ( 'NONE',  ( 2.866834657879444137, 3.055759557072818655, 0.6883922823757981924 ) ) ;
#3090 = CARTESIAN_POINT ( 'NONE',  ( -14.59999999999999432, 37.00000000000000711, 28.35000000000001208 ) ) ;
#3091 = ORIENTED_EDGE ( 'NONE', *, *, #4846, .T. ) ;
#3092 = CIRCLE ( 'NONE', #1380, 11.11567787102364591 ) ;
#3093 = LINE ( 'NONE', #1662, #2403 ) ;
#3094 = CARTESIAN_POINT ( 'NONE',  ( 31.88733761830489399, 20.00000000000000000, -15.66662904032490822 ) ) ;
#3095 = FACE_OUTER_BOUND ( 'NONE', #1029, .T. ) ;
#3096 = CARTESIAN_POINT ( 'NONE',  ( 8.454385031338778944, 11.00000000000000000, -11.94184465520995175 ) ) ;
#3097 = VECTOR ( 'NONE', #5366, 1000.000000000000000 ) ;
#3098 = ORIENTED_EDGE ( 'NONE', *, *, #3242, .T. ) ;
#3099 = EDGE_CURVE ( 'NONE', #483, #1767, #3757, .T. ) ;
#3100 = CIRCLE ( 'NONE', #1197, 0.9999999999999974465 ) ;
#3101 = CARTESIAN_POINT ( 'NONE',  ( -31.88733761830489399, 48.00000000000000000, -20.66662904032490644 ) ) ;
#3102 = CARTESIAN_POINT ( 'NONE',  ( 20.69329892736504561, 36.10396737679420909, 30.14295511714374598 ) ) ;
#3103 = CARTESIAN_POINT ( 'NONE',  ( 24.35570794844340980, 24.68351278385083702, 2.400221465151536115 ) ) ;
#3104 = CARTESIAN_POINT ( 'NONE',  ( -23.64835285734676873, 26.50755300470028786, 5.702193848620773053 ) ) ;
#3105 = ORIENTED_EDGE ( 'NONE', *, *, #3496, .T. ) ;
#3106 = LINE ( 'NONE', #795, #603 ) ;
#3107 = CARTESIAN_POINT ( 'NONE',  ( 27.04121806074639167, 20.07830964814384700, -19.41085821051590443 ) ) ;
#3108 = ORIENTED_EDGE ( 'NONE', *, *, #5172, .F. ) ;
#3109 = ADVANCED_FACE ( 'NONE', ( #4094, #2622 ), #5853, .F. ) ;
#3110 = CARTESIAN_POINT ( 'NONE',  ( 27.49423020257389183, 20.03344660560335200, 18.26617473136602143 ) ) ;
#3111 = DIRECTION ( 'NONE',  ( 0.000000000000000000, 0.000000000000000000, 1.000000000000000000 ) ) ;
#3112 = ORIENTED_EDGE ( 'NONE', *, *, #3202, .T. ) ;
#3113 = CARTESIAN_POINT ( 'NONE',  ( -19.59999999999999432, 25.00000000000000355, 26.35000000000001563 ) ) ;
#3114 = CARTESIAN_POINT ( 'NONE',  ( -23.75665401403833599, 37.26108561890829662, 2.381466874697179659 ) ) ;
#3115 = EDGE_CURVE ( 'NONE', #969, #3461, #3100, .T. ) ;
#3116 = CARTESIAN_POINT ( 'NONE',  ( 2.866834657879444137, 3.367028381789538560, 1.443818611731622958 ) ) ;
#3117 = B_SPLINE_CURVE_WITH_KNOTS ( 'NONE', 3,
 ( #506, #597, #541, #1018, #4130, #3623, #62, #1807, #3711, #5434 ),
 .UNSPECIFIED., .F., .F.,
 ( 4, 2, 2, 2, 4 ),
 ( 0.0003162547668573866444, 0.0008888703600029865606, 0.001461485953148586314, 0.002034101546294186501, 0.002606717139439786255 ),
 .UNSPECIFIED. ) ;
#3118 = FACE_BOUND ( 'NONE', #1492, .T. ) ;
#3119 = ORIENTED_EDGE ( 'NONE', *, *, #1190, .F. ) ;
#3120 = COORDINATED_UNIVERSAL_TIME_OFFSET ( 5, 0, .BEHIND. ) ;
#3121 = CARTESIAN_POINT ( 'NONE',  ( 13.43157874241032168, 41.99999999999999289, -15.94580039634804436 ) ) ;
#3122 = CARTESIAN_POINT ( 'NONE',  ( -21.05681333427153135, 23.08319413127899011, 27.76348952641456336 ) ) ;
#3123 = DIRECTION ( 'NONE',  ( -0.000000000000000000, -1.000000000000000000, -0.000000000000000000 ) ) ;
#3124 = VERTEX_POINT ( 'NONE', #4988 ) ;
#3125 = DIRECTION ( 'NONE',  ( 0.000000000000000000, 1.000000000000000000, 0.000000000000000000 ) ) ;
#3126 = CARTESIAN_POINT ( 'NONE',  ( 20.70900421316629902, 35.98699045295962406, 30.07941893753184104 ) ) ;
#3127 = DIRECTION ( 'NONE',  ( 0.000000000000000000, 1.000000000000000000, 0.000000000000000000 ) ) ;
#3128 = EDGE_CURVE ( 'NONE', #4156, #5673, #3985, .T. ) ;
#3129 = CARTESIAN_POINT ( 'NONE',  ( -11.33470300582888868, 13.99999999999999822, 7.148629685907792464 ) ) ;
#3130 = ORIENTED_EDGE ( 'NONE', *, *, #1253, .F. ) ;
#3131 = CARTESIAN_POINT ( 'NONE',  ( 10.24650303048100497, 14.00000000000000000, -11.26700936439118017 ) ) ;
#3132 = DIRECTION ( 'NONE',  ( -0.000000000000000000, 0.000000000000000000, -1.000000000000000000 ) ) ;
#3133 = DIRECTION ( 'NONE',  ( 0.000000000000000000, 0.000000000000000000, 1.000000000000000000 ) ) ;
#3134 = EDGE_CURVE ( 'NONE', #3516, #1638, #4513, .T. ) ;
#3135 = LINE ( 'NONE', #2641, #1674 ) ;
#3136 = ORIENTED_EDGE ( 'NONE', *, *, #2342, .F. ) ;
#3137 = EDGE_CURVE ( 'NONE', #3879, #5400, #1853, .T. ) ;
#3138 = CARTESIAN_POINT ( 'NONE',  ( -14.59999999999999787, 37.00000000000000711, 3.381466874697187652 ) ) ;
#3139 = CARTESIAN_POINT ( 'NONE',  ( -23.61533586037845822, 37.26432072139479601, 6.381466874697182767 ) ) ;
#3140 = CARTESIAN_POINT ( 'NONE',  ( 2.866834657879444137, 2.999999999999998224, 0.1486296859077931853 ) ) ;
#3141 = ORIENTED_EDGE ( 'NONE', *, *, #3897, .F. ) ;
#3142 = EDGE_CURVE ( 'NONE', #2188, #1431, #5842, .T. ) ;
#3143 = CARTESIAN_POINT ( 'NONE',  ( 0.000000000000000000, 0.000000000000000000, 0.000000000000000000 ) ) ;
#3144 = PLANE ( 'NONE',  #5162 ) ;
#3145 = FACE_OUTER_BOUND ( 'NONE', #3697, .T. ) ;
#3146 = CARTESIAN_POINT ( 'NONE',  ( 45.00000000000000000, 0.000000000000000000, -1.653273178848926709E-14 ) ) ;
#3147 = EDGE_LOOP ( 'NONE', ( #3510, #1820 ) ) ;
#3148 = LINE ( 'NONE', #3958, #1591 ) ;
#3149 = CARTESIAN_POINT ( 'NONE',  ( 21.46008416873041114, 35.66705475062015296, 26.85323484106067582 ) ) ;
#3150 = CYLINDRICAL_SURFACE ( 'NONE', #4102, 40.00000000000000000 ) ;
#3151 = ORIENTED_EDGE ( 'NONE', *, *, #2474, .T. ) ;
#3152 = DIRECTION ( 'NONE',  ( -0.000000000000000000, -1.000000000000000000, -0.000000000000000000 ) ) ;
#3153 = ORIENTED_EDGE ( 'NONE', *, *, #3281, .T. ) ;
#3154 = CARTESIAN_POINT ( 'NONE',  ( 31.88733761830489399, 20.00000000000000000, 20.66662904032490644 ) ) ;
#3155 = CARTESIAN_POINT ( 'NONE',  ( 56.09901130373780376, 20.00000000000000000, -3.435073731422685145E-15 ) ) ;
#3156 = CYLINDRICAL_SURFACE ( 'NONE', #2772, 4.999999999999997335 ) ;
#3157 = VERTEX_POINT ( 'NONE', #452 ) ;
#3158 = TOROIDAL_SURFACE ( 'NONE', #4391, 13.06426483703416253, 7.000000000000000000 ) ;
#3159 = AXIS2_PLACEMENT_3D ( 'NONE', #1313, #3513, #5409 ) ;
#3160 = CARTESIAN_POINT ( 'NONE',  ( 20.95912546137753552, 20.64597819344874452, -38.64334463271136855 ) ) ;
#3161 = ORIENTED_EDGE ( 'NONE', *, *, #83, .F. ) ;
#3162 = AXIS2_PLACEMENT_3D ( 'NONE', #816, #1221, #2652 ) ;
#3163 = ADVANCED_FACE ( 'NONE', ( #5430 ), #1309, .F. ) ;
#3164 = DIRECTION ( 'NONE',  ( 0.000000000000000000, 1.000000000000000000, 0.000000000000000000 ) ) ;
#3165 = DIRECTION ( 'NONE',  ( 0.000000000000000000, 1.000000000000000000, 0.000000000000000000 ) ) ;
#3166 = CARTESIAN_POINT ( 'NONE',  ( 2.866834657879444137, 3.241990833914201620, 1.203346625640023815 ) ) ;
#3167 = VECTOR ( 'NONE', #1006, 1000.000000000000000 ) ;
#3168 = ORIENTED_EDGE ( 'NONE', *, *, #1630, .T. ) ;
#3169 = AXIS2_PLACEMENT_3D ( 'NONE', #1578, #2083, #1228 ) ;
#3170 = SECURITY_CLASSIFICATION_LEVEL ( 'unclassified' ) ;
#3171 = CARTESIAN_POINT ( 'NONE',  ( 2.866834657879444137, 9.243203772065614388, 21.73876682356119616 ) ) ;
#3172 = CARTESIAN_POINT ( 'NONE',  ( 5.564904071906235927, 41.99999999999999289, -23.72941279022247940 ) ) ;
#3173 = ADVANCED_FACE ( 'NONE', ( #2731, #4538 ), #1695, .F. ) ;
#3174 = DIRECTION ( 'NONE',  ( 1.000000000000000000, 0.000000000000000000, 0.000000000000000000 ) ) ;
#3175 = ORIENTED_EDGE ( 'NONE', *, *, #535, .F. ) ;
#3176 = AXIS2_PLACEMENT_3D ( 'NONE', #3794, #3910, #2004 ) ;
#3177 = CYLINDRICAL_SURFACE ( 'NONE', #1451, 6.064264837034162525 ) ;
#3178 = CARTESIAN_POINT ( 'NONE',  ( 20.64190408507752394, 36.86765473153105432, 30.35000000000001563 ) ) ;
#3179 = CARTESIAN_POINT ( 'NONE',  ( -23.05844564573880007, 20.00000000000000000, -38.64334463271136855 ) ) ;
#3180 = EDGE_CURVE ( 'NONE', #4, #2456, #87, .T. ) ;
#3181 = VERTEX_POINT ( 'NONE', #1892 ) ;
#3182 = CARTESIAN_POINT ( 'NONE',  ( -31.88733761830489399, 10.00000000000000000, 20.66662904032490644 ) ) ;
#3183 = AXIS2_PLACEMENT_3D ( 'NONE', #4273, #5605, #179 ) ;
#3184 = B_SPLINE_CURVE_WITH_KNOTS ( 'NONE', 3,
 ( #581, #2834, #2385, #4528, #1379, #3191, #5004, #940, #1494, #2954, #5680, #4285, #4705, #2475, #193, #5177, #2447, #3756, #2985, #672, #612, #2864, #5117, #5141, #1937, #697 ),
 .UNSPECIFIED., .F., .F.,
 ( 4, 2, 2, 2, 2, 2, 2, 2, 2, 2, 2, 2, 4 ),
 ( 0.1514859942821145111, 0.1875000000000000000, 0.2499999999999999722, 0.3125000000000000000, 0.3750000000000000000, 0.4374999999999999445, 0.4999999999999999445, 0.5625000000000000000, 0.6250000000000000000, 0.6874999999999998890, 0.7499999999999998890, 0.8124999999999998890, 0.8486940056055879422 ),
 .UNSPECIFIED. ) ;
#3185 = ORIENTED_EDGE ( 'NONE', *, *, #5701, .F. ) ;
#3186 = CARTESIAN_POINT ( 'NONE',  ( -0.1908524075289199096, 11.00000000000000000, -18.92884430870680035 ) ) ;
#3187 = CARTESIAN_POINT ( 'NONE',  ( 27.89382672223614890, 20.00000000000000355, -17.61612744232837713 ) ) ;
#3188 = DIRECTION ( 'NONE',  ( 0.000000000000000000, 0.000000000000000000, -1.000000000000000000 ) ) ;
#3189 = VERTEX_POINT ( 'NONE', #627 ) ;
#3190 = VECTOR ( 'NONE', #3702, 1000.000000000000000 ) ;
#3191 = CARTESIAN_POINT ( 'NONE',  ( 10.69368365266668874, 42.00000000000000000, -20.18135329611084572 ) ) ;
#3192 = VERTEX_POINT ( 'NONE', #1862 ) ;
#3193 = DIRECTION ( 'NONE',  ( 0.000000000000000000, 1.000000000000000000, 0.000000000000000000 ) ) ;
#3194 = DIRECTION ( 'NONE',  ( 0.000000000000000000, 0.000000000000000000, 1.000000000000000000 ) ) ;
#3195 = LINE ( 'NONE', #4558, #2433 ) ;
#3196 = EDGE_CURVE ( 'NONE', #4246, #3124, #1046, .T. ) ;
#3197 = ORIENTED_EDGE ( 'NONE', *, *, #4121, .F. ) ;
#3198 = DIRECTION ( 'NONE',  ( -0.000000000000000000, -1.000000000000000000, -0.000000000000000000 ) ) ;
#3199 = CARTESIAN_POINT ( 'NONE',  ( 3.599048052870682302, 13.99999999999999822, -15.91338194400114858 ) ) ;
#3200 = CARTESIAN_POINT ( 'NONE',  ( -45.00000000000000000, 48.00000000000000000, 3.299999999999990496 ) ) ;
#3201 = ORIENTED_EDGE ( 'NONE', *, *, #4089, .F. ) ;
#3202 = EDGE_CURVE ( 'NONE', #4134, #778, #4184, .T. ) ;
#3203 = VECTOR ( 'NONE', #2573, 1000.000000000000000 ) ;
#3204 = DIRECTION ( 'NONE',  ( 0.000000000000000000, 6.938893903907228378E-16, 1.000000000000000000 ) ) ;
#3205 = CARTESIAN_POINT ( 'NONE',  ( -20.73082324707984370, 26.80243758394838238, 27.47352849072090208 ) ) ;
#3206 = CARTESIAN_POINT ( 'NONE',  ( -19.59999999999999432, 25.00000000000000355, 28.35000000000001563 ) ) ;
#3207 = ORIENTED_EDGE ( 'NONE', *, *, #3323, .T. ) ;
#3208 = CARTESIAN_POINT ( 'NONE',  ( -14.59999999999999787, 25.00000000000000355, 4.381466874697181879 ) ) ;
#3209 = AXIS2_PLACEMENT_3D ( 'NONE', #4373, #5706, #2086 ) ;
#3210 = ORIENTED_EDGE ( 'NONE', *, *, #521, .F. ) ;
#3211 = EDGE_CURVE ( 'NONE', #1136, #112, #4155, .T. ) ;
#3212 = CYLINDRICAL_SURFACE ( 'NONE', #3443, 4.999999999999997335 ) ;
#3213 = LINE ( 'NONE', #3754, #3826 ) ;
#3214 = AXIS2_PLACEMENT_3D ( 'NONE', #4469, #1792, #3607 ) ;
#3215 = CARTESIAN_POINT ( 'NONE',  ( -20.29575086738858047, 35.24721153601621637, 29.34714847524752912 ) ) ;
#3216 = EDGE_LOOP ( 'NONE', ( #771, #2764, #369, #4749 ) ) ;
#3217 = LINE ( 'NONE', #5089, #3595 ) ;
#3218 = ORIENTED_EDGE ( 'NONE', *, *, #3419, .T. ) ;
#3219 = CARTESIAN_POINT ( 'NONE',  ( 13.89522688242053405, 18.36365792602752833, -11.00000000000000000 ) ) ;
#3220 = CARTESIAN_POINT ( 'NONE',  ( -40.00000000000000000, -2.500000000000000000, 5.649999999999999467 ) ) ;
#3221 = CARTESIAN_POINT ( 'NONE',  ( -2.866834657879416604, 3.804793560208528547, 26.01856979032350736 ) ) ;
#3222 = CARTESIAN_POINT ( 'NONE',  ( 14.32936598905484971, 37.97882660984358694, -13.08591286045728275 ) ) ;
#3223 = ORIENTED_EDGE ( 'NONE', *, *, #4482, .F. ) ;
#3224 = B_SPLINE_CURVE_WITH_KNOTS ( 'NONE', 3,
 ( #4343, #5201, #2020, #2109, #1141, #1992, #2054, #3925 ),
 .UNSPECIFIED., .F., .F.,
 ( 4, 2, 2, 4 ),
 ( 0.000000000000000000, 0.01449660628149741434, 0.02174490942224611978, 0.02899321256299482868 ),
 .UNSPECIFIED. ) ;
#3225 = ADVANCED_FACE ( 'NONE', ( #2849 ), #980, .F. ) ;
#3226 = CARTESIAN_POINT ( 'NONE',  ( -38.96940996788635658, 20.00000000000000000, -22.50300172765385298 ) ) ;
#3227 = CARTESIAN_POINT ( 'NONE',  ( -14.56512860962491018, 42.00000000000000000, -11.60733304749350303 ) ) ;
#3228 = FACE_OUTER_BOUND ( 'NONE', #5002, .T. ) ;
#3229 = ORIENTED_EDGE ( 'NONE', *, *, #2935, .F. ) ;
#3230 = EDGE_CURVE ( 'NONE', #3181, #2934, #4126, .T. ) ;
#3231 = CARTESIAN_POINT ( 'NONE',  ( -31.88733761830489399, 10.00000000000000000, -20.66662904032490644 ) ) ;
#3232 = CARTESIAN_POINT ( 'NONE',  ( 24.34847378163785692, 37.00000000000001421, 2.381466874697177438 ) ) ;
#3233 = CARTESIAN_POINT ( 'NONE',  ( 19.59999999999999787, 37.00000000000000711, 4.381466874697178326 ) ) ;
#3234 = DIRECTION ( 'NONE',  ( 0.000000000000000000, 0.000000000000000000, 1.000000000000000000 ) ) ;
#3235 = ORIENTED_EDGE ( 'NONE', *, *, #1012, .T. ) ;
#3236 = DIRECTION ( 'NONE',  ( 0.000000000000000000, 1.000000000000000000, 0.000000000000000000 ) ) ;
#3237 = EDGE_LOOP ( 'NONE', ( #3300, #1206 ) ) ;
#3238 = DIRECTION ( 'NONE',  ( -1.000000000000000000, -0.000000000000000000, 1.116774769942150345E-16 ) ) ;
#3239 = DIRECTION ( 'NONE',  ( -0.000000000000000000, 1.000000000000000000, -0.000000000000000000 ) ) ;
#3240 = LINE ( 'NONE', #71, #2400 ) ;
#3241 = ORIENTED_EDGE ( 'NONE', *, *, #5359, .T. ) ;
#3242 = EDGE_CURVE ( 'NONE', #1743, #2353, #3949, .T. ) ;
#3243 = LINE ( 'NONE', #2746, #1320 ) ;
#3244 = ADVANCED_FACE ( 'NONE', ( #1015, #3651, #4627, #2819, #117 ), #1918, .F. ) ;
#3245 = ORIENTED_EDGE ( 'NONE', *, *, #5858, .T. ) ;
#3246 = AXIS2_PLACEMENT_3D ( 'NONE', #2924, #2473, #1606 ) ;
#3247 = CARTESIAN_POINT ( 'NONE',  ( -8.661562318278711814, 13.99999999999999822, 21.00476137231022733 ) ) ;
#3248 = CARTESIAN_POINT ( 'NONE',  ( 14.45628997867803811, 10.77858375082994868, 6.950009348409213139 ) ) ;
#3249 = CARTESIAN_POINT ( 'NONE',  ( 14.60000000000000142, 37.00000000000000711, 4.381466874697178326 ) ) ;
#3250 = CARTESIAN_POINT ( 'NONE',  ( -19.59999999999999432, 37.00000000000000711, 28.35000000000001208 ) ) ;
#3251 = DIRECTION ( 'NONE',  ( 0.000000000000000000, 1.000000000000000000, 0.000000000000000000 ) ) ;
#3252 = ORIENTED_EDGE ( 'NONE', *, *, #1332, .T. ) ;
#3253 = EDGE_LOOP ( 'NONE', ( #818, #1813, #5226, #2204 ) ) ;
#3254 = CIRCLE ( 'NONE', #2017, 40.00000000000000000 ) ;
#3255 = AXIS2_PLACEMENT_3D ( 'NONE', #694, #3363, #1605 ) ;
#3256 = CARTESIAN_POINT ( 'NONE',  ( -17.71878667842027610, 48.00000000000000000, -38.64334463271136855 ) ) ;
#3257 = CARTESIAN_POINT ( 'NONE',  ( -2.189870218597102625, 14.00000000000000178, -16.64998522505354828 ) ) ;
#3258 = CARTESIAN_POINT ( 'NONE',  ( -19.59999999999999432, 25.00000000000000355, 28.35000000000001563 ) ) ;
#3259 = AXIS2_PLACEMENT_3D ( 'NONE', #3143, #5730, #4427 ) ;
#3260 = PRODUCT_DEFINITION ( 'UNKNOWN', '', #1751, #5618 ) ;
#3261 = ORIENTED_EDGE ( 'NONE', *, *, #173, .F. ) ;
#3262 = VECTOR ( 'NONE', #119, 1000.000000000000000 ) ;
#3263 = CARTESIAN_POINT ( 'NONE',  ( 49.52762154881769163, 0.000000000000000000, -10.56677942393417169 ) ) ;
#3264 = CARTESIAN_POINT ( 'NONE',  ( 24.29832828773539077, 39.00013258716146680, 4.251659500345589038 ) ) ;
#3265 = LINE ( 'NONE', #599, #4867 ) ;
#3266 = CARTESIAN_POINT ( 'NONE',  ( 14.60000000000000497, 37.00000000000000711, 28.35000000000001208 ) ) ;
#3267 = AXIS2_PLACEMENT_3D ( 'NONE', #1530, #3854, #3320 ) ;
#3268 = B_SPLINE_CURVE_WITH_KNOTS ( 'NONE', 3,
 ( #1504, #177, #684, #5664, #5188, #1185, #1128, #2873, #2485, #1099, #4271, #4688, #1622, #5217, #625, #4243, #2038, #3438, #1979, #4296, #237, #4746 ),
 .UNSPECIFIED., .F., .F.,
 ( 4, 2, 2, 2, 2, 2, 2, 2, 2, 2, 4 ),
 ( 0.000000000000000000, 0.0008110166224973725663, 0.001622033244994745133, 0.002433049867492118132, 0.003244066489989491132, 0.004866099734984238867, 0.006488132979978988336, 0.009732199469968486408, 0.01054321609246586244, 0.01135423271496323501, 0.01297626595995798188 ),
 .UNSPECIFIED. ) ;
#3269 = ORIENTED_EDGE ( 'NONE', *, *, #337, .T. ) ;
#3270 = CYLINDRICAL_SURFACE ( 'NONE', #5777, 0.9999999999999940048 ) ;
#3271 = EDGE_CURVE ( 'NONE', #5016, #2463, #3003, .T. ) ;
#3272 = AXIS2_PLACEMENT_3D ( 'NONE', #4634, #5555, #1485 ) ;
#3273 = EDGE_LOOP ( 'NONE', ( #2744, #1975, #763, #3791 ) ) ;
#3274 = DIRECTION ( 'NONE',  ( 0.000000000000000000, 1.000000000000000000, 0.000000000000000000 ) ) ;
#3275 = CARTESIAN_POINT ( 'NONE',  ( -17.71878667842027610, 48.00000000000000000, 38.52235112214060564 ) ) ;
#3276 = CARTESIAN_POINT ( 'NONE',  ( 31.88733761830489399, 48.00000000000000000, 15.66662904032490822 ) ) ;
#3277 = VERTEX_POINT ( 'NONE', #2787 ) ;
#3278 = CARTESIAN_POINT ( 'NONE',  ( 23.66675350869329364, 20.00000000000000000, -38.27381321946830894 ) ) ;
#3279 = VECTOR ( 'NONE', #1418, 1000.000000000000000 ) ;
#3280 = VERTEX_POINT ( 'NONE', #150 ) ;
#3281 = EDGE_CURVE ( 'NONE', #3181, #4396, #727, .T. ) ;
#3282 = AXIS2_PLACEMENT_3D ( 'NONE', #4946, #2209, #4031 ) ;
#3283 = CARTESIAN_POINT ( 'NONE',  ( -11.33470300582888868, 13.99999999999999822, 20.99930208231626239 ) ) ;
#3284 = CARTESIAN_POINT ( 'NONE',  ( 0.000000000000000000, 13.99999999999999822, 7.148629685907792464 ) ) ;
#3285 = CARTESIAN_POINT ( 'NONE',  ( -19.59999999999999432, 37.00000000000000711, 26.35000000000001208 ) ) ;
#3286 = DIRECTION ( 'NONE',  ( 0.000000000000000000, 0.000000000000000000, -1.000000000000000000 ) ) ;
#3287 = CARTESIAN_POINT ( 'NONE',  ( 14.59680916581756094, 24.36850175285755427, -11.06298717900949846 ) ) ;
#3288 = ORIENTED_EDGE ( 'NONE', *, *, #2055, .T. ) ;
#3289 = ORIENTED_EDGE ( 'NONE', *, *, #1417, .T. ) ;
#3290 = EDGE_CURVE ( 'NONE', #540, #2200, #5578, .T. ) ;
#3291 = PERSON_AND_ORGANIZATION ( #875, #1923 ) ;
#3292 = CARTESIAN_POINT ( 'NONE',  ( 2.866834657879443693, 11.83167323023141648, 20.99930208231626949 ) ) ;
#3293 = CARTESIAN_POINT ( 'NONE',  ( -13.21457355801788403, 42.00000000000000000, -16.48358979372484612 ) ) ;
#3294 = DIRECTION ( 'NONE',  ( 0.000000000000000000, -0.000000000000000000, 1.000000000000000000 ) ) ;
#3295 = ORIENTED_EDGE ( 'NONE', *, *, #1472, .F. ) ;
#3296 = CARTESIAN_POINT ( 'NONE',  ( 33.98476260558511797, -2.499999999999998668, -3.150000000000000355 ) ) ;
#3297 = CARTESIAN_POINT ( 'NONE',  ( 19.60000000000000142, 37.00000000000000711, 28.35000000000000497 ) ) ;
#3298 = DIRECTION ( 'NONE',  ( 0.000000000000000000, 0.000000000000000000, 1.000000000000000000 ) ) ;
#3299 = DIRECTION ( 'NONE',  ( 0.000000000000000000, 0.000000000000000000, 1.000000000000000000 ) ) ;
#3300 = ORIENTED_EDGE ( 'NONE', *, *, #2452, .F. ) ;
#3301 = CARTESIAN_POINT ( 'NONE',  ( -5.710652220994017370, 14.00000000002460965, -14.58898273717923111 ) ) ;
#3302 = VERTEX_POINT ( 'NONE', #1393 ) ;
#3303 = FACE_OUTER_BOUND ( 'NONE', #60, .T. ) ;
#3304 = CARTESIAN_POINT ( 'NONE',  ( -23.61859386527947535, 36.48212654025941504, 6.317648644404789238 ) ) ;
#3305 = CARTESIAN_POINT ( 'NONE',  ( -20.93268238779507584, 36.10359560181167637, 26.55722360448375241 ) ) ;
#3306 = EDGE_CURVE ( 'NONE', #926, #1767, #1507, .T. ) ;
#3307 = VERTEX_POINT ( 'NONE', #3322 ) ;
#3308 = CIRCLE ( 'NONE', #3881, 3.499999999999999556 ) ;
#3309 = CARTESIAN_POINT ( 'NONE',  ( -13.48408951739363104, 41.99992899603727636, -15.82368115060388547 ) ) ;
#3310 = ORIENTED_EDGE ( 'NONE', *, *, #2452, .T. ) ;
#3311 = VECTOR ( 'NONE', #591, 1000.000000000000000 ) ;
#3312 = CARTESIAN_POINT ( 'NONE',  ( -45.00000000000000000, 48.00000000000000000, 0.000000000000000000 ) ) ;
#3313 = CARTESIAN_POINT ( 'NONE',  ( 14.45628997867803456, 2.999999999999998224, 0.1486296859077931853 ) ) ;
#3314 = LINE ( 'NONE', #4266, #1666 ) ;
#3315 = LINE ( 'NONE', #530, #3190 ) ;
#3316 = ORIENTED_EDGE ( 'NONE', *, *, #2454, .T. ) ;
#3317 = EDGE_CURVE ( 'NONE', #4470, #2123, #4233, .T. ) ;
#3318 = ORIENTED_EDGE ( 'NONE', *, *, #4772, .F. ) ;
#3319 = B_SPLINE_CURVE_WITH_KNOTS ( 'NONE', 3,
 ( #2682, #4995, #1288, #4491, #5326, #1340, #1701, #3103, #4519, #4912 ),
 .UNSPECIFIED., .F., .F.,
 ( 4, 2, 2, 2, 4 ),
 ( 1.115227344901234389E-06, 0.0004769392388971259943, 0.0009527632504493507371, 0.001428587262001575426, 0.001904411273553800223 ),
 .UNSPECIFIED. ) ;
#3320 = DIRECTION ( 'NONE',  ( 0.000000000000000000, 0.000000000000000000, -1.000000000000000000 ) ) ;
#3321 = CARTESIAN_POINT ( 'NONE',  ( 14.45628997867803101, -2.500000000000000000, 3.149999999999999467 ) ) ;
#3322 = CARTESIAN_POINT ( 'NONE',  ( -45.00000000000000000, 20.00000000000000000, -7.273499999999998522 ) ) ;
#3323 = EDGE_CURVE ( 'NONE', #4929, #4028, #27, .T. ) ;
#3324 = ORIENTED_EDGE ( 'NONE', *, *, #2397, .T. ) ;
#3325 = CARTESIAN_POINT ( 'NONE',  ( -8.661562318278711814, 1.212141125398237484, 27.99930208231626949 ) ) ;
#3326 = CARTESIAN_POINT ( 'NONE',  ( 8.661562318278740236, 13.99999999999999822, 21.00476137231022733 ) ) ;
#3327 = CARTESIAN_POINT ( 'NONE',  ( -20.82762594107597209, 26.51531550100609635, 27.03816001264198476 ) ) ;
#3328 = FACE_OUTER_BOUND ( 'NONE', #5448, .T. ) ;
#3329 = ORIENTED_EDGE ( 'NONE', *, *, #5276, .T. ) ;
#3330 = CARTESIAN_POINT ( 'NONE',  ( 19.59999999999999787, 25.00000000000000355, 6.381466874697178326 ) ) ;
#3331 = B_SPLINE_CURVE_WITH_KNOTS ( 'NONE', 3,
 ( #2264, #13, #1814, #3131, #348, #2148, #3629, #5443, #5332, #1768, #1375, #3965, #377, #2176 ),
 .UNSPECIFIED., .F., .F.,
 ( 4, 2, 2, 2, 2, 2, 4 ),
 ( 0.000000000000000000, 0.001887845601296176887, 0.002831768401944265330, 0.003775691202592353773, 0.005663536803888532395, 0.006607459604536619104, 0.007551382405184705812 ),
 .UNSPECIFIED. ) ;
#3332 = CARTESIAN_POINT ( 'NONE',  ( -13.48094527356243155, 42.17857956355145177, -15.94749898873986105 ) ) ;
#3333 = CARTESIAN_POINT ( 'NONE',  ( -23.61533586037841559, 37.00000000000001421, 6.381466874697183655 ) ) ;
#3334 = CARTESIAN_POINT ( 'NONE',  ( 33.98476260558511086, -7.900000000000003908, 11.78267809211570238 ) ) ;
#3335 = ORIENTED_EDGE ( 'NONE', *, *, #5652, .F. ) ;
#3336 = CARTESIAN_POINT ( 'NONE',  ( -23.74837100583399874, 26.22901805224847749, 2.782235231974036882 ) ) ;
#3337 = ORIENTED_EDGE ( 'NONE', *, *, #3457, .F. ) ;
#3338 = ORIENTED_EDGE ( 'NONE', *, *, #361, .F. ) ;
#3339 = DIRECTION ( 'NONE',  ( 0.000000000000000000, 0.000000000000000000, -1.000000000000000000 ) ) ;
#3340 = CARTESIAN_POINT ( 'NONE',  ( 21.56916100420944815, 37.00000000000000711, 26.34999999999999787 ) ) ;
#3341 = CYLINDRICAL_SURFACE ( 'NONE', #915, 3.499999999999999556 ) ;
#3342 = DIRECTION ( 'NONE',  ( 0.000000000000000000, 0.000000000000000000, 1.000000000000000000 ) ) ;
#3343 = EDGE_LOOP ( 'NONE', ( #11, #4013, #2155, #3637 ) ) ;
#3344 = EDGE_LOOP ( 'NONE', ( #622, #922, #4555, #3808 ) ) ;
#3345 = ADVANCED_FACE ( 'NONE', ( #3228 ), #4562, .F. ) ;
#3346 = AXIS2_PLACEMENT_3D ( 'NONE', #130, #3721, #1519 ) ;
#3347 = CARTESIAN_POINT ( 'NONE',  ( 9.960304280044710587E-17, 48.00000000000000000, -10.16170822322694178 ) ) ;
#3348 = CARTESIAN_POINT ( 'NONE',  ( 5.663034678505570518, 13.99999999999999645, -14.21678256538027441 ) ) ;
#3349 = CARTESIAN_POINT ( 'NONE',  ( -40.00000000000000000, 0.000000000000000000, -3.149999999999999911 ) ) ;
#3350 = AXIS2_PLACEMENT_3D ( 'NONE', #5732, #3478, #2012 ) ;
#3351 = ORIENTED_EDGE ( 'NONE', *, *, #4099, .F. ) ;
#3352 = AXIS2_PLACEMENT_3D ( 'NONE', #5687, #1616, #3431 ) ;
#3353 = EDGE_CURVE ( 'NONE', #842, #5549, #2429, .T. ) ;
#3354 = LINE ( 'NONE', #1106, #5155 ) ;
#3355 = CYLINDRICAL_SURFACE ( 'NONE', #993, 0.9999999999999940048 ) ;
#3356 = CARTESIAN_POINT ( 'NONE',  ( 21.32230941444413119, 38.80313921724538773, 27.47501492307721449 ) ) ;
#3357 = CARTESIAN_POINT ( 'NONE',  ( 21.41911501721348188, 26.51660385083126670, 27.03965948563671162 ) ) ;
#3358 = ORIENTED_EDGE ( 'NONE', *, *, #4474, .F. ) ;
#3359 = CARTESIAN_POINT ( 'NONE',  ( 56.09901130373779665, 0.000000000000000000, -3.703568960831238766 ) ) ;
#3360 = VECTOR ( 'NONE', #4345, 1000.000000000000000 ) ;
#3361 = VECTOR ( 'NONE', #689, 1000.000000000000000 ) ;
#3362 = DIRECTION ( 'NONE',  ( 0.000000000000000000, -0.5098023903017325775, 0.8602915336341744323 ) ) ;
#3363 = DIRECTION ( 'NONE',  ( -1.000000000000000000, 0.000000000000000000, 1.116774769942150345E-16 ) ) ;
#3364 = CARTESIAN_POINT ( 'NONE',  ( 0.000000000000000000, 0.000000000000000000, 0.000000000000000000 ) ) ;
#3365 = ORIENTED_EDGE ( 'NONE', *, *, #4891, .F. ) ;
#3366 = ADVANCED_FACE ( 'NONE', ( #1982, #2518 ), #5249, .T. ) ;
#3367 = CARTESIAN_POINT ( 'NONE',  ( -23.70662189216996296, 26.99991578296021544, 4.248352368554080272 ) ) ;
#3368 = PRODUCT ( 'SickLidarV2Base', 'SickLidarV2Base', '', ( #1723 ) ) ;
#3369 = ORIENTED_EDGE ( 'NONE', *, *, #5542, .T. ) ;
#3370 = CIRCLE ( 'NONE', #2793, 125.8238134383398972 ) ;
#3371 = ORIENTED_EDGE ( 'NONE', *, *, #2891, .F. ) ;
#3372 = DIRECTION ( 'NONE',  ( 0.000000000000000000, 0.000000000000000000, -1.000000000000000000 ) ) ;
#3373 = DIRECTION ( 'NONE',  ( 0.000000000000000000, 6.938893903907229364E-16, 1.000000000000000000 ) ) ;
#3374 = VECTOR ( 'NONE', #3417, 1000.000000000000000 ) ;
#3375 = CARTESIAN_POINT ( 'NONE',  ( 44.60000000000000142, 37.00000000000000711, 28.35000000000000853 ) ) ;
#3376 = CARTESIAN_POINT ( 'NONE',  ( 24.25929021410370368, 26.79682804810693852, 5.269463109762901887 ) ) ;
#3377 = ORIENTED_EDGE ( 'NONE', *, *, #819, .F. ) ;
#3378 = ORIENTED_EDGE ( 'NONE', *, *, #2384, .F. ) ;
#3379 = AXIS2_PLACEMENT_3D ( 'NONE', #1130, #776, #4245 ) ;
#3380 = CARTESIAN_POINT ( 'NONE',  ( 56.09901130373780376, 20.00000000000000000, -3.435073731422685145E-15 ) ) ;
#3381 = CARTESIAN_POINT ( 'NONE',  ( -19.59999999999999432, 25.00000000000000355, 28.35000000000001563 ) ) ;
#3382 = ADVANCED_FACE ( 'NONE', ( #4298 ), #1187, .T. ) ;
#3383 = PLANE ( 'NONE',  #59 ) ;
#3384 = EDGE_LOOP ( 'NONE', ( #219, #2335 ) ) ;
#3385 = DIRECTION ( 'NONE',  ( 0.000000000000000000, 0.000000000000000000, -1.000000000000000000 ) ) ;
#3386 = CARTESIAN_POINT ( 'NONE',  ( -14.45628997867800791, 34.00000000000000000, 20.99930208231626239 ) ) ;
#3387 = DIRECTION ( 'NONE',  ( 0.000000000000000000, 0.000000000000000000, 1.000000000000000000 ) ) ;
#3388 = ADVANCED_FACE ( 'NONE', ( #4748 ), #5219, .F. ) ;
#3389 = CARTESIAN_POINT ( 'NONE',  ( 19.60000000000000142, 25.00000000000000355, 28.35000000000000853 ) ) ;
#3390 = ORIENTED_EDGE ( 'NONE', *, *, #1938, .F. ) ;
#3391 = CARTESIAN_POINT ( 'NONE',  ( -2.666559004310037118, 14.00000000002461853, -16.50531572708543138 ) ) ;
#3392 = ADVANCED_FACE ( 'NONE', ( #5159 ), #1102, .F. ) ;
#3393 = CARTESIAN_POINT ( 'NONE',  ( -40.00000000000000000, -2.500000000000000000, 5.649999999999999467 ) ) ;
#3394 = CARTESIAN_POINT ( 'NONE',  ( -0.1908524075289199096, 11.00000000000000000, -18.92884430870680035 ) ) ;
#3395 = FACE_OUTER_BOUND ( 'NONE', #4058, .T. ) ;
#3396 = CARTESIAN_POINT ( 'NONE',  ( 14.45628997867803456, 3.367028381789541669, 26.70411315649243988 ) ) ;
#3397 = CARTESIAN_POINT ( 'NONE',  ( -23.71923203933058844, 26.93600935784053263, 3.862960110148983883 ) ) ;
#3398 = EDGE_LOOP ( 'NONE', ( #2220, #4735 ) ) ;
#3399 = ADVANCED_FACE ( 'NONE', ( #240 ), #2715, .F. ) ;
#3400 = VERTEX_POINT ( 'NONE', #298 ) ;
#3401 = DIRECTION ( 'NONE',  ( 0.000000000000000000, 1.000000000000000000, 0.000000000000000000 ) ) ;
#3402 = CARTESIAN_POINT ( 'NONE',  ( -23.75665401403831467, 24.86816509373211304, 2.381466874697180103 ) ) ;
#3403 = CARTESIAN_POINT ( 'NONE',  ( 24.22752312482282733, 35.77985290321505829, 5.971503665165076136 ) ) ;
#3404 = FACE_OUTER_BOUND ( 'NONE', #4001, .T. ) ;
#3405 = CARTESIAN_POINT ( 'NONE',  ( 24.21984638886215890, 26.00565836938475428, 6.129759854583608281 ) ) ;
#3406 = ORIENTED_EDGE ( 'NONE', *, *, #510, .F. ) ;
#3407 = ORIENTED_EDGE ( 'NONE', *, *, #3317, .T. ) ;
#3408 = CIRCLE ( 'NONE', #1596, 3.299999999999990496 ) ;
#3409 = DIRECTION ( 'NONE',  ( 1.000000000000000000, 0.000000000000000000, 0.000000000000000000 ) ) ;
#3410 = CIRCLE ( 'NONE', #3214, 3.499999999999999556 ) ;
#3411 = CARTESIAN_POINT ( 'NONE',  ( -18.73194081136480094, 22.04300141518941558, 38.52235112214061274 ) ) ;
#3412 = DIRECTION ( 'NONE',  ( 0.000000000000000000, 0.000000000000000000, 1.000000000000000000 ) ) ;
#3413 = ORIENTED_EDGE ( 'NONE', *, *, #2375, .F. ) ;
#3414 = CARTESIAN_POINT ( 'NONE',  ( 14.21903475536551831, 36.87783369482651352, -10.99999999880049906 ) ) ;
#3415 = CARTESIAN_POINT ( 'NONE',  ( -14.59999999999999432, 37.00000000000000711, 28.35000000000001208 ) ) ;
#3416 = FACE_OUTER_BOUND ( 'NONE', #4375, .T. ) ;
#3417 = DIRECTION ( 'NONE',  ( 0.000000000000000000, -1.000000000000000000, 0.000000000000000000 ) ) ;
#3418 = ORIENTED_EDGE ( 'NONE', *, *, #1280, .F. ) ;
#3419 = EDGE_CURVE ( 'NONE', #5251, #2482, #833, .T. ) ;
#3420 = FACE_BOUND ( 'NONE', #2955, .T. ) ;
#3421 = FACE_OUTER_BOUND ( 'NONE', #391, .T. ) ;
#3422 = CARTESIAN_POINT ( 'NONE',  ( -2.866834657879416159, 6.034871973222091235, 4.459563569560468288 ) ) ;
#3423 = ORIENTED_EDGE ( 'NONE', *, *, #1999, .T. ) ;
#3424 = CARTESIAN_POINT ( 'NONE',  ( 21.04196889673485060, 23.50215395964449527, 29.68120338368203903 ) ) ;
#3425 = CARTESIAN_POINT ( 'NONE',  ( -14.40907158369407526, 36.34736675966036756, -12.67490914588466566 ) ) ;
#3426 = EDGE_CURVE ( 'NONE', #698, #1394, #3912, .T. ) ;
#3427 = ORIENTED_EDGE ( 'NONE', *, *, #758, .F. ) ;
#3428 = ORIENTED_EDGE ( 'NONE', *, *, #4122, .T. ) ;
#3429 = FACE_OUTER_BOUND ( 'NONE', #1291, .T. ) ;
#3430 = CARTESIAN_POINT ( 'NONE',  ( 31.88733761830489399, 48.00000000000000000, -20.66662904032490644 ) ) ;
#3431 = DIRECTION ( 'NONE',  ( 0.000000000000000000, 0.000000000000000000, -1.000000000000000000 ) ) ;
#3432 = EDGE_CURVE ( 'NONE', #836, #826, #2909, .T. ) ;
#3433 = DIRECTION ( 'NONE',  ( 1.000000000000000000, -0.000000000000000000, -0.000000000000000000 ) ) ;
#3434 = ADVANCED_FACE ( 'NONE', ( #1594 ), #205, .F. ) ;
#3435 = CARTESIAN_POINT ( 'NONE',  ( 24.30272951675683757, 26.98726658695546021, 4.121213456995636015 ) ) ;
#3436 = EDGE_LOOP ( 'NONE', ( #5308, #1159 ) ) ;
#3437 = ORIENTED_EDGE ( 'NONE', *, *, #573, .T. ) ;
#3438 = CARTESIAN_POINT ( 'NONE',  ( -14.45628997867800969, 10.76965638263936498, 6.893181007235992475 ) ) ;
#3439 = CARTESIAN_POINT ( 'NONE',  ( 14.59999999999999964, 42.00000000000000000, -10.99999999999999467 ) ) ;
#3440 = EDGE_CURVE ( 'NONE', #1441, #2428, #3885, .T. ) ;
#3441 = CARTESIAN_POINT ( 'NONE',  ( 14.59999999999999964, 13.99999999999999822, -11.00000000000000000 ) ) ;
#3442 = ORIENTED_EDGE ( 'NONE', *, *, #4300, .F. ) ;
#3443 = AXIS2_PLACEMENT_3D ( 'NONE', #1932, #4167, #962 ) ;
#3444 = VECTOR ( 'NONE', #2657, 1000.000000000000000 ) ;
#3445 = LINE ( 'NONE', #5131, #5353 ) ;
#3446 = DIRECTION ( 'NONE',  ( 1.000000000000000000, 0.000000000000000000, 0.000000000000000000 ) ) ;
#3447 = CARTESIAN_POINT ( 'NONE',  ( 21.23949757644655278, 38.93861552915481639, 27.84171450810270443 ) ) ;
#3448 = CARTESIAN_POINT ( 'NONE',  ( -14.59999999999999787, 37.00000000000000711, 4.381466874697181879 ) ) ;
#3449 = ORIENTED_EDGE ( 'NONE', *, *, #4553, .F. ) ;
#3450 = CIRCLE ( 'NONE', #4113, 2.000000000000001776 ) ;
#3451 = VECTOR ( 'NONE', #5354, 1000.000000000000000 ) ;
#3452 = PLANE ( 'NONE',  #2213 ) ;
#3453 = LINE ( 'NONE', #3867, #3647 ) ;
#3454 = CARTESIAN_POINT ( 'NONE',  ( -2.866834657879416604, 3.058385772581597273, 0.6979369927119453143 ) ) ;
#3455 = VECTOR ( 'NONE', #1058, 1000.000000000000000 ) ;
#3456 = CARTESIAN_POINT ( 'NONE',  ( 21.66590049097633752, 23.38292804739452180, 27.16545752833194527 ) ) ;
#3457 = EDGE_CURVE ( 'NONE', #1602, #1040, #2626, .T. ) ;
#3458 = DIRECTION ( 'NONE',  ( -1.000000000000000000, 0.000000000000000000, 1.116774769942150345E-16 ) ) ;
#3459 = ORIENTED_EDGE ( 'NONE', *, *, #479, .T. ) ;
#3460 = AXIS2_PLACEMENT_3D ( 'NONE', #5697, #5609, #5289 ) ;
#3461 = VERTEX_POINT ( 'NONE', #1564 ) ;
#3462 = CARTESIAN_POINT ( 'NONE',  ( -10.08601054104910588, 13.99999999999999645, -11.39866221388437317 ) ) ;
#3463 = CARTESIAN_POINT ( 'NONE',  ( -23.97419350746255162, 23.48987041526349628, 3.063631567221845931 ) ) ;
#3464 = DIRECTION ( 'NONE',  ( -0.000000000000000000, 1.000000000000000000, -0.000000000000000000 ) ) ;
#3465 = ORIENTED_EDGE ( 'NONE', *, *, #2489, .T. ) ;
#3466 = CARTESIAN_POINT ( 'NONE',  ( -14.45628997867800791, 12.92094751520460960, 20.99930208231626239 ) ) ;
#3467 = CARTESIAN_POINT ( 'NONE',  ( 18.94678896135899038, 22.59466227038725350, -38.64334463271137565 ) ) ;
#3468 = VECTOR ( 'NONE', #2184, 1000.000000000000000 ) ;
#3469 = ORIENTED_EDGE ( 'NONE', *, *, #2174, .F. ) ;
#3470 = ORIENTED_EDGE ( 'NONE', *, *, #2778, .F. ) ;
#3471 = ADVANCED_FACE ( 'NONE', ( #2545 ), #3383, .T. ) ;
#3472 = CARTESIAN_POINT ( 'NONE',  ( 56.09901130373780376, 0.000000000000000000, -3.435073731422685145E-15 ) ) ;
#3473 = FACE_BOUND ( 'NONE', #5087, .T. ) ;
#3474 = FACE_BOUND ( 'NONE', #3646, .T. ) ;
#3475 = VERTEX_POINT ( 'NONE', #4839 ) ;
#3476 = ADVANCED_FACE ( 'NONE', ( #3474, #5286 ), #1218, .F. ) ;
#3477 = DIRECTION ( 'NONE',  ( -1.000000000000000000, -0.000000000000000000, 1.116774769942150345E-16 ) ) ;
#3478 = DIRECTION ( 'NONE',  ( -0.000000000000000000, -0.000000000000000000, 1.000000000000000000 ) ) ;
#3479 = CARTESIAN_POINT ( 'NONE',  ( 20.91554320890748286, 26.80080799194499619, 29.22976745795263298 ) ) ;
#3480 = EDGE_LOOP ( 'NONE', ( #3098, #3973, #4355, #595 ) ) ;
#3481 = CARTESIAN_POINT ( 'NONE',  ( 31.88733761830489399, 0.000000000000000000, -24.16662904032490644 ) ) ;
#3482 = CYLINDRICAL_SURFACE ( 'NONE', #3255, 2.000000000000001776 ) ;
#3483 = CARTESIAN_POINT ( 'NONE',  ( -14.49999999999999822, 13.99999999999999822, 20.99930208231626239 ) ) ;
#3484 = CARTESIAN_POINT ( 'NONE',  ( 14.45628997867803456, 2.999999999999997780, 27.72411964597798217 ) ) ;
#3485 = CARTESIAN_POINT ( 'NONE',  ( -23.62868943833511892, 26.00444928715520021, 6.115916670682773670 ) ) ;
#3486 = ORIENTED_EDGE ( 'NONE', *, *, #1253, .T. ) ;
#3487 = EDGE_CURVE ( 'NONE', #5143, #4608, #4388, .T. ) ;
#3488 = VERTEX_POINT ( 'NONE', #4476 ) ;
#3489 = CARTESIAN_POINT ( 'NONE',  ( -20.96580260278708252, 37.53097360282513506, 26.40389510543947083 ) ) ;
#3490 = DIRECTION ( 'NONE',  ( 0.000000000000000000, 1.000000000000000000, -6.938893903907228378E-16 ) ) ;
#3491 = CYLINDRICAL_SURFACE ( 'NONE', #1090, 3.499999999999999556 ) ;
#3492 = CARTESIAN_POINT ( 'NONE',  ( -14.45628997867800614, 9.243203772065619717, 21.73876682356120682 ) ) ;
#3493 = CARTESIAN_POINT ( 'NONE',  ( 44.60000000000000142, 25.00000000000000355, 27.35000000000001563 ) ) ;
#3494 = ORIENTED_EDGE ( 'NONE', *, *, #4284, .T. ) ;
#3495 = ORIENTED_EDGE ( 'NONE', *, *, #2848, .F. ) ;
#3496 = EDGE_CURVE ( 'NONE', #122, #2768, #388, .T. ) ;
#3497 = CARTESIAN_POINT ( 'NONE',  ( -2.866834657879416159, 0.000000000000000000, -49.00079791768374804 ) ) ;
#3498 = CARTESIAN_POINT ( 'NONE',  ( -23.66757219667653800, 38.79803136226617255, 5.267071102640326075 ) ) ;
#3499 = ADVANCED_FACE ( 'NONE', ( #2615, #806 ), #360, .T. ) ;
#3500 = CARTESIAN_POINT ( 'NONE',  ( 2.866834657879444581, 8.728826806629172097, 6.226067243630110326 ) ) ;
#3501 = CIRCLE ( 'NONE', #1977, 0.9999999999999940048 ) ;
#3502 = CARTESIAN_POINT ( 'NONE',  ( -18.44417872716437756, 22.44312589003790848, -38.64334463271136855 ) ) ;
#3503 = VERTEX_POINT ( 'NONE', #3591 ) ;
#3504 = AXIS2_PLACEMENT_3D ( 'NONE', #702, #1175, #2958 ) ;
#3505 = CARTESIAN_POINT ( 'NONE',  ( -40.00000000000000000, 0.000000000000000000, -3.149999999999999911 ) ) ;
#3506 = LINE ( 'NONE', #5851, #3741 ) ;
#3507 = CYLINDRICAL_SURFACE ( 'NONE', #2402, 3.299999999999990496 ) ;
#3508 = ADVANCED_FACE ( 'NONE', ( #1719 ), #867, .F. ) ;
#3509 = LINE ( 'NONE', #5321, #2708 ) ;
#3510 = ORIENTED_EDGE ( 'NONE', *, *, #990, .F. ) ;
#3511 = CARTESIAN_POINT ( 'NONE',  ( -13.61999452022285517, 16.52547625135684228, -10.99999999999995381 ) ) ;
#3512 = CARTESIAN_POINT ( 'NONE',  ( 21.34916817957030943, 35.24544269344096392, 27.35580517803468226 ) ) ;
#3513 = DIRECTION ( 'NONE',  ( -0.000000000000000000, -1.000000000000000000, -0.000000000000000000 ) ) ;
#3514 = CARTESIAN_POINT ( 'NONE',  ( -58.47502393429616774, 20.00000000000000000, 3.820622777212993704 ) ) ;
#3515 = CARTESIAN_POINT ( 'NONE',  ( -23.63578855930727229, 26.22255273656043073, 5.969736143930098216 ) ) ;
#3516 = VERTEX_POINT ( 'NONE', #2158 ) ;
#3517 = VERTEX_POINT ( 'NONE', #3977 ) ;
#3518 = CARTESIAN_POINT ( 'NONE',  ( 23.05844564573880007, 20.00000000000000000, -38.64334463271136855 ) ) ;
#3519 = DIRECTION ( 'NONE',  ( 1.000000000000000000, 0.000000000000000000, -1.116774769942150345E-16 ) ) ;
#3520 = CARTESIAN_POINT ( 'NONE',  ( 31.88733761830489399, 10.00000000000000000, -20.66662904032490644 ) ) ;
#3521 = VERTEX_POINT ( 'NONE', #5398 ) ;
#3522 = LINE ( 'NONE', #2664, #3097 ) ;
#3523 = CC_DESIGN_PERSON_AND_ORGANIZATION_ASSIGNMENT ( #4041, #5762, ( #3260 ) ) ;
#3524 = DIRECTION ( 'NONE',  ( 0.000000000000000000, -6.938893903907229364E-16, -1.000000000000000000 ) ) ;
#3525 = ORIENTED_EDGE ( 'NONE', *, *, #5323, .F. ) ;
#3526 = EDGE_LOOP ( 'NONE', ( #1771, #523, #3047, #2813 ) ) ;
#3527 = DIRECTION ( 'NONE',  ( -1.000000000000000000, 0.000000000000000000, 0.000000000000000000 ) ) ;
#3528 = CARTESIAN_POINT ( 'NONE',  ( -23.65304631020605797, 38.59191724775516263, 5.599184754978880463 ) ) ;
#3529 = CARTESIAN_POINT ( 'NONE',  ( 2.866834657879444137, 3.804793560208525438, 2.129361977900556369 ) ) ;
#3530 = EDGE_CURVE ( 'NONE', #5005, #1241, #4540, .T. ) ;
#3531 = FACE_OUTER_BOUND ( 'NONE', #2548, .T. ) ;
#3532 = EDGE_LOOP ( 'NONE', ( #1457, #2079, #464, #4484 ) ) ;
#3533 = DIRECTION ( 'NONE',  ( 0.000000000000000000, 1.000000000000000000, 0.000000000000000000 ) ) ;
#3534 = FACE_BOUND ( 'NONE', #5220, .T. ) ;
#3535 = DIRECTION ( 'NONE',  ( -0.000000000000000000, -1.000000000000000000, -0.000000000000000000 ) ) ;
#3536 = DIRECTION ( 'NONE',  ( -0.000000000000000000, 1.000000000000000000, -0.000000000000000000 ) ) ;
#3537 = ORIENTED_EDGE ( 'NONE', *, *, #300, .T. ) ;
#3538 = ADVANCED_FACE ( 'NONE', ( #5787 ), #3560, .F. ) ;
#3539 = CIRCLE ( 'NONE', #2296, 40.00000000000002132 ) ;
#3540 = CARTESIAN_POINT ( 'NONE',  ( -6.115184475812199594, 13.83315471074617520, -14.06328382525822107 ) ) ;
#3541 = CARTESIAN_POINT ( 'NONE',  ( 24.20715562797793297, 37.13054653280516959, 6.381466874697180103 ) ) ;
#3542 = CARTESIAN_POINT ( 'NONE',  ( 14.59999999999999964, 13.99999999999999822, -11.00000000000000000 ) ) ;
#3543 = FACE_OUTER_BOUND ( 'NONE', #3526, .T. ) ;
#3544 = CARTESIAN_POINT ( 'NONE',  ( -23.66263964135128717, 26.73668495018890567, 5.381948130616291515 ) ) ;
#3545 = ORIENTED_EDGE ( 'NONE', *, *, #4690, .F. ) ;
#3546 = B_SPLINE_CURVE_WITH_KNOTS ( 'NONE', 3,
 ( #5233, #5205, #1060, #4793, #1994, #4674, #221, #1170, #3425, #2418, #4232, #1087, #5565, #4315, #1144, #1969, #3809, #3785, #5619, #4734, #2927, #2532, #3309, #5593 ),
 .UNSPECIFIED., .F., .F.,
 ( 4, 2, 2, 2, 2, 2, 2, 2, 2, 2, 2, 4 ),
 ( 0.000000000000000000, 0.005915364572491602080, 0.01183072914498320416, 0.01478841143122900520, 0.01774609371747480624, 0.01922493486059771370, 0.02070377600372062463, 0.02144319657528206968, 0.02218261714684351821, 0.02292203771840496673, 0.02329174800418568753, 0.02366145828996640832 ),
 .UNSPECIFIED. ) ;
#3547 = ORIENTED_EDGE ( 'NONE', *, *, #2691, .T. ) ;
#3548 = ADVANCED_FACE ( 'NONE', ( #1801 ), #5372, .T. ) ;
#3549 = CARTESIAN_POINT ( 'NONE',  ( -14.49999999999999822, 0.000000000000000000, 7.148629685907792464 ) ) ;
#3550 = ORIENTED_EDGE ( 'NONE', *, *, #5632, .T. ) ;
#3551 = ORIENTED_EDGE ( 'NONE', *, *, #1680, .T. ) ;
#3552 = AXIS2_PLACEMENT_3D ( 'NONE', #5463, #5105, #928 ) ;
#3553 = CARTESIAN_POINT ( 'NONE',  ( 10.44365425175167417, 13.99999999999999822, 7.148629685907793352 ) ) ;
#3554 = DIRECTION ( 'NONE',  ( 0.000000000000000000, 1.000000000000000000, 0.000000000000000000 ) ) ;
#3555 = ORIENTED_EDGE ( 'NONE', *, *, #927, .F. ) ;
#3556 = VECTOR ( 'NONE', #2551, 1000.000000000000000 ) ;
#3557 = CIRCLE ( 'NONE', #48, 0.9999999999999940048 ) ;
#3558 = CARTESIAN_POINT ( 'NONE',  ( -9.552611072355954747, 13.99999999999999822, 7.143170395913834625 ) ) ;
#3559 = CARTESIAN_POINT ( 'NONE',  ( -23.66263964135129783, 38.73668495018893765, 5.381948130616287962 ) ) ;
#3560 = CYLINDRICAL_SURFACE ( 'NONE', #4607, 6.064264837034162525 ) ;
#3561 = DIRECTION ( 'NONE',  ( 0.000000000000000000, -1.000000000000000000, 0.000000000000000000 ) ) ;
#3562 = ORIENTED_EDGE ( 'NONE', *, *, #1868, .F. ) ;
#3563 = B_SPLINE_CURVE_WITH_KNOTS ( 'NONE', 3,
 ( #2093, #2152, #407, #4413, #3110, #4030, #1648, #382, #3052, #5779, #4919, #1682, #5715, #4444, #860, #352, #4892, #2180 ),
 .UNSPECIFIED., .F., .F.,
 ( 4, 2, 2, 2, 2, 2, 2, 2, 4 ),
 ( 0.001481015031805329877, 0.002218502174587917274, 0.002955989317370504889, 0.003693476460153092070, 0.004430963602935680118, 0.005168450745718267299, 0.005905937888500854480, 0.006643425031283442528, 0.007380912174066029709 ),
 .UNSPECIFIED. ) ;
#3564 = AXIS2_PLACEMENT_3D ( 'NONE', #3877, #5122, #1498 ) ;
#3565 = EDGE_CURVE ( 'NONE', #2417, #3307, #4047, .T. ) ;
#3566 = DATE_AND_TIME ( #4009, #2692 ) ;
#3567 = CARTESIAN_POINT ( 'NONE',  ( -22.96147533197451196, 20.00000000000000000, -38.64334463271136855 ) ) ;
#3568 = DIRECTION ( 'NONE',  ( -0.000000000000000000, 1.000000000000000000, -0.000000000000000000 ) ) ;
#3569 = CARTESIAN_POINT ( 'NONE',  ( -12.80709137439167122, 13.99999999999999822, -19.66461048985614823 ) ) ;
#3570 = CIRCLE ( 'NONE', #5655, 6.064264837034162525 ) ;
#3571 = VERTEX_POINT ( 'NONE', #4864 ) ;
#3572 = ORIENTED_EDGE ( 'NONE', *, *, #4840, .T. ) ;
#3573 = AXIS2_PLACEMENT_3D ( 'NONE', #2298, #4117, #2391 ) ;
#3574 = EDGE_CURVE ( 'NONE', #1210, #3503, #4330, .T. ) ;
#3575 = DIRECTION ( 'NONE',  ( 0.000000000000000000, 0.000000000000000000, -1.000000000000000000 ) ) ;
#3576 = CARTESIAN_POINT ( 'NONE',  ( 45.00000000000000000, 0.000000000000000000, -3.300000000000006928 ) ) ;
#3577 = DIRECTION ( 'NONE',  ( -0.000000000000000000, -1.000000000000000000, -0.000000000000000000 ) ) ;
#3578 = EDGE_CURVE ( 'NONE', #5343, #5143, #2721, .T. ) ;
#3579 = DIRECTION ( 'NONE',  ( 0.000000000000000000, 0.000000000000000000, -1.000000000000000000 ) ) ;
#3580 = ORIENTED_EDGE ( 'NONE', *, *, #2644, .F. ) ;
#3581 = FACE_BOUND ( 'NONE', #1386, .T. ) ;
#3582 = DIRECTION ( 'NONE',  ( -1.000000000000000000, 0.000000000000000000, 1.116774769942150345E-16 ) ) ;
#3583 = FACE_OUTER_BOUND ( 'NONE', #2494, .T. ) ;
#3584 = VERTEX_POINT ( 'NONE', #4588 ) ;
#3585 = CARTESIAN_POINT ( 'NONE',  ( 7.770513564201496415, 13.99999999999999822, 7.143170395913834625 ) ) ;
#3586 = FACE_OUTER_BOUND ( 'NONE', #2357, .T. ) ;
#3587 = EDGE_CURVE ( 'NONE', #4715, #4431, #5602, .T. ) ;
#3588 = ORIENTED_EDGE ( 'NONE', *, *, #3137, .F. ) ;
#3589 = CARTESIAN_POINT ( 'NONE',  ( 56.09901130373780376, 20.00000000000000000, 3.703568960831224555 ) ) ;
#3590 = CARTESIAN_POINT ( 'NONE',  ( -23.73019563494803208, 38.79706587867277534, 3.493944932206459963 ) ) ;
#3591 = CARTESIAN_POINT ( 'NONE',  ( 45.00000000000000000, 20.00000000000000000, -7.273500000000015397 ) ) ;
#3592 = VERTEX_POINT ( 'NONE', #4149 ) ;
#3593 = CALENDAR_DATE ( 2026, 8, 7 ) ;
#3594 = FACE_OUTER_BOUND ( 'NONE', #4141, .T. ) ;
#3595 = VECTOR ( 'NONE', #1030, 1000.000000000000000 ) ;
#3596 = DIRECTION ( 'NONE',  ( 2.662607554551370126E-14, 0.000000000000000000, 1.000000000000000000 ) ) ;
#3597 = DIRECTION ( 'NONE',  ( 0.000000000000000000, 0.000000000000000000, -1.000000000000000000 ) ) ;
#3598 = ORIENTED_EDGE ( 'NONE', *, *, #718, .T. ) ;
#3599 = CIRCLE ( 'NONE', #472, 13.06426483703416430 ) ;
#3600 = PLANE ( 'NONE',  #5263 ) ;
#3601 = CARTESIAN_POINT ( 'NONE',  ( 24.22719172559880363, 38.22888441477363841, 5.980785484237034488 ) ) ;
#3602 = DIRECTION ( 'NONE',  ( 0.000000000000000000, 0.000000000000000000, 1.000000000000000000 ) ) ;
#3603 = CARTESIAN_POINT ( 'NONE',  ( -45.00000000000000000, 0.000000000000000000, 0.000000000000000000 ) ) ;
#3604 = EDGE_CURVE ( 'NONE', #1488, #515, #3005, .T. ) ;
#3605 = EDGE_LOOP ( 'NONE', ( #3235, #3904, #1091, #286 ) ) ;
#3606 = DIRECTION ( 'NONE',  ( 0.000000000000000000, 1.000000000000000000, 0.000000000000000000 ) ) ;
#3607 = DIRECTION ( 'NONE',  ( 0.000000000000000000, 0.000000000000000000, 1.000000000000000000 ) ) ;
#3608 = ORIENTED_EDGE ( 'NONE', *, *, #1085, .F. ) ;
#3609 = ORIENTED_EDGE ( 'NONE', *, *, #3142, .T. ) ;
#3610 = ADVANCED_FACE ( 'NONE', ( #5095, #3642 ), #2779, .F. ) ;
#3611 = DIRECTION ( 'NONE',  ( 0.000000000000000000, 0.000000000000000000, 1.000000000000000000 ) ) ;
#3612 = ORIENTED_EDGE ( 'NONE', *, *, #5420, .F. ) ;
#3613 = EDGE_CURVE ( 'NONE', #1040, #2574, #3195, .T. ) ;
#3614 = DIRECTION ( 'NONE',  ( 0.000000000000000000, 0.000000000000000000, -1.000000000000000000 ) ) ;
#3615 = CARTESIAN_POINT ( 'NONE',  ( -2.866834657879416159, 6.029968894836458482, 23.69250105719404331 ) ) ;
#3616 = CARTESIAN_POINT ( 'NONE',  ( 8.661562318278740236, 1.212141125398236596, -38.64334463271136855 ) ) ;
#3617 = ORIENTED_EDGE ( 'NONE', *, *, #1731, .T. ) ;
#3618 = EDGE_CURVE ( 'NONE', #5116, #1394, #3315, .T. ) ;
#3619 = CARTESIAN_POINT ( 'NONE',  ( 18.31060644601977216, 25.00000000000000711, 38.52235112214060564 ) ) ;
#3620 = CARTESIAN_POINT ( 'NONE',  ( 12.38946963431794224, 42.00000000000000000, -17.97785708900349277 ) ) ;
#3621 = CARTESIAN_POINT ( 'NONE',  ( -31.88733761830489399, 10.00000000000000000, 24.16662904032490644 ) ) ;
#3622 = ORIENTED_EDGE ( 'NONE', *, *, #5024, .F. ) ;
#3623 = CARTESIAN_POINT ( 'NONE',  ( 24.38114939232312750, 23.76187545202632379, 5.963265919083791111 ) ) ;
#3624 = CARTESIAN_POINT ( 'NONE',  ( 20.91581901833729518, 35.19864692494572012, 29.22861429000936795 ) ) ;
#3625 = DIRECTION ( 'NONE',  ( 0.000000000000000000, 0.000000000000000000, -1.000000000000000000 ) ) ;
#3626 = ORIENTED_EDGE ( 'NONE', *, *, #493, .F. ) ;
#3627 = DIRECTION ( 'NONE',  ( 0.000000000000000000, 1.000000000000000000, 0.000000000000000000 ) ) ;
#3628 = ORIENTED_EDGE ( 'NONE', *, *, #1785, .F. ) ;
#3629 = CARTESIAN_POINT ( 'NONE',  ( 9.040549611189232948, 13.99999999999999822, -11.66687830699366479 ) ) ;
#3630 = CARTESIAN_POINT ( 'NONE',  ( 33.98476260558511797, 0.000000000000000000, 3.149999999999999911 ) ) ;
#3631 = FACE_OUTER_BOUND ( 'NONE', #2166, .T. ) ;
#3632 = EDGE_CURVE ( 'NONE', #5673, #4246, #4516, .T. ) ;
#3633 = ORIENTED_EDGE ( 'NONE', *, *, #2679, .T. ) ;
#3634 = CIRCLE ( 'NONE', #2398, 125.8238134383398972 ) ;
#3635 = CIRCLE ( 'NONE', #2490, 125.8238134383398972 ) ;
#3636 = CARTESIAN_POINT ( 'NONE',  ( 23.05844564573880007, 20.02240013993053580, -38.64334463271136855 ) ) ;
#3637 = ORIENTED_EDGE ( 'NONE', *, *, #4668, .T. ) ;
#3638 = VECTOR ( 'NONE', #2729, 1000.000000000000000 ) ;
#3639 = VECTOR ( 'NONE', #5, 1000.000000000000000 ) ;
#3640 = CARTESIAN_POINT ( 'NONE',  ( 31.88733761830489399, 0.000000000000000000, 20.66662904032490644 ) ) ;
#3641 = CARTESIAN_POINT ( 'NONE',  ( -14.49999999999999822, 0.000000000000000000, 3.149999999999999911 ) ) ;
#3642 = FACE_BOUND ( 'NONE', #876, .T. ) ;
#3643 = VECTOR ( 'NONE', #4730, 1000.000000000000000 ) ;
#3644 = VECTOR ( 'NONE', #858, 1000.000000000000000 ) ;
#3645 = EDGE_CURVE ( 'NONE', #2820, #4156, #2843, .T. ) ;
#3646 = EDGE_LOOP ( 'NONE', ( #772, #2243, #5522, #3038, #1595, #5782, #3119, #4568, #4934, #4201, #2720, #3617 ) ) ;
#3647 = VECTOR ( 'NONE', #1140, 1000.000000000000000 ) ;
#3648 = PERSON_AND_ORGANIZATION ( #875, #1923 ) ;
#3649 = CARTESIAN_POINT ( 'NONE',  ( 2.866834657879444581, 10.77858375082994691, 21.19792241981484793 ) ) ;
#3650 = CARTESIAN_POINT ( 'NONE',  ( 4.508394590934469370, 42.00000000000000000, -24.11968436703056540 ) ) ;
#3651 = FACE_BOUND ( 'NONE', #4151, .T. ) ;
#3652 = ORIENTED_EDGE ( 'NONE', *, *, #4328, .T. ) ;
#3653 = CIRCLE ( 'NONE', #2618, 4.999999999999997335 ) ;
#3654 = ADVANCED_FACE ( 'NONE', ( #945 ), #161, .T. ) ;
#3655 = AXIS2_PLACEMENT_3D ( 'NONE', #1539, #4567, #2346 ) ;
#3656 = CARTESIAN_POINT ( 'NONE',  ( 56.09901130373779665, 19.99999999999999289, -3.703568960831239210 ) ) ;
#3657 = CARTESIAN_POINT ( 'NONE',  ( 24.27439344092744378, 38.93583419395643830, 4.900619753140200707 ) ) ;
#3658 = CARTESIAN_POINT ( 'NONE',  ( -20.96580260278708607, 25.53097360282512795, 26.40389510543947793 ) ) ;
#3659 = ORIENTED_EDGE ( 'NONE', *, *, #5033, .T. ) ;
#3660 = CARTESIAN_POINT ( 'NONE',  ( -14.49999999999999822, 48.64022130397180632, 20.99930208231626239 ) ) ;
#3661 = AXIS2_PLACEMENT_3D ( 'NONE', #5042, #4597, #3412 ) ;
#3662 = ORIENTED_EDGE ( 'NONE', *, *, #4241, .T. ) ;
#3663 = CARTESIAN_POINT ( 'NONE',  ( 27.37656607310031021, 20.00000000000000000, -22.82369650959252283 ) ) ;
#3664 = DIRECTION ( 'NONE',  ( -0.000000000000000000, -1.000000000000000000, -0.000000000000000000 ) ) ;
#3665 = DIRECTION ( 'NONE',  ( 0.000000000000000000, 1.000000000000000000, -0.000000000000000000 ) ) ;
#3666 = ORIENTED_EDGE ( 'NONE', *, *, #1597, .F. ) ;
#3667 = CIRCLE ( 'NONE', #3282, 4.999999999999997335 ) ;
#3668 = CARTESIAN_POINT ( 'NONE',  ( -26.89272490662069259, 20.00276526987702042, 21.03448441883753972 ) ) ;
#3669 = ORIENTED_EDGE ( 'NONE', *, *, #3708, .T. ) ;
#3670 = EDGE_CURVE ( 'NONE', #376, #1529, #1203, .T. ) ;
#3671 = DIRECTION ( 'NONE',  ( 0.000000000000000000, 0.000000000000000000, -1.000000000000000000 ) ) ;
#3672 = CARTESIAN_POINT ( 'NONE',  ( -2.866834657879416159, 0.000000000000000000, -49.00079791768374804 ) ) ;
#3673 = CARTESIAN_POINT ( 'NONE',  ( 44.60000000000000142, 37.00000000000000711, 5.381466874697168556 ) ) ;
#3674 = CARTESIAN_POINT ( 'NONE',  ( 14.59999999999999964, 22.46136543038731759, -11.00000000000001954 ) ) ;
#3675 = VERTEX_POINT ( 'NONE', #559 ) ;
#3676 = EDGE_CURVE ( 'NONE', #3592, #5646, #5066, .T. ) ;
#3677 = CARTESIAN_POINT ( 'NONE',  ( 2.866834657879444137, 4.847470004413807487, 24.77924038745823765 ) ) ;
#3678 = CARTESIAN_POINT ( 'NONE',  ( -6.056088471165185894, 13.99999999999999645, -14.21678256538027441 ) ) ;
#3679 = CARTESIAN_POINT ( 'NONE',  ( 44.60000000000000142, 37.00000000000000711, 29.35000000000000142 ) ) ;
#3680 = EDGE_LOOP ( 'NONE', ( #3609, #5455, #2534, #1077 ) ) ;
#3681 = EDGE_CURVE ( 'NONE', #1241, #4520, #1296, .T. ) ;
#3682 = CARTESIAN_POINT ( 'NONE',  ( -2.866834657879416159, 0.000000000000000000, 38.52235112214061274 ) ) ;
#3683 = CARTESIAN_POINT ( 'NONE',  ( -14.59999999999999432, 37.00000000000000711, 28.35000000000001208 ) ) ;
#3684 = FACE_OUTER_BOUND ( 'NONE', #473, .T. ) ;
#3685 = EDGE_CURVE ( 'NONE', #3879, #483, #5037, .T. ) ;
#3686 = DIRECTION ( 'NONE',  ( 1.000000000000000000, 0.000000000000000000, 0.000000000000000000 ) ) ;
#3687 = ORIENTED_EDGE ( 'NONE', *, *, #3811, .T. ) ;
#3688 = DIRECTION ( 'NONE',  ( 1.000000000000000000, -0.000000000000000000, -1.116774769942150345E-16 ) ) ;
#3689 = AXIS2_PLACEMENT_3D ( 'NONE', #4405, #5329, #5801 ) ;
#3690 = VERTEX_POINT ( 'NONE', #1065 ) ;
#3691 = DIRECTION ( 'NONE',  ( -1.000000000000000000, 0.000000000000000000, 0.000000000000000000 ) ) ;
#3692 = CYLINDRICAL_SURFACE ( 'NONE', #2303, 0.9999999999999904521 ) ;
#3693 = CIRCLE ( 'NONE', #5683, 2.000000000000000000 ) ;
#3694 = LINE ( 'NONE', #3781, #981 ) ;
#3695 = VERTEX_POINT ( 'NONE', #1095 ) ;
#3696 = DIRECTION ( 'NONE',  ( -0.000000000000000000, 1.000000000000000000, -0.000000000000000000 ) ) ;
#3697 = EDGE_LOOP ( 'NONE', ( #1173, #4592, #1675, #1893 ) ) ;
#3698 = CARTESIAN_POINT ( 'NONE',  ( -23.61533586037841559, 37.00000000000001421, 6.381466874697183655 ) ) ;
#3699 = DIRECTION ( 'NONE',  ( 1.000000000000000000, 0.000000000000000000, -1.116774769942150345E-16 ) ) ;
#3700 = DIRECTION ( 'NONE',  ( 0.000000000000000000, 0.000000000000000000, -1.000000000000000000 ) ) ;
#3701 = DIRECTION ( 'NONE',  ( 0.000000000000000000, 1.000000000000000000, 0.000000000000000000 ) ) ;
#3702 = DIRECTION ( 'NONE',  ( 0.000000000000000000, 1.000000000000000000, 0.000000000000000000 ) ) ;
#3703 = ORIENTED_EDGE ( 'NONE', *, *, #3128, .T. ) ;
#3704 = ORIENTED_EDGE ( 'NONE', *, *, #864, .T. ) ;
#3705 = DATE_AND_TIME ( #2249, #4399 ) ;
#3706 = CARTESIAN_POINT ( 'NONE',  ( 2.866834657879443693, 4.140249202425403396, 25.58267624501652548 ) ) ;
#3707 = CARTESIAN_POINT ( 'NONE',  ( -12.38946963431794046, 41.99999999999998579, -17.97785708900350343 ) ) ;
#3708 = EDGE_CURVE ( 'NONE', #869, #4, #4292, .T. ) ;
#3709 = CARTESIAN_POINT ( 'NONE',  ( 33.98476260558511797, 0.000000000000000000, -3.149999999999999911 ) ) ;
#3710 = ORIENTED_EDGE ( 'NONE', *, *, #1217, .T. ) ;
#3711 = CARTESIAN_POINT ( 'NONE',  ( 24.56141096756653042, 23.27120849587268836, 5.404816393465337931 ) ) ;
#3712 = DIRECTION ( 'NONE',  ( -0.000000000000000000, -0.000000000000000000, 1.000000000000000000 ) ) ;
#3713 = CARTESIAN_POINT ( 'NONE',  ( -20.05008431747801012, 25.00000000000000711, 30.35000000000001208 ) ) ;
#3714 = DIRECTION ( 'NONE',  ( 0.000000000000000000, -1.000000000000000000, 0.000000000000000000 ) ) ;
#3715 = ORIENTED_EDGE ( 'NONE', *, *, #5652, .T. ) ;
#3716 = LINE ( 'NONE', #5520, #277 ) ;
#3717 = EDGE_CURVE ( 'NONE', #1659, #5501, #2032, .T. ) ;
#3718 = ORIENTED_EDGE ( 'NONE', *, *, #2008, .T. ) ;
#3719 = LINE ( 'NONE', #5524, #891 ) ;
#3720 = DIRECTION ( 'NONE',  ( 0.000000000000000000, -1.000000000000000000, 0.000000000000000000 ) ) ;
#3721 = DIRECTION ( 'NONE',  ( -0.000000000000000000, -1.000000000000000000, -0.000000000000000000 ) ) ;
#3722 = ORIENTED_EDGE ( 'NONE', *, *, #3063, .T. ) ;
#3723 = CARTESIAN_POINT ( 'NONE',  ( -14.59999999999999964, 48.00000000000000000, -10.99999999999999645 ) ) ;
#3724 = ORIENTED_EDGE ( 'NONE', *, *, #5323, .T. ) ;
#3725 = EDGE_CURVE ( 'NONE', #5144, #1337, #230, .T. ) ;
#3726 = AXIS2_PLACEMENT_3D ( 'NONE', #1553, #196, #3372 ) ;
#3727 = AXIS2_PLACEMENT_3D ( 'NONE', #4082, #4758, #3868 ) ;
#3728 = LINE ( 'NONE', #3787, #2111 ) ;
#3729 = DIRECTION ( 'NONE',  ( -1.000000000000000000, 0.000000000000000000, 0.000000000000000000 ) ) ;
#3730 = CARTESIAN_POINT ( 'NONE',  ( -14.49999999999999467, -2.500000000000000444, -5.650000000000000355 ) ) ;
#3731 = CARTESIAN_POINT ( 'NONE',  ( -2.866834657879416159, 10.24734401031044762, 21.39485947297576018 ) ) ;
#3732 = CARTESIAN_POINT ( 'NONE',  ( 14.17782260830845331, 39.76829748915844931, -13.75378459953551591 ) ) ;
#3733 = ORIENTED_EDGE ( 'NONE', *, *, #1262, .T. ) ;
#3734 = EDGE_LOOP ( 'NONE', ( #2380, #2780, #1514, #3818, #1495 ) ) ;
#3735 = VECTOR ( 'NONE', #889, 1000.000000000000000 ) ;
#3736 = VECTOR ( 'NONE', #2282, 1000.000000000000000 ) ;
#3737 = CARTESIAN_POINT ( 'NONE',  ( 2.866834657879443249, 6.034871973222086794, 23.68836819866359278 ) ) ;
#3738 = CARTESIAN_POINT ( 'NONE',  ( 2.273505211647867785, 13.99999999999999822, -16.50531572707907912 ) ) ;
#3739 = DIRECTION ( 'NONE',  ( 0.000000000000000000, 0.000000000000000000, -1.000000000000000000 ) ) ;
#3740 = ORIENTED_EDGE ( 'NONE', *, *, #2228, .F. ) ;
#3741 = VECTOR ( 'NONE', #5403, 1000.000000000000000 ) ;
#3742 = EDGE_CURVE ( 'NONE', #5543, #4764, #4806, .T. ) ;
#3743 = PLANE ( 'NONE',  #4022 ) ;
#3744 = DIRECTION ( 'NONE',  ( 1.000000000000000000, 0.000000000000000000, -1.116774769942150345E-16 ) ) ;
#3745 = CARTESIAN_POINT ( 'NONE',  ( -20.47032132689457384, 26.98713973983587167, 28.61043053806051262 ) ) ;
#3746 = CARTESIAN_POINT ( 'NONE',  ( -45.00000000000000000, 48.00000000000000000, 0.000000000000000000 ) ) ;
#3747 = VECTOR ( 'NONE', #528, 1000.000000000000000 ) ;
#3748 = EDGE_LOOP ( 'NONE', ( #194, #3269, #4120, #913 ) ) ;
#3749 = CARTESIAN_POINT ( 'NONE',  ( 8.661562318278740236, 1.212141125398236596, 7.148629685907792464 ) ) ;
#3750 = EDGE_CURVE ( 'NONE', #5301, #2456, #1588, .T. ) ;
#3751 = AXIS2_PLACEMENT_3D ( 'NONE', #3266, #5021, #5079 ) ;
#3752 = ORIENTED_EDGE ( 'NONE', *, *, #4436, .T. ) ;
#3753 = DIRECTION ( 'NONE',  ( 0.000000000000000000, 0.8602915336341739883, -0.5098023903017332437 ) ) ;
#3754 = CARTESIAN_POINT ( 'NONE',  ( 0.000000000000000000, 13.99999999999999822, 20.99930208231626239 ) ) ;
#3755 = CARTESIAN_POINT ( 'NONE',  ( -20.75661552666162635, 35.25839232534624301, 27.35821311096499642 ) ) ;
#3756 = CARTESIAN_POINT ( 'NONE',  ( -7.514718548988403413, 41.99999999999999289, -22.75455419529694367 ) ) ;
#3757 = CIRCLE ( 'NONE', #3853, 11.11567787102364591 ) ;
#3758 = EDGE_LOOP ( 'NONE', ( #1590, #1827 ) ) ;
#3759 = AXIS2_PLACEMENT_3D ( 'NONE', #445, #4064, #1355 ) ;
#3760 = DIRECTION ( 'NONE',  ( 0.000000000000000000, 1.000000000000000000, 0.000000000000000000 ) ) ;
#3761 = CARTESIAN_POINT ( 'NONE',  ( 14.45628997867803101, 9.243203772065614388, 6.409164944662859575 ) ) ;
#3762 = EDGE_CURVE ( 'NONE', #2886, #2863, #5848, .T. ) ;
#3763 = DIRECTION ( 'NONE',  ( 0.000000000000000000, 0.000000000000000000, 1.000000000000000000 ) ) ;
#3764 = EDGE_CURVE ( 'NONE', #489, #2805, #2842, .T. ) ;
#3765 = DIRECTION ( 'NONE',  ( 1.000000000000000000, 0.000000000000000000, 0.000000000000000000 ) ) ;
#3766 = ORIENTED_EDGE ( 'NONE', *, *, #2712, .F. ) ;
#3767 = VERTEX_POINT ( 'NONE', #2094 ) ;
#3768 = DIRECTION ( 'NONE',  ( 0.000000000000000000, 0.000000000000000000, -1.000000000000000000 ) ) ;
#3769 = CARTESIAN_POINT ( 'NONE',  ( 2.866834657879444137, 4.312378538295137176, 25.37759541093987892 ) ) ;
#3770 = CARTESIAN_POINT ( 'NONE',  ( 14.56512860962491551, 42.00000000000000711, -11.60733304749349948 ) ) ;
#3771 = CARTESIAN_POINT ( 'NONE',  ( 19.60000000000000142, 25.00000000000000355, 28.35000000000000853 ) ) ;
#3772 = ORIENTED_EDGE ( 'NONE', *, *, #5099, .T. ) ;
#3773 = CARTESIAN_POINT ( 'NONE',  ( 15.43955555684646974, 41.61001027243441541, -11.00000000000003375 ) ) ;
#3774 = CARTESIAN_POINT ( 'NONE',  ( -19.59999999999999432, 25.00000000000000355, 30.35000000000001208 ) ) ;
#3775 = CARTESIAN_POINT ( 'NONE',  ( -20.97734123660993077, 25.00000000000000711, 26.35000000000001563 ) ) ;
#3776 = CARTESIAN_POINT ( 'NONE',  ( -14.45628997867800969, 4.312378538295135399, 25.37759541093987536 ) ) ;
#3777 = ORIENTED_EDGE ( 'NONE', *, *, #743, .F. ) ;
#3778 = CARTESIAN_POINT ( 'NONE',  ( 4.380625621216401200, 14.00000000002461498, -15.40880264105458153 ) ) ;
#3779 = CARTESIAN_POINT ( 'NONE',  ( -19.59999999999999432, 37.00000000000000711, 30.35000000000001563 ) ) ;
#3780 = DIRECTION ( 'NONE',  ( -0.000000000000000000, -1.000000000000000000, -0.000000000000000000 ) ) ;
#3781 = CARTESIAN_POINT ( 'NONE',  ( -40.00000000000000000, -2.499999999999998668, -3.150000000000000355 ) ) ;
#3782 = ORIENTED_EDGE ( 'NONE', *, *, #4582, .T. ) ;
#3783 = AXIS2_PLACEMENT_3D ( 'NONE', #5358, #4913, #5384 ) ;
#3784 = EDGE_CURVE ( 'NONE', #5362, #3277, #1772, .T. ) ;
#3785 = CARTESIAN_POINT ( 'NONE',  ( -13.83619309838309341, 41.50974857592613176, -14.89992151246161534 ) ) ;
#3786 = ORIENTED_EDGE ( 'NONE', *, *, #927, .T. ) ;
#3787 = CARTESIAN_POINT ( 'NONE',  ( 31.88733761830489399, 48.00000000000000000, -15.66662904032490822 ) ) ;
#3788 = CARTESIAN_POINT ( 'NONE',  ( -14.49999999999999822, -2.499999999999998668, -3.150000000000000355 ) ) ;
#3789 = LINE ( 'NONE', #4238, #2326 ) ;
#3790 = DIRECTION ( 'NONE',  ( -1.000000000000000000, 0.000000000000000000, 1.116774769942150345E-16 ) ) ;
#3791 = ORIENTED_EDGE ( 'NONE', *, *, #4582, .F. ) ;
#3792 = VERTEX_POINT ( 'NONE', #4742 ) ;
#3793 = EDGE_CURVE ( 'NONE', #3675, #545, #2521, .T. ) ;
#3794 = CARTESIAN_POINT ( 'NONE',  ( 31.88733761830489399, 20.00000000000000000, 20.66662904032490644 ) ) ;
#3795 = CARTESIAN_POINT ( 'NONE',  ( 19.59999999999999787, 25.00000000000000355, 4.381466874697178326 ) ) ;
#3796 = DIRECTION ( 'NONE',  ( 0.000000000000000000, 1.000000000000000000, 0.000000000000000000 ) ) ;
#3797 = ORIENTED_EDGE ( 'NONE', *, *, #954, .T. ) ;
#3798 = EDGE_CURVE ( 'NONE', #5638, #3280, #5282, .T. ) ;
#3799 = DIRECTION ( 'NONE',  ( 0.000000000000000000, 1.000000000000000000, -0.000000000000000000 ) ) ;
#3800 = CARTESIAN_POINT ( 'NONE',  ( 56.09901130373779665, 19.99999999999999289, -3.703568960831238766 ) ) ;
#3801 = CARTESIAN_POINT ( 'NONE',  ( 19.60000000000000142, 37.00000000000000711, 28.35000000000000497 ) ) ;
#3802 = CARTESIAN_POINT ( 'NONE',  ( -40.00000000000000000, -7.900000000000003908, 2.449999999999999289 ) ) ;
#3803 = ORIENTED_EDGE ( 'NONE', *, *, #4891, .T. ) ;
#3804 = CARTESIAN_POINT ( 'NONE',  ( 0.8145069876008916854, 14.00000000002461320, -16.84489144276088268 ) ) ;
#3805 = CARTESIAN_POINT ( 'NONE',  ( -19.26944883635325212, 35.43224234064069833, -11.00000000000000355 ) ) ;
#3806 = CARTESIAN_POINT ( 'NONE',  ( -23.62054876577093410, 36.35506813802644643, 6.279164278357191264 ) ) ;
#3807 = CARTESIAN_POINT ( 'NONE',  ( -2.866834657879416159, 3.000000000000000000, 27.99930208231626949 ) ) ;
#3808 = ORIENTED_EDGE ( 'NONE', *, *, #1597, .T. ) ;
#3809 = CARTESIAN_POINT ( 'NONE',  ( -13.94129731480207113, 41.14244789048886020, -14.58111246026122032 ) ) ;
#3810 = ORIENTED_EDGE ( 'NONE', *, *, #389, .F. ) ;
#3811 = EDGE_CURVE ( 'NONE', #5556, #1337, #3667, .T. ) ;
#3812 = ORIENTED_EDGE ( 'NONE', *, *, #3921, .T. ) ;
#3813 = PLANE ( 'NONE',  #2205 ) ;
#3814 = CARTESIAN_POINT ( 'NONE',  ( 14.59999999999999964, 42.00000000000000000, -11.00000000000000000 ) ) ;
#3815 = CARTESIAN_POINT ( 'NONE',  ( -26.90100643259931346, 20.01006234471269352, -20.19565067949730874 ) ) ;
#3816 = CARTESIAN_POINT ( 'NONE',  ( -33.98476260558511086, -7.900000000000003908, 11.78267809211570238 ) ) ;
#3817 = ORIENTED_EDGE ( 'NONE', *, *, #467, .F. ) ;
#3818 = ORIENTED_EDGE ( 'NONE', *, *, #1639, .F. ) ;
#3819 = VECTOR ( 'NONE', #2800, 1000.000000000000000 ) ;
#3820 = CARTESIAN_POINT ( 'NONE',  ( -19.59999999999999787, 37.00000000000000711, 3.381466874697192093 ) ) ;
#3821 = CARTESIAN_POINT ( 'NONE',  ( 14.23251523949853237, 42.00000000000000711, -13.59185942809619974 ) ) ;
#3822 = ADVANCED_FACE ( 'NONE', ( #3937 ), #5307, .F. ) ;
#3823 = DIRECTION ( 'NONE',  ( 0.000000000000000000, 0.000000000000000000, 1.000000000000000000 ) ) ;
#3824 = AXIS2_PLACEMENT_3D ( 'NONE', #5195, #245, #2077 ) ;
#3825 = VERTEX_POINT ( 'NONE', #4920 ) ;
#3826 = VECTOR ( 'NONE', #163, 1000.000000000000000 ) ;
#3827 = AXIS2_PLACEMENT_3D ( 'NONE', #5045, #2343, #983 ) ;
#3828 = DIRECTION ( 'NONE',  ( -0.000000000000000000, 1.000000000000000000, -0.000000000000000000 ) ) ;
#3829 = CYLINDRICAL_SURFACE ( 'NONE', #904, 0.9999999999999904521 ) ;
#3830 = DIRECTION ( 'NONE',  ( 0.000000000000000000, 0.000000000000000000, 1.000000000000000000 ) ) ;
#3831 = CARTESIAN_POINT ( 'NONE',  ( 20.65536577879803559, 25.53092897789354154, 30.29608293663812901 ) ) ;
#3832 = EDGE_CURVE ( 'NONE', #3189, #2449, #3135, .T. ) ;
#3833 = ORIENTED_EDGE ( 'NONE', *, *, #3419, .F. ) ;
#3834 = CARTESIAN_POINT ( 'NONE',  ( -40.00000000000000000, -2.500000000000000000, 3.149999999999999467 ) ) ;
#3835 = AXIS2_PLACEMENT_3D ( 'NONE', #4906, #5546, #5071 ) ;
#3836 = AXIS2_PLACEMENT_3D ( 'NONE', #2332, #49, #1470 ) ;
#3837 = CARTESIAN_POINT ( 'NONE',  ( 0.000000000000000000, 0.000000000000000000, -38.64334463271136855 ) ) ;
#3838 = CARTESIAN_POINT ( 'NONE',  ( 14.45628997867803101, 0.000000000000000000, 3.149999999999999911 ) ) ;
#3839 = CARTESIAN_POINT ( 'NONE',  ( -2.866834657879416159, 3.000000000000000000, 0.1486296859077931853 ) ) ;
#3840 = EDGE_LOOP ( 'NONE', ( #5657, #1629, #4834, #2617, #2440, #424, #3407, #5509, #2160, #3537, #3851, #5389, #1022, #1054, #5566, #1261 ) ) ;
#3841 = CARTESIAN_POINT ( 'NONE',  ( 14.45628997867803633, 3.055759557072818655, 27.45953948584826776 ) ) ;
#3842 = CARTESIAN_POINT ( 'NONE',  ( -23.75566515443427562, 25.52421701171184054, 2.433880840031866111 ) ) ;
#3843 = EDGE_LOOP ( 'NONE', ( #4866, #4454, #987, #2260 ) ) ;
#3844 = CIRCLE ( 'NONE', #4418, 3.299999999999990496 ) ;
#3845 = ORIENTED_EDGE ( 'NONE', *, *, #1948, .T. ) ;
#3846 = CARTESIAN_POINT ( 'NONE',  ( -20.38123701435663904, 38.89979198375226588, 28.98843869488331393 ) ) ;
#3847 = CARTESIAN_POINT ( 'NONE',  ( 24.32547364121219857, 35.25176572572377864, 3.375706471808076259 ) ) ;
#3848 = VECTOR ( 'NONE', #1833, 1000.000000000000000 ) ;
#3849 = CARTESIAN_POINT ( 'NONE',  ( -27.24988528168226054, 20.00308193672978874, -18.77456667487999553 ) ) ;
#3850 = DIRECTION ( 'NONE',  ( 0.000000000000000000, 0.000000000000000000, 1.000000000000000000 ) ) ;
#3851 = ORIENTED_EDGE ( 'NONE', *, *, #4302, .T. ) ;
#3852 = VERTEX_POINT ( 'NONE', #4893 ) ;
#3853 = AXIS2_PLACEMENT_3D ( 'NONE', #4483, #2704, #4460 ) ;
#3854 = DIRECTION ( 'NONE',  ( -0.000000000000000000, -1.000000000000000000, 0.000000000000000000 ) ) ;
#3855 = CARTESIAN_POINT ( 'NONE',  ( -17.99958504007793181, 23.35322749089585059, 38.52235112214060564 ) ) ;
#3856 = DIRECTION ( 'NONE',  ( 0.000000000000000000, 0.000000000000000000, 1.000000000000000000 ) ) ;
#3857 = ADVANCED_FACE ( 'NONE', ( #5751 ), #5279, .F. ) ;
#3858 = EDGE_LOOP ( 'NONE', ( #2736, #3803, #2513 ) ) ;
#3859 = DIRECTION ( 'NONE',  ( -1.000000000000000000, 0.000000000000000000, 0.000000000000000000 ) ) ;
#3860 = LINE ( 'NONE', #5670, #3361 ) ;
#3861 = DIRECTION ( 'NONE',  ( -0.000000000000000000, -1.000000000000000000, -0.000000000000000000 ) ) ;
#3862 = CARTESIAN_POINT ( 'NONE',  ( 14.45628997867803101, -2.500000000000000000, 5.649999999999998579 ) ) ;
#3863 = VERTEX_POINT ( 'NONE', #5336 ) ;
#3864 = EDGE_CURVE ( 'NONE', #3986, #4362, #2145, .T. ) ;
#3865 = EDGE_CURVE ( 'NONE', #1136, #4514, #861, .T. ) ;
#3866 = DIRECTION ( 'NONE',  ( 0.000000000000000000, 0.000000000000000000, 1.000000000000000000 ) ) ;
#3867 = CARTESIAN_POINT ( 'NONE',  ( -40.00000000000000000, -2.500000000000000444, -5.650000000000000355 ) ) ;
#3868 = DIRECTION ( 'NONE',  ( 0.000000000000000000, 0.000000000000000000, 1.000000000000000000 ) ) ;
#3869 = ORIENTED_EDGE ( 'NONE', *, *, #4089, .T. ) ;
#3870 = CARTESIAN_POINT ( 'NONE',  ( 20.65103508131135257, 24.73083398087937468, 30.33626477233618957 ) ) ;
#3871 = CARTESIAN_POINT ( 'NONE',  ( -23.69249553581101608, 26.98716958173569580, 4.642448705373544371 ) ) ;
#3872 = ORIENTED_EDGE ( 'NONE', *, *, #1540, .T. ) ;
#3873 = EDGE_LOOP ( 'NONE', ( #1072, #2832, #682, #5180 ) ) ;
#3874 = LINE ( 'NONE', #1707, #2594 ) ;
#3875 = CARTESIAN_POINT ( 'NONE',  ( -13.43432073213469913, 41.99999999999999289, -15.93942876313855095 ) ) ;
#3876 = CARTESIAN_POINT ( 'NONE',  ( -33.98476260558511086, 0.000000000000000000, 3.149999999999999911 ) ) ;
#3877 = CARTESIAN_POINT ( 'NONE',  ( 102.0434606194388749, 48.00000000000000000, -0.06049675528537953872 ) ) ;
#3878 = CARTESIAN_POINT ( 'NONE',  ( 19.59999999999999787, 25.00000000000000355, 4.381466874697178326 ) ) ;
#3879 = VERTEX_POINT ( 'NONE', #408 ) ;
#3880 = ORIENTED_EDGE ( 'NONE', *, *, #91, .F. ) ;
#3881 = AXIS2_PLACEMENT_3D ( 'NONE', #1323, #3554, #5367 ) ;
#3882 = CARTESIAN_POINT ( 'NONE',  ( 2.866834657879444137, 0.000000000000000000, -49.00079791768374804 ) ) ;
#3883 = AXIS2_PLACEMENT_3D ( 'NONE', #2219, #808, #868 ) ;
#3884 = CARTESIAN_POINT ( 'NONE',  ( -20.38158641789291892, 20.63650261744662728, 38.52235112214061274 ) ) ;
#3885 = LINE ( 'NONE', #2005, #5178 ) ;
#3886 = ORIENTED_EDGE ( 'NONE', *, *, #1356, .F. ) ;
#3887 = EDGE_CURVE ( 'NONE', #1638, #1234, #353, .T. ) ;
#3888 = DIRECTION ( 'NONE',  ( 1.000000000000000000, 0.000000000000000000, 0.000000000000000000 ) ) ;
#3889 = CARTESIAN_POINT ( 'NONE',  ( 20.80396489779545277, 20.73283820842591041, 38.52235112214060564 ) ) ;
#3890 = CARTESIAN_POINT ( 'NONE',  ( 21.15221522209485627, 39.00018956952902727, 28.22279079609707253 ) ) ;
#3891 = CARTESIAN_POINT ( 'NONE',  ( 21.51058224212077974, 26.01474661220584395, 26.62150973984002178 ) ) ;
#3892 = VERTEX_POINT ( 'NONE', #2242 ) ;
#3893 = PLANE ( 'NONE',  #1455 ) ;
#3894 = CARTESIAN_POINT ( 'NONE',  ( -23.75665401403833243, 36.86942800090982786, 2.381466874697180547 ) ) ;
#3895 = CYLINDRICAL_SURFACE ( 'NONE', #2970, 44.99999999999993605 ) ;
#3896 = CARTESIAN_POINT ( 'NONE',  ( -19.59999999999999787, 37.00000000000000711, 6.381466874697182767 ) ) ;
#3897 = EDGE_CURVE ( 'NONE', #4039, #1625, #2153, .T. ) ;
#3898 = DIRECTION ( 'NONE',  ( 1.000000000000000000, -0.000000000000000000, -1.116774769942150345E-16 ) ) ;
#3899 = EDGE_LOOP ( 'NONE', ( #2563, #1914, #3525, #671 ) ) ;
#3900 = ORIENTED_EDGE ( 'NONE', *, *, #5152, .F. ) ;
#3901 = CARTESIAN_POINT ( 'NONE',  ( -20.05008431747801012, 37.26784568326958436, 30.35000000000001563 ) ) ;
#3902 = DIRECTION ( 'NONE',  ( 0.000000000000000000, 6.938893903907228378E-16, 1.000000000000000000 ) ) ;
#3903 = CARTESIAN_POINT ( 'NONE',  ( -8.661562318278711814, 1.212141125398237484, 7.148629685907792464 ) ) ;
#3904 = ORIENTED_EDGE ( 'NONE', *, *, #5707, .T. ) ;
#3905 = CYLINDRICAL_SURFACE ( 'NONE', #2424, 0.9999999999999940048 ) ;
#3906 = DIRECTION ( 'NONE',  ( -0.000000000000000000, -0.000000000000000000, 1.000000000000000000 ) ) ;
#3907 = ORIENTED_EDGE ( 'NONE', *, *, #2802, .T. ) ;
#3908 = ADVANCED_FACE ( 'NONE', ( #3586 ), #835, .F. ) ;
#3909 = ORIENTED_EDGE ( 'NONE', *, *, #5597, .F. ) ;
#3910 = DIRECTION ( 'NONE',  ( -0.000000000000000000, -1.000000000000000000, -0.000000000000000000 ) ) ;
#3911 = CARTESIAN_POINT ( 'NONE',  ( -23.75155489550650856, 38.00572368344793972, 2.633206393434913029 ) ) ;
#3912 = LINE ( 'NONE', #2967, #1011 ) ;
#3913 = ORIENTED_EDGE ( 'NONE', *, *, #2778, .T. ) ;
#3914 = AXIS2_PLACEMENT_3D ( 'NONE', #2116, #5685, #5273 ) ;
#3915 = VECTOR ( 'NONE', #5296, 1000.000000000000000 ) ;
#3916 = DIRECTION ( 'NONE',  ( -0.000000000000000000, 1.000000000000000000, -0.000000000000000000 ) ) ;
#3917 = CARTESIAN_POINT ( 'NONE',  ( 18.57238995801369796, 23.40862116013657612, 38.52235112214061274 ) ) ;
#3918 = CARTESIAN_POINT ( 'NONE',  ( -33.98476260558511086, 0.000000000000000000, -3.149999999999999911 ) ) ;
#3919 = CARTESIAN_POINT ( 'NONE',  ( 31.88733761830489399, 0.000000000000000000, 24.16662904032490644 ) ) ;
#3920 = ORIENTED_EDGE ( 'NONE', *, *, #1138, .T. ) ;
#3921 = EDGE_CURVE ( 'NONE', #206, #3675, #2181, .T. ) ;
#3922 = VECTOR ( 'NONE', #5158, 999.9999999999998863 ) ;
#3923 = AXIS2_PLACEMENT_3D ( 'NONE', #5608, #2942, #1133 ) ;
#3924 = CARTESIAN_POINT ( 'NONE',  ( 18.31060644601975440, 25.00000000000000711, -38.64334463271135434 ) ) ;
#3925 = CARTESIAN_POINT ( 'NONE',  ( -6.157426101268084651, 13.99999999999999822, -14.07963806262779549 ) ) ;
#3926 = VECTOR ( 'NONE', #3373, 1000.000000000000000 ) ;
#3927 = CARTESIAN_POINT ( 'NONE',  ( 21.59904820908272782, 22.99257698731706157, 28.15769097805161536 ) ) ;
#3928 = CARTESIAN_POINT ( 'NONE',  ( -14.49999999999999822, -2.499999999999998668, -3.150000000000000355 ) ) ;
#3929 = EDGE_LOOP ( 'NONE', ( #5837, #329 ) ) ;
#3930 = TOROIDAL_SURFACE ( 'NONE', #5357, 13.06426483703416253, 7.000000000000000000 ) ;
#3931 = ORIENTED_EDGE ( 'NONE', *, *, #839, .F. ) ;
#3932 = EDGE_CURVE ( 'NONE', #3592, #5206, #5392, .T. ) ;
#3933 = DIRECTION ( 'NONE',  ( 0.000000000000000000, 1.734723475976808327E-16, -1.000000000000000000 ) ) ;
#3934 = CARTESIAN_POINT ( 'NONE',  ( 49.52762154881769163, 20.00000000000000000, -10.56677942393417169 ) ) ;
#3935 = CARTESIAN_POINT ( 'NONE',  ( -33.98476260558511086, -2.500000000000000444, -5.650000000000000355 ) ) ;
#3936 = CARTESIAN_POINT ( 'NONE',  ( 11.33470300582891710, 13.99999999999999822, 7.148629685907792464 ) ) ;
#3937 = FACE_OUTER_BOUND ( 'NONE', #4313, .T. ) ;
#3938 = AXIS2_PLACEMENT_3D ( 'NONE', #3882, #3409, #2097 ) ;
#3939 = ORIENTED_EDGE ( 'NONE', *, *, #269, .F. ) ;
#3940 = ORIENTED_EDGE ( 'NONE', *, *, #2259, .T. ) ;
#3941 = EDGE_CURVE ( 'NONE', #1851, #122, #2546, .T. ) ;
#3942 = CIRCLE ( 'NONE', #1195, 1.999999999999998224 ) ;
#3943 = EDGE_CURVE ( 'NONE', #4675, #5416, #3308, .T. ) ;
#3944 = CARTESIAN_POINT ( 'NONE',  ( 8.661562318278740236, 1.212141125398236596, 38.52235112214061274 ) ) ;
#3945 = CARTESIAN_POINT ( 'NONE',  ( -14.59999999999999964, 42.00000000000000000, -10.99999999999999645 ) ) ;
#3946 = CARTESIAN_POINT ( 'NONE',  ( 2.866834657879444137, 5.227290524459268006, 3.743833850065214186 ) ) ;
#3947 = CARTESIAN_POINT ( 'NONE',  ( -18.83503031547079587, 21.90037652215972130, -38.64334463271136855 ) ) ;
#3948 = ORIENTED_EDGE ( 'NONE', *, *, #3134, .F. ) ;
#3949 = CIRCLE ( 'NONE', #5551, 1.999999999999998224 ) ;
#3950 = VECTOR ( 'NONE', #2362, 1000.000000000000000 ) ;
#3951 = LINE ( 'NONE', #4905, #1088 ) ;
#3952 = LINE ( 'NONE', #4931, #5067 ) ;
#3953 = FACE_BOUND ( 'NONE', #144, .T. ) ;
#3954 = CARTESIAN_POINT ( 'NONE',  ( 21.15221522209485272, 27.00018956952901306, 28.22279079609707608 ) ) ;
#3955 = VERTEX_POINT ( 'NONE', #885 ) ;
#3956 = ORIENTED_EDGE ( 'NONE', *, *, #3685, .T. ) ;
#3957 = CC_DESIGN_PERSON_AND_ORGANIZATION_ASSIGNMENT ( #1306, #871, ( #1751 ) ) ;
#3958 = CARTESIAN_POINT ( 'NONE',  ( -45.00000000000000000, 48.00000000000000000, -3.299999999999990496 ) ) ;
#3959 = CARTESIAN_POINT ( 'NONE',  ( 23.05844564573880007, 20.00000000000000000, -38.64334463271136855 ) ) ;
#3960 = DIRECTION ( 'NONE',  ( 0.000000000000000000, 0.000000000000000000, 1.000000000000000000 ) ) ;
#3961 = CARTESIAN_POINT ( 'NONE',  ( 14.45628997867803456, 6.451635971676389580, 23.35796635998087822 ) ) ;
#3962 = CARTESIAN_POINT ( 'NONE',  ( 2.866834657879444137, 34.00000000000000000, 7.148629685907792464 ) ) ;
#3963 = EDGE_LOOP ( 'NONE', ( #2434, #4293 ) ) ;
#3964 = ORIENTED_EDGE ( 'NONE', *, *, #3353, .F. ) ;
#3965 = CARTESIAN_POINT ( 'NONE',  ( 6.178533921362713066, 14.00000000000000000, -13.60675235742821876 ) ) ;
#3966 = CARTESIAN_POINT ( 'NONE',  ( -14.59999999999999432, 37.00000000000000711, 29.35000000000000142 ) ) ;
#3967 = LINE ( 'NONE', #1176, #5254 ) ;
#3968 = EDGE_CURVE ( 'NONE', #1528, #4286, #2978, .T. ) ;
#3969 = EDGE_LOOP ( 'NONE', ( #5125, #5322, #1750, #886 ) ) ;
#3970 = CARTESIAN_POINT ( 'NONE',  ( 49.52762154881769874, 0.000000000000000000, 10.56677942393414327 ) ) ;
#3971 = DIRECTION ( 'NONE',  ( -0.000000000000000000, -1.000000000000000000, -0.000000000000000000 ) ) ;
#3972 = VERTEX_POINT ( 'NONE', #5447 ) ;
#3973 = ORIENTED_EDGE ( 'NONE', *, *, #2371, .T. ) ;
#3974 = MANIFOLD_SOLID_BREP ( 'Cut-Extrude18', #5255 ) ;
#3975 = DIRECTION ( 'NONE',  ( -0.000000000000000000, -0.000000000000000000, -1.000000000000000000 ) ) ;
#3976 = CARTESIAN_POINT ( 'NONE',  ( -23.63974729861821089, 38.32311437224028339, 5.886924997529379588 ) ) ;
#3977 = CARTESIAN_POINT ( 'NONE',  ( 49.52762154881769163, 0.000000000000000000, -10.56677942393417169 ) ) ;
#3978 = EDGE_CURVE ( 'NONE', #3503, #1210, #1408, .T. ) ;
#3979 = CARTESIAN_POINT ( 'NONE',  ( -17.71878667842027610, -70.95718940385208384, 38.52235112214060564 ) ) ;
#3980 = ORIENTED_EDGE ( 'NONE', *, *, #171, .T. ) ;
#3981 = VECTOR ( 'NONE', #856, 1000.000000000000000 ) ;
#3982 = APPLICATION_PROTOCOL_DEFINITION ( 'international standard', 'config_control_design', 1994, #1433 ) ;
#3983 = CARTESIAN_POINT ( 'NONE',  ( 2.866834657879444137, 0.000000000000000000, 7.148629685907792464 ) ) ;
#3984 = CARTESIAN_POINT ( 'NONE',  ( -19.59999999999999787, 37.00000000000000711, 4.381466874697181879 ) ) ;
#3985 = LINE ( 'NONE', #5405, #2520 ) ;
#3986 = VERTEX_POINT ( 'NONE', #2354 ) ;
#3987 = EDGE_CURVE ( 'NONE', #5481, #2570, #2722, .T. ) ;
#3988 = CARTESIAN_POINT ( 'NONE',  ( 5.584170213935046867, 11.00000000000000000, -18.64410101375818840 ) ) ;
#3989 = CYLINDRICAL_SURFACE ( 'NONE', #5830, 0.9999999999999983347 ) ;
#3990 = FACE_OUTER_BOUND ( 'NONE', #3343, .T. ) ;
#3991 = CARTESIAN_POINT ( 'NONE',  ( 14.45628997867803456, 12.92094751520460960, 20.99930208231626239 ) ) ;
#3992 = CARTESIAN_POINT ( 'NONE',  ( -14.45628997867800791, 0.000000000000000000, 7.148629685907792464 ) ) ;
#3993 = VERTEX_POINT ( 'NONE', #465 ) ;
#3994 = EDGE_LOOP ( 'NONE', ( #3572, #2203, #2603, #1848 ) ) ;
#3995 = LINE ( 'NONE', #403, #5623 ) ;
#3996 = CARTESIAN_POINT ( 'NONE',  ( 26.88823239153278166, 20.07833386785396002, -20.39992535943344620 ) ) ;
#3997 = DIRECTION ( 'NONE',  ( 0.000000000000000000, 0.000000000000000000, 1.000000000000000000 ) ) ;
#3998 = ORIENTED_EDGE ( 'NONE', *, *, #3670, .F. ) ;
#3999 = CARTESIAN_POINT ( 'NONE',  ( 31.88733761830489399, 10.00000000000000000, 20.66662904032490644 ) ) ;
#4000 = DIRECTION ( 'NONE',  ( 0.000000000000000000, 0.000000000000000000, 1.000000000000000000 ) ) ;
#4001 = EDGE_LOOP ( 'NONE', ( #588, #2341, #4251, #4669 ) ) ;
#4002 = EDGE_CURVE ( 'NONE', #2635, #1659, #4579, .T. ) ;
#4003 = CARTESIAN_POINT ( 'NONE',  ( -10.44365425175164575, 13.99999999999999822, 7.148629685907792464 ) ) ;
#4004 = DIRECTION ( 'NONE',  ( -1.000000000000000000, -0.000000000000000000, 1.116774769942150345E-16 ) ) ;
#4005 = CARTESIAN_POINT ( 'NONE',  ( 2.866834657879443693, 11.03618908720144987, 6.953232117285547353 ) ) ;
#4006 = FACE_OUTER_BOUND ( 'NONE', #1899, .T. ) ;
#4007 = ORIENTED_EDGE ( 'NONE', *, *, #2879, .T. ) ;
#4008 = EDGE_CURVE ( 'NONE', #4467, #2820, #4644, .T. ) ;
#4009 = CALENDAR_DATE ( 2026, 8, 7 ) ;
#4010 = CARTESIAN_POINT ( 'NONE',  ( 18.34460300165163460, 24.34706184865297374, 38.52235112214062696 ) ) ;
#4011 = CARTESIAN_POINT ( 'NONE',  ( -20.05008431747799946, 24.86490152794835851, 30.35000000000002274 ) ) ;
#4012 = DIRECTION ( 'NONE',  ( 0.000000000000000000, 0.000000000000000000, 1.000000000000000000 ) ) ;
#4013 = ORIENTED_EDGE ( 'NONE', *, *, #3496, .F. ) ;
#4014 = B_SPLINE_CURVE_WITH_KNOTS ( 'NONE', 3,
 ( #2951, #4433, #4075, #5408, #1287, #1729, #1339, #4911, #3149, #1808, #3512, #5382, #6, #4017, #902, #1368, #4878, #5768, #5828, #3624, #850, #5355, #1700, #1312, #428, #3126, #3102, #2257, #5435, #5325, #3178, #4544 ),
 .UNSPECIFIED., .F., .F.,
 ( 4, 2, 2, 2, 2, 2, 2, 2, 2, 2, 2, 2, 2, 2, 2, 4 ),
 ( 0.000000000000000000, 0.0003961028832434927856, 0.0007922057664869855713, 0.001188308649730478520, 0.001584411532973971143, 0.002376617299460969182, 0.002772720182704471997, 0.003168823065947974377, 0.003564925949191477192, 0.003961028832434979573, 0.004357131715678481954, 0.004753234598921984334, 0.005149337482165487583, 0.005545440365408990831, 0.005941543248652493212, 0.006337646131895995592 ),
 .UNSPECIFIED. ) ;
#4015 = CIRCLE ( 'NONE', #1267, 13.06426483703416430 ) ;
#4016 = CARTESIAN_POINT ( 'NONE',  ( -15.08814040884741559, 21.23535610968003695, -10.99999999999995381 ) ) ;
#4017 = CARTESIAN_POINT ( 'NONE',  ( 21.18150803511296232, 35.01202544129051120, 28.09549498890765662 ) ) ;
#4018 = CYLINDRICAL_SURFACE ( 'NONE', #4676, 4.999999999999997335 ) ;
#4019 = ADVANCED_FACE ( 'NONE', ( #4172 ), #4085, .T. ) ;
#4020 = CARTESIAN_POINT ( 'NONE',  ( 33.98476260558511797, -2.499999999999998668, -3.150000000000000355 ) ) ;
#4021 = AXIS2_PLACEMENT_3D ( 'NONE', #4752, #4306, #3387 ) ;
#4022 = AXIS2_PLACEMENT_3D ( 'NONE', #3231, #2822, #5552 ) ;
#4023 = VECTOR ( 'NONE', #5138, 1000.000000000000000 ) ;
#4024 = ORIENTED_EDGE ( 'NONE', *, *, #1655, .T. ) ;
#4025 = AXIS2_PLACEMENT_3D ( 'NONE', #2019, #340, #4342 ) ;
#4026 = CARTESIAN_POINT ( 'NONE',  ( 19.60000000000000142, 25.00000000000000355, 28.35000000000000853 ) ) ;
#4027 = FACE_OUTER_BOUND ( 'NONE', #3734, .T. ) ;
#4028 = VERTEX_POINT ( 'NONE', #491 ) ;
#4029 = ORIENTED_EDGE ( 'NONE', *, *, #5784, .F. ) ;
#4030 = CARTESIAN_POINT ( 'NONE',  ( 27.27814251754057295, 20.05337018099048763, 18.71294171154371355 ) ) ;
#4031 = DIRECTION ( 'NONE',  ( 0.000000000000000000, 0.000000000000000000, -1.000000000000000000 ) ) ;
#4032 = ORIENTED_EDGE ( 'NONE', *, *, #3487, .T. ) ;
#4033 = VECTOR ( 'NONE', #929, 1000.000000000000000 ) ;
#4034 = VECTOR ( 'NONE', #2515, 1000.000000000000000 ) ;
#4035 = CARTESIAN_POINT ( 'NONE',  ( -31.88733761830489399, 20.00000000000000000, -20.66662904032490644 ) ) ;
#4036 = CARTESIAN_POINT ( 'NONE',  ( 31.88733761830489399, 0.000000000000000000, -17.16662904032490644 ) ) ;
#4037 = CARTESIAN_POINT ( 'NONE',  ( 2.866834657879445025, 7.784615829299461609, 5.722461319087253528 ) ) ;
#4038 = DIRECTION ( 'NONE',  ( 0.000000000000000000, 0.000000000000000000, 1.000000000000000000 ) ) ;
#4039 = VERTEX_POINT ( 'NONE', #1877 ) ;
#4040 = VECTOR ( 'NONE', #1456, 1000.000000000000000 ) ;
#4041 = PERSON_AND_ORGANIZATION ( #875, #1923 ) ;
#4042 = CARTESIAN_POINT ( 'NONE',  ( 31.88733761830489399, 10.00000000000000000, -20.66662904032490644 ) ) ;
#4043 = CARTESIAN_POINT ( 'NONE',  ( 102.0434606194388749, 20.00000000000000000, -0.06049675528537953872 ) ) ;
#4044 = EDGE_CURVE ( 'NONE', #3825, #4257, #3243, .T. ) ;
#4045 = CARTESIAN_POINT ( 'NONE',  ( 8.661562318278740236, 1.212141125398236596, 0.1486296859077931853 ) ) ;
#4046 = ORIENTED_EDGE ( 'NONE', *, *, #2270, .F. ) ;
#4047 = CIRCLE ( 'NONE', #1016, 7.273499999999998522 ) ;
#4048 = CARTESIAN_POINT ( 'NONE',  ( -9.591484384638615523, 17.82483193020117440, -11.00000000005092105 ) ) ;
#4049 = CARTESIAN_POINT ( 'NONE',  ( -33.98476260558511086, -2.499999999999998668, -3.150000000000000355 ) ) ;
#4050 = CARTESIAN_POINT ( 'NONE',  ( 2.866834657879444137, 0.000000000000000000, -49.00079791768374804 ) ) ;
#4051 = CARTESIAN_POINT ( 'NONE',  ( 23.05844564573880007, 20.02240013993053580, -38.64334463271136855 ) ) ;
#4052 = EDGE_CURVE ( 'NONE', #2291, #2294, #2627, .T. ) ;
#4053 = EDGE_CURVE ( 'NONE', #1528, #1583, #5418, .T. ) ;
#4054 = ORIENTED_EDGE ( 'NONE', *, *, #1731, .F. ) ;
#4055 = CARTESIAN_POINT ( 'NONE',  ( 0.000000000000000000, 0.000000000000000000, 38.52235112214060564 ) ) ;
#4056 = PLANE ( 'NONE',  #2743 ) ;
#4057 = EDGE_LOOP ( 'NONE', ( #4171, #1713 ) ) ;
#4058 = EDGE_LOOP ( 'NONE', ( #5083, #1878, #2267, #5668 ) ) ;
#4059 = CARTESIAN_POINT ( 'NONE',  ( 18.34206056255012030, 24.37070371156940141, -38.64334463271136855 ) ) ;
#4060 = ORIENTED_EDGE ( 'NONE', *, *, #4817, .T. ) ;
#4061 = EDGE_CURVE ( 'NONE', #4286, #3192, #212, .T. ) ;
#4062 = DIRECTION ( 'NONE',  ( -1.000000000000000000, 0.000000000000000000, -0.000000000000000000 ) ) ;
#4063 = CARTESIAN_POINT ( 'NONE',  ( -2.866834657879415715, 5.227290524459268006, 24.40409791815883622 ) ) ;
#4064 = DIRECTION ( 'NONE',  ( 0.000000000000000000, 1.000000000000000000, 0.000000000000000000 ) ) ;
#4065 = ORIENTED_EDGE ( 'NONE', *, *, #2926, .T. ) ;
#4066 =( BOUNDED_CURVE ( )  B_SPLINE_CURVE ( 3, ( #637, #3359, #665, #5759 ),
 .UNSPECIFIED., .F., .F. ) 
 B_SPLINE_CURVE_WITH_KNOTS ( ( 4, 4 ),
 ( 0.000000000000000000, 0.4888768972029176041 ),
 .UNSPECIFIED. ) 
 CURVE ( )  GEOMETRIC_REPRESENTATION_ITEM ( )  RATIONAL_B_SPLINE_CURVE ( ( 1.000000000000000000, 0.9801822532315678238, 0.9801822532315678238, 1.000000000000000000 ) ) 
 REPRESENTATION_ITEM ( '' )  );
#4067 = CARTESIAN_POINT ( 'NONE',  ( 19.60000000000000142, 37.00000000000000711, 28.35000000000001208 ) ) ;
#4068 = VECTOR ( 'NONE', #5831, 1000.000000000000000 ) ;
#4069 = CYLINDRICAL_SURFACE ( 'NONE', #5819, 2.000000000000000888 ) ;
#4070 = CARTESIAN_POINT ( 'NONE',  ( 73.60888549489659738, 20.00000000000000000, -42.50566993001282157 ) ) ;
#4071 = VERTEX_POINT ( 'NONE', #1350 ) ;
#4072 = CIRCLE ( 'NONE', #1325, 0.9999999999999904521 ) ;
#4073 = EDGE_CURVE ( 'NONE', #4362, #3986, #468, .T. ) ;
#4074 = FACE_OUTER_BOUND ( 'NONE', #1566, .T. ) ;
#4075 = CARTESIAN_POINT ( 'NONE',  ( 21.56630327099538746, 36.73442616333082356, 26.36332134125501625 ) ) ;
#4076 = FACE_OUTER_BOUND ( 'NONE', #5541, .T. ) ;
#4077 = VERTEX_POINT ( 'NONE', #3723 ) ;
#4078 = DIRECTION ( 'NONE',  ( 0.000000000000000000, 0.000000000000000000, 1.000000000000000000 ) ) ;
#4079 = EDGE_LOOP ( 'NONE', ( #1401, #1260, #5629, #5413, #2034, #2878 ) ) ;
#4080 = DIRECTION ( 'NONE',  ( -0.000000000000000000, -1.000000000000000000, -0.000000000000000000 ) ) ;
#4081 = CARTESIAN_POINT ( 'NONE',  ( 49.52762154881769874, 20.00000000000000000, 10.56677942393414327 ) ) ;
#4082 = CARTESIAN_POINT ( 'NONE',  ( -45.00000000000000000, 0.000000000000000000, 0.000000000000000000 ) ) ;
#4083 = ORIENTED_EDGE ( 'NONE', *, *, #300, .F. ) ;
#4084 = EDGE_CURVE ( 'NONE', #186, #4443, #3217, .T. ) ;
#4085 = PLANE ( 'NONE',  #4536 ) ;
#4086 = ORIENTED_EDGE ( 'NONE', *, *, #3426, .F. ) ;
#4087 = DIRECTION ( 'NONE',  ( 0.000000000000000000, 0.8602915336341740993, -0.5098023903017332437 ) ) ;
#4088 = CARTESIAN_POINT ( 'NONE',  ( 31.88733761830489399, 10.00000000000000000, 15.66662904032490822 ) ) ;
#4089 = EDGE_CURVE ( 'NONE', #4715, #4652, #3184, .T. ) ;
#4090 = CARTESIAN_POINT ( 'NONE',  ( 14.57878164527055453, 28.17246978804535473, -11.31854326719573400 ) ) ;
#4091 = ORIENTED_EDGE ( 'NONE', *, *, #1449, .F. ) ;
#4092 = FACE_OUTER_BOUND ( 'NONE', #3929, .T. ) ;
#4093 = CARTESIAN_POINT ( 'NONE',  ( -5.130883278016455940, 13.99999999999999289, -15.12792297814404385 ) ) ;
#4094 = FACE_OUTER_BOUND ( 'NONE', #1844, .T. ) ;
#4095 = ORIENTED_EDGE ( 'NONE', *, *, #667, .T. ) ;
#4096 = CARTESIAN_POINT ( 'NONE',  ( -19.59999999999999432, 37.00000000000000711, 28.35000000000001563 ) ) ;
#4097 = FACE_OUTER_BOUND ( 'NONE', #692, .T. ) ;
#4098 = DIRECTION ( 'NONE',  ( -0.000000000000000000, -0.000000000000000000, 1.000000000000000000 ) ) ;
#4099 = EDGE_CURVE ( 'NONE', #4522, #2449, #4637, .T. ) ;
#4100 = VERTEX_POINT ( 'NONE', #2501 ) ;
#4101 = CARTESIAN_POINT ( 'NONE',  ( 31.88733761830489399, 0.000000000000000000, -20.66662904032490644 ) ) ;
#4102 = AXIS2_PLACEMENT_3D ( 'NONE', #4963, #3577, #2711 ) ;
#4103 = ORIENTED_EDGE ( 'NONE', *, *, #5340, .T. ) ;
#4104 = CARTESIAN_POINT ( 'NONE',  ( 18.31060644601977216, 25.00000000000000711, 38.52235112214060564 ) ) ;
#4105 = CARTESIAN_POINT ( 'NONE',  ( 27.28250491611749240, 20.05552813360701236, -18.70232017806500124 ) ) ;
#4106 = ORIENTED_EDGE ( 'NONE', *, *, #1722, .T. ) ;
#4107 = ORIENTED_EDGE ( 'NONE', *, *, #852, .T. ) ;
#4108 = AXIS2_PLACEMENT_3D ( 'NONE', #4887, #3606, #2201 ) ;
#4109 = AXIS2_PLACEMENT_3D ( 'NONE', #2621, #845, #1335 ) ;
#4110 = EDGE_CURVE ( 'NONE', #1441, #5691, #2024, .T. ) ;
#4111 = DIRECTION ( 'NONE',  ( 0.000000000000000000, 1.000000000000000000, 0.000000000000000000 ) ) ;
#4112 = ORIENTED_EDGE ( 'NONE', *, *, #2236, .T. ) ;
#4113 = AXIS2_PLACEMENT_3D ( 'NONE', #4096, #4631, #1420 ) ;
#4114 = DIRECTION ( 'NONE',  ( 0.000000000000000000, 0.000000000000000000, 1.000000000000000000 ) ) ;
#4115 = DIRECTION ( 'NONE',  ( 0.000000000000000000, 0.000000000000000000, -1.000000000000000000 ) ) ;
#4116 = CARTESIAN_POINT ( 'NONE',  ( -19.59999999999999787, 25.00000000000000355, 4.381466874697181879 ) ) ;
#4117 = DIRECTION ( 'NONE',  ( 0.000000000000000000, 0.000000000000000000, -1.000000000000000000 ) ) ;
#4118 = VECTOR ( 'NONE', #1753, 1000.000000000000000 ) ;
#4119 = AXIS2_PLACEMENT_3D ( 'NONE', #437, #2239, #1347 ) ;
#4120 = ORIENTED_EDGE ( 'NONE', *, *, #3784, .T. ) ;
#4121 = EDGE_CURVE ( 'NONE', #5206, #4652, #3546, .T. ) ;
#4122 = EDGE_CURVE ( 'NONE', #5838, #836, #5025, .T. ) ;
#4123 = AXIS2_PLACEMENT_3D ( 'NONE', #3394, #5703, #3013 ) ;
#4124 = CARTESIAN_POINT ( 'NONE',  ( 2.866834657879443693, 8.749144193307863304, 21.95700970747446945 ) ) ;
#4125 = CARTESIAN_POINT ( 'NONE',  ( -14.23251523949852526, 42.00000000000000711, -13.59185942809619974 ) ) ;
#4126 = LINE ( 'NONE', #1446, #917 ) ;
#4127 = EDGE_LOOP ( 'NONE', ( #4638, #1939 ) ) ;
#4128 = AXIS2_PLACEMENT_3D ( 'NONE', #2274, #1005, #5477 ) ;
#4129 = AXIS2_PLACEMENT_3D ( 'NONE', #5391, #2538, #4353 ) ;
#4130 = CARTESIAN_POINT ( 'NONE',  ( 24.30148441372620027, 24.07690719487883868, 6.165546549557850753 ) ) ;
#4131 = CARTESIAN_POINT ( 'NONE',  ( 6.879470384805805416, 13.99999999999999822, 20.99930208231626949 ) ) ;
#4132 = CARTESIAN_POINT ( 'NONE',  ( -20.10159167105967981, 25.89677020660217011, 30.14249951135606409 ) ) ;
#4133 = LINE ( 'NONE', #2761, #4599 ) ;
#4134 = VERTEX_POINT ( 'NONE', #4020 ) ;
#4135 = CARTESIAN_POINT ( 'NONE',  ( -31.88733761830489399, 10.00000000000000000, 17.16662904032490644 ) ) ;
#4136 = AXIS2_PLACEMENT_3D ( 'NONE', #4422, #2131, #2216 ) ;
#4137 = ORIENTED_EDGE ( 'NONE', *, *, #5707, .F. ) ;
#4138 = CARTESIAN_POINT ( 'NONE',  ( -14.49999999999999822, 0.000000000000000000, 3.149999999999999911 ) ) ;
#4139 = CARTESIAN_POINT ( 'NONE',  ( -14.59999999999999432, 13.99999999999999822, 35.60000000000000853 ) ) ;
#4140 = DIRECTION ( 'NONE',  ( -1.000000000000000000, -0.000000000000000000, 1.116774769942150345E-16 ) ) ;
#4141 = EDGE_LOOP ( 'NONE', ( #3703, #1607, #5130, #3550, #4666 ) ) ;
#4142 = DIRECTION ( 'NONE',  ( 0.000000000000000000, 1.000000000000000000, 0.000000000000000000 ) ) ;
#4143 = VERTEX_POINT ( 'NONE', #3046 ) ;
#4144 = ADVANCED_FACE ( 'NONE', ( #1202 ), #4851, .F. ) ;
#4145 = CARTESIAN_POINT ( 'NONE',  ( 11.33470300582891710, 13.99999999999999822, 20.99930208231626239 ) ) ;
#4146 = CARTESIAN_POINT ( 'NONE',  ( 14.45628997867803101, -2.500000000000000000, 5.649999999999999467 ) ) ;
#4147 = LINE ( 'NONE', #3285, #1189 ) ;
#4148 = CARTESIAN_POINT ( 'NONE',  ( -0.1908524075289199096, 11.00000000000000000, -7.813166437683153553 ) ) ;
#4149 = CARTESIAN_POINT ( 'NONE',  ( -14.59999999999999964, 13.99999999999999822, -10.99999999999999645 ) ) ;
#4150 = ORIENTED_EDGE ( 'NONE', *, *, #870, .T. ) ;
#4151 = EDGE_LOOP ( 'NONE', ( #725, #2527 ) ) ;
#4152 = CARTESIAN_POINT ( 'NONE',  ( -19.59999999999999787, 25.00000000000000355, 6.381466874697182767 ) ) ;
#4153 = CARTESIAN_POINT ( 'NONE',  ( -10.69368365266668519, 41.99999999999998579, -20.18135329611083861 ) ) ;
#4154 = EDGE_CURVE ( 'NONE', #4210, #5481, #1704, .T. ) ;
#4155 = LINE ( 'NONE', #4659, #1105 ) ;
#4156 = VERTEX_POINT ( 'NONE', #3992 ) ;
#4157 = AXIS2_PLACEMENT_3D ( 'NONE', #3988, #5855, #5407 ) ;
#4158 = DIRECTION ( 'NONE',  ( 0.000000000000000000, 0.000000000000000000, -1.000000000000000000 ) ) ;
#4159 = CARTESIAN_POINT ( 'NONE',  ( -8.661562318278711814, 1.212141125398237484, 20.99930208231626239 ) ) ;
#4160 = CARTESIAN_POINT ( 'NONE',  ( -20.38123701435665680, 26.89979198375225877, 28.98843869488332459 ) ) ;
#4161 = CARTESIAN_POINT ( 'NONE',  ( -14.45628997867800791, 0.000000000000000000, -38.64334463271136855 ) ) ;
#4162 = ADVANCED_FACE ( 'NONE', ( #790 ), #5011, .F. ) ;
#4163 = ORIENTED_EDGE ( 'NONE', *, *, #2748, .F. ) ;
#4164 = DIRECTION ( 'NONE',  ( 0.000000000000000000, 0.000000000000000000, 1.000000000000000000 ) ) ;
#4165 = CIRCLE ( 'NONE', #5203, 4.999999999999997335 ) ;
#4166 = ORIENTED_EDGE ( 'NONE', *, *, #2581, .T. ) ;
#4167 = DIRECTION ( 'NONE',  ( 0.000000000000000000, -1.000000000000000000, 0.000000000000000000 ) ) ;
#4168 = DIRECTION ( 'NONE',  ( 0.000000000000000000, -1.000000000000000000, 0.000000000000000000 ) ) ;
#4169 = AXIS2_PLACEMENT_3D ( 'NONE', #3050, #2149, #2117 ) ;
#4170 = CARTESIAN_POINT ( 'NONE',  ( 11.35919283539901414, 11.00000000000000000, -18.35935771880957645 ) ) ;
#4171 = ORIENTED_EDGE ( 'NONE', *, *, #3604, .F. ) ;
#4172 = FACE_OUTER_BOUND ( 'NONE', #906, .T. ) ;
#4173 = ORIENTED_EDGE ( 'NONE', *, *, #5724, .T. ) ;
#4174 = DIRECTION ( 'NONE',  ( -0.000000000000000000, -1.000000000000000000, 0.000000000000000000 ) ) ;
#4175 = CARTESIAN_POINT ( 'NONE',  ( 5.758953889330582498, 11.00000000000000000, -14.08621999028509109 ) ) ;
#4176 = LINE ( 'NONE', #5506, #3747 ) ;
#4177 = CARTESIAN_POINT ( 'NONE',  ( -14.59999999999999432, 48.00000000000000000, 35.60000000000000853 ) ) ;
#4178 = CARTESIAN_POINT ( 'NONE',  ( -6.157426101268084651, 13.99999999999999822, -14.07963806262779549 ) ) ;
#4179 = ORIENTED_EDGE ( 'NONE', *, *, #4914, .T. ) ;
#4180 = EDGE_CURVE ( 'NONE', #2028, #1241, #762, .T. ) ;
#4181 = EDGE_LOOP ( 'NONE', ( #1501, #4065, #276 ) ) ;
#4182 = CARTESIAN_POINT ( 'NONE',  ( 2.866834657879444137, 7.799917731161412071, 22.45465077178841895 ) ) ;
#4183 = CARTESIAN_POINT ( 'NONE',  ( -8.407882355371743444, 42.00000000000000000, -22.17069512367551454 ) ) ;
#4184 = LINE ( 'NONE', #3709, #3848 ) ;
#4185 = ORIENTED_EDGE ( 'NONE', *, *, #3242, .F. ) ;
#4186 = EDGE_CURVE ( 'NONE', #2463, #5016, #181, .T. ) ;
#4187 = EDGE_CURVE ( 'NONE', #515, #1488, #1132, .T. ) ;
#4188 = FACE_OUTER_BOUND ( 'NONE', #3273, .T. ) ;
#4189 = CARTESIAN_POINT ( 'NONE',  ( 24.24475473979583029, 38.59004099971534885, 5.601658672503726955 ) ) ;
#4190 = CARTESIAN_POINT ( 'NONE',  ( -20.32404967781559435, 26.80144975774418725, 29.22840327810015282 ) ) ;
#4191 = CARTESIAN_POINT ( 'NONE',  ( 19.60000000000000142, 37.00000000000000711, 28.35000000000001208 ) ) ;
#4192 = VERTEX_POINT ( 'NONE', #5771 ) ;
#4193 = DIRECTION ( 'NONE',  ( -1.000000000000000000, 0.000000000000000000, 1.116774769942150345E-16 ) ) ;
#4194 = EDGE_LOOP ( 'NONE', ( #5573, #4935, #1374, #4274, #2488, #2639, #4103, #1434, #3469, #2740, #3886, #941, #2638, #5009, #2401, #127, #5242, #4628 ) ) ;
#4195 = EDGE_CURVE ( 'NONE', #3192, #5251, #2458, .T. ) ;
#4196 = DIRECTION ( 'NONE',  ( -1.116774769942150345E-16, 0.000000000000000000, -1.000000000000000000 ) ) ;
#4197 = DIRECTION ( 'NONE',  ( 1.000000000000000000, 0.000000000000000000, 0.000000000000000000 ) ) ;
#4198 = DIRECTION ( 'NONE',  ( 0.000000000000000000, 1.000000000000000000, 0.000000000000000000 ) ) ;
#4199 = ORIENTED_EDGE ( 'NONE', *, *, #4398, .F. ) ;
#4200 = CARTESIAN_POINT ( 'NONE',  ( -40.00000000000000000, -7.900000000000003908, 2.449999999999999289 ) ) ;
#4201 = ORIENTED_EDGE ( 'NONE', *, *, #3865, .F. ) ;
#4202 = CIRCLE ( 'NONE', #4577, 125.8238134383398972 ) ;
#4203 = AXIS2_PLACEMENT_3D ( 'NONE', #5799, #341, #1762 ) ;
#4204 = DIRECTION ( 'NONE',  ( -1.188166764367676095E-16, 0.000000000000000000, -1.000000000000000000 ) ) ;
#4205 = LINE ( 'NONE', #4146, #807 ) ;
#4206 = CARTESIAN_POINT ( 'NONE',  ( -26.98588484611995497, 20.00000000000000711, -21.65443505470249264 ) ) ;
#4207 = CARTESIAN_POINT ( 'NONE',  ( 21.38244300693538946, 23.07965688964155859, 28.92326873492326911 ) ) ;
#4208 = DIRECTION ( 'NONE',  ( 0.000000000000000000, 0.000000000000000000, 1.000000000000000000 ) ) ;
#4209 = ORIENTED_EDGE ( 'NONE', *, *, #4448, .F. ) ;
#4210 = VERTEX_POINT ( 'NONE', #5742 ) ;
#4211 = AXIS2_PLACEMENT_3D ( 'NONE', #3068, #4877, #5018 ) ;
#4212 = PLANE ( 'NONE',  #5207 ) ;
#4213 = VECTOR ( 'NONE', #4197, 1000.000000000000000 ) ;
#4214 = FACE_BOUND ( 'NONE', #1097, .T. ) ;
#4215 = CARTESIAN_POINT ( 'NONE',  ( -14.45628997867800791, 3.000000000000000000, -49.00079791768374804 ) ) ;
#4216 = DIRECTION ( 'NONE',  ( 0.000000000000000000, 0.000000000000000000, 1.000000000000000000 ) ) ;
#4217 = ORIENTED_EDGE ( 'NONE', *, *, #864, .F. ) ;
#4218 = ADVANCED_FACE ( 'NONE', ( #1763 ), #374, .T. ) ;
#4219 = CARTESIAN_POINT ( 'NONE',  ( -33.98476260558511086, 0.000000000000000000, 3.149999999999999911 ) ) ;
#4220 = DIRECTION ( 'NONE',  ( 0.000000000000000000, 0.000000000000000000, -1.000000000000000000 ) ) ;
#4221 = DIRECTION ( 'NONE',  ( -0.000000000000000000, 1.000000000000000000, -0.000000000000000000 ) ) ;
#4222 = CARTESIAN_POINT ( 'NONE',  ( -14.45628997867800436, 5.228798264732697376, 24.40254910067992355 ) ) ;
#4223 = AXIS2_PLACEMENT_3D ( 'NONE', #2588, #2655, #454 ) ;
#4224 = ORIENTED_EDGE ( 'NONE', *, *, #5160, .T. ) ;
#4225 = CARTESIAN_POINT ( 'NONE',  ( -23.05844564573880007, 20.00000000000000000, -38.64334463271136855 ) ) ;
#4226 = VECTOR ( 'NONE', #1268, 1000.000000000000000 ) ;
#4227 = DIRECTION ( 'NONE',  ( -0.000000000000000000, 1.000000000000000000, -0.000000000000000000 ) ) ;
#4228 = CARTESIAN_POINT ( 'NONE',  ( -2.866834657879416159, 12.92094751520460960, 20.99930208231626239 ) ) ;
#4229 = CARTESIAN_POINT ( 'NONE',  ( -20.06636664682493887, 36.47572311339716578, 30.28456600741038329 ) ) ;
#4230 = EDGE_LOOP ( 'NONE', ( #959, #1811, #532, #2968 ) ) ;
#4231 = ADVANCED_FACE ( 'NONE', ( #311 ), #1733, .T. ) ;
#4232 = CARTESIAN_POINT ( 'NONE',  ( -14.30072339148023453, 38.25260291171726124, -13.22454319461666294 ) ) ;
#4233 = CIRCLE ( 'NONE', #5277, 44.99999999999992184 ) ;
#4234 = VERTEX_POINT ( 'NONE', #853 ) ;
#4235 = AXIS2_PLACEMENT_3D ( 'NONE', #770, #5840, #1240 ) ;
#4236 = LINE ( 'NONE', #138, #188 ) ;
#4237 = CARTESIAN_POINT ( 'NONE',  ( 14.45628997867803989, 3.373215445592261830, 1.455327614139925840 ) ) ;
#4238 = CARTESIAN_POINT ( 'NONE',  ( -14.49999999999999822, -7.900000000000003908, 20.99930208231626239 ) ) ;
#4239 = CARTESIAN_POINT ( 'NONE',  ( 24.34747096510080056, 25.52688323362849587, 2.434598163647607727 ) ) ;
#4240 = ORIENTED_EDGE ( 'NONE', *, *, #4958, .F. ) ;
#4241 = EDGE_CURVE ( 'NONE', #1442, #4279, #4346, .T. ) ;
#4242 = ORIENTED_EDGE ( 'NONE', *, *, #4154, .T. ) ;
#4243 = CARTESIAN_POINT ( 'NONE',  ( -14.45628997867800791, 9.990757061413839679, 6.672950980356153750 ) ) ;
#4244 = CARTESIAN_POINT ( 'NONE',  ( -58.47502393429616774, 20.00000000000000000, 3.820622777212993704 ) ) ;
#4245 = DIRECTION ( 'NONE',  ( 0.000000000000000000, -0.000000000000000000, -1.000000000000000000 ) ) ;
#4246 = VERTEX_POINT ( 'NONE', #3129 ) ;
#4247 = LINE ( 'NONE', #5581, #5633 ) ;
#4248 = LINE ( 'NONE', #3386, #3556 ) ;
#4249 = PLANE ( 'NONE',  #31 ) ;
#4250 = LINE ( 'NONE', #1423, #346 ) ;
#4251 = ORIENTED_EDGE ( 'NONE', *, *, #5741, .T. ) ;
#4252 = CARTESIAN_POINT ( 'NONE',  ( -3.567708042507131250, 14.00000000002460965, -16.13693838902846522 ) ) ;
#4253 = EDGE_CURVE ( 'NONE', #2673, #3863, #3501, .T. ) ;
#4254 = FACE_OUTER_BOUND ( 'NONE', #466, .T. ) ;
#4255 = LINE ( 'NONE', #1461, #4687 ) ;
#4256 = CARTESIAN_POINT ( 'NONE',  ( -20.80480709439956044, 35.40115199665059720, 27.14147875986387959 ) ) ;
#4257 = VERTEX_POINT ( 'NONE', #2112 ) ;
#4258 = VECTOR ( 'NONE', #167, 1000.000000000000000 ) ;
#4259 = DIRECTION ( 'NONE',  ( 0.000000000000000000, 0.000000000000000000, 1.000000000000000000 ) ) ;
#4260 = VERTEX_POINT ( 'NONE', #3928 ) ;
#4261 = VECTOR ( 'NONE', #1909, 1000.000000000000000 ) ;
#4262 = ORIENTED_EDGE ( 'NONE', *, *, #3645, .F. ) ;
#4263 = ADVANCED_FACE ( 'NONE', ( #1673 ), #3270, .F. ) ;
#4264 = CARTESIAN_POINT ( 'NONE',  ( 38.96940996788635658, 20.00000000000000000, -22.50300172765385653 ) ) ;
#4265 = DIRECTION ( 'NONE',  ( 0.000000000000000000, 0.000000000000000000, 1.000000000000000000 ) ) ;
#4266 = CARTESIAN_POINT ( 'NONE',  ( -14.45628997867800791, -70.95718940385208384, 38.52235112214060564 ) ) ;
#4267 = CARTESIAN_POINT ( 'NONE',  ( 24.31096630138544512, 26.93673521813763827, 3.865698492688083743 ) ) ;
#4268 = ORIENTED_EDGE ( 'NONE', *, *, #417, .F. ) ;
#4269 = ORIENTED_EDGE ( 'NONE', *, *, #896, .F. ) ;
#4270 = ADVANCED_FACE ( 'NONE', ( #5023 ), #1458, .F. ) ;
#4271 = CARTESIAN_POINT ( 'NONE',  ( -14.45628997867800969, 5.227290524459270671, 3.743833850065215518 ) ) ;
#4272 = LINE ( 'NONE', #4718, #3922 ) ;
#4273 = CARTESIAN_POINT ( 'NONE',  ( 31.88733761830489399, 0.000000000000000000, -20.66662904032490644 ) ) ;
#4274 = ORIENTED_EDGE ( 'NONE', *, *, #1068, .T. ) ;
#4275 = CARTESIAN_POINT ( 'NONE',  ( 14.79879028813630804, 21.15219534829410719, -11.00000000000004086 ) ) ;
#4276 = CARTESIAN_POINT ( 'NONE',  ( 19.90189180452074780, 21.41062129206281028, 38.52235112214060564 ) ) ;
#4277 = CARTESIAN_POINT ( 'NONE',  ( -12.79953145517023216, 13.99999999999999822, -10.99999999999999645 ) ) ;
#4278 = DIRECTION ( 'NONE',  ( 0.000000000000000000, 1.000000000000000000, 0.000000000000000000 ) ) ;
#4279 = VERTEX_POINT ( 'NONE', #2737 ) ;
#4280 = CARTESIAN_POINT ( 'NONE',  ( -22.29052368454328459, 20.03101615521003964, -38.64334463271137565 ) ) ;
#4281 = CARTESIAN_POINT ( 'NONE',  ( -14.49999999999999822, 34.00000000000000000, 7.148629685907792464 ) ) ;
#4282 = DIRECTION ( 'NONE',  ( 1.000000000000000000, 0.000000000000000000, 0.000000000000000000 ) ) ;
#4283 = DIRECTION ( 'NONE',  ( 0.000000000000000000, 0.000000000000000000, -1.000000000000000000 ) ) ;
#4284 = EDGE_CURVE ( 'NONE', #1727, #3690, #2048, .T. ) ;
#4285 = CARTESIAN_POINT ( 'NONE',  ( 2.300975553205425239, 41.99999999999999289, -24.64812362946561564 ) ) ;
#4286 = VERTEX_POINT ( 'NONE', #4051 ) ;
#4287 = EDGE_LOOP ( 'NONE', ( #961, #2962, #5816, #2865 ) ) ;
#4288 = LINE ( 'NONE', #4378, #4959 ) ;
#4289 = CARTESIAN_POINT ( 'NONE',  ( 2.866834657879444137, 12.92094751520460960, 7.148629685907792464 ) ) ;
#4290 = EDGE_CURVE ( 'NONE', #5416, #376, #4548, .T. ) ;
#4291 = DIRECTION ( 'NONE',  ( -1.000000000000000000, -0.000000000000000000, 1.116774769942150345E-16 ) ) ;
#4292 = LINE ( 'NONE', #3816, #2044 ) ;
#4293 = ORIENTED_EDGE ( 'NONE', *, *, #3026, .F. ) ;
#4294 = ORIENTED_EDGE ( 'NONE', *, *, #3811, .F. ) ;
#4295 = AXIS2_PLACEMENT_3D ( 'NONE', #3014, #4849, #4312 ) ;
#4296 = CARTESIAN_POINT ( 'NONE',  ( -14.45628997867801324, 11.83696158163841972, 7.097918976129655277 ) ) ;
#4297 = DIRECTION ( 'NONE',  ( 1.000000000000000000, 0.000000000000000000, -1.116774769942150345E-16 ) ) ;
#4298 = FACE_OUTER_BOUND ( 'NONE', #5441, .T. ) ;
#4299 = VECTOR ( 'NONE', #4004, 1000.000000000000000 ) ;
#4300 = EDGE_CURVE ( 'NONE', #3517, #5330, #2738, .T. ) ;
#4301 = ORIENTED_EDGE ( 'NONE', *, *, #4654, .F. ) ;
#4302 = EDGE_CURVE ( 'NONE', #3189, #2570, #659, .T. ) ;
#4303 = AXIS2_PLACEMENT_3D ( 'NONE', #2045, #3799, #3385 ) ;
#4304 = CARTESIAN_POINT ( 'NONE',  ( 10.86839512097261462, 32.69663530622063519, -15.49362707421797758 ) ) ;
#4305 = FACE_OUTER_BOUND ( 'NONE', #5214, .T. ) ;
#4306 = DIRECTION ( 'NONE',  ( 1.000000000000000000, -0.000000000000000000, -1.116774769942150345E-16 ) ) ;
#4307 = DIRECTION ( 'NONE',  ( -1.000000000000000000, 0.000000000000000000, 1.116774769942150345E-16 ) ) ;
#4308 = EDGE_LOOP ( 'NONE', ( #460, #3666, #3141, #2859 ) ) ;
#4309 = CIRCLE ( 'NONE', #2511, 125.8238134383398972 ) ;
#4310 = PLANE ( 'NONE',  #5533 ) ;
#4311 = DIRECTION ( 'NONE',  ( -0.000000000000000000, -1.000000000000000000, -0.000000000000000000 ) ) ;
#4312 = DIRECTION ( 'NONE',  ( 0.000000000000000000, 0.000000000000000000, 1.000000000000000000 ) ) ;
#4313 = EDGE_LOOP ( 'NONE', ( #2624, #4416, #2476, #2073 ) ) ;
#4314 = CARTESIAN_POINT ( 'NONE',  ( 14.45628997867803456, 7.784615829299459833, 22.42547044913680665 ) ) ;
#4315 = CARTESIAN_POINT ( 'NONE',  ( -14.09383545611816224, 40.30707831030880328, -14.06543589784750026 ) ) ;
#4316 = CC_DESIGN_PERSON_AND_ORGANIZATION_ASSIGNMENT ( #3291, #55, ( #2881 ) ) ;
#4317 = ORIENTED_EDGE ( 'NONE', *, *, #905, .F. ) ;
#4318 = CIRCLE ( 'NONE', #1759, 3.499999999999999556 ) ;
#4319 = VERTEX_POINT ( 'NONE', #4135 ) ;
#4320 = DIRECTION ( 'NONE',  ( 0.000000000000000000, 1.000000000000000000, 1.734723475976808327E-16 ) ) ;
#4321 = CARTESIAN_POINT ( 'NONE',  ( -23.91024163359563914, 23.41479622762630086, 5.607766875237396142 ) ) ;
#4322 = CARTESIAN_POINT ( 'NONE',  ( 24.34308755436211058, 35.99786245261682893, 2.645720202146482070 ) ) ;
#4323 = VECTOR ( 'NONE', #5872, 1000.000000000000000 ) ;
#4324 = CARTESIAN_POINT ( 'NONE',  ( -23.26001857313331200, 20.00000000000000000, 38.52235112214060564 ) ) ;
#4325 = CARTESIAN_POINT ( 'NONE',  ( -14.49999999999999822, -2.500000000000000000, 5.649999999999999467 ) ) ;
#4326 = ORIENTED_EDGE ( 'NONE', *, *, #3565, .F. ) ;
#4327 = VERTEX_POINT ( 'NONE', #432 ) ;
#4328 = EDGE_CURVE ( 'NONE', #4726, #5343, #458, .T. ) ;
#4329 =( BOUNDED_SURFACE ( )  B_SPLINE_SURFACE ( 3, 1, ( 
 ( #92, #1864 ),
 ( #3656, #32 ),
 ( #5515, #1837 ),
 ( #1452, #3263 ) ),
 .UNSPECIFIED., .F., .F., .F. ) 
 B_SPLINE_SURFACE_WITH_KNOTS ( ( 4, 4 ),
 ( 2, 2 ),
 ( 0.000000000000000000, 1.000000000000000000 ),
 ( 0.000000000000000000, 1.000000000000000000 ),
 .UNSPECIFIED. ) 
 GEOMETRIC_REPRESENTATION_ITEM ( )  RATIONAL_B_SPLINE_SURFACE ( (
 ( 1.000000000000000000, 1.000000000000000000),
 ( 0.9801822532315678238, 0.9801822532315678238),
 ( 0.9801822532315678238, 0.9801822532315678238),
 ( 1.000000000000000000, 1.000000000000000000) ) ) 
 REPRESENTATION_ITEM ( '' )  SURFACE ( )  );
#4330 = CIRCLE ( 'NONE', #3759, 7.273499999999998522 ) ;
#4331 = LINE ( 'NONE', #2430, #1660 ) ;
#4332 = CARTESIAN_POINT ( 'NONE',  ( 7.229646493730636614, 14.00000000000000000, -11.30365421397509351 ) ) ;
#4333 = CARTESIAN_POINT ( 'NONE',  ( 31.88733761830489399, 20.00000000000000000, -20.66662904032490644 ) ) ;
#4334 = ORIENTED_EDGE ( 'NONE', *, *, #2935, .T. ) ;
#4335 = EDGE_CURVE ( 'NONE', #4028, #1901, #2937, .T. ) ;
#4336 = CARTESIAN_POINT ( 'NONE',  ( 14.60000000000000142, 25.00000000000000355, 4.381466874697178326 ) ) ;
#4337 = DIRECTION ( 'NONE',  ( 0.000000000000000000, 0.000000000000000000, -1.000000000000000000 ) ) ;
#4338 = CARTESIAN_POINT ( 'NONE',  ( 20.70878772953003732, 38.01166432392000871, 30.08029805922259570 ) ) ;
#4339 = CARTESIAN_POINT ( 'NONE',  ( 20.81090027248436769, 26.51390345917744185, 29.66343607894776113 ) ) ;
#4340 = ORIENTED_EDGE ( 'NONE', *, *, #2248, .T. ) ;
#4341 = FACE_OUTER_BOUND ( 'NONE', #884, .T. ) ;
#4342 = DIRECTION ( 'NONE',  ( 0.000000000000000000, 0.000000000000000000, 1.000000000000000000 ) ) ;
#4343 = CARTESIAN_POINT ( 'NONE',  ( -13.43432073213469913, 41.99999999999999289, -15.93942876313855095 ) ) ;
#4344 = EDGE_CURVE ( 'NONE', #5330, #4559, #4351, .T. ) ;
#4345 = DIRECTION ( 'NONE',  ( 1.000000000000000000, 0.000000000000000000, 0.000000000000000000 ) ) ;
#4346 = LINE ( 'NONE', #880, #1226 ) ;
#4347 = ORIENTED_EDGE ( 'NONE', *, *, #2556, .F. ) ;
#4348 = ORIENTED_EDGE ( 'NONE', *, *, #4044, .T. ) ;
#4349 = CARTESIAN_POINT ( 'NONE',  ( -40.00000000000000000, 0.000000000000000000, -3.149999999999999911 ) ) ;
#4350 = LINE ( 'NONE', #5776, #2074 ) ;
#4351 = CIRCLE ( 'NONE', #4452, 44.99999999999992184 ) ;
#4352 = CARTESIAN_POINT ( 'NONE',  ( 24.28425723166919070, 35.01300298489640994, 4.644013998913541386 ) ) ;
#4353 = DIRECTION ( 'NONE',  ( 0.000000000000000000, 0.000000000000000000, 1.000000000000000000 ) ) ;
#4354 = CARTESIAN_POINT ( 'NONE',  ( 24.34305891273389832, 26.00453623724321872, 2.647064561843788688 ) ) ;
#4355 = ORIENTED_EDGE ( 'NONE', *, *, #704, .T. ) ;
#4356 = ORIENTED_EDGE ( 'NONE', *, *, #1993, .T. ) ;
#4357 = CIRCLE ( 'NONE', #1413, 3.499999999999999556 ) ;
#4358 = DIRECTION ( 'NONE',  ( -1.000000000000000000, 0.000000000000000000, 0.000000000000000000 ) ) ;
#4359 = CARTESIAN_POINT ( 'NONE',  ( -49.52762154881770584, 20.00000000000000000, 10.56677942393415925 ) ) ;
#4360 = ADVANCED_FACE ( 'NONE', ( #2261 ), #5438, .T. ) ;
#4361 = CARTESIAN_POINT ( 'NONE',  ( -14.49999999999999822, 34.00000000000000000, 7.148629685907792464 ) ) ;
#4362 = VERTEX_POINT ( 'NONE', #1425 ) ;
#4363 = APPROVAL_DATE_TIME ( #3566, #474 ) ;
#4364 = CARTESIAN_POINT ( 'NONE',  ( 102.0434606194388749, 20.00000000000000000, -0.06049675528537953872 ) ) ;
#4365 = CARTESIAN_POINT ( 'NONE',  ( 21.55746324062108243, 37.53360732753600360, 26.40463576866054041 ) ) ;
#4366 = B_SPLINE_CURVE_WITH_KNOTS ( 'NONE', 3,
 ( #579, #1084, #1967, #4229, #2352, #1934, #996, #5500, #2896, #4611, #3215, #5526, #4704, #1905, #2416, #1874, #642, #2445, #1462, #5029, #3755, #4256, #1847, #5563, #964, #1491, #3305, #1430, #2767, #5115, #4575, #5055 ),
 .UNSPECIFIED., .F., .F.,
 ( 4, 2, 2, 2, 2, 2, 2, 2, 2, 2, 2, 2, 2, 2, 2, 4 ),
 ( 6.938893903907228378E-18, 0.0003960987503623602472, 0.0007921975007247135554, 0.001188296251087066864, 0.001584395001449420172, 0.002376592502174126788, 0.002772691252536483783, 0.003168790002898841211, 0.003564888753261197772, 0.003960987503623556068, 0.004357086253985912629, 0.004753185004348270057, 0.005149283754710628352, 0.005545382505072985781, 0.005941481255435343209, 0.006337580005797700637 ),
 .UNSPECIFIED. ) ;
#4367 = FACE_OUTER_BOUND ( 'NONE', #3680, .T. ) ;
#4368 = ORIENTED_EDGE ( 'NONE', *, *, #5359, .F. ) ;
#4369 = CARTESIAN_POINT ( 'NONE',  ( -49.52762154881771295, 0.000000000000000000, -10.56677942393415037 ) ) ;
#4370 = CARTESIAN_POINT ( 'NONE',  ( -73.60888549489654054, 20.00000000000000000, 42.50566993001285709 ) ) ;
#4371 = LINE ( 'NONE', #308, #3915 ) ;
#4372 = CARTESIAN_POINT ( 'NONE',  ( -58.47502393429616774, 0.000000000000000000, -3.820622777212992816 ) ) ;
#4373 = CARTESIAN_POINT ( 'NONE',  ( -101.4516408518393717, 25.00000000000000711, -0.06049675528535178315 ) ) ;
#4374 = EDGE_CURVE ( 'NONE', #5594, #1613, #4165, .T. ) ;
#4375 = EDGE_LOOP ( 'NONE', ( #1802, #4408, #3288, #131, #4598 ) ) ;
#4376 = ADVANCED_FACE ( 'NONE', ( #67 ), #5081, .F. ) ;
#4377 = EDGE_LOOP ( 'NONE', ( #1652, #1961, #3085, #1419 ) ) ;
#4378 = CARTESIAN_POINT ( 'NONE',  ( -38.96940996788635658, 20.00000000000000000, -22.50300172765385298 ) ) ;
#4379 = CARTESIAN_POINT ( 'NONE',  ( -23.79556678629247557, 24.34968343900074217, 2.485605795468029289 ) ) ;
#4380 = DIRECTION ( 'NONE',  ( 0.000000000000000000, 0.000000000000000000, 1.000000000000000000 ) ) ;
#4381 = VERTEX_POINT ( 'NONE', #36 ) ;
#4382 = CARTESIAN_POINT ( 'NONE',  ( 6.879470384805805416, 13.99999999999999822, 7.148629685907792464 ) ) ;
#4383 = CARTESIAN_POINT ( 'NONE',  ( 18.31060644601975440, 24.68264380435168448, -38.64334463271136144 ) ) ;
#4384 = ORIENTED_EDGE ( 'NONE', *, *, #4412, .F. ) ;
#4385 = ORIENTED_EDGE ( 'NONE', *, *, #2547, .F. ) ;
#4386 = CARTESIAN_POINT ( 'NONE',  ( 31.88733761830489399, 0.000000000000000000, 20.66662904032490644 ) ) ;
#4387 = CARTESIAN_POINT ( 'NONE',  ( -23.72312812916123548, 38.89743156617811337, 3.735793255626872256 ) ) ;
#4388 = LINE ( 'NONE', #413, #4323 ) ;
#4389 = DIRECTION ( 'NONE',  ( 0.000000000000000000, 0.000000000000000000, 1.000000000000000000 ) ) ;
#4390 = ORIENTED_EDGE ( 'NONE', *, *, #4053, .T. ) ;
#4391 = AXIS2_PLACEMENT_3D ( 'NONE', #1517, #5498, #577 ) ;
#4392 = AXIS2_PLACEMENT_3D ( 'NONE', #5436, #930, #4402 ) ;
#4393 = CARTESIAN_POINT ( 'NONE',  ( -14.49999999999999822, 0.000000000000000000, 7.148629685907792464 ) ) ;
#4394 = FACE_OUTER_BOUND ( 'NONE', #1508, .T. ) ;
#4395 = FACE_OUTER_BOUND ( 'NONE', #4127, .T. ) ;
#4396 = VERTEX_POINT ( 'NONE', #1842 ) ;
#4397 = AXIS2_PLACEMENT_3D ( 'NONE', #1778, #2098, #2577 ) ;
#4398 = EDGE_CURVE ( 'NONE', #2449, #5481, #1041, .T. ) ;
#4399 = LOCAL_TIME ( 10, 54, 4.000000000000000000, #2784 ) ;
#4400 = FACE_BOUND ( 'NONE', #415, .T. ) ;
#4401 = CARTESIAN_POINT ( 'NONE',  ( -23.74165366631501328, 35.49180015658637899, 3.061326992721008722 ) ) ;
#4402 = DIRECTION ( 'NONE',  ( 0.000000000000000000, 0.000000000000000000, -1.000000000000000000 ) ) ;
#4403 = VECTOR ( 'NONE', #4282, 1000.000000000000000 ) ;
#4404 = CARTESIAN_POINT ( 'NONE',  ( 14.45628997867803278, 4.308518704859749526, 25.38206379656809020 ) ) ;
#4405 = CARTESIAN_POINT ( 'NONE',  ( -40.00000000000000000, 0.000000000000000000, 3.149999999999999911 ) ) ;
#4406 = ORIENTED_EDGE ( 'NONE', *, *, #1435, .T. ) ;
#4407 = AXIS2_PLACEMENT_3D ( 'NONE', #4067, #1, #2163 ) ;
#4408 = ORIENTED_EDGE ( 'NONE', *, *, #2837, .F. ) ;
#4409 = DIRECTION ( 'NONE',  ( 0.000000000000000000, 1.000000000000000000, 0.000000000000000000 ) ) ;
#4410 = CARTESIAN_POINT ( 'NONE',  ( -24.06470307347382231, 23.20117768282736748, 3.497382900911082615 ) ) ;
#4411 = CARTESIAN_POINT ( 'NONE',  ( 24.26941535995690558, 35.10185261000522416, 5.025044136272791562 ) ) ;
#4412 = EDGE_CURVE ( 'NONE', #4929, #5056, #3408, .T. ) ;
#4413 = CARTESIAN_POINT ( 'NONE',  ( 27.61779860938154130, 20.02283150363155428, 18.05287254761351079 ) ) ;
#4414 = DIRECTION ( 'NONE',  ( -0.000000000000000000, -1.000000000000000000, -0.000000000000000000 ) ) ;
#4415 = AXIS2_PLACEMENT_3D ( 'NONE', #148, #1831, #5457 ) ;
#4416 = ORIENTED_EDGE ( 'NONE', *, *, #565, .T. ) ;
#4417 = ORIENTED_EDGE ( 'NONE', *, *, #320, .F. ) ;
#4418 = AXIS2_PLACEMENT_3D ( 'NONE', #1151, #4768, #650 ) ;
#4419 = PLANE ( 'NONE',  #4885 ) ;
#4420 = DIRECTION ( 'NONE',  ( -0.000000000000000000, 0.000000000000000000, 1.000000000000000000 ) ) ;
#4421 = EDGE_CURVE ( 'NONE', #4563, #1180, #4927, .T. ) ;
#4422 = CARTESIAN_POINT ( 'NONE',  ( 31.88733761830489399, 10.00000000000000000, -20.66662904032490644 ) ) ;
#4423 = CARTESIAN_POINT ( 'NONE',  ( 23.05844564573880007, 0.000000000000000000, -38.64334463271136855 ) ) ;
#4424 = ORIENTED_EDGE ( 'NONE', *, *, #3115, .F. ) ;
#4425 = AXIS2_PLACEMENT_3D ( 'NONE', #746, #2487, #3029 ) ;
#4426 = VECTOR ( 'NONE', #3524, 1000.000000000000000 ) ;
#4427 = DIRECTION ( 'NONE',  ( 1.000000000000000000, 0.000000000000000000, 0.000000000000000000 ) ) ;
#4428 = DIRECTION ( 'NONE',  ( -0.000000000000000000, -0.000000000000000000, -1.000000000000000000 ) ) ;
#4429 = CARTESIAN_POINT ( 'NONE',  ( -20.30508714947772830, 23.78181066883903227, 29.94126086704850565 ) ) ;
#4430 = CARTESIAN_POINT ( 'NONE',  ( 31.88733761830489399, 10.00000000000000000, -20.66662904032490644 ) ) ;
#4431 = VERTEX_POINT ( 'NONE', #1342 ) ;
#4432 = PLANE ( 'NONE',  #1661 ) ;
#4433 = CARTESIAN_POINT ( 'NONE',  ( 21.56916100420945526, 36.86604774727845069, 26.35000000000000142 ) ) ;
#4434 = LINE ( 'NONE', #4050, #1822 ) ;
#4435 = DIRECTION ( 'NONE',  ( 0.000000000000000000, 0.000000000000000000, 1.000000000000000000 ) ) ;
#4436 = EDGE_CURVE ( 'NONE', #3993, #969, #3716, .T. ) ;
#4437 = DIRECTION ( 'NONE',  ( 0.000000000000000000, 0.000000000000000000, -1.000000000000000000 ) ) ;
#4438 = ORIENTED_EDGE ( 'NONE', *, *, #3676, .F. ) ;
#4439 = ORIENTED_EDGE ( 'NONE', *, *, #3128, .F. ) ;
#4440 = PLANE ( 'NONE',  #4108 ) ;
#4441 = FACE_OUTER_BOUND ( 'NONE', #3078, .T. ) ;
#4442 = CARTESIAN_POINT ( 'NONE',  ( -33.98476260558511086, -7.900000000000003908, 2.449999999999999289 ) ) ;
#4443 = VERTEX_POINT ( 'NONE', #5198 ) ;
#4444 = CARTESIAN_POINT ( 'NONE',  ( 26.97282460756114730, 20.03346931360460204, 21.61962038358597127 ) ) ;
#4445 = ADVANCED_FACE ( 'NONE', ( #4755 ), #5110, .T. ) ;
#4446 = CARTESIAN_POINT ( 'NONE',  ( -101.4516408518393717, 20.00000000000000000, -0.06049675528535178315 ) ) ;
#4447 = VERTEX_POINT ( 'NONE', #2887 ) ;
#4448 = EDGE_CURVE ( 'NONE', #1715, #3879, #1343, .T. ) ;
#4449 = FACE_OUTER_BOUND ( 'NONE', #1142, .T. ) ;
#4450 = CARTESIAN_POINT ( 'NONE',  ( 44.60000000000000142, 25.00000000000000355, 29.34999999999999787 ) ) ;
#4451 = CARTESIAN_POINT ( 'NONE',  ( 2.866834657879445025, 6.029968894836454041, 4.455430711030025748 ) ) ;
#4452 = AXIS2_PLACEMENT_3D ( 'NONE', #1789, #3627, #4493 ) ;
#4453 = CARTESIAN_POINT ( 'NONE',  ( -14.45628997867800791, 12.92094751520460960, 20.99930208231626239 ) ) ;
#4454 = ORIENTED_EDGE ( 'NONE', *, *, #4815, .T. ) ;
#4455 = EDGE_CURVE ( 'NONE', #5191, #2574, #90, .T. ) ;
#4456 = EDGE_CURVE ( 'NONE', #1885, #3517, #4066, .T. ) ;
#4457 = DIRECTION ( 'NONE',  ( -1.000000000000000000, 0.000000000000000000, 1.116774769942150345E-16 ) ) ;
#4458 = DIRECTION ( 'NONE',  ( 0.000000000000000000, 0.000000000000000000, 1.000000000000000000 ) ) ;
#4459 = CARTESIAN_POINT ( 'NONE',  ( 45.00000000000000000, 48.00000000000000000, -1.653273178848926709E-14 ) ) ;
#4460 = DIRECTION ( 'NONE',  ( 0.000000000000000000, 0.000000000000000000, 1.000000000000000000 ) ) ;
#4461 = ORIENTED_EDGE ( 'NONE', *, *, #467, .T. ) ;
#4462 = VECTOR ( 'NONE', #3084, 1000.000000000000000 ) ;
#4463 = CARTESIAN_POINT ( 'NONE',  ( -8.998536218124650432, 15.45751287544790564, -11.00000000026113334 ) ) ;
#4464 = LINE ( 'NONE', #2168, #4693 ) ;
#4465 = DIRECTION ( 'NONE',  ( -1.000000000000000000, 0.000000000000000000, 1.188166764367676095E-16 ) ) ;
#4466 = CARTESIAN_POINT ( 'NONE',  ( -23.61808855012745312, 25.52688072003987330, 6.328330135836640835 ) ) ;
#4467 = VERTEX_POINT ( 'NONE', #5169 ) ;
#4468 = CARTESIAN_POINT ( 'NONE',  ( 2.866834657879444137, 2.999999999999998224, -38.64334463271136855 ) ) ;
#4469 = CARTESIAN_POINT ( 'NONE',  ( -31.88733761830489399, 0.000000000000000000, 20.66662904032490644 ) ) ;
#4470 = VERTEX_POINT ( 'NONE', #4225 ) ;
#4471 = CARTESIAN_POINT ( 'NONE',  ( 31.88733761830489399, 10.00000000000000000, -15.66662904032490822 ) ) ;
#4472 = DIRECTION ( 'NONE',  ( -1.000000000000000000, 0.000000000000000000, 1.116774769942150345E-16 ) ) ;
#4473 = ORIENTED_EDGE ( 'NONE', *, *, #2366, .T. ) ;
#4474 = EDGE_CURVE ( 'NONE', #1970, #3792, #2542, .T. ) ;
#4475 = DIRECTION ( 'NONE',  ( 1.000000000000000000, 0.000000000000000000, 0.000000000000000000 ) ) ;
#4476 = CARTESIAN_POINT ( 'NONE',  ( -14.49999999999999822, 0.000000000000000000, -3.149999999999999911 ) ) ;
#4477 = DIRECTION ( 'NONE',  ( 1.000000000000000000, -0.000000000000000000, -1.116774769942150345E-16 ) ) ;
#4478 = ORIENTED_EDGE ( 'NONE', *, *, #2712, .T. ) ;
#4479 = APPROVAL_STATUS ( 'not_yet_approved' ) ;
#4480 = CARTESIAN_POINT ( 'NONE',  ( 19.59999999999999787, 37.00000000000000711, 4.381466874697177438 ) ) ;
#4481 = CARTESIAN_POINT ( 'NONE',  ( -21.00232945506962068, 23.00533450020373394, 28.15295413176048811 ) ) ;
#4482 = EDGE_CURVE ( 'NONE', #623, #975, #3599, .T. ) ;
#4483 = CARTESIAN_POINT ( 'NONE',  ( -0.1908524075289199096, 13.99999999999999822, -18.92884430870680035 ) ) ;
#4484 = ORIENTED_EDGE ( 'NONE', *, *, #607, .F. ) ;
#4485 = EDGE_CURVE ( 'NONE', #4764, #489, #1515, .T. ) ;
#4486 = ORIENTED_EDGE ( 'NONE', *, *, #1472, .T. ) ;
#4487 = AXIS2_PLACEMENT_3D ( 'NONE', #548, #1402, #3753 ) ;
#4488 = AXIS2_PLACEMENT_3D ( 'NONE', #757, #1200, #4283 ) ;
#4489 = CARTESIAN_POINT ( 'NONE',  ( -15.80355803712139462, 23.59598115250636852, -10.99999999999996803 ) ) ;
#4490 = CARTESIAN_POINT ( 'NONE',  ( 44.60000000000000142, 25.00000000000000355, 4.381466874697174774 ) ) ;
#4491 = CARTESIAN_POINT ( 'NONE',  ( 24.48187064981340200, 23.81326466615206527, 2.764049021236618220 ) ) ;
#4492 = EDGE_CURVE ( 'NONE', #5543, #2805, #1078, .T. ) ;
#4493 = DIRECTION ( 'NONE',  ( 0.000000000000000000, 0.000000000000000000, 1.000000000000000000 ) ) ;
#4494 = VECTOR ( 'NONE', #5812, 1000.000000000000000 ) ;
#4495 = CIRCLE ( 'NONE', #3923, 3.299999999999990496 ) ;
#4496 = ORIENTED_EDGE ( 'NONE', *, *, #2608, .F. ) ;
#4497 = CIRCLE ( 'NONE', #812, 13.06426483703416253 ) ;
#4498 = LINE ( 'NONE', #882, #5720 ) ;
#4499 = CARTESIAN_POINT ( 'NONE',  ( 27.26864231918889914, 20.00000000000000355, -22.59801075560888606 ) ) ;
#4500 = CYLINDRICAL_SURFACE ( 'NONE', #2611, 7.273499999999998522 ) ;
#4501 = CARTESIAN_POINT ( 'NONE',  ( 18.31060644601975440, 25.00000000000000711, -38.64334463271135434 ) ) ;
#4502 = ORIENTED_EDGE ( 'NONE', *, *, #4421, .F. ) ;
#4503 = CIRCLE ( 'NONE', #4407, 0.9999999999999940048 ) ;
#4504 = AXIS2_PLACEMENT_3D ( 'NONE', #3497, #3527, #386 ) ;
#4505 = CARTESIAN_POINT ( 'NONE',  ( 56.09901130373780376, 0.000000000000000000, -3.435073731422685145E-15 ) ) ;
#4506 = LINE ( 'NONE', #5478, #226 ) ;
#4507 = CARTESIAN_POINT ( 'NONE',  ( -45.00000000000000000, 20.00000000000000000, 0.000000000000000000 ) ) ;
#4508 = ADVANCED_FACE ( 'NONE', ( #3118, #4006 ), #2672, .F. ) ;
#4509 = ORIENTED_EDGE ( 'NONE', *, *, #5865, .T. ) ;
#4510 = PLANE ( 'NONE',  #2699 ) ;
#4511 = CARTESIAN_POINT ( 'NONE',  ( -12.80709137439167122, 11.00000000000000000, -19.66461048985614823 ) ) ;
#4512 = DIRECTION ( 'NONE',  ( -0.000000000000000000, 1.000000000000000000, -0.000000000000000000 ) ) ;
#4513 = CIRCLE ( 'NONE', #534, 3.299999999999990496 ) ;
#4514 = VERTEX_POINT ( 'NONE', #1749 ) ;
#4515 = EDGE_CURVE ( 'NONE', #5416, #4675, #4357, .T. ) ;
#4516 = CIRCLE ( 'NONE', #5181, 13.06426483703416253 ) ;
#4517 = DIRECTION ( 'NONE',  ( 0.000000000000000000, -0.000000000000000000, 1.000000000000000000 ) ) ;
#4518 = CARTESIAN_POINT ( 'NONE',  ( -31.88733761830489399, 10.00000000000000000, 15.66662904032490822 ) ) ;
#4519 = CARTESIAN_POINT ( 'NONE',  ( 24.34847378163787113, 24.84073235516245148, 2.381466874697131253 ) ) ;
#4520 = VERTEX_POINT ( 'NONE', #841 ) ;
#4521 = CARTESIAN_POINT ( 'NONE',  ( -45.00000000000000000, 13.99999999999999822, 0.000000000000000000 ) ) ;
#4522 = VERTEX_POINT ( 'NONE', #362 ) ;
#4523 = ADVANCED_FACE ( 'NONE', ( #3531 ), #4901, .F. ) ;
#4524 = CARTESIAN_POINT ( 'NONE',  ( -31.88733761830489399, 20.00000000000000000, -15.66662904032490822 ) ) ;
#4525 = DIRECTION ( 'NONE',  ( -0.000000000000000000, 1.000000000000000000, -0.000000000000000000 ) ) ;
#4526 = DIRECTION ( 'NONE',  ( 0.000000000000000000, 0.000000000000000000, 1.000000000000000000 ) ) ;
#4527 = ORIENTED_EDGE ( 'NONE', *, *, #1795, .F. ) ;
#4528 = CARTESIAN_POINT ( 'NONE',  ( 12.38946963431794224, 42.00000000000000000, -17.97785708900349277 ) ) ;
#4529 = VERTEX_POINT ( 'NONE', #5815 ) ;
#4530 = CARTESIAN_POINT ( 'NONE',  ( -45.00000000000000000, 20.00000000000000000, 7.273499999999998522 ) ) ;
#4531 = CARTESIAN_POINT ( 'NONE',  ( -23.61533586037841559, 37.00000000000001421, 6.381466874697183655 ) ) ;
#4532 = CARTESIAN_POINT ( 'NONE',  ( 14.29854017557242152, 38.43615056380942008, -13.23479101572612215 ) ) ;
#4533 = ORIENTED_EDGE ( 'NONE', *, *, #3764, .F. ) ;
#4534 = EDGE_CURVE ( 'NONE', #2285, #5368, #2836, .T. ) ;
#4535 = CARTESIAN_POINT ( 'NONE',  ( 2.866834657879444581, 7.343190041614893637, 22.73466314856940684 ) ) ;
#4536 = AXIS2_PLACEMENT_3D ( 'NONE', #4200, #2293, #1432 ) ;
#4537 = CARTESIAN_POINT ( 'NONE',  ( -3.567708042503661581, 13.99999999999999467, -16.13693838902264943 ) ) ;
#4538 = FACE_BOUND ( 'NONE', #2713, .T. ) ;
#4539 = ORIENTED_EDGE ( 'NONE', *, *, #3063, .F. ) ;
#4540 = B_SPLINE_CURVE_WITH_KNOTS ( 'NONE', 3,
 ( #3140, #1688, #3089, #3166, #3116, #1330, #3529, #326, #840, #1747, #3946, #4451, #5758, #4037, #3500, #5845, #2670, #5813, #4005, #1779, #4950, #5341 ),
 .UNSPECIFIED., .F., .F.,
 ( 4, 2, 2, 2, 2, 2, 2, 2, 2, 2, 4 ),
 ( 0.000000000000000000, 0.0008110166224973719157, 0.001622033244994744265, 0.002433049867492116831, 0.003244066489989490699, 0.004866099734984238867, 0.006488132979978987469, 0.009732199469968486408, 0.01054321609246586244, 0.01135423271496323501, 0.01297626595995798014 ),
 .UNSPECIFIED. ) ;
#4541 = VECTOR ( 'NONE', #3664, 1000.000000000000000 ) ;
#4542 = EDGE_CURVE ( 'NONE', #1684, #934, #4641, .T. ) ;
#4543 = CARTESIAN_POINT ( 'NONE',  ( 31.88733761830489399, 48.00000000000000000, 20.66662904032490644 ) ) ;
#4544 = CARTESIAN_POINT ( 'NONE',  ( 20.64190408507750618, 37.00000000000000711, 30.35000000000000853 ) ) ;
#4545 = CARTESIAN_POINT ( 'NONE',  ( -20.59071760010926155, 27.00028428715943463, 28.09197582810168825 ) ) ;
#4546 = EDGE_CURVE ( 'NONE', #3955, #2929, #1247, .T. ) ;
#4547 = ORIENTED_EDGE ( 'NONE', *, *, #793, .T. ) ;
#4548 = LINE ( 'NONE', #1400, #4733 ) ;
#4549 = VERTEX_POINT ( 'NONE', #4453 ) ;
#4550 = PLANE ( 'NONE',  #761 ) ;
#4551 = ORIENTED_EDGE ( 'NONE', *, *, #4815, .F. ) ;
#4552 = EDGE_LOOP ( 'NONE', ( #1582, #4527, #3913, #4478, #4496 ) ) ;
#4553 = EDGE_CURVE ( 'NONE', #3280, #4890, #2080, .T. ) ;
#4554 = CARTESIAN_POINT ( 'NONE',  ( 22.42710639568285202, 20.07967594427083924, -38.64334463271136855 ) ) ;
#4555 = ORIENTED_EDGE ( 'NONE', *, *, #5826, .F. ) ;
#4556 = CARTESIAN_POINT ( 'NONE',  ( -14.59999999999999787, 25.00000000000000355, 4.381466874697181879 ) ) ;
#4557 = CARTESIAN_POINT ( 'NONE',  ( 14.45628997867803456, 12.92094751520460960, 7.148629685907792464 ) ) ;
#4558 = CARTESIAN_POINT ( 'NONE',  ( 44.60000000000000142, 25.00000000000000355, 5.381466874697172997 ) ) ;
#4559 = VERTEX_POINT ( 'NONE', #4423 ) ;
#4560 = DIRECTION ( 'NONE',  ( 0.000000000000000000, 0.000000000000000000, 1.000000000000000000 ) ) ;
#4561 = CARTESIAN_POINT ( 'NONE',  ( -7.622700286390256430, 14.00000000000000178, -11.30365421397509351 ) ) ;
#4562 = CYLINDRICAL_SURFACE ( 'NONE', #3661, 0.9999999999999904521 ) ;
#4563 = VERTEX_POINT ( 'NONE', #5846 ) ;
#4564 = CARTESIAN_POINT ( 'NONE',  ( 14.45628997867803101, -2.500000000000000000, 3.149999999999999467 ) ) ;
#4565 = CARTESIAN_POINT ( 'NONE',  ( 24.30272951675684467, 38.98726658695547087, 4.121213456995637792 ) ) ;
#4566 = DIRECTION ( 'NONE',  ( 0.000000000000000000, 0.000000000000000000, 1.000000000000000000 ) ) ;
#4567 = DIRECTION ( 'NONE',  ( 0.000000000000000000, 1.000000000000000000, 0.000000000000000000 ) ) ;
#4568 = ORIENTED_EDGE ( 'NONE', *, *, #2700, .T. ) ;
#4569 = DIRECTION ( 'NONE',  ( 0.000000000000000000, 0.000000000000000000, 1.000000000000000000 ) ) ;
#4570 = ADVANCED_FACE ( 'NONE', ( #5315 ), #5788, .F. ) ;
#4571 = AXIS2_PLACEMENT_3D ( 'NONE', #2284, #2374, #2313 ) ;
#4572 = ORIENTED_EDGE ( 'NONE', *, *, #2055, .F. ) ;
#4573 = DIRECTION ( 'NONE',  ( 0.000000000000000000, -1.000000000000000000, -1.734723475976808574E-16 ) ) ;
#4574 = CARTESIAN_POINT ( 'NONE',  ( 0.000000000000000000, 0.000000000000000000, 0.000000000000000000 ) ) ;
#4575 = CARTESIAN_POINT ( 'NONE',  ( -20.97734123660994499, 36.86768746499086546, 26.35000000000000497 ) ) ;
#4576 = EDGE_LOOP ( 'NONE', ( #1888, #441, #499, #3210 ) ) ;
#4577 = AXIS2_PLACEMENT_3D ( 'NONE', #5470, #3274, #1428 ) ;
#4578 = AXIS2_PLACEMENT_3D ( 'NONE', #4043, #1782, #5404 ) ;
#4579 = LINE ( 'NONE', #2770, #3030 ) ;
#4580 = ORIENTED_EDGE ( 'NONE', *, *, #1532, .F. ) ;
#4581 = CIRCLE ( 'NONE', #2217, 0.9999999999999904521 ) ;
#4582 = EDGE_CURVE ( 'NONE', #2654, #3517, #5210, .T. ) ;
#4583 = VECTOR ( 'NONE', #3888, 1000.000000000000000 ) ;
#4584 = DIRECTION ( 'NONE',  ( 0.000000000000000000, 0.000000000000000000, 1.000000000000000000 ) ) ;
#4585 = CARTESIAN_POINT ( 'NONE',  ( -14.45628997867800791, 0.000000000000000000, -49.00079791768374804 ) ) ;
#4586 = CARTESIAN_POINT ( 'NONE',  ( -101.4516408518393717, 48.00000000000000000, -0.06049675528535178315 ) ) ;
#4587 = CARTESIAN_POINT ( 'NONE',  ( 18.31060644601977216, 48.00000000000000000, 38.52235112214060564 ) ) ;
#4588 = CARTESIAN_POINT ( 'NONE',  ( 14.45628997867803456, -7.900000000000003908, -2.449999999999993960 ) ) ;
#4589 = AXIS2_PLACEMENT_3D ( 'NONE', #923, #5100, #1916 ) ;
#4590 = ORIENTED_EDGE ( 'NONE', *, *, #2769, .T. ) ;
#4591 = EDGE_CURVE ( 'NONE', #2801, #3892, #5747, .T. ) ;
#4592 = ORIENTED_EDGE ( 'NONE', *, *, #3887, .T. ) ;
#4593 = CIRCLE ( 'NONE', #5832, 125.8238134383398972 ) ;
#4594 = ADVANCED_FACE ( 'NONE', ( #1678 ), #4212, .T. ) ;
#4595 = FACE_OUTER_BOUND ( 'NONE', #2564, .T. ) ;
#4596 = CARTESIAN_POINT ( 'NONE',  ( -14.04902050825416282, 42.00000000000000000, -14.29390775804907143 ) ) ;
#4597 = DIRECTION ( 'NONE',  ( -1.000000000000000000, -0.000000000000000000, 1.116774769942150345E-16 ) ) ;
#4598 = ORIENTED_EDGE ( 'NONE', *, *, #3618, .F. ) ;
#4599 = VECTOR ( 'NONE', #1021, 1000.000000000000000 ) ;
#4600 = AXIS2_PLACEMENT_3D ( 'NONE', #2252, #1284, #4908 ) ;
#4601 = CARTESIAN_POINT ( 'NONE',  ( -14.59999999999999432, 13.99999999999999822, 35.60000000000000853 ) ) ;
#4602 = CARTESIAN_POINT ( 'NONE',  ( 24.32513399547346111, 38.73693607941165595, 3.381414953149138203 ) ) ;
#4603 = CARTESIAN_POINT ( 'NONE',  ( 73.60888549489659738, 20.00000000000000000, -42.50566993001282157 ) ) ;
#4604 = DIRECTION ( 'NONE',  ( 0.000000000000000000, -0.000000000000000000, -1.000000000000000000 ) ) ;
#4605 = VERTEX_POINT ( 'NONE', #5711 ) ;
#4606 = DIRECTION ( 'NONE',  ( -0.000000000000000000, -0.000000000000000000, -1.000000000000000000 ) ) ;
#4607 = AXIS2_PLACEMENT_3D ( 'NONE', #890, #5314, #1245 ) ;
#4608 = VERTEX_POINT ( 'NONE', #1148 ) ;
#4609 = FACE_OUTER_BOUND ( 'NONE', #321, .T. ) ;
#4610 = CARTESIAN_POINT ( 'NONE',  ( -23.73012813603684279, 35.20174705937007786, 3.496338025970679109 ) ) ;
#4611 = CARTESIAN_POINT ( 'NONE',  ( -20.24193314910888120, 35.39374378718591174, 29.56973933879924132 ) ) ;
#4612 = ADVANCED_FACE ( 'NONE', ( #4655 ), #1615, .F. ) ;
#4613 = ORIENTED_EDGE ( 'NONE', *, *, #3750, .T. ) ;
#4614 = DIRECTION ( 'NONE',  ( 0.000000000000000000, 1.000000000000000000, 0.000000000000000000 ) ) ;
#4615 = VERTEX_POINT ( 'NONE', #1236 ) ;
#4616 = CARTESIAN_POINT ( 'NONE',  ( -10.44365425175164575, 13.99999999999999822, 20.99930208231626949 ) ) ;
#4617 = CARTESIAN_POINT ( 'NONE',  ( -2.866834657879416159, 3.000000000000000000, 38.52235112214061274 ) ) ;
#4618 = EDGE_CURVE ( 'NONE', #5026, #5330, #4350, .T. ) ;
#4619 = DIRECTION ( 'NONE',  ( 0.000000000000000000, -1.734723475976807094E-16, 1.000000000000000000 ) ) ;
#4620 = CARTESIAN_POINT ( 'NONE',  ( -2.866834657879416159, 12.92094751520460960, 20.99930208231626239 ) ) ;
#4621 = CARTESIAN_POINT ( 'NONE',  ( 14.56446220989492346, 30.06429343003839705, -11.50938633069684691 ) ) ;
#4622 = ORIENTED_EDGE ( 'NONE', *, *, #3039, .F. ) ;
#4623 = EDGE_CURVE ( 'NONE', #5838, #836, #639, .T. ) ;
#4624 = EDGE_LOOP ( 'NONE', ( #4707, #1219 ) ) ;
#4625 = CARTESIAN_POINT ( 'NONE',  ( 2.866834657879444581, 3.245342584092074212, 26.93767454618413026 ) ) ;
#4626 = CARTESIAN_POINT ( 'NONE',  ( -3.992101845530301674, 13.99999999999999645, -15.91338194400114858 ) ) ;
#4627 = FACE_BOUND ( 'NONE', #3384, .T. ) ;
#4628 = ORIENTED_EDGE ( 'NONE', *, *, #1493, .T. ) ;
#4629 = EDGE_CURVE ( 'NONE', #3307, #2417, #2549, .T. ) ;
#4630 = AXIS2_PLACEMENT_3D ( 'NONE', #3660, #2233, #4569 ) ;
#4631 = DIRECTION ( 'NONE',  ( 1.000000000000000000, 0.000000000000000000, -1.116774769942150345E-16 ) ) ;
#4632 = CARTESIAN_POINT ( 'NONE',  ( 24.33793209701112303, 38.32328400579223171, 2.876152969201383414 ) ) ;
#4633 = CARTESIAN_POINT ( 'NONE',  ( -8.836024629083905069, 13.99999999999999822, -11.94176396051995503 ) ) ;
#4634 = CARTESIAN_POINT ( 'NONE',  ( -14.49999999999999822, 34.00000000000000000, 7.148629685907792464 ) ) ;
#4635 = ORIENTED_EDGE ( 'NONE', *, *, #4290, .T. ) ;
#4636 = CARTESIAN_POINT ( 'NONE',  ( -19.05565286187923135, 21.65083053736274721, -38.64334463271136855 ) ) ;
#4637 = CIRCLE ( 'NONE', #1698, 40.00000000000000711 ) ;
#4638 = ORIENTED_EDGE ( 'NONE', *, *, #116, .T. ) ;
#4639 = PLANE ( 'NONE',  #1826 ) ;
#4640 = CARTESIAN_POINT ( 'NONE',  ( -31.88733761830489399, 20.00000000000000000, 20.66662904032490644 ) ) ;
#4641 = CIRCLE ( 'NONE', #5310, 4.999999999999997335 ) ;
#4642 = DIRECTION ( 'NONE',  ( -0.000000000000000000, -1.000000000000000000, -0.000000000000000000 ) ) ;
#4643 = EDGE_LOOP ( 'NONE', ( #931, #4340, #2370, #2995 ) ) ;
#4644 = LINE ( 'NONE', #74, #5679 ) ;
#4645 = B_SPLINE_SURFACE_WITH_KNOTS ( 'NONE', 3, 1, ( 
 ( #4987, #2786 ),
 ( #3227, #4561 ),
 ( #1014, #501 ),
 ( #4125, #1917 ),
 ( #4596, #2396 ),
 ( #1416, #924 ),
 ( #3293, #1891 ),
 ( #3707, #3678 ),
 ( #57, #1362 ),
 ( #4153, #4093 ),
 ( #5511, #1445 ),
 ( #4183, #4626 ),
 ( #1860, #4537 ),
 ( #537, #5458 ),
 ( #564, #3257 ),
 ( #476, #115 ),
 ( #2279, #2339 ),
 ( #5072, #2818 ),
 ( #1832, #2368 ),
 ( #3650, #1392 ),
 ( #3172, #3738 ),
 ( #5547, #1478 ),
 ( #1045, #3199 ),
 ( #5101, #2847 ),
 ( #4657, #5012 ),
 ( #593, #149 ),
 ( #3620, #3348 ),
 ( #2939, #2912 ),
 ( #1070, #5665 ),
 ( #178, #1129 ),
 ( #3821, #1623 ),
 ( #4747, #1981 ),
 ( #3770, #4332 ),
 ( #3439, #5577 ) ),
 .UNSPECIFIED., .F., .F., .F.,
 ( 4, 2, 2, 2, 2, 2, 2, 2, 2, 2, 2, 2, 2, 2, 2, 2, 4 ),
 ( 2, 2 ),
 ( 0.000000000000000000, 0.06250000000000000000, 0.1250000000000000000, 0.1875000000000000000, 0.2500000000000000000, 0.3125000000000000000, 0.3750000000000000000, 0.4375000000000000000, 0.5000000000000000000, 0.5625000000000000000, 0.6250000000000000000, 0.6875000000000000000, 0.7500000000000000000, 0.8125000000000000000, 0.8750000000000000000, 0.9375000000000000000, 1.000000000000000000 ),
 ( 0.000000000000000000, 1.000000000000000000 ),
 .UNSPECIFIED. ) ;
#4646 = ORIENTED_EDGE ( 'NONE', *, *, #2949, .F. ) ;
#4647 = LINE ( 'NONE', #1971, #1505 ) ;
#4648 = CARTESIAN_POINT ( 'NONE',  ( 33.98476260558511797, -2.500000000000000000, 3.149999999999999467 ) ) ;
#4649 = CARTESIAN_POINT ( 'NONE',  ( -14.49999999999999822, -2.500000000000000000, 3.149999999999999467 ) ) ;
#4650 = CARTESIAN_POINT ( 'NONE',  ( 20.89705851462868225, 23.76844998022960453, 29.94557681925506287 ) ) ;
#4651 = CARTESIAN_POINT ( 'NONE',  ( -14.45628997867800791, 0.000000000000000000, -49.00079791768374804 ) ) ;
#4652 = VERTEX_POINT ( 'NONE', #3875 ) ;
#4653 = ORIENTED_EDGE ( 'NONE', *, *, #3134, .T. ) ;
#4654 = EDGE_CURVE ( 'NONE', #1337, #5556, #5783, .T. ) ;
#4655 = FACE_OUTER_BOUND ( 'NONE', #4230, .T. ) ;
#4656 = DIRECTION ( 'NONE',  ( 0.000000000000000000, 1.000000000000000000, 0.000000000000000000 ) ) ;
#4657 = CARTESIAN_POINT ( 'NONE',  ( 10.69368365266668874, 42.00000000000000000, -20.18135329611084572 ) ) ;
#4658 = B_SPLINE_CURVE_WITH_KNOTS ( 'NONE', 3,
 ( #2039, #1100, #2431, #5218, #3855, #1531, #1593, #3411, #2966, #4776, #714, #2516, #267, #3884, #5693, #5248, #1186, #2999, #4808, #1746 ),
 .UNSPECIFIED., .F., .F.,
 ( 4, 2, 2, 2, 2, 2, 2, 2, 2, 4 ),
 ( 0.000000000000000000, 0.001000067979301292286, 0.002000135958602584571, 0.003000203937903876423, 0.003500237927554522566, 0.004000271917205169142, 0.005000339896506468366, 0.006000407875807767591, 0.007000475855109066815, 0.008000543834410366040 ),
 .UNSPECIFIED. ) ;
#4659 = CARTESIAN_POINT ( 'NONE',  ( 14.45628997867803456, 34.00000000000000000, 20.99930208231626239 ) ) ;
#4660 = ORIENTED_EDGE ( 'NONE', *, *, #235, .F. ) ;
#4661 = EDGE_CURVE ( 'NONE', #294, #2285, #2601, .T. ) ;
#4662 = FACE_OUTER_BOUND ( 'NONE', #3216, .T. ) ;
#4663 = CARTESIAN_POINT ( 'NONE',  ( -14.59999999999999787, 37.00000000000000711, 5.381466874697172109 ) ) ;
#4664 = DIRECTION ( 'NONE',  ( 0.000000000000000000, -0.8602915336341744323, -0.5098023903017325775 ) ) ;
#4665 = DIRECTION ( 'NONE',  ( 0.000000000000000000, -1.000000000000000000, 0.000000000000000000 ) ) ;
#4666 = ORIENTED_EDGE ( 'NONE', *, *, #4817, .F. ) ;
#4667 = CARTESIAN_POINT ( 'NONE',  ( -19.81692473967636303, 20.98803086133797891, -38.64334463271136855 ) ) ;
#4668 = EDGE_CURVE ( 'NONE', #1851, #2752, #2742, .T. ) ;
#4669 = ORIENTED_EDGE ( 'NONE', *, *, #389, .T. ) ;
#4670 = LINE ( 'NONE', #608, #1635 ) ;
#4671 = CARTESIAN_POINT ( 'NONE',  ( -23.72304635519324023, 35.10164054165625203, 3.738506468257582149 ) ) ;
#4672 = CARTESIAN_POINT ( 'NONE',  ( 14.45628997867803456, 12.92094751520460960, 20.99930208231626239 ) ) ;
#4673 = ADVANCED_FACE ( 'NONE', ( #4441 ), #4056, .T. ) ;
#4674 = CARTESIAN_POINT ( 'NONE',  ( -14.51875905242988907, 32.45778766430538553, -11.91882523971176866 ) ) ;
#4675 = VERTEX_POINT ( 'NONE', #4943 ) ;
#4676 = AXIS2_PLACEMENT_3D ( 'NONE', #4939, #372, #3625 ) ;
#4677 = B_SPLINE_CURVE_WITH_KNOTS ( 'NONE', 3,
 ( #1524, #1880, #3462, #1584, #1997, #2535, #2567, #2506 ),
 .UNSPECIFIED., .F., .F.,
 ( 4, 2, 2, 4 ),
 ( 0.003432454852100708283, 0.005474046387989229059, 0.006494842155933489014, 0.007515637923877748969 ),
 .UNSPECIFIED. ) ;
#4678 = FACE_OUTER_BOUND ( 'NONE', #3605, .T. ) ;
#4679 = LINE ( 'NONE', #3814, #2022 ) ;
#4680 = CC_DESIGN_PERSON_AND_ORGANIZATION_ASSIGNMENT ( #392, #364, ( #3368 ) ) ;
#4681 = CARTESIAN_POINT ( 'NONE',  ( 14.60000000000000497, 13.99999999999999822, 35.60000000000000853 ) ) ;
#4682 = CARTESIAN_POINT ( 'NONE',  ( -7.607469244717417034, 13.99999999999999822, -12.69511767106886602 ) ) ;
#4683 = ORIENTED_EDGE ( 'NONE', *, *, #1152, .F. ) ;
#4684 = EDGE_LOOP ( 'NONE', ( #1117, #1863, #5030, #5032 ) ) ;
#4685 = VECTOR ( 'NONE', #5127, 1000.000000000000000 ) ;
#4686 = AXIS2_PLACEMENT_3D ( 'NONE', #4543, #2758, #4158 ) ;
#4687 = VECTOR ( 'NONE', #5028, 1000.000000000000000 ) ;
#4688 = CARTESIAN_POINT ( 'NONE',  ( -14.45628997867800791, 6.029968894836457594, 4.455430711030026636 ) ) ;
#4689 = FACE_BOUND ( 'NONE', #53, .T. ) ;
#4690 = EDGE_CURVE ( 'NONE', #122, #2182, #1258, .T. ) ;
#4691 = DIRECTION ( 'NONE',  ( 0.000000000000000000, 1.000000000000000000, 0.000000000000000000 ) ) ;
#4692 = VERTEX_POINT ( 'NONE', #5862 ) ;
#4693 = VECTOR ( 'NONE', #4938, 1000.000000000000000 ) ;
#4694 = CARTESIAN_POINT ( 'NONE',  ( 5.714333978626775945, 13.83309526811285117, -14.06984793003052125 ) ) ;
#4695 = CARTESIAN_POINT ( 'NONE',  ( 24.31096630138544512, 38.93673521813765603, 3.865698492688085519 ) ) ;
#4696 = CARTESIAN_POINT ( 'NONE',  ( 20.69314403240939626, 37.89462242167076766, 30.14358072486417939 ) ) ;
#4697 = FACE_OUTER_BOUND ( 'NONE', #606, .T. ) ;
#4698 = AXIS2_PLACEMENT_3D ( 'NONE', #266, #2543, #4358 ) ;
#4699 = ORIENTED_EDGE ( 'NONE', *, *, #4728, .T. ) ;
#4700 = CARTESIAN_POINT ( 'NONE',  ( 5.315392759778834630, 14.00000000002460965, -14.59103307733185240 ) ) ;
#4701 = EDGE_CURVE ( 'NONE', #2254, #305, #3410, .T. ) ;
#4702 = DIRECTION ( 'NONE',  ( 1.000000000000000000, 0.000000000000000000, 0.000000000000000000 ) ) ;
#4703 = DIRECTION ( 'NONE',  ( 0.000000000000000000, 0.000000000000000000, -1.000000000000000000 ) ) ;
#4704 = CARTESIAN_POINT ( 'NONE',  ( -20.41082039242925816, 35.06271602282050281, 28.86350913684323416 ) ) ;
#4705 = CARTESIAN_POINT ( 'NONE',  ( 1.150704995792922514, 42.00000000000001421, -24.78575462300991461 ) ) ;
#4706 = VECTOR ( 'NONE', #2306, 1000.000000000000000 ) ;
#4707 = ORIENTED_EDGE ( 'NONE', *, *, #5724, .F. ) ;
#4708 = EDGE_CURVE ( 'NONE', #5251, #5638, #73, .T. ) ;
#4709 = EDGE_LOOP ( 'NONE', ( #4794, #5003, #4106, #1875 ) ) ;
#4710 = AXIS2_PLACEMENT_3D ( 'NONE', #4446, #4414, #3111 ) ;
#4711 = CARTESIAN_POINT ( 'NONE',  ( -5.988421630728534062, 13.99999999999999822, 20.99930208231626239 ) ) ;
#4712 = LINE ( 'NONE', #4585, #4782 ) ;
#4713 = DIRECTION ( 'NONE',  ( 0.000000000000000000, 0.000000000000000000, -1.000000000000000000 ) ) ;
#4714 = CARTESIAN_POINT ( 'NONE',  ( 24.25436018621351764, 26.73537949057564234, 5.384241240095292369 ) ) ;
#4715 = VERTEX_POINT ( 'NONE', #937 ) ;
#4716 = ORIENTED_EDGE ( 'NONE', *, *, #52, .F. ) ;
#4717 = LINE ( 'NONE', #1592, #1466 ) ;
#4718 = CARTESIAN_POINT ( 'NONE',  ( -33.98476260558511086, -2.500000000000000444, -5.650000000000000355 ) ) ;
#4719 = CARTESIAN_POINT ( 'NONE',  ( 102.0434606194388749, 25.00000000000000711, -0.06049675528537953872 ) ) ;
#4720 = VERTEX_POINT ( 'NONE', #3549 ) ;
#4721 = ADVANCED_FACE ( 'NONE', ( #4027 ), #4550, .T. ) ;
#4722 = FACE_OUTER_BOUND ( 'NONE', #892, .T. ) ;
#4723 = CARTESIAN_POINT ( 'NONE',  ( 22.93469212999459472, 20.02530200554149786, 38.52235112214061985 ) ) ;
#4724 = CARTESIAN_POINT ( 'NONE',  ( 21.47833085037784429, 38.23290853318103188, 26.76970704764572417 ) ) ;
#4725 = CARTESIAN_POINT ( 'NONE',  ( 21.56916100420945526, 25.00000000000000711, 26.35000000000000853 ) ) ;
#4726 = VERTEX_POINT ( 'NONE', #4917 ) ;
#4727 = CARTESIAN_POINT ( 'NONE',  ( -6.157426101268084651, 13.99999999999999822, -14.07963806262779549 ) ) ;
#4728 = EDGE_CURVE ( 'NONE', #5781, #5288, #2661, .T. ) ;
#4729 = DIRECTION ( 'NONE',  ( 0.000000000000000000, 0.000000000000000000, -1.000000000000000000 ) ) ;
#4730 = DIRECTION ( 'NONE',  ( 0.000000000000000000, -0.000000000000000000, 1.000000000000000000 ) ) ;
#4731 = CARTESIAN_POINT ( 'NONE',  ( -2.866834657879416159, 4.140249202425406061, 2.565255523207528920 ) ) ;
#4732 = ORIENTED_EDGE ( 'NONE', *, *, #124, .T. ) ;
#4733 = VECTOR ( 'NONE', #907, 1000.000000000000000 ) ;
#4734 = CARTESIAN_POINT ( 'NONE',  ( -13.66234191149223776, 41.86069505784442413, -15.37847592757984572 ) ) ;
#4735 = ORIENTED_EDGE ( 'NONE', *, *, #3864, .F. ) ;
#4736 = AXIS2_PLACEMENT_3D ( 'NONE', #3430, #5303, #3768 ) ;
#4737 = ORIENTED_EDGE ( 'NONE', *, *, #968, .F. ) ;
#4738 = CARTESIAN_POINT ( 'NONE',  ( -20.41097324509747679, 38.93740156185181434, 28.86285826397122989 ) ) ;
#4739 = DIRECTION ( 'NONE',  ( -1.387778780781446464E-15, 0.000000000000000000, 1.000000000000000000 ) ) ;
#4740 = EDGE_CURVE ( 'NONE', #1901, #4028, #385, .T. ) ;
#4741 = FACE_OUTER_BOUND ( 'NONE', #2483, .T. ) ;
#4742 = CARTESIAN_POINT ( 'NONE',  ( -17.71878667842027610, 25.00000000000000711, -38.64334463271136855 ) ) ;
#4743 = ORIENTED_EDGE ( 'NONE', *, *, #2218, .T. ) ;
#4744 = ORIENTED_EDGE ( 'NONE', *, *, #3044, .F. ) ;
#4745 = B_SPLINE_CURVE_WITH_KNOTS ( 'NONE', 3,
 ( #5678, #3484, #3841, #1230, #3396, #696, #3015, #4823, #4404, #342, #2143, #2500, #3961, #4314, #1608, #5770, #5800, #2170, #1732, #1257, #824, #3991 ),
 .UNSPECIFIED., .F., .F.,
 ( 4, 2, 2, 2, 2, 2, 2, 2, 2, 2, 4 ),
 ( 0.000000000000000000, 0.0008110166224973733252, 0.001622033244994746650, 0.002433049867492119867, 0.003244066489989494168, 0.004866099734984242337, 0.006488132979978989204, 0.009732199469968486408, 0.01054321609246585897, 0.01135423271496323154, 0.01297626595995797320 ),
 .UNSPECIFIED. ) ;
#4746 = CARTESIAN_POINT ( 'NONE',  ( -14.45628997867800791, 12.92094751520460960, 7.148629685907792464 ) ) ;
#4747 = CARTESIAN_POINT ( 'NONE',  ( 14.49051764130911124, 42.00000000000001421, -12.24864996120942706 ) ) ;
#4748 = FACE_OUTER_BOUND ( 'NONE', #5161, .T. ) ;
#4749 = ORIENTED_EDGE ( 'NONE', *, *, #4542, .F. ) ;
#4750 = DIRECTION ( 'NONE',  ( -0.000000000000000000, -1.000000000000000000, -0.000000000000000000 ) ) ;
#4751 = CARTESIAN_POINT ( 'NONE',  ( 56.09901130373780376, 20.00000000000000000, -3.435073731422685145E-15 ) ) ;
#4752 = CARTESIAN_POINT ( 'NONE',  ( 19.60000000000000142, 25.00000000000000355, 28.35000000000001208 ) ) ;
#4753 = CARTESIAN_POINT ( 'NONE',  ( 20.69314403240938915, 25.89462242167074990, 30.14358072486417939 ) ) ;
#4754 = ORIENTED_EDGE ( 'NONE', *, *, #4474, .T. ) ;
#4755 = FACE_OUTER_BOUND ( 'NONE', #5789, .T. ) ;
#4756 = LINE ( 'NONE', #3012, #425 ) ;
#4757 = CARTESIAN_POINT ( 'NONE',  ( -23.75665401403832178, 37.00000000000000711, 2.381466874697180991 ) ) ;
#4758 = DIRECTION ( 'NONE',  ( -0.000000000000000000, 1.000000000000000000, -0.000000000000000000 ) ) ;
#4759 = ORIENTED_EDGE ( 'NONE', *, *, #2366, .F. ) ;
#4760 = CARTESIAN_POINT ( 'NONE',  ( -2.866834657879416159, 0.000000000000000000, -38.64334463271136855 ) ) ;
#4761 = EDGE_CURVE ( 'NONE', #3076, #1204, #5471, .T. ) ;
#4762 = CARTESIAN_POINT ( 'NONE',  ( -23.69730982959451282, 27.00008340880598112, 4.512038573384733020 ) ) ;
#4763 = ORIENTED_EDGE ( 'NONE', *, *, #4344, .T. ) ;
#4764 = VERTEX_POINT ( 'NONE', #3081 ) ;
#4765 = CARTESIAN_POINT ( 'NONE',  ( -20.59071760010927221, 39.00028428715943107, 28.09197582810167404 ) ) ;
#4766 = CARTESIAN_POINT ( 'NONE',  ( -23.92397438211487071, 23.67478740602897247, 2.877807059078747010 ) ) ;
#4767 = CARTESIAN_POINT ( 'NONE',  ( 24.20782859692441846, 36.73681480937651145, 6.368377303407352308 ) ) ;
#4768 = DIRECTION ( 'NONE',  ( -0.000000000000000000, 1.000000000000000000, -0.000000000000000000 ) ) ;
#4769 = DIRECTION ( 'NONE',  ( 0.000000000000000000, -1.000000000000000000, 0.000000000000000000 ) ) ;
#4770 = ORIENTED_EDGE ( 'NONE', *, *, #852, .F. ) ;
#4771 = EDGE_LOOP ( 'NONE', ( #5176, #5136 ) ) ;
#4772 = EDGE_CURVE ( 'NONE', #5280, #2801, #3693, .T. ) ;
#4773 = CIRCLE ( 'NONE', #30, 4.999999999999997335 ) ;
#4774 = AXIS2_PLACEMENT_3D ( 'NONE', #5356, #3127, #5383 ) ;
#4775 = CARTESIAN_POINT ( 'NONE',  ( -19.59999999999999787, 37.00000000000000711, 4.381466874697181879 ) ) ;
#4776 = CARTESIAN_POINT ( 'NONE',  ( -19.05966123744462948, 21.65846702695732162, 38.52235112214061985 ) ) ;
#4777 = CARTESIAN_POINT ( 'NONE',  ( 0.000000000000000000, 20.00000000000000000, 0.000000000000000000 ) ) ;
#4778 = AXIS2_PLACEMENT_3D ( 'NONE', #3381, #204, #626 ) ;
#4779 = ORIENTED_EDGE ( 'NONE', *, *, #2667, .F. ) ;
#4780 = AXIS2_PLACEMENT_3D ( 'NONE', #4336, #1073, #1510 ) ;
#4781 = ADVANCED_FACE ( 'NONE', ( #404 ), #5444, .T. ) ;
#4782 = VECTOR ( 'NONE', #2808, 1000.000000000000000 ) ;
#4783 = DIRECTION ( 'NONE',  ( 1.000000000000000000, 0.000000000000000000, 0.000000000000000000 ) ) ;
#4784 = CARTESIAN_POINT ( 'NONE',  ( -17.71878667842027610, -70.95718940385208384, -38.64334463271136855 ) ) ;
#4785 = FACE_OUTER_BOUND ( 'NONE', #2555, .T. ) ;
#4786 = CARTESIAN_POINT ( 'NONE',  ( 20.64190408507750973, 25.00000000000000711, 30.35000000000000497 ) ) ;
#4787 = ORIENTED_EDGE ( 'NONE', *, *, #5170, .F. ) ;
#4788 = AXIS2_PLACEMENT_3D ( 'NONE', #4556, #495, #4115 ) ;
#4789 = DIRECTION ( 'NONE',  ( 1.000000000000000000, -0.000000000000000000, -1.116774769942150345E-16 ) ) ;
#4790 = CARTESIAN_POINT ( 'NONE',  ( -23.75464140634026222, 36.35574728020085189, 2.483531294567893788 ) ) ;
#4791 = DIRECTION ( 'NONE',  ( 0.000000000000000000, -0.000000000000000000, 1.000000000000000000 ) ) ;
#4792 = CARTESIAN_POINT ( 'NONE',  ( 21.56916100420948013, 24.86548340112130262, 26.34999999999999787 ) ) ;
#4793 = CARTESIAN_POINT ( 'NONE',  ( -14.57887368086511515, 27.56313834604728896, -11.31730151966671372 ) ) ;
#4794 = ORIENTED_EDGE ( 'NONE', *, *, #2526, .F. ) ;
#4795 = AXIS2_PLACEMENT_3D ( 'NONE', #3746, #5134, #3234 ) ;
#4796 = EDGE_CURVE ( 'NONE', #628, #4447, #5387, .T. ) ;
#4797 = EDGE_LOOP ( 'NONE', ( #5760, #1935, #1213, #5270 ) ) ;
#4798 = CARTESIAN_POINT ( 'NONE',  ( -20.75646672398670844, 38.74201252952087060, 27.35888076533426627 ) ) ;
#4799 = CARTESIAN_POINT ( 'NONE',  ( 19.59999999999999787, 37.00000000000000711, 6.381466874697178326 ) ) ;
#4800 = CARTESIAN_POINT ( 'NONE',  ( 24.34847378163783915, 36.86781120827280489, 2.381466874697176550 ) ) ;
#4801 = AXIS2_PLACEMENT_3D ( 'NONE', #268, #5725, #3000 ) ;
#4802 = CARTESIAN_POINT ( 'NONE',  ( -27.06062130130468191, 20.00813460914671893, -19.32921595365956691 ) ) ;
#4803 = CARTESIAN_POINT ( 'NONE',  ( 14.59999999999999964, 48.00000000000000000, -11.00000000000000000 ) ) ;
#4804 = ORIENTED_EDGE ( 'NONE', *, *, #3725, .T. ) ;
#4805 = EDGE_LOOP ( 'NONE', ( #3335, #1956, #1611, #2319, #3562, #5494, #1947, #4163, #5592, #396, #2814, #406, #699, #1465, #4268, #1266 ) ) ;
#4806 = CIRCLE ( 'NONE', #5082, 2.000000000000000000 ) ;
#4807 = CARTESIAN_POINT ( 'NONE',  ( 0.000000000000000000, 0.000000000000000000, -38.64334463271136855 ) ) ;
#4808 = CARTESIAN_POINT ( 'NONE',  ( -22.62363644153770537, 20.00000000000000000, 38.52235112214059143 ) ) ;
#4809 = ADVANCED_FACE ( 'NONE', ( #4678 ), #1002, .F. ) ;
#4810 = DIRECTION ( 'NONE',  ( 0.000000000000000000, 1.000000000000000000, 1.734723475976808327E-16 ) ) ;
#4811 = ORIENTED_EDGE ( 'NONE', *, *, #775, .T. ) ;
#4812 = CARTESIAN_POINT ( 'NONE',  ( 31.88733761830489399, 20.00000000000000000, -20.66662904032490644 ) ) ;
#4813 = CARTESIAN_POINT ( 'NONE',  ( 20.27455196190426534, 21.09711717534381492, 38.52235112214059853 ) ) ;
#4814 = CARTESIAN_POINT ( 'NONE',  ( 21.39625166296146475, 38.60014748737339829, 27.14317434546106611 ) ) ;
#4815 = EDGE_CURVE ( 'NONE', #1431, #2188, #4072, .T. ) ;
#4816 = CARTESIAN_POINT ( 'NONE',  ( 21.18172721835519212, 26.98779338292610674, 28.09453615138595595 ) ) ;
#4817 = EDGE_CURVE ( 'NONE', #4156, #4720, #4647, .T. ) ;
#4818 = ORIENTED_EDGE ( 'NONE', *, *, #279, .F. ) ;
#4819 = B_SPLINE_CURVE_WITH_KNOTS ( 'NONE', 3,
 ( #1062, #3219, #106, #2422 ),
 .UNSPECIFIED., .F., .F.,
 ( 4, 4 ),
 ( 0.000000000000000000, 0.006902238972571023493 ),
 .UNSPECIFIED. ) ;
#4820 = DIRECTION ( 'NONE',  ( 0.000000000000000000, 0.000000000000000000, 1.000000000000000000 ) ) ;
#4821 = CARTESIAN_POINT ( 'NONE',  ( 19.59999999999999787, 25.00000000000000355, 3.381466874697178771 ) ) ;
#4822 = FACE_OUTER_BOUND ( 'NONE', #3994, .T. ) ;
#4823 = CARTESIAN_POINT ( 'NONE',  ( 14.45628997867803456, 4.135272557167698260, 25.58864895857282207 ) ) ;
#4824 = CARTESIAN_POINT ( 'NONE',  ( -23.65304631020605797, 26.59191724775515908, 5.599184754978886680 ) ) ;
#4825 = ORIENTED_EDGE ( 'NONE', *, *, #288, .F. ) ;
#4826 = ORIENTED_EDGE ( 'NONE', *, *, #1224, .F. ) ;
#4827 = CARTESIAN_POINT ( 'NONE',  ( -20.47032132689458095, 38.98713973983586101, 28.61043053806050196 ) ) ;
#4828 = CARTESIAN_POINT ( 'NONE',  ( -23.64005617581665319, 24.47173651826923901, 6.328252527758818857 ) ) ;
#4829 = VECTOR ( 'NONE', #4614, 1000.000000000000000 ) ;
#4830 = FACE_OUTER_BOUND ( 'NONE', #900, .T. ) ;
#4831 = ORIENTED_EDGE ( 'NONE', *, *, #1576, .T. ) ;
#4832 = CARTESIAN_POINT ( 'NONE',  ( -14.45628997867800614, 7.799917731161410295, 22.45465077178841895 ) ) ;
#4833 = CARTESIAN_POINT ( 'NONE',  ( -14.59999999999999964, 13.99999999999999822, -10.99999999999999645 ) ) ;
#4834 = ORIENTED_EDGE ( 'NONE', *, *, #2375, .T. ) ;
#4835 = VERTEX_POINT ( 'NONE', #2773 ) ;
#4836 = VECTOR ( 'NONE', #583, 1000.000000000000000 ) ;
#4837 = CARTESIAN_POINT ( 'NONE',  ( -14.49999999999999822, 13.99999999999999822, 0.000000000000000000 ) ) ;
#4838 = DIRECTION ( 'NONE',  ( 0.000000000000000000, 0.000000000000000000, 1.000000000000000000 ) ) ;
#4839 = CARTESIAN_POINT ( 'NONE',  ( 19.60000000000000142, 37.00000000000000711, 27.35000000000001563 ) ) ;
#4840 = EDGE_CURVE ( 'NONE', #2028, #2457, #5061, .T. ) ;
#4841 = VERTEX_POINT ( 'NONE', #3698 ) ;
#4842 = DIRECTION ( 'NONE',  ( 0.000000000000000000, 0.000000000000000000, 1.000000000000000000 ) ) ;
#4843 = CARTESIAN_POINT ( 'NONE',  ( -21.07622879135822913, 23.37311112586514739, 27.15598837752423478 ) ) ;
#4844 = DIRECTION ( 'NONE',  ( 1.000000000000000000, -0.000000000000000000, -1.116774769942150345E-16 ) ) ;
#4845 = ORIENTED_EDGE ( 'NONE', *, *, #1326, .T. ) ;
#4846 = EDGE_CURVE ( 'NONE', #4319, #3048, #666, .T. ) ;
#4847 = CARTESIAN_POINT ( 'NONE',  ( -31.88733761830489399, 10.00000000000000000, -25.66662904032490289 ) ) ;
#4848 = DIRECTION ( 'NONE',  ( 1.000000000000000000, 0.000000000000000000, 0.000000000000000000 ) ) ;
#4849 = DIRECTION ( 'NONE',  ( 0.000000000000000000, 1.000000000000000000, 0.000000000000000000 ) ) ;
#4850 = CARTESIAN_POINT ( 'NONE',  ( -49.52762154881772005, 20.00000000000000000, 10.56677942393415037 ) ) ;
#4851 = CYLINDRICAL_SURFACE ( 'NONE', #2072, 2.000000000000000000 ) ;
#4852 = ORIENTED_EDGE ( 'NONE', *, *, #630, .F. ) ;
#4853 = ORIENTED_EDGE ( 'NONE', *, *, #5098, .T. ) ;
#4854 = EDGE_CURVE ( 'NONE', #4071, #5103, #2269, .T. ) ;
#4855 = CARTESIAN_POINT ( 'NONE',  ( 102.0434606194388749, 25.00000000000000711, -0.06049675528537953872 ) ) ;
#4856 = DIRECTION ( 'NONE',  ( 0.000000000000000000, 1.000000000000000000, -0.000000000000000000 ) ) ;
#4857 = DIRECTION ( 'NONE',  ( 0.000000000000000000, 0.000000000000000000, 1.000000000000000000 ) ) ;
#4858 = CARTESIAN_POINT ( 'NONE',  ( -14.45628997867800969, 7.343190041614891861, 22.73466314856940684 ) ) ;
#4859 = CARTESIAN_POINT ( 'NONE',  ( 19.49428966831447951, 21.82273064158471243, -38.64334463271136855 ) ) ;
#4860 = ORIENTED_EDGE ( 'NONE', *, *, #4344, .F. ) ;
#4861 = EDGE_LOOP ( 'NONE', ( #4902, #3786, #4539, #5745, #547 ) ) ;
#4862 = CARTESIAN_POINT ( 'NONE',  ( 53.86426032307242906, 20.00000000000000000, 7.297043333954690958 ) ) ;
#4863 = CARTESIAN_POINT ( 'NONE',  ( -23.61533586037843691, 25.00000000000000711, 6.381466874697182767 ) ) ;
#4864 = CARTESIAN_POINT ( 'NONE',  ( -19.59999999999999787, 37.00000000000000711, 2.381466874697180547 ) ) ;
#4865 = DIRECTION ( 'NONE',  ( 0.000000000000000000, 0.000000000000000000, 1.000000000000000000 ) ) ;
#4866 = ORIENTED_EDGE ( 'NONE', *, *, #1716, .F. ) ;
#4867 = VECTOR ( 'NONE', #1959, 1000.000000000000000 ) ;
#4868 = EDGE_CURVE ( 'NONE', #1278, #231, #2866, .T. ) ;
#4869 = AXIS2_PLACEMENT_3D ( 'NONE', #4026, #4916, #2717 ) ;
#4870 = CIRCLE ( 'NONE', #4578, 130.8238134383398972 ) ;
#4871 = DIRECTION ( 'NONE',  ( -1.000000000000000000, 0.000000000000000000, 1.116774769942150345E-16 ) ) ;
#4872 = CARTESIAN_POINT ( 'NONE',  ( -20.35207820698150982, 23.68264315503254025, 29.86002800374020794 ) ) ;
#4873 = FACE_OUTER_BOUND ( 'NONE', #2419, .T. ) ;
#4874 = ORIENTED_EDGE ( 'NONE', *, *, #2871, .T. ) ;
#4875 = AXIS2_PLACEMENT_3D ( 'NONE', #2984, #1580, #2023 ) ;
#4876 = CC_DESIGN_APPROVAL ( #474, ( #1751 ) ) ;
#4877 = DIRECTION ( 'NONE',  ( -0.000000000000000000, 1.000000000000000000, -0.000000000000000000 ) ) ;
#4878 = CARTESIAN_POINT ( 'NONE',  ( 21.06170412828149097, 35.01308820206232753, 28.61229880535085357 ) ) ;
#4879 = DIRECTION ( 'NONE',  ( 0.000000000000000000, 0.000000000000000000, 1.000000000000000000 ) ) ;
#4880 = CIRCLE ( 'NONE', #2612, 4.999999999999997335 ) ;
#4881 = CARTESIAN_POINT ( 'NONE',  ( -45.00000000000000000, 48.00000000000000000, 0.000000000000000000 ) ) ;
#4882 = EDGE_CURVE ( 'NONE', #2254, #3048, #617, .T. ) ;
#4883 = DIRECTION ( 'NONE',  ( 7.955998668978197293E-15, 0.000000000000000000, 1.000000000000000000 ) ) ;
#4884 = ORIENTED_EDGE ( 'NONE', *, *, #2891, .T. ) ;
#4885 = AXIS2_PLACEMENT_3D ( 'NONE', #2244, #324, #4898 ) ;
#4886 = ORIENTED_EDGE ( 'NONE', *, *, #2442, .T. ) ;
#4887 = CARTESIAN_POINT ( 'NONE',  ( 31.88733761830489399, 10.00000000000000000, 20.66662904032490644 ) ) ;
#4888 = CARTESIAN_POINT ( 'NONE',  ( -45.00000000000000000, 13.99999999999999822, 0.000000000000000000 ) ) ;
#4889 = ORIENTED_EDGE ( 'NONE', *, *, #573, .F. ) ;
#4890 = VERTEX_POINT ( 'NONE', #2358 ) ;
#4891 = EDGE_CURVE ( 'NONE', #4431, #5288, #4819, .T. ) ;
#4892 = CARTESIAN_POINT ( 'NONE',  ( 27.25655120421503241, 20.00000000000000355, 22.56826842586674786 ) ) ;
#4893 = CARTESIAN_POINT ( 'NONE',  ( 2.866834657879444137, 12.92094751520460960, 20.99930208231626239 ) ) ;
#4894 = CIRCLE ( 'NONE', #524, 3.499999999999999556 ) ;
#4895 = EDGE_CURVE ( 'NONE', #5280, #2794, #4236, .T. ) ;
#4896 = ORIENTED_EDGE ( 'NONE', *, *, #5834, .T. ) ;
#4897 = VECTOR ( 'NONE', #3433, 1000.000000000000000 ) ;
#4898 = DIRECTION ( 'NONE',  ( 0.000000000000000000, 0.000000000000000000, 1.000000000000000000 ) ) ;
#4899 = DIRECTION ( 'NONE',  ( -0.000000000000000000, -1.000000000000000000, -0.000000000000000000 ) ) ;
#4900 = DIRECTION ( 'NONE',  ( -0.000000000000000000, -1.000000000000000000, -0.000000000000000000 ) ) ;
#4901 = CYLINDRICAL_SURFACE ( 'NONE', #3883, 6.064264837034162525 ) ;
#4902 = ORIENTED_EDGE ( 'NONE', *, *, #5450, .F. ) ;
#4903 = AXIS2_PLACEMENT_3D ( 'NONE', #594, #2399, #4216 ) ;
#4904 =( BOUNDED_SURFACE ( )  B_SPLINE_SURFACE ( 3, 2, ( 
 ( #5669, #3773, #2882 ),
 ( #660, #3414, #1536 ),
 ( #4304, #2464, #1160 ),
 ( #209, #5696, #2010 ),
 ( #720, #182, #4275 ),
 ( #1569, #5641, #632 ),
 ( #2522, #749, #271 ),
 ( #4694, #2075, #1626 ) ),
 .UNSPECIFIED., .F., .F., .F. ) 
 B_SPLINE_SURFACE_WITH_KNOTS ( ( 4, 2, 2, 4 ),
 ( 3, 3 ),
 ( 0.03376070422825917100, 0.04861588779100853297, 0.05604347957238321742, 0.06347107135375790188 ),
 ( 0.000000000000000000, 1.000000000000000000 ),
 .UNSPECIFIED. ) 
 GEOMETRIC_REPRESENTATION_ITEM ( )  RATIONAL_B_SPLINE_SURFACE ( (
 ( 1.000000000000000000, 0.8308803425244164487, 1.000000000000000000),
 ( 1.000000000000000000, 0.8389362560011918157, 1.000000000000000000),
 ( 1.000000000000000000, 0.8480975887506105870, 1.000000000000000000),
 ( 1.000000000000000000, 0.8646120491451229073, 1.000000000000000000),
 ( 1.000000000000000000, 0.8705810175599673073, 1.000000000000000000),
 ( 1.000000000000000000, 0.8837450765530543428, 1.000000000000000000),
 ( 1.000000000000000000, 0.8909450025293081943, 1.000000000000000000),
 ( 1.000000000000000000, 0.8989630161319726032, 1.000000000000000000) ) ) 
 REPRESENTATION_ITEM ( '' )  SURFACE ( )  );
#4905 = CARTESIAN_POINT ( 'NONE',  ( 18.31060644601977216, -70.95718940385208384, 38.52235112214060564 ) ) ;
#4906 = CARTESIAN_POINT ( 'NONE',  ( -17.71878667842027610, -70.95718940385208384, -38.64334463271136855 ) ) ;
#4907 = CARTESIAN_POINT ( 'NONE',  ( -21.05377747957345136, 23.65323632701817758, 26.86529955883881726 ) ) ;
#4908 = DIRECTION ( 'NONE',  ( 0.000000000000000000, 0.000000000000000000, -1.000000000000000000 ) ) ;
#4909 = ORIENTED_EDGE ( 'NONE', *, *, #2504, .T. ) ;
#4910 = CARTESIAN_POINT ( 'NONE',  ( 19.59999999999999787, 25.00000000000000355, 2.381466874697177882 ) ) ;
#4911 = CARTESIAN_POINT ( 'NONE',  ( 21.47874387236211291, 35.76953394871615188, 26.76781395135156316 ) ) ;
#4912 = CARTESIAN_POINT ( 'NONE',  ( 24.34847378163783205, 25.00000000000000711, 2.381466874697177882 ) ) ;
#4913 = DIRECTION ( 'NONE',  ( 0.000000000000000000, 1.000000000000000000, 0.000000000000000000 ) ) ;
#4914 = EDGE_CURVE ( 'NONE', #3277, #5393, #3032, .T. ) ;
#4915 = VERTEX_POINT ( 'NONE', #5034 ) ;
#4916 = DIRECTION ( 'NONE',  ( 1.000000000000000000, 0.000000000000000000, -1.116774769942150345E-16 ) ) ;
#4917 = CARTESIAN_POINT ( 'NONE',  ( 14.45628997867803456, 0.000000000000000000, -38.64334463271136855 ) ) ;
#4918 = DIRECTION ( 'NONE',  ( 0.000000000000000000, 1.000000000000000000, 0.000000000000000000 ) ) ;
#4919 = CARTESIAN_POINT ( 'NONE',  ( 26.88872368344522457, 20.07507322504903513, 20.39312249328185445 ) ) ;
#4920 = CARTESIAN_POINT ( 'NONE',  ( 14.45628997867803278, -7.900000000000003908, 2.449999999999998401 ) ) ;
#4921 = ORIENTED_EDGE ( 'NONE', *, *, #4456, .F. ) ;
#4922 = EDGE_CURVE ( 'NONE', #1743, #4381, #1032, .T. ) ;
#4923 = ADVANCED_FACE ( 'NONE', ( #47 ), #169, .F. ) ;
#4924 = CARTESIAN_POINT ( 'NONE',  ( 53.86426032307243617, 0.000000000000000000, 7.297043333954690958 ) ) ;
#4925 = CARTESIAN_POINT ( 'NONE',  ( -23.69249553581102319, 38.98716958173569935, 4.642448705373539042 ) ) ;
#4926 = DIRECTION ( 'NONE',  ( 1.000000000000000000, -0.000000000000000000, -1.116774769942150345E-16 ) ) ;
#4927 = CIRCLE ( 'NONE', #2356, 6.064264837034162525 ) ;
#4928 = DIRECTION ( 'NONE',  ( 0.000000000000000000, 1.000000000000000000, 0.000000000000000000 ) ) ;
#4929 = VERTEX_POINT ( 'NONE', #2329 ) ;
#4930 = VECTOR ( 'NONE', #41, 1000.000000000000000 ) ;
#4931 = CARTESIAN_POINT ( 'NONE',  ( -45.00000000000000000, 48.00000000000000000, -7.273499999999998522 ) ) ;
#4932 = CARTESIAN_POINT ( 'NONE',  ( -20.97546052902462321, 22.99676899277757514, 28.28679302685859653 ) ) ;
#4933 = DIRECTION ( 'NONE',  ( 0.000000000000000000, 0.000000000000000000, -1.000000000000000000 ) ) ;
#4934 = ORIENTED_EDGE ( 'NONE', *, *, #2802, .F. ) ;
#4935 = ORIENTED_EDGE ( 'NONE', *, *, #1332, .F. ) ;
#4936 =( BOUNDED_CURVE ( )  B_SPLINE_CURVE ( 3, ( #1157, #685, #4244, #4359 ),
 .UNSPECIFIED., .F., .F. ) 
 B_SPLINE_CURVE_WITH_KNOTS ( ( 4, 4 ),
 ( 2.652715756386876400, 3.630469550792709832 ),
 .UNSPECIFIED. ) 
 CURVE ( )  GEOMETRIC_REPRESENTATION_ITEM ( )  RATIONAL_B_SPLINE_CURVE ( ( 1.000000000000000000, 0.9219072421872047673, 0.9219072421872047673, 1.000000000000000000 ) ) 
 REPRESENTATION_ITEM ( '' )  );
#4937 = CARTESIAN_POINT ( 'NONE',  ( 14.60000000000000497, 37.00000000000000711, 28.35000000000001208 ) ) ;
#4938 = DIRECTION ( 'NONE',  ( 1.000000000000000000, 0.000000000000000000, 0.000000000000000000 ) ) ;
#4939 = CARTESIAN_POINT ( 'NONE',  ( 31.88733761830489399, 48.00000000000000000, -20.66662904032490644 ) ) ;
#4940 = CARTESIAN_POINT ( 'NONE',  ( 14.60000000000000142, 37.00000000000000711, 4.381466874697178326 ) ) ;
#4941 = ORIENTED_EDGE ( 'NONE', *, *, #5410, .T. ) ;
#4942 = DIRECTION ( 'NONE',  ( 1.000000000000000000, 0.000000000000000000, 0.000000000000000000 ) ) ;
#4943 = CARTESIAN_POINT ( 'NONE',  ( -31.88733761830489399, 0.000000000000000000, -17.16662904032490644 ) ) ;
#4944 = CYLINDRICAL_SURFACE ( 'NONE', #5157, 11.11567787102364591 ) ;
#4945 = ADVANCED_FACE ( 'NONE', ( #1942 ), #1496, .F. ) ;
#4946 = CARTESIAN_POINT ( 'NONE',  ( -31.88733761830489399, 10.00000000000000000, -20.66662904032490644 ) ) ;
#4947 = ORIENTED_EDGE ( 'NONE', *, *, #2809, .F. ) ;
#4948 = CARTESIAN_POINT ( 'NONE',  ( 45.00000000000000000, 13.99999999999999822, 3.299999999999974065 ) ) ;
#4949 = CARTESIAN_POINT ( 'NONE',  ( -8.661562318278711814, 1.212141125398237484, 0.1486296859077931853 ) ) ;
#4950 = CARTESIAN_POINT ( 'NONE',  ( 2.866834657879443693, 12.37605014959657090, 7.148629685907793352 ) ) ;
#4951 = EDGE_CURVE ( 'NONE', #1976, #2727, #3728, .T. ) ;
#4952 = VERTEX_POINT ( 'NONE', #4145 ) ;
#4953 = APPROVAL_ROLE ( '' ) ;
#4954 = CARTESIAN_POINT ( 'NONE',  ( -14.49999999999999822, 34.00000000000000000, 7.148629685907792464 ) ) ;
#4955 = CARTESIAN_POINT ( 'NONE',  ( -20.97734123660993077, 25.00000000000000711, 26.35000000000001563 ) ) ;
#4956 = LINE ( 'NONE', #3064, #1950 ) ;
#4957 = EDGE_LOOP ( 'NONE', ( #4653, #3633 ) ) ;
#4958 = EDGE_CURVE ( 'NONE', #483, #580, #4677, .T. ) ;
#4959 = VECTOR ( 'NONE', #2930, 1000.000000000000000 ) ;
#4960 = CIRCLE ( 'NONE', #5146, 44.99999999999993605 ) ;
#4961 = DIRECTION ( 'NONE',  ( -0.000000000000000000, 1.000000000000000000, -0.000000000000000000 ) ) ;
#4962 = CARTESIAN_POINT ( 'NONE',  ( -33.98476260558511086, -2.500000000000000000, 3.149999999999999467 ) ) ;
#4963 = CARTESIAN_POINT ( 'NONE',  ( 73.60888549489658317, 20.00000000000000000, 42.50566993001280736 ) ) ;
#4964 = ORIENTED_EDGE ( 'NONE', *, *, #3832, .F. ) ;
#4965 = DIRECTION ( 'NONE',  ( 0.000000000000000000, 0.000000000000000000, 1.000000000000000000 ) ) ;
#4966 = AXIS2_PLACEMENT_3D ( 'NONE', #3801, #5610, #211 ) ;
#4967 = LOCAL_TIME ( 10, 54, 4.000000000000000000, #1390 ) ;
#4968 = VECTOR ( 'NONE', #4789, 1000.000000000000000 ) ;
#4969 = ORIENTED_EDGE ( 'NONE', *, *, #3281, .F. ) ;
#4970 = VECTOR ( 'NONE', #2839, 1000.000000000000000 ) ;
#4971 = DIRECTION ( 'NONE',  ( 0.000000000000000000, 0.000000000000000000, 1.000000000000000000 ) ) ;
#4972 = DIRECTION ( 'NONE',  ( 1.000000000000000000, 0.000000000000000000, -0.000000000000000000 ) ) ;
#4973 = ORIENTED_EDGE ( 'NONE', *, *, #3290, .F. ) ;
#4974 = EDGE_LOOP ( 'NONE', ( #652, #5260, #784, #4417, #2580 ) ) ;
#4975 = CARTESIAN_POINT ( 'NONE',  ( 23.26198411444542558, 20.00734918855004452, -38.52189342909283454 ) ) ;
#4976 = ORIENTED_EDGE ( 'NONE', *, *, #2248, .F. ) ;
#4977 = AXIS2_PLACEMENT_3D ( 'NONE', #2846, #536, #1952 ) ;
#4978 = EDGE_CURVE ( 'NONE', #2123, #3277, #4288, .T. ) ;
#4979 = CIRCLE ( 'NONE', #3267, 39.99999999999999289 ) ;
#4980 = PLANE ( 'NONE',  #820 ) ;
#4981 = CARTESIAN_POINT ( 'NONE',  ( -19.59999999999999432, 25.00000000000000355, 27.35000000000001563 ) ) ;
#4982 = DIRECTION ( 'NONE',  ( 0.000000000000000000, 0.8602915336341739883, -0.5098023903017332437 ) ) ;
#4983 = ORIENTED_EDGE ( 'NONE', *, *, #4796, .T. ) ;
#4984 = CIRCLE ( 'NONE', #5456, 1.999999999999998224 ) ;
#4985 = ADVANCED_FACE ( 'NONE', ( #3429 ), #314, .F. ) ;
#4986 = CARTESIAN_POINT ( 'NONE',  ( 2.866834657879444137, 3.656905854172832093, 26.22775499289847190 ) ) ;
#4987 = CARTESIAN_POINT ( 'NONE',  ( -14.59999999999999964, 42.00000000000000000, -10.99999999999999822 ) ) ;
#4988 = CARTESIAN_POINT ( 'NONE',  ( -14.49999999999999822, 13.99999999999999822, 7.148629685907792464 ) ) ;
#4989 = AXIS2_PLACEMENT_3D ( 'NONE', #2225, #395, #3 ) ;
#4990 = ORIENTED_EDGE ( 'NONE', *, *, #2259, .F. ) ;
#4991 = AXIS2_PLACEMENT_3D ( 'NONE', #1774, #4472, #1683 ) ;
#4992 = ADVANCED_FACE ( 'NONE', ( #227 ), #3813, .T. ) ;
#4993 = DIRECTION ( 'NONE',  ( 0.000000000000000000, 0.000000000000000000, 1.000000000000000000 ) ) ;
#4994 = DIRECTION ( 'NONE',  ( 0.000000000000000000, 0.000000000000000000, 1.000000000000000000 ) ) ;
#4995 = CARTESIAN_POINT ( 'NONE',  ( 24.57155120620960176, 23.47103999090207438, 3.082488984007474286 ) ) ;
#4996 = EDGE_CURVE ( 'NONE', #2151, #4915, #208, .T. ) ;
#4997 = ORIENTED_EDGE ( 'NONE', *, *, #269, .T. ) ;
#4998 = CARTESIAN_POINT ( 'NONE',  ( 73.60888549489659738, 0.000000000000000000, -42.50566993001282157 ) ) ;
#4999 = EDGE_LOOP ( 'NONE', ( #5151, #4759 ) ) ;
#5000 = CARTESIAN_POINT ( 'NONE',  ( 14.45628997867803456, 2.999999999999998224, -38.64334463271136855 ) ) ;
#5001 = CARTESIAN_POINT ( 'NONE',  ( -33.98476260558511086, 0.000000000000000000, -3.149999999999999911 ) ) ;
#5002 = EDGE_LOOP ( 'NONE', ( #5090, #3812, #801, #4317 ) ) ;
#5003 = ORIENTED_EDGE ( 'NONE', *, *, #5597, .T. ) ;
#5004 = CARTESIAN_POINT ( 'NONE',  ( 9.997229639597787099, 42.00000000000000000, -20.88381863163370511 ) ) ;
#5005 = VERTEX_POINT ( 'NONE', #3049 ) ;
#5006 = DIRECTION ( 'NONE',  ( 1.000000000000000000, -0.000000000000000000, -1.116774769942150345E-16 ) ) ;
#5007 = DIRECTION ( 'NONE',  ( -1.000000000000000000, -0.000000000000000000, 1.116774769942150345E-16 ) ) ;
#5008 = DIRECTION ( 'NONE',  ( 0.000000000000000000, -0.000000000000000000, -1.000000000000000000 ) ) ;
#5009 = ORIENTED_EDGE ( 'NONE', *, *, #5826, .T. ) ;
#5010 = CARTESIAN_POINT ( 'NONE',  ( 31.88733761830489399, 0.000000000000000000, 20.66662904032490644 ) ) ;
#5011 = TOROIDAL_SURFACE ( 'NONE', #3209, 130.8238134383398972, 5.000000000000000000 ) ;
#5012 = CARTESIAN_POINT ( 'NONE',  ( 4.737829485356835235, 13.99999999999999467, -15.12792297814404030 ) ) ;
#5013 = EDGE_CURVE ( 'NONE', #5351, #3993, #5432, .T. ) ;
#5014 = B_SPLINE_CURVE_WITH_KNOTS ( 'NONE', 3,
 ( #3775, #1926, #3658, #1512, #1422, #5465, #1020, #3327, #5133, #1398, #3205, #1866, #4545, #5107, #3745, #508, #4160, #4190, #2735, #482, #5020, #2824, #120, #94, #4132, #1897, #64, #3713 ),
 .UNSPECIFIED., .F., .F.,
 ( 4, 2, 2, 2, 2, 2, 2, 2, 2, 2, 2, 2, 2, 4 ),
 ( 0.006337580005797692831, 0.007129561394318262475, 0.007525552088578553803, 0.007921542782838844263, 0.008317533477099136457, 0.008713524171359426918, 0.009505505559880007838, 0.009901496254140298298, 0.01029748694840058529, 0.01069347764266087575, 0.01108946833692116274, 0.01148545903118145320, 0.01188144972544174192, 0.01267343111396231937 ),
 .UNSPECIFIED. ) ;
#5015 = CARTESIAN_POINT ( 'NONE',  ( -40.00000000000000000, -7.900000000000003908, 2.449999999999999289 ) ) ;
#5016 = VERTEX_POINT ( 'NONE', #2060 ) ;
#5017 = VECTOR ( 'NONE', #2238, 1000.000000000000000 ) ;
#5018 = DIRECTION ( 'NONE',  ( 0.000000000000000000, 0.000000000000000000, 1.000000000000000000 ) ) ;
#5019 = DIRECTION ( 'NONE',  ( -1.000000000000000000, 0.000000000000000000, 1.116774769942150345E-16 ) ) ;
#5020 = CARTESIAN_POINT ( 'NONE',  ( -20.21940163104014587, 26.51503509822057936, 29.66211508828434518 ) ) ;
#5021 = DIRECTION ( 'NONE',  ( -1.000000000000000000, 0.000000000000000000, 1.116774769942150345E-16 ) ) ;
#5022 = ORIENTED_EDGE ( 'NONE', *, *, #417, .T. ) ;
#5023 = FACE_OUTER_BOUND ( 'NONE', #1968, .T. ) ;
#5024 = EDGE_CURVE ( 'NONE', #4381, #3955, #3634, .T. ) ;
#5025 = B_SPLINE_CURVE_WITH_KNOTS ( 'NONE', 3,
 ( #732, #1521, #3842, #1581, #3336, #255, #133, #2057, #2898, #1548, #3397, #1118, #3367, #4762, #3871, #343, #401, #1232, #3544, #4824, #3104, #825, #3515, #3485, #2658, #4466, #285, #2199 ),
 .UNSPECIFIED., .F., .F.,
 ( 4, 2, 2, 2, 2, 2, 2, 2, 2, 2, 2, 2, 2, 4 ),
 ( 0.006254997754416868373, 0.007036697684034986383, 0.007818397613653103526, 0.008209247578462159495, 0.008600097543271213729, 0.008990947508080269698, 0.009381797472889325668, 0.009772647437698383371, 0.01016349740250743934, 0.01055434736731649531, 0.01094519733212555128, 0.01133604729693460725, 0.01172689726174366322, 0.01250859719136177689 ),
 .UNSPECIFIED. ) ;
#5026 = VERTEX_POINT ( 'NONE', #4264 ) ;
#5027 = CARTESIAN_POINT ( 'NONE',  ( -14.49999999999999822, -2.500000000000000000, 3.149999999999999467 ) ) ;
#5028 = DIRECTION ( 'NONE',  ( -0.000000000000000000, -0.000000000000000000, -1.000000000000000000 ) ) ;
#5029 = CARTESIAN_POINT ( 'NONE',  ( -20.73051718296287049, 35.19692022806431453, 27.47489213923267926 ) ) ;
#5030 = ORIENTED_EDGE ( 'NONE', *, *, #3978, .T. ) ;
#5031 = CARTESIAN_POINT ( 'NONE',  ( 23.05844564573880007, 20.02240013993053580, -38.64334463271136855 ) ) ;
#5032 = ORIENTED_EDGE ( 'NONE', *, *, #1680, .F. ) ;
#5033 = EDGE_CURVE ( 'NONE', #1181, #5231, #2016, .T. ) ;
#5034 = CARTESIAN_POINT ( 'NONE',  ( -20.05008431747800302, 37.00000000000001421, 30.35000000000001563 ) ) ;
#5035 = CARTESIAN_POINT ( 'NONE',  ( 2.866834657879444137, 0.000000000000000000, 20.99930208231626239 ) ) ;
#5036 = CARTESIAN_POINT ( 'NONE',  ( -2.866834657879416159, 8.728826806629170321, 21.92186452459395340 ) ) ;
#5037 = B_SPLINE_CURVE_WITH_KNOTS ( 'NONE', 3,
 ( #4178, #111, #2993, #4682, #680, #1179, #5185, #2064 ),
 .UNSPECIFIED., .F., .F.,
 ( 4, 2, 2, 4 ),
 ( 8.673617379884035472E-19, 0.001716227426050353708, 0.002574341139075530995, 0.003432454852100708283 ),
 .UNSPECIFIED. ) ;
#5038 = DIRECTION ( 'NONE',  ( 1.000000000000000000, -0.000000000000000000, -1.116774769942150345E-16 ) ) ;
#5039 = ORIENTED_EDGE ( 'NONE', *, *, #1978, .T. ) ;
#5040 = CARTESIAN_POINT ( 'NONE',  ( 102.0434606194388749, -70.95718940385208384, -0.06049675528537953872 ) ) ;
#5041 = DIRECTION ( 'NONE',  ( -0.000000000000000000, 0.000000000000000000, -1.000000000000000000 ) ) ;
#5042 = CARTESIAN_POINT ( 'NONE',  ( 44.60000000000000142, 25.00000000000000355, 28.35000000000000853 ) ) ;
#5043 = ORIENTED_EDGE ( 'NONE', *, *, #630, .T. ) ;
#5044 = EDGE_CURVE ( 'NONE', #1040, #1602, #125, .T. ) ;
#5045 = CARTESIAN_POINT ( 'NONE',  ( -31.88733761830489399, 20.00000000000000000, -20.66662904032490644 ) ) ;
#5046 = DIRECTION ( 'NONE',  ( 0.000000000000000000, 0.000000000000000000, -1.000000000000000000 ) ) ;
#5047 = DIRECTION ( 'NONE',  ( 1.116774769942150345E-16, 0.000000000000000000, 1.000000000000000000 ) ) ;
#5048 = CARTESIAN_POINT ( 'NONE',  ( 19.59999999999999787, 37.00000000000000711, 6.381466874697178326 ) ) ;
#5049 = ORIENTED_EDGE ( 'NONE', *, *, #4300, .T. ) ;
#5050 = DIRECTION ( 'NONE',  ( -0.000000000000000000, 1.000000000000000000, -0.000000000000000000 ) ) ;
#5051 = VECTOR ( 'NONE', #4221, 1000.000000000000000 ) ;
#5052 = ORIENTED_EDGE ( 'NONE', *, *, #3941, .T. ) ;
#5053 = CARTESIAN_POINT ( 'NONE',  ( -14.49999999999999822, -2.500000000000000000, 5.649999999999998579 ) ) ;
#5054 = CARTESIAN_POINT ( 'NONE',  ( -23.61600302316297828, 36.73783379490581780, 6.368490187735627472 ) ) ;
#5055 = CARTESIAN_POINT ( 'NONE',  ( -20.97734123660993077, 37.00000000000000711, 26.35000000000001208 ) ) ;
#5056 = VERTEX_POINT ( 'NONE', #2957 ) ;
#5057 = EDGE_CURVE ( 'NONE', #2188, #2378, #3874, .T. ) ;
#5058 = CARTESIAN_POINT ( 'NONE',  ( 21.80912897320262189, 20.24727515390078025, -38.64334463271137565 ) ) ;
#5059 = VERTEX_POINT ( 'NONE', #1345 ) ;
#5060 = VECTOR ( 'NONE', #2903, 1000.000000000000000 ) ;
#5061 = LINE ( 'NONE', #5476, #4836 ) ;
#5062 = DIRECTION ( 'NONE',  ( 0.000000000000000000, 0.8602915336341740993, -0.5098023903017332437 ) ) ;
#5063 = DIRECTION ( 'NONE',  ( -1.000000000000000000, 0.000000000000000000, 1.116774769942150345E-16 ) ) ;
#5064 = CARTESIAN_POINT ( 'NONE',  ( 14.60000000000000497, 25.00000000000000355, 28.35000000000001208 ) ) ;
#5065 = EDGE_CURVE ( 'NONE', #3302, #5337, #4773, .T. ) ;
#5066 = LINE ( 'NONE', #2812, #3950 ) ;
#5067 = VECTOR ( 'NONE', #2583, 1000.000000000000000 ) ;
#5068 = EDGE_LOOP ( 'NONE', ( #103, #488, #1300, #601 ) ) ;
#5069 = ORIENTED_EDGE ( 'NONE', *, *, #3943, .F. ) ;
#5070 = AXIS2_PLACEMENT_3D ( 'NONE', #3347, #2068, #5156 ) ;
#5071 = DIRECTION ( 'NONE',  ( -1.000000000000000000, 0.000000000000000000, -0.000000000000000000 ) ) ;
#5072 = CARTESIAN_POINT ( 'NONE',  ( 1.150704995792922514, 42.00000000000001421, -24.78575462300991461 ) ) ;
#5073 = DIRECTION ( 'NONE',  ( 1.000000000000000000, 0.000000000000000000, -1.116774769942150345E-16 ) ) ;
#5074 = EDGE_LOOP ( 'NONE', ( #2697, #2002 ) ) ;
#5075 = VECTOR ( 'NONE', #422, 1000.000000000000000 ) ;
#5076 = FACE_OUTER_BOUND ( 'NONE', #319, .T. ) ;
#5077 = CARTESIAN_POINT ( 'NONE',  ( 24.34437655590244631, 37.88783060059399332, 2.584599390814582787 ) ) ;
#5078 = DIRECTION ( 'NONE',  ( -0.000000000000000000, -1.000000000000000000, -0.000000000000000000 ) ) ;
#5079 = DIRECTION ( 'NONE',  ( 0.000000000000000000, 0.000000000000000000, 1.000000000000000000 ) ) ;
#5080 = EDGE_LOOP ( 'NONE', ( #5585, #4217, #2659, #3201, #2747, #3054 ) ) ;
#5081 = CYLINDRICAL_SURFACE ( 'NONE', #85, 3.499999999999999556 ) ;
#5082 = AXIS2_PLACEMENT_3D ( 'NONE', #3878, #651, #3850 ) ;
#5083 = ORIENTED_EDGE ( 'NONE', *, *, #4398, .T. ) ;
#5084 = CARTESIAN_POINT ( 'NONE',  ( -26.98588484611995497, 20.00000000000000711, -21.65443505470249264 ) ) ;
#5085 = CARTESIAN_POINT ( 'NONE',  ( -31.88733761830489399, 10.00000000000000000, -15.66662904032490822 ) ) ;
#5086 = DIRECTION ( 'NONE',  ( 0.000000000000000000, 0.000000000000000000, -1.000000000000000000 ) ) ;
#5087 = EDGE_LOOP ( 'NONE', ( #2914, #241 ) ) ;
#5088 = EDGE_CURVE ( 'NONE', #5393, #4522, #1443, .T. ) ;
#5089 = CARTESIAN_POINT ( 'NONE',  ( -14.49999999999999822, 34.00000000000000000, 20.99930208231626239 ) ) ;
#5090 = ORIENTED_EDGE ( 'NONE', *, *, #2892, .T. ) ;
#5091 = CARTESIAN_POINT ( 'NONE',  ( -40.00000000000000000, -2.500000000000000444, -5.650000000000000355 ) ) ;
#5092 = CARTESIAN_POINT ( 'NONE',  ( -6.157426101268084651, 11.00000000000000000, -14.07963806262779549 ) ) ;
#5093 = CARTESIAN_POINT ( 'NONE',  ( 102.0434606194388749, 48.00000000000000000, -0.06049675528537953872 ) ) ;
#5094 = CARTESIAN_POINT ( 'NONE',  ( -2.866834657879416159, 3.647666669400683848, 26.24159618507729164 ) ) ;
#5095 = FACE_OUTER_BOUND ( 'NONE', #1710, .T. ) ;
#5096 = EDGE_LOOP ( 'NONE', ( #3766, #1784, #2502, #4502 ) ) ;
#5097 = ORIENTED_EDGE ( 'NONE', *, *, #5098, .F. ) ;
#5098 = EDGE_CURVE ( 'NONE', #2179, #926, #505, .T. ) ;
#5099 = EDGE_CURVE ( 'NONE', #2179, #5400, #3106, .T. ) ;
#5100 = DIRECTION ( 'NONE',  ( 0.000000000000000000, -1.000000000000000000, 0.000000000000000000 ) ) ;
#5101 = CARTESIAN_POINT ( 'NONE',  ( 9.997229639597787099, 42.00000000000000000, -20.88381863163370511 ) ) ;
#5102 = DIRECTION ( 'NONE',  ( 1.116774769942150345E-16, 0.000000000000000000, 1.000000000000000000 ) ) ;
#5103 = VERTEX_POINT ( 'NONE', #1292 ) ;
#5104 = EDGE_CURVE ( 'NONE', #4039, #4134, #461, .T. ) ;
#5105 = DIRECTION ( 'NONE',  ( 0.000000000000000000, 1.000000000000000000, 0.000000000000000000 ) ) ;
#5106 = CARTESIAN_POINT ( 'NONE',  ( -40.00000000000000000, -2.499999999999998668, -3.150000000000000355 ) ) ;
#5107 = CARTESIAN_POINT ( 'NONE',  ( -20.50023943462506537, 26.99985605091337959, 28.48230344406077563 ) ) ;
#5108 = CARTESIAN_POINT ( 'NONE',  ( 19.60000000000000142, 25.00000000000000355, 28.35000000000001208 ) ) ;
#5109 = EDGE_LOOP ( 'NONE', ( #4990, #3652, #2277, #4032, #2505, #5385, #5043, #1915, #976, #2059, #5564, #4754, #46, #5424, #5112, #2003, #3082 ) ) ;
#5110 = PLANE ( 'NONE',  #284 ) ;
#5111 = VECTOR ( 'NONE', #414, 1000.000000000000000 ) ;
#5112 = ORIENTED_EDGE ( 'NONE', *, *, #4053, .F. ) ;
#5113 = CARTESIAN_POINT ( 'NONE',  ( 38.96940996788635658, 0.000000000000000000, -22.50300172765385653 ) ) ;
#5114 = CARTESIAN_POINT ( 'NONE',  ( -23.62862327772004534, 35.99794163590836860, 6.117256909751508154 ) ) ;
#5115 = CARTESIAN_POINT ( 'NONE',  ( -20.97445418874547585, 36.73329662470749213, 26.36345795338576536 ) ) ;
#5116 = VERTEX_POINT ( 'NONE', #829 ) ;
#5117 = CARTESIAN_POINT ( 'NONE',  ( -12.38946963431794046, 41.99999999999998579, -17.97785708900350343 ) ) ;
#5118 = ORIENTED_EDGE ( 'NONE', *, *, #2421, .T. ) ;
#5119 = ADVANCED_FACE ( 'NONE', ( #3581, #910 ), #4440, .T. ) ;
#5120 = CARTESIAN_POINT ( 'NONE',  ( -7.770513564201467993, 13.99999999999999822, 21.00476137231022733 ) ) ;
#5121 = LINE ( 'NONE', #1093, #5631 ) ;
#5122 = DIRECTION ( 'NONE',  ( 0.000000000000000000, 1.000000000000000000, 0.000000000000000000 ) ) ;
#5123 = DIRECTION ( 'NONE',  ( 0.000000000000000000, 0.000000000000000000, 1.000000000000000000 ) ) ;
#5124 = ORIENTED_EDGE ( 'NONE', *, *, #4052, .T. ) ;
#5125 = ORIENTED_EDGE ( 'NONE', *, *, #5044, .T. ) ;
#5126 = FACE_OUTER_BOUND ( 'NONE', #4974, .T. ) ;
#5127 = DIRECTION ( 'NONE',  ( 0.000000000000000000, 0.000000000000000000, -1.000000000000000000 ) ) ;
#5128 = ADVANCED_FACE ( 'NONE', ( #1318 ), #5805, .F. ) ;
#5129 = CARTESIAN_POINT ( 'NONE',  ( 0.000000000000000000, 20.00000000000000000, 0.000000000000000000 ) ) ;
#5130 = ORIENTED_EDGE ( 'NONE', *, *, #3196, .T. ) ;
#5131 = CARTESIAN_POINT ( 'NONE',  ( 14.45628997867803811, -2.500000000000000444, -5.650000000000000355 ) ) ;
#5132 = CARTESIAN_POINT ( 'NONE',  ( 24.26930641360400998, 38.89722657145525631, 5.027732829640520151 ) ) ;
#5133 = CARTESIAN_POINT ( 'NONE',  ( -20.80478967758991971, 26.59893542318319959, 27.14155864733866252 ) ) ;
#5134 = DIRECTION ( 'NONE',  ( -0.000000000000000000, 1.000000000000000000, -0.000000000000000000 ) ) ;
#5135 = EDGE_CURVE ( 'NONE', #4559, #4286, #855, .T. ) ;
#5136 = ORIENTED_EDGE ( 'NONE', *, *, #430, .F. ) ;
#5137 = DIRECTION ( 'NONE',  ( 1.000000000000000000, 0.000000000000000000, -1.116774769942150345E-16 ) ) ;
#5138 = DIRECTION ( 'NONE',  ( -0.000000000000000000, 1.000000000000000000, -0.000000000000000000 ) ) ;
#5139 = LINE ( 'NONE', #3275, #4213 ) ;
#5140 = DIRECTION ( 'NONE',  ( 0.000000000000000000, 0.000000000000000000, -1.000000000000000000 ) ) ;
#5141 = CARTESIAN_POINT ( 'NONE',  ( -13.04093212448461969, 42.00000000000000000, -16.79805529047167312 ) ) ;
#5142 = VECTOR ( 'NONE', #2590, 1000.000000000000000 ) ;
#5143 = VERTEX_POINT ( 'NONE', #4468 ) ;
#5144 = VERTEX_POINT ( 'NONE', #4524 ) ;
#5145 = CIRCLE ( 'NONE', #2299, 7.044315601958865081 ) ;
#5146 = AXIS2_PLACEMENT_3D ( 'NONE', #2862, #4198, #1404 ) ;
#5147 = DIRECTION ( 'NONE',  ( -1.000000000000000000, -0.000000000000000000, -0.000000000000000000 ) ) ;
#5148 = LINE ( 'NONE', #1437, #1653 ) ;
#5149 = CARTESIAN_POINT ( 'NONE',  ( -27.36797139501680576, 20.00000000000000355, -18.50765720397911096 ) ) ;
#5150 = CARTESIAN_POINT ( 'NONE',  ( -31.88733761830489399, 48.00000000000000000, -15.66662904032490822 ) ) ;
#5151 = ORIENTED_EDGE ( 'NONE', *, *, #3742, .F. ) ;
#5152 = EDGE_CURVE ( 'NONE', #2901, #1715, #5145, .T. ) ;
#5153 = ORIENTED_EDGE ( 'NONE', *, *, #4895, .T. ) ;
#5154 = AXIS2_PLACEMENT_3D ( 'NONE', #1804, #3535, #3596 ) ;
#5155 = VECTOR ( 'NONE', #3828, 1000.000000000000000 ) ;
#5156 = DIRECTION ( 'NONE',  ( 0.000000000000000000, 0.000000000000000000, -1.000000000000000000 ) ) ;
#5157 = AXIS2_PLACEMENT_3D ( 'NONE', #2662, #15, #4526 ) ;
#5158 = DIRECTION ( 'NONE',  ( -0.000000000000000000, -0.8602915336341740993, 0.5098023903017332437 ) ) ;
#5159 = FACE_OUTER_BOUND ( 'NONE', #3858, .T. ) ;
#5160 = EDGE_CURVE ( 'NONE', #5288, #1715, #3331, .T. ) ;
#5161 = EDGE_LOOP ( 'NONE', ( #3956, #2412, #3588 ) ) ;
#5162 = AXIS2_PLACEMENT_3D ( 'NONE', #4954, #780, #894 ) ;
#5163 = DIRECTION ( 'NONE',  ( 0.000000000000000000, 0.000000000000000000, -1.000000000000000000 ) ) ;
#5164 = CARTESIAN_POINT ( 'NONE',  ( 44.60000000000000142, 37.00000000000000711, 4.381466874697174774 ) ) ;
#5165 = CARTESIAN_POINT ( 'NONE',  ( 21.41911501721347122, 38.51660385083126670, 27.03965948563670096 ) ) ;
#5166 = CARTESIAN_POINT ( 'NONE',  ( 20.70878772953003377, 26.01166432392001582, 30.08029805922258504 ) ) ;
#5167 = CIRCLE ( 'NONE', #3836, 125.8238134383398972 ) ;
#5168 = ORIENTED_EDGE ( 'NONE', *, *, #4002, .F. ) ;
#5169 = CARTESIAN_POINT ( 'NONE',  ( -14.45628997867800791, 3.000000000000000888, -38.64334463271136855 ) ) ;
#5170 = EDGE_CURVE ( 'NONE', #2182, #1885, #3995, .T. ) ;
#5171 = CIRCLE ( 'NONE', #3655, 3.499999999999999556 ) ;
#5172 = EDGE_CURVE ( 'NONE', #938, #1488, #4498, .T. ) ;
#5173 = CARTESIAN_POINT ( 'NONE',  ( -8.836089846937435155, 13.99999999999999822, -11.94184465587912136 ) ) ;
#5174 = CARTESIAN_POINT ( 'NONE',  ( -23.74615166627476626, 35.67845391127217880, 2.874499054528113717 ) ) ;
#5175 = CARTESIAN_POINT ( 'NONE',  ( -2.866834657879415715, 3.245342584092075100, 1.210257222039936353 ) ) ;
#5176 = ORIENTED_EDGE ( 'NONE', *, *, #1012, .F. ) ;
#5177 = CARTESIAN_POINT ( 'NONE',  ( -4.508394590934464929, 42.00000000000000000, -24.11968436703056540 ) ) ;
#5178 = VECTOR ( 'NONE', #5637, 1000.000000000000000 ) ;
#5179 = ORIENTED_EDGE ( 'NONE', *, *, #2700, .F. ) ;
#5180 = ORIENTED_EDGE ( 'NONE', *, *, #4253, .T. ) ;
#5181 = AXIS2_PLACEMENT_3D ( 'NONE', #2334, #5008, #5539 ) ;
#5182 = CARTESIAN_POINT ( 'NONE',  ( 19.59999999999999787, 25.00000000000000355, 4.381466874697177438 ) ) ;
#5183 = LINE ( 'NONE', #3876, #1366 ) ;
#5184 = CYLINDRICAL_SURFACE ( 'NONE', #152, 0.9999999999999940048 ) ;
#5185 = CARTESIAN_POINT ( 'NONE',  ( -8.579618591615416179, 14.00000000000000000, -12.07165682170401588 ) ) ;
#5186 = ORIENTED_EDGE ( 'NONE', *, *, #793, .F. ) ;
#5187 = EDGE_LOOP ( 'NONE', ( #4983, #39, #4811, #3669, #3845, #35, #4845, #1448 ) ) ;
#5188 = CARTESIAN_POINT ( 'NONE',  ( -14.45628997867800969, 3.367028381789541225, 1.443818611731622514 ) ) ;
#5189 = LINE ( 'NONE', #5604, #2599 ) ;
#5190 = DIRECTION ( 'NONE',  ( -0.000000000000000000, 0.000000000000000000, 1.000000000000000000 ) ) ;
#5191 = VERTEX_POINT ( 'NONE', #435 ) ;
#5192 = EDGE_CURVE ( 'NONE', #5116, #5691, #2237, .T. ) ;
#5193 = CARTESIAN_POINT ( 'NONE',  ( -8.661562318278711814, 1.212141125398237484, 27.99930208231626949 ) ) ;
#5194 = CARTESIAN_POINT ( 'NONE',  ( 19.34948970722616934, 21.99767606354814120, 38.52235112214061274 ) ) ;
#5195 = CARTESIAN_POINT ( 'NONE',  ( -31.88733761830489399, 0.000000000000000000, -20.66662904032490644 ) ) ;
#5196 = CARTESIAN_POINT ( 'NONE',  ( 20.64190408507750973, 25.00000000000000711, 30.35000000000000497 ) ) ;
#5197 = ORIENTED_EDGE ( 'NONE', *, *, #5287, .F. ) ;
#5198 = CARTESIAN_POINT ( 'NONE',  ( -14.49999999999999822, 0.000000000000000000, 20.99930208231626239 ) ) ;
#5199 = CARTESIAN_POINT ( 'NONE',  ( -45.00000000000000000, 48.00000000000000000, 7.273499999999998522 ) ) ;
#5200 = CARTESIAN_POINT ( 'NONE',  ( 18.31060644601975440, 48.00000000000000000, -38.64334463271135434 ) ) ;
#5201 = CARTESIAN_POINT ( 'NONE',  ( -12.21499510158937163, 37.32894828964739986, -15.72801913997251511 ) ) ;
#5202 = CARTESIAN_POINT ( 'NONE',  ( 20.80764574674937606, 23.98200606713798777, 30.09141087135017401 ) ) ;
#5203 = AXIS2_PLACEMENT_3D ( 'NONE', #3182, #1870, #9 ) ;
#5204 = ADVANCED_FACE ( 'NONE', ( #2414 ), #2350, .T. ) ;
#5205 = CARTESIAN_POINT ( 'NONE',  ( -14.59999999999999964, 21.65199062624358106, -10.99999999999999645 ) ) ;
#5206 = VERTEX_POINT ( 'NONE', #162 ) ;
#5207 = AXIS2_PLACEMENT_3D ( 'NONE', #2394, #3490, #3902 ) ;
#5208 = ORIENTED_EDGE ( 'NONE', *, *, #1540, .F. ) ;
#5209 = DIRECTION ( 'NONE',  ( 0.000000000000000000, 0.000000000000000000, 1.000000000000000000 ) ) ;
#5210 = LINE ( 'NONE', #3934, #3311 ) ;
#5211 = CARTESIAN_POINT ( 'NONE',  ( 24.22048665384350130, 35.99645883042807526, 6.116367751925727347 ) ) ;
#5212 = CARTESIAN_POINT ( 'NONE',  ( -26.92823689862837711, 20.00000000000001066, -21.36838831280104500 ) ) ;
#5213 = CARTESIAN_POINT ( 'NONE',  ( 24.20715562797793652, 25.13054653280516959, 6.381466874697180103 ) ) ;
#5214 = EDGE_LOOP ( 'NONE', ( #1131, #5753, #709, #5473 ) ) ;
#5215 = EDGE_CURVE ( 'NONE', #1602, #5191, #3719, .T. ) ;
#5216 = VERTEX_POINT ( 'NONE', #5027 ) ;
#5217 = CARTESIAN_POINT ( 'NONE',  ( -14.45628997867800791, 7.784615829299464274, 5.722461319087255305 ) ) ;
#5218 = CARTESIAN_POINT ( 'NONE',  ( -17.89391218514708726, 23.67710764235244980, 38.52235112214061274 ) ) ;
#5219 = PLANE ( 'NONE',  #4801 ) ;
#5220 = EDGE_LOOP ( 'NONE', ( #5622, #4716 ) ) ;
#5221 = B_SPLINE_CURVE_WITH_KNOTS ( 'NONE', 3,
 ( #5396, #3114, #5284, #3911, #359, #774, #387, #1329, #3590, #4387, #1216, #1244, #5757, #2669, #4925, #1687, #2157, #3498, #3559, #3528, #3057, #3976, #5786, #412, #2215, #5844, #3139, #4531 ),
 .UNSPECIFIED., .F., .F.,
 ( 4, 2, 2, 2, 2, 2, 2, 2, 2, 2, 2, 2, 2, 4 ),
 ( 0.006254997754416861434, 0.007036697684034967301, 0.007818397613653074035, 0.008209247578462133474, 0.008600097543271194647, 0.008990947508080254086, 0.009381797472889313524, 0.009772647437698372963, 0.01016349740250743240, 0.01055434736731649184, 0.01094519733212554954, 0.01133604729693461072, 0.01172689726174366842, 0.01250859719136176995 ),
 .UNSPECIFIED. ) ;
#5222 = DIRECTION ( 'NONE',  ( 0.000000000000000000, 0.000000000000000000, 1.000000000000000000 ) ) ;
#5223 = FACE_OUTER_BOUND ( 'NONE', #2907, .T. ) ;
#5224 = CARTESIAN_POINT ( 'NONE',  ( 20.83590359243209988, 38.59737860571818402, 29.56045695006102747 ) ) ;
#5225 = CARTESIAN_POINT ( 'NONE',  ( 21.55746324062105046, 25.53360732753598583, 26.40463576866054041 ) ) ;
#5226 = ORIENTED_EDGE ( 'NONE', *, *, #2547, .T. ) ;
#5227 = ADVANCED_FACE ( 'NONE', ( #1903 ), #3212, .F. ) ;
#5228 = PLANE ( 'NONE',  #5728 ) ;
#5229 = LINE ( 'NONE', #1166, #3643 ) ;
#5230 = DIRECTION ( 'NONE',  ( 0.000000000000000000, 0.000000000000000000, -1.000000000000000000 ) ) ;
#5231 = VERTEX_POINT ( 'NONE', #2765 ) ;
#5232 = CARTESIAN_POINT ( 'NONE',  ( 21.19209501515744520, 23.28134432706406187, 29.38042327221268124 ) ) ;
#5233 = CARTESIAN_POINT ( 'NONE',  ( -14.59999999999999964, 19.67184688953659943, -10.99999999999999645 ) ) ;
#5234 = VERTEX_POINT ( 'NONE', #3779 ) ;
#5235 = ORIENTED_EDGE ( 'NONE', *, *, #2194, .F. ) ;
#5236 = EDGE_CURVE ( 'NONE', #2609, #4039, #100, .T. ) ;
#5237 = CARTESIAN_POINT ( 'NONE',  ( -20.64927202557084129, 38.95018532382690069, 27.83549887739598461 ) ) ;
#5238 = CARTESIAN_POINT ( 'NONE',  ( -23.85287541691061008, 23.99071293729882015, 2.649919302805899157 ) ) ;
#5239 = CARTESIAN_POINT ( 'NONE',  ( 24.21738308296288622, 36.11332640512977576, 6.178972752098948362 ) ) ;
#5240 = DIRECTION ( 'NONE',  ( 0.000000000000000000, -0.000000000000000000, -1.000000000000000000 ) ) ;
#5241 = CARTESIAN_POINT ( 'NONE',  ( 24.31485264531364265, 26.89852862588247362, 3.738959556108582216 ) ) ;
#5242 = ORIENTED_EDGE ( 'NONE', *, *, #819, .T. ) ;
#5243 = VERTEX_POINT ( 'NONE', #4104 ) ;
#5244 = VECTOR ( 'NONE', #3691, 1000.000000000000000 ) ;
#5245 = VECTOR ( 'NONE', #5140, 1000.000000000000000 ) ;
#5246 = ADVANCED_FACE ( 'NONE', ( #69 ), #3158, .T. ) ;
#5247 = CARTESIAN_POINT ( 'NONE',  ( -19.59999999999999432, 25.00000000000000355, 28.35000000000001208 ) ) ;
#5248 = CARTESIAN_POINT ( 'NONE',  ( -21.30308844654189215, 20.24662541919858683, 38.52235112214061274 ) ) ;
#5249 = PLANE ( 'NONE',  #2804 ) ;
#5250 = VECTOR ( 'NONE', #529, 1000.000000000000000 ) ;
#5251 = VERTEX_POINT ( 'NONE', #3663 ) ;
#5252 = CC_DESIGN_APPROVAL ( #1516, ( #3260 ) ) ;
#5253 = VECTOR ( 'NONE', #4702, 1000.000000000000000 ) ;
#5254 = VECTOR ( 'NONE', #2959, 1000.000000000000000 ) ;
#5255 = CLOSED_SHELL ( 'NONE', ( #1689, #1101, #4144, #451, #3857, #4809, #2730, #1183, #596, #2272, #5574, #683, #1327, #397, #2070, #5227, #3345, #1800, #1620, #1766, #1852, #2707, #4263, #2946, #43, #674, #2815, #4945, #1575, #5666, #4992, #1697, #5204, #2856, #5349, #4231, #4218, #4162, #646, #3399, #2144, #3476, #2081, #4923, #3392, #3471, #2821, #4721, #2553, #5514, #1382, #248, #3244, #2036, #4360, #3033, #1887, #5425, #4781, #278, #3366, #3163, #1565, #899, #1028, #1503, #207, #410, #2411, #2566, #5311, #2643, #1894, #5360, #497, #2295, #5674, #4673, #2192, #4612, #726, #3538, #2287, #4523, #554, #5714, #3654, #1821, #5246, #2698, #748, #5814, #5480, #24, #3011, #2043, #1049, #5558, #3388, #4985, #2593, #1079, #5327, #4508, #3908, #1348, #2517, #3508, #1755, #2633, #1641, #1829, #3822, #61, #3001, #5497, #5591, #4570, #3499, #5640, #5119, #589, #1246, #2625, #4376, #5397, #1523, #791, #5531, #1509, #848, #3610, #643, #5128, #3109, #533, #2106, #3004, #5466, #782, #3173, #605, #3382, #4594, #3548, #4019, #2130, #4445, #2446, #3225, #3434, #4270 ) ) ;
#5256 = DIRECTION ( 'NONE',  ( -0.000000000000000000, -0.8602915336341740993, 0.5098023903017332437 ) ) ;
#5257 = FACE_OUTER_BOUND ( 'NONE', #809, .T. ) ;
#5258 = CARTESIAN_POINT ( 'NONE',  ( 21.34793071302120993, 38.74291094028044569, 27.36047405488714901 ) ) ;
#5259 = CARTESIAN_POINT ( 'NONE',  ( 21.39625166296146475, 26.60014748737339119, 27.14317434546107322 ) ) ;
#5260 = ORIENTED_EDGE ( 'NONE', *, *, #3530, .T. ) ;
#5261 = AXIS2_PLACEMENT_3D ( 'NONE', #3683, #1421, #5046 ) ;
#5262 = CIRCLE ( 'NONE', #3176, 4.999999999999997335 ) ;
#5263 = AXIS2_PLACEMENT_3D ( 'NONE', #1669, #5294, #786 ) ;
#5264 = DIRECTION ( 'NONE',  ( 0.000000000000000000, 1.000000000000000000, 0.000000000000000000 ) ) ;
#5265 = LINE ( 'NONE', #3838, #5825 ) ;
#5266 = CARTESIAN_POINT ( 'NONE',  ( -14.49999999999999467, -2.500000000000000444, -5.650000000000000355 ) ) ;
#5267 = UNCERTAINTY_MEASURE_WITH_UNIT (LENGTH_MEASURE( 1.000000000000000082E-05 ), #2222, 'distance_accuracy_value', 'NONE');
#5268 = CARTESIAN_POINT ( 'NONE',  ( 21.58193112767823507, 24.46791955991488976, 26.41744983430279348 ) ) ;
#5269 = DIRECTION ( 'NONE',  ( 0.000000000000000000, 0.000000000000000000, 1.000000000000000000 ) ) ;
#5270 = ORIENTED_EDGE ( 'NONE', *, *, #5716, .F. ) ;
#5271 = VECTOR ( 'NONE', #1124, 1000.000000000000000 ) ;
#5272 = ORIENTED_EDGE ( 'NONE', *, *, #4618, .F. ) ;
#5273 = DIRECTION ( 'NONE',  ( 0.000000000000000000, 0.000000000000000000, 1.000000000000000000 ) ) ;
#5274 = CARTESIAN_POINT ( 'NONE',  ( -24.12307423006858897, 23.01213521083789004, 4.125059818357511787 ) ) ;
#5275 = CARTESIAN_POINT ( 'NONE',  ( 24.34847378163785692, 37.00000000000001421, 2.381466874697177438 ) ) ;
#5276 = EDGE_CURVE ( 'NONE', #938, #3157, #1271, .T. ) ;
#5277 = AXIS2_PLACEMENT_3D ( 'NONE', #5129, #4691, #1071 ) ;
#5278 = DIRECTION ( 'NONE',  ( 0.000000000000000000, 0.000000000000000000, 1.000000000000000000 ) ) ;
#5279 = CYLINDRICAL_SURFACE ( 'NONE', #4991, 2.000000000000000888 ) ;
#5280 = VERTEX_POINT ( 'NONE', #2320 ) ;
#5281 = ORIENTED_EDGE ( 'NONE', *, *, #2302, .T. ) ;
#5282 = CIRCLE ( 'NONE', #4710, 130.8238134383398972 ) ;
#5283 = CYLINDRICAL_SURFACE ( 'NONE', #2134, 3.499999999999999556 ) ;
#5284 = CARTESIAN_POINT ( 'NONE',  ( -23.75566515443427562, 37.52421701171183344, 2.433880840031864334 ) ) ;
#5285 =( BOUNDED_SURFACE ( )  B_SPLINE_SURFACE ( 3, 1, ( 
 ( #50, #1856 ),
 ( #3045, #4372 ),
 ( #3514, #254 ),
 ( #4850, #789 ) ),
 .UNSPECIFIED., .F., .F., .F. ) 
 B_SPLINE_SURFACE_WITH_KNOTS ( ( 4, 4 ),
 ( 2, 2 ),
 ( 0.000000000000000000, 1.000000000000000000 ),
 ( 0.000000000000000000, 1.000000000000000000 ),
 .UNSPECIFIED. ) 
 GEOMETRIC_REPRESENTATION_ITEM ( )  RATIONAL_B_SPLINE_SURFACE ( (
 ( 1.000000000000000000, 1.000000000000000000),
 ( 0.9219072421872047673, 0.9219072421872047673),
 ( 0.9219072421872047673, 0.9219072421872047673),
 ( 1.000000000000000000, 1.000000000000000000) ) ) 
 REPRESENTATION_ITEM ( '' )  SURFACE ( )  );
#5286 = FACE_OUTER_BOUND ( 'NONE', #200, .T. ) ;
#5287 = EDGE_CURVE ( 'NONE', #75, #3400, #2741, .T. ) ;
#5288 = VERTEX_POINT ( 'NONE', #2289 ) ;
#5289 = DIRECTION ( 'NONE',  ( 0.000000000000000000, 0.000000000000000000, 1.000000000000000000 ) ) ;
#5290 = CARTESIAN_POINT ( 'NONE',  ( -21.08231464213607609, 23.22710732394209643, 27.38594157068400392 ) ) ;
#5291 = CARTESIAN_POINT ( 'NONE',  ( 21.06170232622937277, 26.99961435036372848, 28.61325734986969138 ) ) ;
#5292 = ORIENTED_EDGE ( 'NONE', *, *, #4335, .T. ) ;
#5293 = EDGE_CURVE ( 'NONE', #5243, #2934, #4202, .T. ) ;
#5294 = DIRECTION ( 'NONE',  ( 1.000000000000000000, 0.000000000000000000, -1.116774769942150345E-16 ) ) ;
#5295 = CARTESIAN_POINT ( 'NONE',  ( -31.88733761830489399, 10.00000000000000000, -17.16662904032490644 ) ) ;
#5296 = DIRECTION ( 'NONE',  ( -0.000000000000000000, 1.000000000000000000, -0.000000000000000000 ) ) ;
#5297 = LINE ( 'NONE', #309, #3360 ) ;
#5298 = CARTESIAN_POINT ( 'NONE',  ( -14.59999999999999432, 25.00000000000000355, 28.35000000000001208 ) ) ;
#5299 = PRODUCT_RELATED_PRODUCT_CATEGORY ( 'detail', '', ( #3368 ) ) ;
#5300 = VERTEX_POINT ( 'NONE', #5084 ) ;
#5301 = VERTEX_POINT ( 'NONE', #5053 ) ;
#5302 = CARTESIAN_POINT ( 'NONE',  ( -20.06373424387637883, 37.53358208354563885, 30.29532654502087397 ) ) ;
#5303 = DIRECTION ( 'NONE',  ( 0.000000000000000000, -1.000000000000000000, 0.000000000000000000 ) ) ;
#5304 = CARTESIAN_POINT ( 'NONE',  ( -31.88733761830489399, 0.000000000000000000, 20.66662904032490644 ) ) ;
#5305 = ORIENTED_EDGE ( 'NONE', *, *, #1785, .T. ) ;
#5306 = CARTESIAN_POINT ( 'NONE',  ( -14.45628997867800969, 8.749144193307863304, 21.95700970747447300 ) ) ;
#5307 = CYLINDRICAL_SURFACE ( 'NONE', #4235, 0.9999999999999904521 ) ;
#5308 = ORIENTED_EDGE ( 'NONE', *, *, #173, .T. ) ;
#5309 = ORIENTED_EDGE ( 'NONE', *, *, #5215, .F. ) ;
#5310 = AXIS2_PLACEMENT_3D ( 'NONE', #2648, #2616, #1304 ) ;
#5311 = ADVANCED_FACE ( 'NONE', ( #40, #1057, #1025, #2829, #3303 ), #4639, .F. ) ;
#5312 = FACE_OUTER_BOUND ( 'NONE', #4861, .T. ) ;
#5313 = DIRECTION ( 'NONE',  ( 1.000000000000000000, 0.000000000000000000, -1.116774769942150345E-16 ) ) ;
#5314 = DIRECTION ( 'NONE',  ( 0.000000000000000000, 0.000000000000000000, 1.000000000000000000 ) ) ;
#5315 = FACE_OUTER_BOUND ( 'NONE', #2716, .T. ) ;
#5316 = ORIENTED_EDGE ( 'NONE', *, *, #2270, .T. ) ;
#5317 =( BOUNDED_CURVE ( )  B_SPLINE_CURVE ( 3, ( #1273, #4924, #3027, #4505 ),
 .UNSPECIFIED., .F., .F. ) 
 B_SPLINE_CURVE_WITH_KNOTS ( ( 4, 4 ),
 ( 5.794308409976669516, 6.283185307179586232 ),
 .UNSPECIFIED. ) 
 CURVE ( )  GEOMETRIC_REPRESENTATION_ITEM ( )  RATIONAL_B_SPLINE_CURVE ( ( 1.000000000000000000, 0.9801822532315679348, 0.9801822532315679348, 1.000000000000000000 ) ) 
 REPRESENTATION_ITEM ( '' )  );
#5318 = APPROVAL_DATE_TIME ( #331, #1516 ) ;
#5319 = FACE_OUTER_BOUND ( 'NONE', #5847, .T. ) ;
#5320 = CARTESIAN_POINT ( 'NONE',  ( 2.866834657879444137, 2.999999999999998224, 27.99930208231626949 ) ) ;
#5321 = CARTESIAN_POINT ( 'NONE',  ( -2.866834657879416159, 34.00000000000000000, 7.148629685907792464 ) ) ;
#5322 = ORIENTED_EDGE ( 'NONE', *, *, #5215, .T. ) ;
#5323 = EDGE_CURVE ( 'NONE', #992, #5216, #128, .T. ) ;
#5324 = CYLINDRICAL_SURFACE ( 'NONE', #4211, 3.499999999999999556 ) ;
#5325 = CARTESIAN_POINT ( 'NONE',  ( 20.64526141174295759, 36.73324812673865836, 30.33652963628173538 ) ) ;
#5326 = CARTESIAN_POINT ( 'NONE',  ( 24.45284610612529264, 23.94571615291533462, 2.674702633103274163 ) ) ;
#5327 = ADVANCED_FACE ( 'NONE', ( #4609 ), #1845, .F. ) ;
#5328 = LINE ( 'NONE', #3896, #5352 ) ;
#5329 = DIRECTION ( 'NONE',  ( 0.000000000000000000, -1.734723475976807094E-16, 1.000000000000000000 ) ) ;
#5330 = VERTEX_POINT ( 'NONE', #5113 ) ;
#5331 = ORIENTED_EDGE ( 'NONE', *, *, #968, .T. ) ;
#5332 = CARTESIAN_POINT ( 'NONE',  ( 7.639382696094731529, 13.99999999999999645, -12.38214531076040714 ) ) ;
#5333 = CARTESIAN_POINT ( 'NONE',  ( -24.10969615789873899, 23.06293532732370366, 3.866557705619027896 ) ) ;
#5334 = ORIENTED_EDGE ( 'NONE', *, *, #2915, .T. ) ;
#5335 = CYLINDRICAL_SURFACE ( 'NONE', #2514, 14.62404639978297283 ) ;
#5336 = CARTESIAN_POINT ( 'NONE',  ( 14.60000000000000142, 37.00000000000000711, 3.381466874697184100 ) ) ;
#5337 = VERTEX_POINT ( 'NONE', #2860 ) ;
#5338 = DIRECTION ( 'NONE',  ( 0.000000000000000000, 0.000000000000000000, 1.000000000000000000 ) ) ;
#5339 = PLANE ( 'NONE',  #2301 ) ;
#5340 = EDGE_CURVE ( 'NONE', #4514, #975, #4670, .T. ) ;
#5341 = CARTESIAN_POINT ( 'NONE',  ( 2.866834657879444137, 12.92094751520460960, 7.148629685907792464 ) ) ;
#5342 = CARTESIAN_POINT ( 'NONE',  ( -31.88733761830489399, 0.000000000000000000, -20.66662904032490644 ) ) ;
#5343 = VERTEX_POINT ( 'NONE', #5000 ) ;
#5344 = AXIS2_PLACEMENT_3D ( 'NONE', #3233, #5517, #5047 ) ;
#5345 = VECTOR ( 'NONE', #2798, 1000.000000000000000 ) ;
#5346 = VECTOR ( 'NONE', #5371, 1000.000000000000000 ) ;
#5347 = LINE ( 'NONE', #420, #4118 ) ;
#5348 = CARTESIAN_POINT ( 'NONE',  ( -21.02480707136317761, 23.97492637282573469, 26.62748237211426527 ) ) ;
#5349 = ADVANCED_FACE ( 'NONE', ( #4341 ), #5228, .T. ) ;
#5350 = CARTESIAN_POINT ( 'NONE',  ( -12.80709137439167122, 11.00000000000000000, -19.66461048985614823 ) ) ;
#5351 = VERTEX_POINT ( 'NONE', #5649 ) ;
#5352 = VECTOR ( 'NONE', #2560, 1000.000000000000000 ) ;
#5353 = VECTOR ( 'NONE', #5256, 999.9999999999998863 ) ;
#5354 = DIRECTION ( 'NONE',  ( 1.000000000000000000, 0.000000000000000000, 0.000000000000000000 ) ) ;
#5355 = CARTESIAN_POINT ( 'NONE',  ( 20.83584795228470909, 35.40282098800402366, 29.56068552169179142 ) ) ;
#5356 = CARTESIAN_POINT ( 'NONE',  ( 31.88733761830489399, 10.00000000000000000, 20.66662904032490644 ) ) ;
#5357 = AXIS2_PLACEMENT_3D ( 'NONE', #210, #1663, #3446 ) ;
#5358 = CARTESIAN_POINT ( 'NONE',  ( -40.00000000000000000, -2.500000000000000000, 3.149999999999999467 ) ) ;
#5359 = EDGE_CURVE ( 'NONE', #3048, #4319, #615, .T. ) ;
#5360 = ADVANCED_FACE ( 'NONE', ( #1114 ), #4310, .T. ) ;
#5361 = AXIS2_PLACEMENT_3D ( 'NONE', #3944, #3975, #2576 ) ;
#5362 = VERTEX_POINT ( 'NONE', #5675 ) ;
#5363 = CARTESIAN_POINT ( 'NONE',  ( -49.52762154881771295, 0.000000000000000000, -10.56677942393415037 ) ) ;
#5364 = EDGE_LOOP ( 'NONE', ( #1560, #66 ) ) ;
#5365 = ORIENTED_EDGE ( 'NONE', *, *, #2194, .T. ) ;
#5366 = DIRECTION ( 'NONE',  ( 0.000000000000000000, 0.000000000000000000, 1.000000000000000000 ) ) ;
#5367 = DIRECTION ( 'NONE',  ( 0.000000000000000000, 0.000000000000000000, 1.000000000000000000 ) ) ;
#5368 = VERTEX_POINT ( 'NONE', #1604 ) ;
#5369 = VECTOR ( 'NONE', #5486, 1000.000000000000000 ) ;
#5370 = CARTESIAN_POINT ( 'NONE',  ( -26.97496284303431580, 20.00000000000000000, 21.59860225200279871 ) ) ;
#5371 = DIRECTION ( 'NONE',  ( 0.000000000000000000, -1.000000000000000000, 0.000000000000000000 ) ) ;
#5372 = PLANE ( 'NONE',  #2806 ) ;
#5373 = DIRECTION ( 'NONE',  ( 1.000000000000000000, 0.000000000000000000, -1.116774769942150345E-16 ) ) ;
#5374 = ORIENTED_EDGE ( 'NONE', *, *, #4061, .T. ) ;
#5375 = VECTOR ( 'NONE', #263, 1000.000000000000000 ) ;
#5376 = CARTESIAN_POINT ( 'NONE',  ( 8.291063723165127186, 23.32798253658751975, -14.88014387158387386 ) ) ;
#5377 = CARTESIAN_POINT ( 'NONE',  ( -20.97734123660996630, 24.73281152792567994, 26.35000000000001563 ) ) ;
#5378 = DIRECTION ( 'NONE',  ( -0.000000000000000000, 1.000000000000000000, -0.000000000000000000 ) ) ;
#5379 = ORIENTED_EDGE ( 'NONE', *, *, #887, .T. ) ;
#5380 = EDGE_CURVE ( 'NONE', #5362, #2820, #1631, .T. ) ;
#5381 = FACE_OUTER_BOUND ( 'NONE', #2936, .T. ) ;
#5382 = CARTESIAN_POINT ( 'NONE',  ( 21.26821947488850739, 35.09905089772590969, 27.71508568919195881 ) ) ;
#5383 = DIRECTION ( 'NONE',  ( 0.000000000000000000, 0.000000000000000000, 1.000000000000000000 ) ) ;
#5384 = DIRECTION ( 'NONE',  ( 0.000000000000000000, -0.000000000000000000, 1.000000000000000000 ) ) ;
#5385 = ORIENTED_EDGE ( 'NONE', *, *, #510, .T. ) ;
#5386 = DIRECTION ( 'NONE',  ( -0.000000000000000000, -1.000000000000000000, -0.000000000000000000 ) ) ;
#5387 = LINE ( 'NONE', #5001, #568 ) ;
#5388 = ORIENTED_EDGE ( 'NONE', *, *, #2926, .F. ) ;
#5389 = ORIENTED_EDGE ( 'NONE', *, *, #274, .F. ) ;
#5390 = EDGE_CURVE ( 'NONE', #113, #3863, #2496, .T. ) ;
#5391 = CARTESIAN_POINT ( 'NONE',  ( 24.60000000000000142, 25.00000000000000355, 4.381466874697177438 ) ) ;
#5392 = LINE ( 'NONE', #4833, #3203 ) ;
#5393 = VERTEX_POINT ( 'NONE', #4369 ) ;
#5394 = VECTOR ( 'NONE', #5495, 1000.000000000000000 ) ;
#5395 = CARTESIAN_POINT ( 'NONE',  ( -19.59999999999999432, 25.00000000000000355, 26.35000000000001563 ) ) ;
#5396 = CARTESIAN_POINT ( 'NONE',  ( -23.75665401403832178, 37.00000000000000711, 2.381466874697180991 ) ) ;
#5397 = ADVANCED_FACE ( 'NONE', ( #4254, #3420 ), #3893, .F. ) ;
#5398 = CARTESIAN_POINT ( 'NONE',  ( -14.49999999999999822, -7.900000000000003908, -2.449999999999993960 ) ) ;
#5399 = VECTOR ( 'NONE', #5373, 1000.000000000000000 ) ;
#5400 = VERTEX_POINT ( 'NONE', #5173 ) ;
#5401 = AXIS2_PLACEMENT_3D ( 'NONE', #390, #3059, #4038 ) ;
#5402 = CARTESIAN_POINT ( 'NONE',  ( 33.98476260558511086, -7.900000000000003908, -2.449999999999995737 ) ) ;
#5403 = DIRECTION ( 'NONE',  ( 1.000000000000000000, 0.000000000000000000, 0.000000000000000000 ) ) ;
#5404 = DIRECTION ( 'NONE',  ( 0.000000000000000000, 0.000000000000000000, 1.000000000000000000 ) ) ;
#5405 = CARTESIAN_POINT ( 'NONE',  ( -14.45628997867800791, 34.00000000000000000, 7.148629685907792464 ) ) ;
#5406 = ORIENTED_EDGE ( 'NONE', *, *, #288, .T. ) ;
#5407 = DIRECTION ( 'NONE',  ( 0.000000000000000000, -0.000000000000000000, 1.000000000000000000 ) ) ;
#5408 = CARTESIAN_POINT ( 'NONE',  ( 21.55509399923662883, 36.47564342826350980, 26.41545309141579523 ) ) ;
#5409 = DIRECTION ( 'NONE',  ( 0.000000000000000000, 0.000000000000000000, 1.000000000000000000 ) ) ;
#5410 = EDGE_CURVE ( 'NONE', #5351, #3461, #5737, .T. ) ;
#5411 = ORIENTED_EDGE ( 'NONE', *, *, #4421, .T. ) ;
#5412 = CARTESIAN_POINT ( 'NONE',  ( 0.000000000000000000, 20.00000000000000000, 0.000000000000000000 ) ) ;
#5413 = ORIENTED_EDGE ( 'NONE', *, *, #4840, .F. ) ;
#5414 = CARTESIAN_POINT ( 'NONE',  ( -49.52762154881770584, 0.000000000000000000, 10.56677942393415925 ) ) ;
#5415 = CARTESIAN_POINT ( 'NONE',  ( 26.88650296746315860, 20.06510011812599359, -20.89865644534830835 ) ) ;
#5416 = VERTEX_POINT ( 'NONE', #728 ) ;
#5417 = EDGE_LOOP ( 'NONE', ( #3197, #5388, #4240, #99, #159 ) ) ;
#5418 = LINE ( 'NONE', #552, #4829 ) ;
#5419 = EDGE_LOOP ( 'NONE', ( #2268, #553, #3715, #1067, #5022, #1520 ) ) ;
#5420 = EDGE_CURVE ( 'NONE', #4234, #2417, #2528, .T. ) ;
#5421 = DIRECTION ( 'NONE',  ( 0.000000000000000000, -0.000000000000000000, 1.000000000000000000 ) ) ;
#5422 = CARTESIAN_POINT ( 'NONE',  ( 0.000000000000000000, 20.00000000000000000, 0.000000000000000000 ) ) ;
#5423 = DIRECTION ( 'NONE',  ( -0.000000000000000000, -0.000000000000000000, 1.000000000000000000 ) ) ;
#5424 = ORIENTED_EDGE ( 'NONE', *, *, #1138, .F. ) ;
#5425 = ADVANCED_FACE ( 'NONE', ( #5702, #2052 ), #3452, .T. ) ;
#5426 = EDGE_CURVE ( 'NONE', #3571, #453, #2979, .T. ) ;
#5427 = APPROVAL_DATE_TIME ( #3705, #108 ) ;
#5428 = CARTESIAN_POINT ( 'NONE',  ( -14.59999999999999964, 13.99999999999999822, -10.99999999999999645 ) ) ;
#5429 = FACE_OUTER_BOUND ( 'NONE', #384, .T. ) ;
#5430 = FACE_OUTER_BOUND ( 'NONE', #2240, .T. ) ;
#5431 = ORIENTED_EDGE ( 'NONE', *, *, #3180, .T. ) ;
#5432 = CIRCLE ( 'NONE', #2875, 0.9999999999999940048 ) ;
#5433 = AXIS2_PLACEMENT_3D ( 'NONE', #164, #3665, #5590 ) ;
#5434 = CARTESIAN_POINT ( 'NONE',  ( 24.60000000000000142, 23.19044304560213732, 5.233231882660244416 ) ) ;
#5435 = CARTESIAN_POINT ( 'NONE',  ( 20.65828360780013284, 36.47423997339545565, 30.28417500556150799 ) ) ;
#5436 = CARTESIAN_POINT ( 'NONE',  ( 19.60000000000000142, 25.00000000000000355, 28.35000000000000853 ) ) ;
#5437 = ORIENTED_EDGE ( 'NONE', *, *, #279, .T. ) ;
#5438 = PLANE ( 'NONE',  #1879 ) ;
#5439 = CIRCLE ( 'NONE', #4021, 0.9999999999999904521 ) ;
#5440 = VECTOR ( 'NONE', #4457, 1000.000000000000000 ) ;
#5441 = EDGE_LOOP ( 'NONE', ( #3025, #4509, #1681, #3880 ) ) ;
#5442 = CIRCLE ( 'NONE', #2888, 4.999999999999997335 ) ;
#5443 = CARTESIAN_POINT ( 'NONE',  ( 8.179966550069213582, 13.99999999999999822, -12.06040739513044180 ) ) ;
#5444 = CYLINDRICAL_SURFACE ( 'NONE', #1980, 44.99999999999992184 ) ;
#5445 = FACE_OUTER_BOUND ( 'NONE', #4684, .T. ) ;
#5446 = EDGE_LOOP ( 'NONE', ( #511, #5796, #2347, #1931 ) ) ;
#5447 = CARTESIAN_POINT ( 'NONE',  ( -27.50950353439256091, 20.00000000000000000, -18.25114384398539968 ) ) ;
#5448 = EDGE_LOOP ( 'NONE', ( #909, #1407, #2975, #3612 ) ) ;
#5449 = CIRCLE ( 'NONE', #336, 0.9999999999999940048 ) ;
#5450 = EDGE_CURVE ( 'NONE', #223, #1180, #4756, .T. ) ;
#5451 = AXIS2_PLACEMENT_3D ( 'NONE', #4775, #2459, #713 ) ;
#5452 = CARTESIAN_POINT ( 'NONE',  ( -14.49999999999999822, -7.900000000000003908, 2.449999999999998401 ) ) ;
#5453 = CARTESIAN_POINT ( 'NONE',  ( -2.866834657879416159, 6.451635971676391357, 23.35796635998087822 ) ) ;
#5454 = CARTESIAN_POINT ( 'NONE',  ( -19.59999999999999787, 37.00000000000000711, 4.381466874697181879 ) ) ;
#5455 = ORIENTED_EDGE ( 'NONE', *, *, #1716, .T. ) ;
#5456 = AXIS2_PLACEMENT_3D ( 'NONE', #2000, #1555, #4713 ) ;
#5457 = DIRECTION ( 'NONE',  ( 0.000000000000000000, -0.8602915336341744323, -0.5098023903017325775 ) ) ;
#5458 = CARTESIAN_POINT ( 'NONE',  ( -2.666559004307488934, 14.00000000000000355, -16.50531572707908268 ) ) ;
#5459 = DIRECTION ( 'NONE',  ( 0.000000000000000000, 0.000000000000000000, 1.000000000000000000 ) ) ;
#5460 = AXIS2_PLACEMENT_3D ( 'NONE', #4719, #2071, #2462 ) ;
#5461 = ORIENTED_EDGE ( 'NONE', *, *, #4122, .F. ) ;
#5462 = AXIS2_PLACEMENT_3D ( 'NONE', #383, #439, #3023 ) ;
#5463 = CARTESIAN_POINT ( 'NONE',  ( -31.88733761830489399, 0.000000000000000000, 20.66662904032490644 ) ) ;
#5464 = CARTESIAN_POINT ( 'NONE',  ( -19.59999999999999432, 37.00000000000000711, 30.35000000000001563 ) ) ;
#5465 = CARTESIAN_POINT ( 'NONE',  ( -20.88683180934870620, 26.23105475311277957, 26.76823757310020824 ) ) ;
#5466 = ADVANCED_FACE ( 'NONE', ( #2557 ), #2443, .F. ) ;
#5467 = EDGE_LOOP ( 'NONE', ( #5309, #1573, #2797, #4173 ) ) ;
#5468 = CARTESIAN_POINT ( 'NONE',  ( 0.000000000000000000, 0.000000000000000000, 0.000000000000000000 ) ) ;
#5469 = EDGE_LOOP ( 'NONE', ( #3547, #4941, #2756, #2649 ) ) ;
#5470 = CARTESIAN_POINT ( 'NONE',  ( -101.4516408518393717, 25.00000000000000711, -0.06049675528535178315 ) ) ;
#5471 = LINE ( 'NONE', #3630, #3981 ) ;
#5472 = CARTESIAN_POINT ( 'NONE',  ( 49.52762154881769874, 20.00000000000000000, 10.56677942393414327 ) ) ;
#5473 = ORIENTED_EDGE ( 'NONE', *, *, #1417, .F. ) ;
#5474 = CARTESIAN_POINT ( 'NONE',  ( -27.23927652314210235, 20.00272557202540824, 18.80200216893839382 ) ) ;
#5475 = EDGE_LOOP ( 'NONE', ( #3185, #2058, #3091, #2941 ) ) ;
#5476 = CARTESIAN_POINT ( 'NONE',  ( -14.49999999999999822, 0.000000000000000000, 7.148629685907792464 ) ) ;
#5477 = DIRECTION ( 'NONE',  ( 0.000000000000000000, 0.000000000000000000, -1.000000000000000000 ) ) ;
#5478 = CARTESIAN_POINT ( 'NONE',  ( -19.59999999999999787, 37.00000000000000711, 2.381466874697180547 ) ) ;
#5479 = CARTESIAN_POINT ( 'NONE',  ( 13.76672846485711688, 41.70262197086111655, -15.09984697540741472 ) ) ;
#5480 = ADVANCED_FACE ( 'NONE', ( #2894 ), #2051, .T. ) ;
#5481 = VERTEX_POINT ( 'NONE', #1227 ) ;
#5482 = APPROVAL_ROLE ( '' ) ;
#5483 = FACE_OUTER_BOUND ( 'NONE', #5508, .T. ) ;
#5484 = AXIS2_PLACEMENT_3D ( 'NONE', #5298, #3898, #4437 ) ;
#5485 = CARTESIAN_POINT ( 'NONE',  ( -31.88733761830489399, 0.000000000000000000, 17.16662904032490644 ) ) ;
#5486 = DIRECTION ( 'NONE',  ( -1.000000000000000000, -0.000000000000000000, 1.116774769942150345E-16 ) ) ;
#5487 = ORIENTED_EDGE ( 'NONE', *, *, #4485, .F. ) ;
#5488 = VECTOR ( 'NONE', #2902, 1000.000000000000000 ) ;
#5489 = EDGE_CURVE ( 'NONE', #3584, #5864, #2196, .T. ) ;
#5490 = CARTESIAN_POINT ( 'NONE',  ( 33.98476260558511797, -2.500000000000000444, -5.650000000000000355 ) ) ;
#5491 = CARTESIAN_POINT ( 'NONE',  ( 9.552611072355983168, 13.99999999999999822, 21.00476137231022733 ) ) ;
#5492 = CARTESIAN_POINT ( 'NONE',  ( -14.59999999999999432, 25.00000000000000355, 29.35000000000000853 ) ) ;
#5493 = CARTESIAN_POINT ( 'NONE',  ( -14.45628997867801147, 4.847470004413807487, 24.77924038745823765 ) ) ;
#5494 = ORIENTED_EDGE ( 'NONE', *, *, #2504, .F. ) ;
#5495 = DIRECTION ( 'NONE',  ( 0.000000000000000000, 1.000000000000000000, 0.000000000000000000 ) ) ;
#5496 = VERTEX_POINT ( 'NONE', #1760 ) ;
#5497 = ADVANCED_FACE ( 'NONE', ( #3041 ), #427, .F. ) ;
#5498 = DIRECTION ( 'NONE',  ( -0.000000000000000000, 0.000000000000000000, 1.000000000000000000 ) ) ;
#5499 = CARTESIAN_POINT ( 'NONE',  ( 33.98476260558511086, 0.000000000000000000, 11.78267809211570238 ) ) ;
#5500 = CARTESIAN_POINT ( 'NONE',  ( -20.15325478809902648, 35.77040489025723957, 29.93284471887127651 ) ) ;
#5501 = VERTEX_POINT ( 'NONE', #2256 ) ;
#5502 = CARTESIAN_POINT ( 'NONE',  ( 20.17008452982812727, 21.17012572422939698, -38.64334463271137565 ) ) ;
#5503 = VERTEX_POINT ( 'NONE', #821 ) ;
#5504 = DIRECTION ( 'NONE',  ( 0.000000000000000000, 0.000000000000000000, 1.000000000000000000 ) ) ;
#5505 = DIRECTION ( 'NONE',  ( 0.000000000000000000, 0.000000000000000000, -1.000000000000000000 ) ) ;
#5506 = CARTESIAN_POINT ( 'NONE',  ( -14.49999999999999822, 0.000000000000000000, -3.149999999999999911 ) ) ;
#5507 = CARTESIAN_POINT ( 'NONE',  ( -14.59999999999999787, 25.00000000000000355, 3.381466874697184100 ) ) ;
#5508 = EDGE_LOOP ( 'NONE', ( #1797, #1906, #1305, #2678 ) ) ;
#5509 = ORIENTED_EDGE ( 'NONE', *, *, #2156, .T. ) ;
#5510 = CARTESIAN_POINT ( 'NONE',  ( -31.88733761830489399, 20.00000000000000000, -20.66662904032490644 ) ) ;
#5511 = CARTESIAN_POINT ( 'NONE',  ( -9.997229639597783546, 42.00000000000000000, -20.88381863163371222 ) ) ;
#5512 = CARTESIAN_POINT ( 'NONE',  ( 33.98476260558511086, 48.64022130397180632, 11.78267809211570238 ) ) ;
#5513 = ORIENTED_EDGE ( 'NONE', *, *, #5024, .T. ) ;
#5514 = ADVANCED_FACE ( 'NONE', ( #5381, #2628, #1311, #1286 ), #4432, .F. ) ;
#5515 = CARTESIAN_POINT ( 'NONE',  ( 53.86426032307243617, 19.99999999999999289, -7.297043333954705169 ) ) ;
#5516 = DIRECTION ( 'NONE',  ( 1.000000000000000000, -0.000000000000000000, -1.116774769942150345E-16 ) ) ;
#5517 = DIRECTION ( 'NONE',  ( -1.000000000000000000, 0.000000000000000000, 1.116774769942150345E-16 ) ) ;
#5518 = LINE ( 'NONE', #158, #4040 ) ;
#5519 = ORIENTED_EDGE ( 'NONE', *, *, #2336, .F. ) ;
#5520 = CARTESIAN_POINT ( 'NONE',  ( -14.59999999999999787, 25.00000000000000355, 3.381466874697187652 ) ) ;
#5521 = VECTOR ( 'NONE', #2660, 1000.000000000000000 ) ;
#5522 = ORIENTED_EDGE ( 'NONE', *, *, #1039, .F. ) ;
#5523 = B_SPLINE_CURVE_WITH_KNOTS ( 'NONE', 3,
 ( #5196, #5672, #3831, #4753, #5166, #2525, #5699, #4339, #2493, #1665, #3479, #1109, #5291, #3954, #4816, #5765, #1135, #275, #2078, #5259, #3357, #1223, #3037, #3891, #2919, #5225, #1628, #4725 ),
 .UNSPECIFIED., .F., .F.,
 ( 4, 2, 2, 2, 2, 2, 2, 2, 2, 2, 2, 2, 2, 4 ),
 ( 0.006337646131895981715, 0.007129598039954962961, 0.007525573993984451850, 0.007921549948013939871, 0.008317525902043428759, 0.008713501856072917648, 0.009505453764131890221, 0.009901429718161370436, 0.01029740567219085065, 0.01069338162622033087, 0.01108935758024981108, 0.01148533353427929130, 0.01188130948830877151, 0.01267326139636773541 ),
 .UNSPECIFIED. ) ;
#5524 = CARTESIAN_POINT ( 'NONE',  ( 44.60000000000000142, 25.00000000000000355, 3.381466874697176106 ) ) ;
#5525 = FACE_OUTER_BOUND ( 'NONE', #3843, .T. ) ;
#5526 = CARTESIAN_POINT ( 'NONE',  ( -20.38109630811334227, 35.10045136537633681, 28.98902903297908296 ) ) ;
#5527 = ORIENTED_EDGE ( 'NONE', *, *, #95, .F. ) ;
#5528 = AXIS2_PLACEMENT_3D ( 'NONE', #5064, #1824, #3194 ) ;
#5529 = EDGE_CURVE ( 'NONE', #2482, #1976, #1941, .T. ) ;
#5530 = DIRECTION ( 'NONE',  ( -1.000000000000000000, 0.000000000000000000, 1.116774769942150345E-16 ) ) ;
#5531 = ADVANCED_FACE ( 'NONE', ( #4074, #4400 ), #3600, .F. ) ;
#5532 = ORIENTED_EDGE ( 'NONE', *, *, #4186, .T. ) ;
#5533 = AXIS2_PLACEMENT_3D ( 'NONE', #4281, #2980, #2922 ) ;
#5534 = AXIS2_PLACEMENT_3D ( 'NONE', #1237, #3051, #4739 ) ;
#5535 = DIRECTION ( 'NONE',  ( -0.000000000000000000, 1.000000000000000000, -0.000000000000000000 ) ) ;
#5536 = CARTESIAN_POINT ( 'NONE',  ( 14.45628997867803456, 6.461743869376523897, 4.797420775399142023 ) ) ;
#5537 = DIRECTION ( 'NONE',  ( 0.000000000000000000, -1.000000000000000000, -1.734723475976807094E-16 ) ) ;
#5538 = DIRECTION ( 'NONE',  ( 0.000000000000000000, 0.000000000000000000, 1.000000000000000000 ) ) ;
#5539 = DIRECTION ( 'NONE',  ( 1.000000000000000000, 0.000000000000000000, 0.000000000000000000 ) ) ;
#5540 = AXIS2_PLACEMENT_3D ( 'NONE', #5164, #2491, #272 ) ;
#5541 = EDGE_LOOP ( 'NONE', ( #1541, #654, #2124, #4269, #3833, #5804 ) ) ;
#5542 = EDGE_CURVE ( 'NONE', #143, #2200, #908, .T. ) ;
#5543 = VERTEX_POINT ( 'NONE', #4910 ) ;
#5544 = VECTOR ( 'NONE', #5421, 1000.000000000000000 ) ;
#5545 = PERSON_AND_ORGANIZATION_ROLE ( 'design_supplier' ) ;
#5546 = DIRECTION ( 'NONE',  ( 0.000000000000000000, 0.000000000000000000, -1.000000000000000000 ) ) ;
#5547 = CARTESIAN_POINT ( 'NONE',  ( 7.514718548988406965, 41.99999999999998579, -22.75455419529693657 ) ) ;
#5548 = CARTESIAN_POINT ( 'NONE',  ( 0.000000000000000000, 0.000000000000000000, 0.000000000000000000 ) ) ;
#5549 = VERTEX_POINT ( 'NONE', #3481 ) ;
#5550 = CIRCLE ( 'NONE', #4129, 2.000000000000000000 ) ;
#5551 = AXIS2_PLACEMENT_3D ( 'NONE', #3258, #5073, #3739 ) ;
#5552 = DIRECTION ( 'NONE',  ( 0.000000000000000000, -0.000000000000000000, -1.000000000000000000 ) ) ;
#5553 = DIRECTION ( 'NONE',  ( 0.000000000000000000, 0.000000000000000000, -1.000000000000000000 ) ) ;
#5554 = DIRECTION ( 'NONE',  ( -1.000000000000000000, 0.000000000000000000, 0.000000000000000000 ) ) ;
#5555 = DIRECTION ( 'NONE',  ( -0.000000000000000000, 0.000000000000000000, 1.000000000000000000 ) ) ;
#5556 = VERTEX_POINT ( 'NONE', #4847 ) ;
#5557 = DIRECTION ( 'NONE',  ( 0.000000000000000000, -0.000000000000000000, -1.000000000000000000 ) ) ;
#5558 = ADVANCED_FACE ( 'NONE', ( #877 ), #2230, .T. ) ;
#5559 = AXIS2_PLACEMENT_3D ( 'NONE', #1649, #5628, #5123 ) ;
#5560 = ORIENTED_EDGE ( 'NONE', *, *, #2739, .T. ) ;
#5561 = CARTESIAN_POINT ( 'NONE',  ( 45.00000000000000000, 48.00000000000000000, -1.653273178848926709E-14 ) ) ;
#5562 = LINE ( 'NONE', #4139, #1930 ) ;
#5563 = CARTESIAN_POINT ( 'NONE',  ( -20.86854391778865647, 35.66833784728471102, 26.85196211726548654 ) ) ;
#5564 = ORIENTED_EDGE ( 'NONE', *, *, #1654, .T. ) ;
#5565 = CARTESIAN_POINT ( 'NONE',  ( -14.18107734328971326, 39.64515466001484612, -13.74081377651069502 ) ) ;
#5566 = ORIENTED_EDGE ( 'NONE', *, *, #136, .T. ) ;
#5567 = EDGE_CURVE ( 'NONE', #5056, #1901, #3148, .T. ) ;
#5568 = CARTESIAN_POINT ( 'NONE',  ( -31.88733761830489399, 0.000000000000000000, 24.16662904032490644 ) ) ;
#5569 = LINE ( 'NONE', #5092, #4970 ) ;
#5570 = CARTESIAN_POINT ( 'NONE',  ( -41.70000000000000995, 13.99999999999999822, 0.000000000000000000 ) ) ;
#5571 = CARTESIAN_POINT ( 'NONE',  ( 14.59999999999999964, 20.55380474298929627, -11.00000000000000000 ) ) ;
#5572 = VERTEX_POINT ( 'NONE', #901 ) ;
#5573 = ORIENTED_EDGE ( 'NONE', *, *, #2006, .F. ) ;
#5574 = ADVANCED_FACE ( 'NONE', ( #5767 ), #5324, .F. ) ;
#5575 = DIRECTION ( 'NONE',  ( -0.000000000000000000, -1.000000000000000000, -0.000000000000000000 ) ) ;
#5576 = CARTESIAN_POINT ( 'NONE',  ( 2.866834657879444137, 3.058385772581596829, 27.44999477551211697 ) ) ;
#5577 = CARTESIAN_POINT ( 'NONE',  ( 7.303473103670190092, 13.99999999999999822, -10.99999999999999645 ) ) ;
#5578 = LINE ( 'NONE', #3679, #5369 ) ;
#5579 = VERTEX_POINT ( 'NONE', #4564 ) ;
#5580 = AXIS2_PLACEMENT_3D ( 'NONE', #1819, #4142, #3611 ) ;
#5581 = CARTESIAN_POINT ( 'NONE',  ( -31.88733761830489399, 48.00000000000000000, 25.66662904032490289 ) ) ;
#5582 = DIRECTION ( 'NONE',  ( 0.000000000000000000, 1.000000000000000000, -6.938893903907228378E-16 ) ) ;
#5583 = LINE ( 'NONE', #1484, #5051 ) ;
#5584 = CARTESIAN_POINT ( 'NONE',  ( -14.45628997867800791, 3.058385772581598605, 27.44999477551212053 ) ) ;
#5585 = ORIENTED_EDGE ( 'NONE', *, *, #2183, .T. ) ;
#5586 = CARTESIAN_POINT ( 'NONE',  ( -17.89708059027985243, 23.66531850439927709, -38.64334463271136855 ) ) ;
#5587 = VECTOR ( 'NONE', #5535, 1000.000000000000000 ) ;
#5588 = CARTESIAN_POINT ( 'NONE',  ( 14.45628997867803101, 0.000000000000000000, -3.149999999999999911 ) ) ;
#5589 = CARTESIAN_POINT ( 'NONE',  ( -2.866834657879416159, 0.000000000000000000, 20.99930208231626239 ) ) ;
#5590 = DIRECTION ( 'NONE',  ( 0.000000000000000000, 0.000000000000000000, -1.000000000000000000 ) ) ;
#5591 = ADVANCED_FACE ( 'NONE', ( #2733, #1050 ), #3743, .F. ) ;
#5592 = ORIENTED_EDGE ( 'NONE', *, *, #3798, .F. ) ;
#5593 = CARTESIAN_POINT ( 'NONE',  ( -13.43432073213469913, 41.99999999999999289, -15.93942876313855095 ) ) ;
#5594 = VERTEX_POINT ( 'NONE', #1895 ) ;
#5595 = DIRECTION ( 'NONE',  ( 0.000000000000000000, -1.000000000000000000, 0.000000000000000000 ) ) ;
#5596 = FACE_OUTER_BOUND ( 'NONE', #5419, .T. ) ;
#5597 = EDGE_CURVE ( 'NONE', #1252, #5234, #3450, .T. ) ;
#5598 = DIRECTION ( 'NONE',  ( 0.000000000000000000, -1.000000000000000000, 0.000000000000000000 ) ) ;
#5599 = CARTESIAN_POINT ( 'NONE',  ( 24.26930641360403129, 26.89722657145525631, 5.027732829640514822 ) ) ;
#5600 = ORIENTED_EDGE ( 'NONE', *, *, #2949, .T. ) ;
#5601 = ORIENTED_EDGE ( 'NONE', *, *, #2964, .T. ) ;
#5602 = B_SPLINE_CURVE_WITH_KNOTS ( 'NONE', 3,
 ( #1385, #920, #1857, #1913, #2276, #5479, #1473, #22, #1412, #1499, #1440, #3732, #51, #4532, #3222, #80, #471, #974, #2726, #4621, #4090, #3287, #3674, #5571 ),
 .UNSPECIFIED., .F., .F.,
 ( 4, 2, 2, 2, 2, 2, 2, 2, 2, 2, 2, 4 ),
 ( 0.000000000000000000, 0.0003623543519994739553, 0.0007247087039989525727, 0.001449417407997898423, 0.002174126111996844708, 0.002898834815995790341, 0.004348252223993684211, 0.005797669631991578081, 0.008696504447987344136, 0.01159533926398311279, 0.01739300889597467092, 0.02319067852796622559 ),
 .UNSPECIFIED. ) ;
#5603 = DIRECTION ( 'NONE',  ( 0.000000000000000000, 1.000000000000000000, 0.000000000000000000 ) ) ;
#5604 = CARTESIAN_POINT ( 'NONE',  ( -14.59999999999999964, 48.00000000000000000, -10.99999999999999645 ) ) ;
#5605 = DIRECTION ( 'NONE',  ( 0.000000000000000000, 1.000000000000000000, 0.000000000000000000 ) ) ;
#5606 = EDGE_CURVE ( 'NONE', #5496, #5300, #2120, .T. ) ;
#5607 = EDGE_LOOP ( 'NONE', ( #854, #3797, #1995 ) ) ;
#5608 = CARTESIAN_POINT ( 'NONE',  ( 45.00000000000000000, 13.99999999999999822, -1.653273178848926709E-14 ) ) ;
#5609 = DIRECTION ( 'NONE',  ( -1.000000000000000000, -0.000000000000000000, 1.116774769942150345E-16 ) ) ;
#5610 = DIRECTION ( 'NONE',  ( 1.000000000000000000, 0.000000000000000000, -1.116774769942150345E-16 ) ) ;
#5611 = LINE ( 'NONE', #509, #3374 ) ;
#5612 = ORIENTED_EDGE ( 'NONE', *, *, #4290, .F. ) ;
#5613 = CARTESIAN_POINT ( 'NONE',  ( -5.130883278021346250, 14.00000000002460787, -15.12792297814848652 ) ) ;
#5614 = CARTESIAN_POINT ( 'NONE',  ( -20.60116714674299487, 40.18241372551672441, -11.00000000000000355 ) ) ;
#5615 = CARTESIAN_POINT ( 'NONE',  ( -19.59999999999999432, 37.00000000000000711, 27.35000000000001918 ) ) ;
#5616 = CARTESIAN_POINT ( 'NONE',  ( -2.866834657879415715, 8.749144193307863304, 6.190922060749589839 ) ) ;
#5617 = ORIENTED_EDGE ( 'NONE', *, *, #2008, .F. ) ;
#5618 = DESIGN_CONTEXT ( 'detailed design', #1433, 'design' ) ;
#5619 = CARTESIAN_POINT ( 'NONE',  ( -13.77498505746646451, 41.67531217835719559, -15.07684754051442511 ) ) ;
#5620 = CIRCLE ( 'NONE', #4203, 11.11567787102364591 ) ;
#5621 = ORIENTED_EDGE ( 'NONE', *, *, #224, .T. ) ;
#5622 = ORIENTED_EDGE ( 'NONE', *, *, #1714, .F. ) ;
#5623 = VECTOR ( 'NONE', #5386, 1000.000000000000000 ) ;
#5624 = CIRCLE ( 'NONE', #2976, 3.299999999999990496 ) ;
#5625 = CARTESIAN_POINT ( 'NONE',  ( -20.91909114663726754, 38.01220117317132718, 26.61999509672831721 ) ) ;
#5626 = CARTESIAN_POINT ( 'NONE',  ( 14.45628997867803633, 11.83167323023141293, 7.148629685907793352 ) ) ;
#5627 = FACE_BOUND ( 'NONE', #5854, .T. ) ;
#5628 = DIRECTION ( 'NONE',  ( 0.000000000000000000, 1.000000000000000000, 0.000000000000000000 ) ) ;
#5629 = ORIENTED_EDGE ( 'NONE', *, *, #3039, .T. ) ;
#5630 = ORIENTED_EDGE ( 'NONE', *, *, #3574, .T. ) ;
#5631 = VECTOR ( 'NONE', #139, 1000.000000000000000 ) ;
#5632 = EDGE_CURVE ( 'NONE', #3124, #4720, #569, .T. ) ;
#5633 = VECTOR ( 'NONE', #1957, 1000.000000000000000 ) ;
#5634 = AXIS2_PLACEMENT_3D ( 'NONE', #4364, #183, #2046 ) ;
#5635 = DIRECTION ( 'NONE',  ( 0.000000000000000000, 0.000000000000000000, 1.000000000000000000 ) ) ;
#5636 = FACE_OUTER_BOUND ( 'NONE', #4999, .T. ) ;
#5637 = DIRECTION ( 'NONE',  ( 1.000000000000000000, 0.000000000000000000, 0.000000000000000000 ) ) ;
#5638 = VERTEX_POINT ( 'NONE', #955 ) ;
#5639 = CIRCLE ( 'NONE', #4698, 13.06426483703416253 ) ;
#5640 = ADVANCED_FACE ( 'NONE', ( #4662 ), #2789, .F. ) ;
#5641 = CARTESIAN_POINT ( 'NONE',  ( 9.247655802127866309, 17.79724670888778348, -10.99999999995740829 ) ) ;
#5642 = CARTESIAN_POINT ( 'NONE',  ( 22.61576656568141885, 20.07125752170168909, 38.52235112214060564 ) ) ;
#5643 = FACE_OUTER_BOUND ( 'NONE', #5068, .T. ) ;
#5644 = PLANE ( 'NONE',  #2037 ) ;
#5645 = AXIS2_PLACEMENT_3D ( 'NONE', #783, #4278, #2585 ) ;
#5646 = VERTEX_POINT ( 'NONE', #4601 ) ;
#5647 = CARTESIAN_POINT ( 'NONE',  ( 2.273505211650761471, 14.00000000002461320, -16.50531572708543138 ) ) ;
#5648 = CIRCLE ( 'NONE', #2997, 3.499999999999999556 ) ;
#5649 = CARTESIAN_POINT ( 'NONE',  ( -19.59999999999999787, 25.00000000000000355, 5.381466874697176550 ) ) ;
#5650 = CYLINDRICAL_SURFACE ( 'NONE', #5729, 40.00000000000000711 ) ;
#5651 = DIRECTION ( 'NONE',  ( 0.000000000000000000, 1.000000000000000000, 0.000000000000000000 ) ) ;
#5652 = EDGE_CURVE ( 'NONE', #489, #1727, #3117, .T. ) ;
#5653 = CARTESIAN_POINT ( 'NONE',  ( 19.59999999999999787, 25.00000000000000355, 5.381466874697175662 ) ) ;
#5654 = DIRECTION ( 'NONE',  ( -0.000000000000000000, -1.000000000000000000, -0.000000000000000000 ) ) ;
#5655 = AXIS2_PLACEMENT_3D ( 'NONE', #4045, #925, #3174 ) ;
#5656 = ORIENTED_EDGE ( 'NONE', *, *, #202, .T. ) ;
#5657 = ORIENTED_EDGE ( 'NONE', *, *, #1776, .T. ) ;
#5658 = CARTESIAN_POINT ( 'NONE',  ( -20.17416174571045318, 38.33198648615307746, 29.84759452270944635 ) ) ;
#5659 = CARTESIAN_POINT ( 'NONE',  ( 24.28914530304687602, 34.99997945578073910, 4.511565623900933630 ) ) ;
#5660 = CARTESIAN_POINT ( 'NONE',  ( -27.50950353439256091, 20.00000000000000000, -18.25114384398539968 ) ) ;
#5661 = DIRECTION ( 'NONE',  ( 0.000000000000000000, -0.8602915336341744323, -0.5098023903017325775 ) ) ;
#5662 = ORIENTED_EDGE ( 'NONE', *, *, #1356, .T. ) ;
#5663 = ORIENTED_EDGE ( 'NONE', *, *, #653, .T. ) ;
#5664 = CARTESIAN_POINT ( 'NONE',  ( -14.45628997867800614, 3.241990833914200287, 1.203346625640025369 ) ) ;
#5665 = CARTESIAN_POINT ( 'NONE',  ( 6.375083970665839317, 14.00000000000000178, -13.24221637010595387 ) ) ;
#5666 = ADVANCED_FACE ( 'NONE', ( #4188 ), #4329, .F. ) ;
#5667 = DIRECTION ( 'NONE',  ( 1.000000000000000000, -0.000000000000000000, -1.116774769942150345E-16 ) ) ;
#5668 = ORIENTED_EDGE ( 'NONE', *, *, #3832, .T. ) ;
#5669 = CARTESIAN_POINT ( 'NONE',  ( 13.48281413202969858, 42.18618405738445887, -15.95420570250417214 ) ) ;
#5670 = CARTESIAN_POINT ( 'NONE',  ( 14.45628997867803456, -7.900000000000003908, 20.99930208231626239 ) ) ;
#5671 = CARTESIAN_POINT ( 'NONE',  ( 20.91554320890748997, 38.80080799194499264, 29.22976745795264009 ) ) ;
#5672 = CARTESIAN_POINT ( 'NONE',  ( 20.64190408507750618, 25.26460571816172163, 30.35000000000001208 ) ) ;
#5673 = VERTEX_POINT ( 'NONE', #1367 ) ;
#5674 = ADVANCED_FACE ( 'NONE', ( #5076 ), #3177, .F. ) ;
#5675 = CARTESIAN_POINT ( 'NONE',  ( -23.05844564573880007, 0.000000000000000000, -38.64334463271136855 ) ) ;
#5676 = CARTESIAN_POINT ( 'NONE',  ( -19.59999999999999787, 25.00000000000000355, 4.381466874697181879 ) ) ;
#5677 = CYLINDRICAL_SURFACE ( 'NONE', #3246, 44.99999999999993605 ) ;
#5678 = CARTESIAN_POINT ( 'NONE',  ( 14.45628997867803456, 2.999999999999998224, 27.99930208231626949 ) ) ;
#5679 = VECTOR ( 'NONE', #2271, 1000.000000000000000 ) ;
#5680 = CARTESIAN_POINT ( 'NONE',  ( 4.508394590934469370, 42.00000000000000000, -24.11968436703056540 ) ) ;
#5681 = ORIENTED_EDGE ( 'NONE', *, *, #2484, .T. ) ;
#5682 = EDGE_CURVE ( 'NONE', #5695, #4134, #2404, .T. ) ;
#5683 = AXIS2_PLACEMENT_3D ( 'NONE', #2265, #3582, #830 ) ;
#5684 = EDGE_LOOP ( 'NONE', ( #2281, #168, #862, #3055 ) ) ;
#5685 = DIRECTION ( 'NONE',  ( -0.000000000000000000, 1.000000000000000000, -0.000000000000000000 ) ) ;
#5686 = CARTESIAN_POINT ( 'NONE',  ( -23.78129492458801764, 24.47506269387609024, 2.447036254584104231 ) ) ;
#5687 = CARTESIAN_POINT ( 'NONE',  ( 31.88733761830489399, 48.00000000000000000, 20.66662904032490644 ) ) ;
#5688 = DIRECTION ( 'NONE',  ( 0.000000000000000000, 0.000000000000000000, 1.000000000000000000 ) ) ;
#5689 = CARTESIAN_POINT ( 'NONE',  ( 31.88733761830489399, 10.00000000000000000, -20.66662904032490644 ) ) ;
#5690 = ORIENTED_EDGE ( 'NONE', *, *, #1493, .F. ) ;
#5691 = VERTEX_POINT ( 'NONE', #3682 ) ;
#5692 = CARTESIAN_POINT ( 'NONE',  ( -8.836089846937435155, 11.00000000000000000, -11.94184465587912136 ) ) ;
#5693 = CARTESIAN_POINT ( 'NONE',  ( -20.68047498654288319, 20.48780754087693978, 38.52235112214059853 ) ) ;
#5694 = CARTESIAN_POINT ( 'NONE',  ( 19.59999999999999787, 25.00000000000000355, 4.381466874697177438 ) ) ;
#5695 = VERTEX_POINT ( 'NONE', #5490 ) ;
#5696 = CARTESIAN_POINT ( 'NONE',  ( 11.11765931136295471, 24.92629616631334599, -10.99999999997015010 ) ) ;
#5697 = CARTESIAN_POINT ( 'NONE',  ( 44.60000000000000142, 37.00000000000000711, 28.35000000000000853 ) ) ;
#5698 = CARTESIAN_POINT ( 'NONE',  ( 21.18172721835519923, 38.98779338292612096, 28.09453615138595950 ) ) ;
#5699 = CARTESIAN_POINT ( 'NONE',  ( 20.76564636255628216, 26.33046026368553427, 29.84896414364882133 ) ) ;
#5700 = ORIENTED_EDGE ( 'NONE', *, *, #3978, .F. ) ;
#5701 = EDGE_CURVE ( 'NONE', #305, #2254, #2604, .T. ) ;
#5702 = FACE_BOUND ( 'NONE', #916, .T. ) ;
#5703 = DIRECTION ( 'NONE',  ( -0.000000000000000000, 1.000000000000000000, -0.000000000000000000 ) ) ;
#5704 = CARTESIAN_POINT ( 'NONE',  ( -2.866834657879416159, 3.373215445592263606, 1.455327614139929837 ) ) ;
#5705 = CARTESIAN_POINT ( 'NONE',  ( 21.66549674608764420, 23.17807385517594554, 27.51433127531003819 ) ) ;
#5706 = DIRECTION ( 'NONE',  ( 0.000000000000000000, 1.000000000000000000, 0.000000000000000000 ) ) ;
#5707 = EDGE_CURVE ( 'NONE', #2154, #5838, #2852, .T. ) ;
#5708 = ORIENTED_EDGE ( 'NONE', *, *, #3943, .T. ) ;
#5709 = ORIENTED_EDGE ( 'NONE', *, *, #3717, .F. ) ;
#5710 = DIRECTION ( 'NONE',  ( -1.000000000000000000, -0.000000000000000000, 1.116774769942150345E-16 ) ) ;
#5711 = CARTESIAN_POINT ( 'NONE',  ( -14.45628997867800791, 0.000000000000000000, 20.99930208231626239 ) ) ;
#5712 = DIRECTION ( 'NONE',  ( 0.000000000000000000, 1.000000000000000000, 1.734723475976807341E-16 ) ) ;
#5713 = ORIENTED_EDGE ( 'NONE', *, *, #124, .F. ) ;
#5714 = ADVANCED_FACE ( 'NONE', ( #1396 ), #1177, .T. ) ;
#5715 = CARTESIAN_POINT ( 'NONE',  ( 26.90296850446637933, 20.05324439441791640, 21.13213432505617106 ) ) ;
#5716 = EDGE_CURVE ( 'NONE', #869, #3521, #243, .T. ) ;
#5717 = CARTESIAN_POINT ( 'NONE',  ( 24.33982630031260541, 26.22269277033419144, 2.793302266056611582 ) ) ;
#5718 = EDGE_LOOP ( 'NONE', ( #3024, #1310, #2448, #798 ) ) ;
#5719 = ORIENTED_EDGE ( 'NONE', *, *, #3574, .F. ) ;
#5720 = VECTOR ( 'NONE', #2685, 1000.000000000000000 ) ;
#5721 = VECTOR ( 'NONE', #5857, 1000.000000000000000 ) ;
#5722 = CARTESIAN_POINT ( 'NONE',  ( 19.59999999999999787, 25.00000000000000355, 4.381466874697178326 ) ) ;
#5723 = FACE_OUTER_BOUND ( 'NONE', #4771, .T. ) ;
#5724 = EDGE_CURVE ( 'NONE', #2574, #5191, #423, .T. ) ;
#5725 = DIRECTION ( 'NONE',  ( 0.000000000000000000, 1.000000000000000000, 0.000000000000000000 ) ) ;
#5726 = ORIENTED_EDGE ( 'NONE', *, *, #870, .F. ) ;
#5727 = APPROVAL_PERSON_ORGANIZATION ( #3648, #108, #5482 ) ;
#5728 = AXIS2_PLACEMENT_3D ( 'NONE', #3393, #3362, #2950 ) ;
#5729 = AXIS2_PLACEMENT_3D ( 'NONE', #4370, #4311, #2141 ) ;
#5730 = DIRECTION ( 'NONE',  ( 0.000000000000000000, 0.000000000000000000, 1.000000000000000000 ) ) ;
#5731 = CYLINDRICAL_SURFACE ( 'NONE', #3460, 0.9999999999999940048 ) ;
#5732 = CARTESIAN_POINT ( 'NONE',  ( -8.661562318278711814, 1.212141125398237484, -38.64334463271136855 ) ) ;
#5733 = CARTESIAN_POINT ( 'NONE',  ( -31.88733761830489399, 10.00000000000000000, 20.66662904032490644 ) ) ;
#5734 = ORIENTED_EDGE ( 'NONE', *, *, #4482, .T. ) ;
#5735 = CIRCLE ( 'NONE', #5634, 130.8238134383398972 ) ;
#5736 = AXIS2_PLACEMENT_3D ( 'NONE', #972, #5006, #3700 ) ;
#5737 = LINE ( 'NONE', #251, #4968 ) ;
#5738 = CARTESIAN_POINT ( 'NONE',  ( -23.75256978291875853, 36.11327447282589986, 2.583985616728938783 ) ) ;
#5739 = CARTESIAN_POINT ( 'NONE',  ( -14.45628997867800791, 3.000000000000000888, 27.99930208231626949 ) ) ;
#5740 = CARTESIAN_POINT ( 'NONE',  ( 21.64015554417546028, 23.03593245333459905, 27.88797505412655653 ) ) ;
#5741 = EDGE_CURVE ( 'NONE', #2996, #4692, #3354, .T. ) ;
#5742 = CARTESIAN_POINT ( 'NONE',  ( -14.45628997867800791, 0.000000000000000000, 38.52235112214061274 ) ) ;
#5743 = ORIENTED_EDGE ( 'NONE', *, *, #3432, .F. ) ;
#5744 = VECTOR ( 'NONE', #96, 1000.000000000000000 ) ;
#5745 = ORIENTED_EDGE ( 'NONE', *, *, #4110, .T. ) ;
#5746 = CARTESIAN_POINT ( 'NONE',  ( -20.86853652834202677, 38.33156983161663334, 26.85199232193245678 ) ) ;
#5747 = LINE ( 'NONE', #4799, #2460 ) ;
#5748 = CARTESIAN_POINT ( 'NONE',  ( 24.31139873739053670, 35.05244747187025212, 3.857142341655671380 ) ) ;
#5749 = AXIS2_PLACEMENT_3D ( 'NONE', #566, #502, #5102 ) ;
#5750 = CARTESIAN_POINT ( 'NONE',  ( -14.59999999999999432, 25.00000000000000355, 28.35000000000001208 ) ) ;
#5751 = FACE_OUTER_BOUND ( 'NONE', #2427, .T. ) ;
#5752 = ORIENTED_EDGE ( 'NONE', *, *, #224, .F. ) ;
#5753 = ORIENTED_EDGE ( 'NONE', *, *, #4661, .T. ) ;
#5754 = EDGE_CURVE ( 'NONE', #265, #223, #134, .T. ) ;
#5755 = AXIS2_PLACEMENT_3D ( 'NONE', #141, #1946, #3765 ) ;
#5756 = CARTESIAN_POINT ( 'NONE',  ( -7.770513564201467993, 13.99999999999999822, 7.143170395913834625 ) ) ;
#5757 = CARTESIAN_POINT ( 'NONE',  ( -23.70662189216996651, 38.99991578296022254, 4.248352368554074943 ) ) ;
#5758 = CARTESIAN_POINT ( 'NONE',  ( 2.866834657879444137, 6.451635971676389580, 4.789965408243187284 ) ) ;
#5759 = CARTESIAN_POINT ( 'NONE',  ( 49.52762154881769163, 0.000000000000000000, -10.56677942393417169 ) ) ;
#5760 = ORIENTED_EDGE ( 'NONE', *, *, #775, .F. ) ;
#5761 = EDGE_CURVE ( 'NONE', #1976, #5638, #613, .T. ) ;
#5762 = PERSON_AND_ORGANIZATION_ROLE ( 'creator' ) ;
#5763 = LINE ( 'NONE', #4393, #516 ) ;
#5764 = CARTESIAN_POINT ( 'NONE',  ( -21.04281845508364412, 23.04869518465672940, 27.89182203470056720 ) ) ;
#5765 = CARTESIAN_POINT ( 'NONE',  ( 21.23949757644655278, 26.93861552915482704, 27.84171450810270088 ) ) ;
#5766 = ORIENTED_EDGE ( 'NONE', *, *, #2454, .F. ) ;
#5767 = FACE_OUTER_BOUND ( 'NONE', #5475, .T. ) ;
#5768 = CARTESIAN_POINT ( 'NONE',  ( 21.00223736626542248, 35.06320470789603405, 28.86521175506416270 ) ) ;
#5769 = LINE ( 'NONE', #3542, #1447 ) ;
#5770 = CARTESIAN_POINT ( 'NONE',  ( 14.45628997867803633, 9.990757061413837903, 21.47498078786790998 ) ) ;
#5771 = CARTESIAN_POINT ( 'NONE',  ( 21.56916100420945526, 25.00000000000000711, 26.35000000000000853 ) ) ;
#5772 = ORIENTED_EDGE ( 'NONE', *, *, #1112, .F. ) ;
#5773 = EDGE_CURVE ( 'NONE', #4529, #5594, #4247, .T. ) ;
#5774 = EDGE_LOOP ( 'NONE', ( #165, #3018, #5513, #264, #4347, #2114, #355, #3428 ) ) ;
#5775 = DIRECTION ( 'NONE',  ( 0.000000000000000000, 0.000000000000000000, 1.000000000000000000 ) ) ;
#5776 = CARTESIAN_POINT ( 'NONE',  ( 38.96940996788635658, 20.00000000000000000, -22.50300172765385653 ) ) ;
#5777 = AXIS2_PLACEMENT_3D ( 'NONE', #3208, #3688, #1812 ) ;
#5778 = CARTESIAN_POINT ( 'NONE',  ( 24.25939050004844333, 35.20199904344368491, 5.267100978593167504 ) ) ;
#5779 = CARTESIAN_POINT ( 'NONE',  ( 26.90870736910589045, 20.07866933208513416, 20.14289620530199443 ) ) ;
#5780 = DIRECTION ( 'NONE',  ( -0.000000000000000000, 1.000000000000000000, -0.000000000000000000 ) ) ;
#5781 = VERTEX_POINT ( 'NONE', #3006 ) ;
#5782 = ORIENTED_EDGE ( 'NONE', *, *, #2342, .T. ) ;
#5783 = CIRCLE ( 'NONE', #1603, 4.999999999999997335 ) ;
#5784 = EDGE_CURVE ( 'NONE', #1234, #2409, #4495, .T. ) ;
#5785 = CARTESIAN_POINT ( 'NONE',  ( -11.33470300582888868, 13.99999999999999822, 7.148629685907792464 ) ) ;
#5786 = CARTESIAN_POINT ( 'NONE',  ( -23.63578855930725098, 38.22255273656045915, 5.969736143930094663 ) ) ;
#5787 = FACE_OUTER_BOUND ( 'NONE', #5096, .T. ) ;
#5788 = CYLINDRICAL_SURFACE ( 'NONE', #4736, 4.999999999999997335 ) ;
#5789 = EDGE_LOOP ( 'NONE', ( #135, #3316, #2987, #1706 ) ) ;
#5790 = COORDINATED_UNIVERSAL_TIME_OFFSET ( 5, 0, .BEHIND. ) ;
#5791 = FACE_OUTER_BOUND ( 'NONE', #5109, .T. ) ;
#5792 = CARTESIAN_POINT ( 'NONE',  ( -45.00000000000000000, 13.99999999999999822, 0.000000000000000000 ) ) ;
#5793 = EDGE_CURVE ( 'NONE', #1715, #3879, #2212, .T. ) ;
#5794 = DIRECTION ( 'NONE',  ( 0.000000000000000000, 1.000000000000000000, 0.000000000000000000 ) ) ;
#5795 = EDGE_CURVE ( 'NONE', #4071, #859, #688, .T. ) ;
#5796 = ORIENTED_EDGE ( 'NONE', *, *, #2663, .T. ) ;
#5797 = CARTESIAN_POINT ( 'NONE',  ( -6.708616404013786116, 16.17812609045556016, -14.29378964563211163 ) ) ;
#5798 = LINE ( 'NONE', #2656, #2413 ) ;
#5799 = CARTESIAN_POINT ( 'NONE',  ( -0.1908524075289199096, 13.99999999999999822, -18.92884430870680035 ) ) ;
#5800 = CARTESIAN_POINT ( 'NONE',  ( 14.45628997867803456, 10.24734401031044762, 21.39485947297576018 ) ) ;
#5801 = DIRECTION ( 'NONE',  ( 0.000000000000000000, -1.000000000000000000, -1.734723475976807094E-16 ) ) ;
#5802 = VERTEX_POINT ( 'NONE', #1598 ) ;
#5803 = APPLICATION_CONTEXT ( 'configuration controlled 3d designs of mechanical parts and assemblies' ) ;
#5804 = ORIENTED_EDGE ( 'NONE', *, *, #4708, .T. ) ;
#5805 = CYLINDRICAL_SURFACE ( 'NONE', #4869, 1.999999999999998224 ) ;
#5806 = CARTESIAN_POINT ( 'NONE',  ( 27.61229025409543425, 20.02432279641118384, -18.02542777580245570 ) ) ;
#5807 = ORIENTED_EDGE ( 'NONE', *, *, #966, .F. ) ;
#5808 = FACE_OUTER_BOUND ( 'NONE', #1534, .T. ) ;
#5809 = CARTESIAN_POINT ( 'NONE',  ( 73.60888549489658317, 20.00000000000000000, 42.50566993001280736 ) ) ;
#5810 = ORIENTED_EDGE ( 'NONE', *, *, #1722, .F. ) ;
#5811 = DIRECTION ( 'NONE',  ( 0.000000000000000000, 0.000000000000000000, 1.000000000000000000 ) ) ;
#5812 = DIRECTION ( 'NONE',  ( 1.000000000000000000, 0.000000000000000000, -1.116774769942150345E-16 ) ) ;
#5813 = CARTESIAN_POINT ( 'NONE',  ( 2.866834657879444137, 10.76965638263936675, 6.893181007235991586 ) ) ;
#5814 = ADVANCED_FACE ( 'NONE', ( #4722 ), #4904, .T. ) ;
#5815 = CARTESIAN_POINT ( 'NONE',  ( -31.88733761830489399, 20.00000000000000000, 25.66662904032490289 ) ) ;
#5816 = ORIENTED_EDGE ( 'NONE', *, *, #2757, .T. ) ;
#5817 = VECTOR ( 'NONE', #4664, 1000.000000000000000 ) ;
#5818 = ADVANCED_BREP_SHAPE_REPRESENTATION ( 'SickLidarV2Base', ( #3974, #3259 ), #2977 ) ;
#5819 = AXIS2_PLACEMENT_3D ( 'NONE', #3984, #2136, #1754 ) ;
#5820 = APPROVAL_ROLE ( '' ) ;
#5821 = DIRECTION ( 'NONE',  ( 0.000000000000000000, 1.000000000000000000, 0.000000000000000000 ) ) ;
#5822 = CARTESIAN_POINT ( 'NONE',  ( -31.88733761830489399, 0.000000000000000000, -20.66662904032490644 ) ) ;
#5823 = CARTESIAN_POINT ( 'NONE',  ( 33.98476260558511086, 0.000000000000000000, 3.149999999999999911 ) ) ;
#5824 = VERTEX_POINT ( 'NONE', #4219 ) ;
#5825 = VECTOR ( 'NONE', #787, 1000.000000000000000 ) ;
#5826 = EDGE_CURVE ( 'NONE', #1625, #3584, #3445, .T. ) ;
#5827 = CARTESIAN_POINT ( 'NONE',  ( -9.149913408057150477, 25.60056846497075611, -15.03251500846371513 ) ) ;
#5828 = CARTESIAN_POINT ( 'NONE',  ( 20.97304304841419054, 35.10022167856050856, 28.98849690759218234 ) ) ;
#5829 = DIRECTION ( 'NONE',  ( 0.000000000000000000, 0.000000000000000000, -1.000000000000000000 ) ) ;
#5830 = AXIS2_PLACEMENT_3D ( 'NONE', #878, #2734, #371 ) ;
#5831 = DIRECTION ( 'NONE',  ( -1.000000000000000000, 0.000000000000000000, 0.000000000000000000 ) ) ;
#5832 = AXIS2_PLACEMENT_3D ( 'NONE', #4586, #109, #3614 ) ;
#5833 = ORIENTED_EDGE ( 'NONE', *, *, #5489, .T. ) ;
#5834 = EDGE_CURVE ( 'NONE', #2327, #5393, #1191, .T. ) ;
#5835 = CARTESIAN_POINT ( 'NONE',  ( -40.00000000000000000, -2.499999999999998668, -3.150000000000000355 ) ) ;
#5836 = DIRECTION ( 'NONE',  ( -0.000000000000000000, -1.000000000000000000, -0.000000000000000000 ) ) ;
#5837 = ORIENTED_EDGE ( 'NONE', *, *, #4448, .T. ) ;
#5838 = VERTEX_POINT ( 'NONE', #5850 ) ;
#5839 = CARTESIAN_POINT ( 'NONE',  ( 8.661562318278740236, 13.99999999999999822, 7.143170395913834625 ) ) ;
#5840 = DIRECTION ( 'NONE',  ( -1.000000000000000000, -0.000000000000000000, 1.116774769942150345E-16 ) ) ;
#5841 = ORIENTED_EDGE ( 'NONE', *, *, #2757, .F. ) ;
#5842 = CIRCLE ( 'NONE', #4600, 0.9999999999999904521 ) ;
#5843 = CARTESIAN_POINT ( 'NONE',  ( 56.09901130373780376, 0.000000000000000000, 3.703568960831224555 ) ) ;
#5844 = CARTESIAN_POINT ( 'NONE',  ( -23.61808855012745312, 37.52688072003987685, 6.328330135836639947 ) ) ;
#5845 = CARTESIAN_POINT ( 'NONE',  ( 2.866834657879444137, 9.990757061413834350, 6.672950980356150197 ) ) ;
#5846 = CARTESIAN_POINT ( 'NONE',  ( -14.45628997867800791, 3.000000000000000888, 38.52235112214061274 ) ) ;
#5847 = EDGE_LOOP ( 'NONE', ( #4547, #2541, #4438, #576, #3704 ) ) ;
#5848 = CIRCLE ( 'NONE', #447, 3.499999999999999556 ) ;
#5849 = EDGE_CURVE ( 'NONE', #5243, #939, #3951, .T. ) ;
#5850 = CARTESIAN_POINT ( 'NONE',  ( -23.75665401403832178, 25.00000000000000711, 2.381466874697180991 ) ) ;
#5851 = CARTESIAN_POINT ( 'NONE',  ( -40.00000000000000000, 0.000000000000000000, -3.149999999999999911 ) ) ;
#5852 = DIRECTION ( 'NONE',  ( -0.000000000000000000, 1.000000000000000000, -0.000000000000000000 ) ) ;
#5853 = PLANE ( 'NONE',  #4989 ) ;
#5854 = EDGE_LOOP ( 'NONE', ( #249, #5709, #5208, #5186 ) ) ;
#5855 = DIRECTION ( 'NONE',  ( 0.000000000000000000, 1.000000000000000000, 0.000000000000000000 ) ) ;
#5856 = CARTESIAN_POINT ( 'NONE',  ( 24.21236518445046570, 37.64457264840695672, 6.279227496004323505 ) ) ;
#5857 = DIRECTION ( 'NONE',  ( 0.000000000000000000, 0.000000000000000000, 1.000000000000000000 ) ) ;
#5858 = EDGE_CURVE ( 'NONE', #2113, #836, #2582, .T. ) ;
#5859 = CARTESIAN_POINT ( 'NONE',  ( 24.60000000000000142, 23.37837933107810429, 3.210848915615186705 ) ) ;
#5860 = ORIENTED_EDGE ( 'NONE', *, *, #1169, .T. ) ;
#5861 = CARTESIAN_POINT ( 'NONE',  ( -58.47502393429616774, 0.000000000000000000, -3.820622777212992816 ) ) ;
#5862 = CARTESIAN_POINT ( 'NONE',  ( 31.88733761830489399, 10.00000000000000000, 24.16662904032490644 ) ) ;
#5863 = ORIENTED_EDGE ( 'NONE', *, *, #5410, .F. ) ;
#5864 = VERTEX_POINT ( 'NONE', #5402 ) ;
#5865 = EDGE_CURVE ( 'NONE', #628, #3488, #1692, .T. ) ;
#5866 = CARTESIAN_POINT ( 'NONE',  ( 18.55774764723272341, 23.45242106878204069, -38.64334463271137565 ) ) ;
#5867 = EDGE_CURVE ( 'NONE', #4675, #1529, #3093, .T. ) ;
#5868 = EDGE_LOOP ( 'NONE', ( #5560, #1983, #313, #1061 ) ) ;
#5869 = VECTOR ( 'NONE', #4111, 1000.000000000000000 ) ;
#5870 = CARTESIAN_POINT ( 'NONE',  ( 31.88733761830489399, 20.00000000000000000, -25.66662904032490289 ) ) ;
#5871 = CARTESIAN_POINT ( 'NONE',  ( 14.59999999999999964, 13.99999999999999822, -11.00000000000000000 ) ) ;
#5872 = DIRECTION ( 'NONE',  ( 0.000000000000000000, -1.000000000000000000, 0.000000000000000000 ) ) ;
#5873 = ORIENTED_EDGE ( 'NONE', *, *, #1047, .T. ) ;
ENDSEC;
END-ISO-10303-21;
