ISO-10303-21;
HEADER;
FILE_DESCRIPTION (( 'STEP AP203' ),
    '1' );
FILE_NAME ('CarTransmissionBase.STEP',
    '2026-07-08T14:47:46',
    ( '' ),
    ( '' ),
    'SwSTEP 2.0',
    'SolidWorks 2025',
    '' );
FILE_SCHEMA (( 'CONFIG_CONTROL_DESIGN' ));
ENDSEC;

DATA;
#1 = EDGE_CURVE ( 'NONE', #4864, #5804, #6168, .T. ) ;
#2 = LINE ( 'NONE', #5506, #2225 ) ;
#3 = EDGE_LOOP ( 'NONE', ( #4746, #6357, #217, #6350, #1900, #2402, #300, #6271, #2745, #2272, #802, #4526, #2091, #3355, #518, #177, #46, #1079, #1232, #6356, #2637 ) ) ;
#4 = CARTESIAN_POINT ( 'NONE',  ( -14.99999999999999467, 17.96677295205775948, 3.000000000000000444 ) ) ;
#5 = ORIENTED_EDGE ( 'NONE', *, *, #828, .F. ) ;
#6 = CARTESIAN_POINT ( 'NONE',  ( 51.00000000000000711, -63.57627329526796700, 26.72870544574502460 ) ) ;
#7 = AXIS2_PLACEMENT_3D ( 'NONE', #1299, #3389, #199 ) ;
#8 = PLANE ( 'NONE',  #4533 ) ;
#9 = FACE_OUTER_BOUND ( 'NONE', #1216, .T. ) ;
#10 = DIRECTION ( 'NONE',  ( -0.000000000000000000, 1.000000000000000000, -0.000000000000000000 ) ) ;
#11 = CARTESIAN_POINT ( 'NONE',  ( -21.00000000000000000, 11.85959824917824612, 56.07296202289228404 ) ) ;
#12 = CARTESIAN_POINT ( 'NONE',  ( 34.00000000000000000, -57.68782464297995460, 55.71178016495588992 ) ) ;
#13 = ORIENTED_EDGE ( 'NONE', *, *, #4181, .F. ) ;
#14 = EDGE_CURVE ( 'NONE', #4251, #5888, #5512, .T. ) ;
#15 = ORIENTED_EDGE ( 'NONE', *, *, #3897, .T. ) ;
#16 = VERTEX_POINT ( 'NONE', #2469 ) ;
#17 = CARTESIAN_POINT ( 'NONE',  ( -65.00000000000000000, -24.44884186725809272, 3.958632471880758619 ) ) ;
#18 = ORIENTED_EDGE ( 'NONE', *, *, #3618, .F. ) ;
#19 = CARTESIAN_POINT ( 'NONE',  ( 23.24525795654544780, 14.99999999999999467, 34.32084022268448109 ) ) ;
#20 = AXIS2_PLACEMENT_3D ( 'NONE', #804, #4292, #5920 ) ;
#21 = LINE ( 'NONE', #3691, #5927 ) ;
#22 = CARTESIAN_POINT ( 'NONE',  ( -25.00000000000000000, -3.000000000000002665, -67.50000000000000000 ) ) ;
#23 = ORIENTED_EDGE ( 'NONE', *, *, #2476, .F. ) ;
#24 = VECTOR ( 'NONE', #2494, 1000.000000000000000 ) ;
#25 = CIRCLE ( 'NONE', #1296, 135.6295211195206889 ) ;
#26 = CARTESIAN_POINT ( 'NONE',  ( -51.50000000000000711, -28.44884186725240838, -7.541367528119216068 ) ) ;
#27 = VECTOR ( 'NONE', #6494, 1000.000000000000000 ) ;
#28 = CARTESIAN_POINT ( 'NONE',  ( 65.00000000000000000, -63.36544253355305756, 57.65205207598277326 ) ) ;
#29 = ORIENTED_EDGE ( 'NONE', *, *, #5275, .T. ) ;
#30 = LINE ( 'NONE', #433, #1006 ) ;
#31 = CYLINDRICAL_SURFACE ( 'NONE', #2736, 2.000000000000001776 ) ;
#32 = EDGE_CURVE ( 'NONE', #1121, #2634, #4493, .T. ) ;
#33 = FACE_OUTER_BOUND ( 'NONE', #3403, .T. ) ;
#34 = ORIENTED_EDGE ( 'NONE', *, *, #3696, .T. ) ;
#35 = DIRECTION ( 'NONE',  ( -1.000000000000000000, -0.000000000000000000, 0.000000000000000000 ) ) ;
#36 = ORIENTED_EDGE ( 'NONE', *, *, #86, .F. ) ;
#37 = CARTESIAN_POINT ( 'NONE',  ( 22.17344235471984959, 14.99999999999999822, -31.93749999999999289 ) ) ;
#38 = FACE_OUTER_BOUND ( 'NONE', #2441, .T. ) ;
#39 = CARTESIAN_POINT ( 'NONE',  ( 24.04085644477556016, 15.00000000000000178, 33.54202187660497003 ) ) ;
#40 = DIRECTION ( 'NONE',  ( -1.000000000000000000, -0.000000000000000000, 0.000000000000000000 ) ) ;
#41 = DIRECTION ( 'NONE',  ( -1.644570253780730491E-13, 1.000000000000000000, 2.710693976623888330E-11 ) ) ;
#42 = DIRECTION ( 'NONE',  ( -3.469446951953611033E-15, 1.000000000000000000, 2.407412430484040332E-29 ) ) ;
#43 = ORIENTED_EDGE ( 'NONE', *, *, #2497, .F. ) ;
#44 = VECTOR ( 'NONE', #2970, 1000.000000000000000 ) ;
#45 = VERTEX_POINT ( 'NONE', #4028 ) ;
#46 = ORIENTED_EDGE ( 'NONE', *, *, #1928, .T. ) ;
#47 = ADVANCED_FACE ( 'NONE', ( #6547 ), #1374, .F. ) ;
#48 = CARTESIAN_POINT ( 'NONE',  ( 32.00000000000000000, -45.43143980739129972, 8.194764149433256151 ) ) ;
#49 = CARTESIAN_POINT ( 'NONE',  ( 22.21106178439029222, 14.99999999999999822, 13.31249999999998579 ) ) ;
#50 = VECTOR ( 'NONE', #5790, 1000.000000000000000 ) ;
#51 = EDGE_LOOP ( 'NONE', ( #2329, #2954, #15, #3627 ) ) ;
#52 = ADVANCED_FACE ( 'NONE', ( #444 ), #4522, .F. ) ;
#53 = CARTESIAN_POINT ( 'NONE',  ( 23.34910410817552773, 19.86068834797919536, 34.31518617398618431 ) ) ;
#54 = MECHANICAL_CONTEXT ( 'NONE', #93, 'mechanical' ) ;
#55 = DIRECTION ( 'NONE',  ( 0.000000000000000000, 0.7808688094430306093, -0.6246950475544239545 ) ) ;
#56 = VERTEX_POINT ( 'NONE', #909 ) ;
#57 = CARTESIAN_POINT ( 'NONE',  ( 23.96561495896570548, 15.00000000000000178, 33.69507449465884008 ) ) ;
#58 = LINE ( 'NONE', #2085, #6238 ) ;
#59 = ORIENTED_EDGE ( 'NONE', *, *, #3903, .F. ) ;
#60 = CARTESIAN_POINT ( 'NONE',  ( -65.00000000000000000, -10.39856305855482610, -57.49999999999936051 ) ) ;
#61 = CARTESIAN_POINT ( 'NONE',  ( -32.00000000000000000, -8.894977061327246304, 46.66285503034586668 ) ) ;
#62 = PLANE ( 'NONE',  #1274 ) ;
#63 = VERTEX_POINT ( 'NONE', #4991 ) ;
#64 = CARTESIAN_POINT ( 'NONE',  ( -21.00000000000000000, -117.4469470763954178, 0.000000000000000000 ) ) ;
#65 = ORIENTED_EDGE ( 'NONE', *, *, #2297, .F. ) ;
#66 = FACE_OUTER_BOUND ( 'NONE', #2857, .T. ) ;
#67 = CARTESIAN_POINT ( 'NONE',  ( -20.99999999999999645, -120.6397764325932087, -2.154098419910760431E-14 ) ) ;
#68 = PLANE ( 'NONE',  #5312 ) ;
#69 = CARTESIAN_POINT ( 'NONE',  ( 65.00000000000000000, -29.55828547578932941, -19.51245231021898974 ) ) ;
#70 = LINE ( 'NONE', #4689, #4281 ) ;
#71 = FACE_OUTER_BOUND ( 'NONE', #2267, .T. ) ;
#72 = ORIENTED_EDGE ( 'NONE', *, *, #2357, .F. ) ;
#73 = VERTEX_POINT ( 'NONE', #5418 ) ;
#74 = VERTEX_POINT ( 'NONE', #6516 ) ;
#75 = VECTOR ( 'NONE', #235, 1000.000000000000000 ) ;
#76 = CARTESIAN_POINT ( 'NONE',  ( -33.72974768384840871, -12.93335277720214371, -59.51380507531923314 ) ) ;
#77 = DIRECTION ( 'NONE',  ( -1.000000000000000000, -0.000000000000000000, 0.000000000000000000 ) ) ;
#78 = VERTEX_POINT ( 'NONE', #1973 ) ;
#79 = CARTESIAN_POINT ( 'NONE',  ( 22.17344235471984959, 14.99999999999999822, -31.93749999999999289 ) ) ;
#80 = EDGE_CURVE ( 'NONE', #4934, #3072, #2903, .T. ) ;
#81 = VECTOR ( 'NONE', #3042, 1000.000000000000000 ) ;
#82 = ADVANCED_FACE ( 'NONE', ( #878 ), #809, .T. ) ;
#83 = EDGE_CURVE ( 'NONE', #243, #1639, #1688, .T. ) ;
#84 = PLANE ( 'NONE',  #2973 ) ;
#85 = VERTEX_POINT ( 'NONE', #4274 ) ;
#86 = EDGE_CURVE ( 'NONE', #2397, #5352, #5724, .T. ) ;
#87 = CARTESIAN_POINT ( 'NONE',  ( 23.16433510302442045, 14.99999999999999467, 33.96806211485928628 ) ) ;
#88 = VECTOR ( 'NONE', #2327, 1000.000000000000000 ) ;
#89 = CARTESIAN_POINT ( 'NONE',  ( 34.00000000000000000, -29.55828547578932941, -19.51245231021899684 ) ) ;
#90 = AXIS2_PLACEMENT_3D ( 'NONE', #4277, #3248, #3815 ) ;
#91 = ORIENTED_EDGE ( 'NONE', *, *, #4672, .T. ) ;
#92 = LINE ( 'NONE', #2118, #542 ) ;
#93 = APPLICATION_CONTEXT ( 'configuration controlled 3d designs of mechanical parts and assemblies' ) ;
#94 = DIRECTION ( 'NONE',  ( 1.000000000000000000, 0.000000000000000000, 0.000000000000000000 ) ) ;
#95 = PRODUCT_DEFINITION_FORMATION_WITH_SPECIFIED_SOURCE ( 'ANY', '', #692, .NOT_KNOWN. ) ;
#96 = VECTOR ( 'NONE', #1486, 1000.000000000000000 ) ;
#97 = EDGE_CURVE ( 'NONE', #78, #3651, #3977, .T. ) ;
#98 = DIRECTION ( 'NONE',  ( -0.000000000000000000, 1.000000000000000000, -0.000000000000000000 ) ) ;
#99 = ORIENTED_EDGE ( 'NONE', *, *, #4113, .T. ) ;
#100 = LINE ( 'NONE', #5110, #231 ) ;
#101 = EDGE_LOOP ( 'NONE', ( #5677, #5056, #1366, #4420 ) ) ;
#102 = CARTESIAN_POINT ( 'NONE',  ( 23.14983974358974805, 19.97698369071639135, 32.79647435897435770 ) ) ;
#103 = CARTESIAN_POINT ( 'NONE',  ( 22.17948717948718240, 20.06600999464122737, 32.43749999999999289 ) ) ;
#104 = DIRECTION ( 'NONE',  ( 0.000000000000000000, 0.000000000000000000, 1.000000000000000000 ) ) ;
#105 = DIRECTION ( 'NONE',  ( -0.000000000000000000, 1.000000000000000000, -0.000000000000000000 ) ) ;
#106 = CARTESIAN_POINT ( 'NONE',  ( -25.00000000000000000, -8.000000000012580159, -67.50000000000000000 ) ) ;
#107 = VECTOR ( 'NONE', #1709, 1000.000000000000000 ) ;
#108 = ORIENTED_EDGE ( 'NONE', *, *, #83, .T. ) ;
#109 = EDGE_CURVE ( 'NONE', #5617, #1133, #2213, .T. ) ;
#110 = ORIENTED_EDGE ( 'NONE', *, *, #5270, .T. ) ;
#111 = ORIENTED_EDGE ( 'NONE', *, *, #5310, .T. ) ;
#112 = DIRECTION ( 'NONE',  ( -0.000000000000000000, 0.2746634255269712055, -0.9615404321596621173 ) ) ;
#113 = CARTESIAN_POINT ( 'NONE',  ( -32.00000000000000000, -28.44884186725240482, -35.50000000001146816 ) ) ;
#114 = EDGE_LOOP ( 'NONE', ( #5459, #2818, #3756, #1294 ) ) ;
#115 = DIRECTION ( 'NONE',  ( 0.000000000000000000, -0.2964076940340706345, -0.9550615053060220738 ) ) ;
#116 = CIRCLE ( 'NONE', #3827, 2.000000000000001776 ) ;
#117 = FACE_OUTER_BOUND ( 'NONE', #6220, .T. ) ;
#118 = ORIENTED_EDGE ( 'NONE', *, *, #6312, .T. ) ;
#119 = DIRECTION ( 'NONE',  ( 0.000000000000000000, -1.000000000000000000, 0.000000000000000000 ) ) ;
#120 = VECTOR ( 'NONE', #2451, 1000.000000000000000 ) ;
#121 = CARTESIAN_POINT ( 'NONE',  ( 24.37820512820513130, 19.83169815902506627, 33.37349759615384670 ) ) ;
#122 = ORIENTED_EDGE ( 'NONE', *, *, #2074, .F. ) ;
#123 = DIRECTION ( 'NONE',  ( -1.000000000000000000, 0.000000000000000000, 0.000000000000000000 ) ) ;
#124 = VECTOR ( 'NONE', #1663, 1000.000000000000000 ) ;
#125 = ORIENTED_EDGE ( 'NONE', *, *, #2860, .F. ) ;
#126 = LINE ( 'NONE', #5140, #6567 ) ;
#127 = EDGE_CURVE ( 'NONE', #1996, #2949, #5608, .T. ) ;
#128 = ORIENTED_EDGE ( 'NONE', *, *, #3776, .T. ) ;
#129 = CARTESIAN_POINT ( 'NONE',  ( 15.00000000000000178, 4.521337732751762317, -52.24999999999997868 ) ) ;
#130 = ORIENTED_EDGE ( 'NONE', *, *, #5826, .F. ) ;
#131 = DIRECTION ( 'NONE',  ( 1.000000000000000000, 0.000000000000000000, 0.000000000000000000 ) ) ;
#132 = DIRECTION ( 'NONE',  ( -1.000000000000000000, 0.000000000000000000, -0.000000000000000000 ) ) ;
#133 = DIRECTION ( 'NONE',  ( -1.000000000000000000, 0.000000000000000000, 0.000000000000000000 ) ) ;
#134 = CARTESIAN_POINT ( 'NONE',  ( -25.00000000000000000, -3.000000000000038636, 67.50000000000000000 ) ) ;
#135 = CARTESIAN_POINT ( 'NONE',  ( 34.00000000000000000, -33.60561400875122473, -30.35758264722790400 ) ) ;
#136 = ORIENTED_EDGE ( 'NONE', *, *, #2982, .F. ) ;
#137 = ADVANCED_FACE ( 'NONE', ( #4772 ), #68, .F. ) ;
#138 = EDGE_LOOP ( 'NONE', ( #3542, #5299, #5096, #3237 ) ) ;
#139 = ORIENTED_EDGE ( 'NONE', *, *, #6381, .F. ) ;
#140 = EDGE_CURVE ( 'NONE', #214, #4356, #5845, .T. ) ;
#141 = DIRECTION ( 'NONE',  ( 0.000000000000000000, -1.000000000000000000, -0.000000000000000000 ) ) ;
#142 = CARTESIAN_POINT ( 'NONE',  ( -26.00000000000000000, 11.85959824917826211, -56.07296202289231246 ) ) ;
#143 = EDGE_LOOP ( 'NONE', ( #4809, #5345, #3257 ) ) ;
#144 = CARTESIAN_POINT ( 'NONE',  ( 23.53863780305684017, 14.99999999999999112, 34.29378788510532416 ) ) ;
#145 = CARTESIAN_POINT ( 'NONE',  ( -24.99999999999999289, -1.467252252107324351, 52.24999999999999289 ) ) ;
#146 = ORIENTED_EDGE ( 'NONE', *, *, #865, .T. ) ;
#147 = VECTOR ( 'NONE', #4312, 1000.000000000000114 ) ;
#148 = DIRECTION ( 'NONE',  ( 0.000000000000000000, 0.3947769709605351562, -0.9187769822972410294 ) ) ;
#149 = CARTESIAN_POINT ( 'NONE',  ( -65.00000000000000000, -24.44884186725809272, 3.958632471880758619 ) ) ;
#150 = ORIENTED_EDGE ( 'NONE', *, *, #3062, .F. ) ;
#151 = DIRECTION ( 'NONE',  ( -0.000000000000000000, 1.000000000000000000, -0.000000000000000000 ) ) ;
#152 = AXIS2_PLACEMENT_3D ( 'NONE', #5531, #4541, #2955 ) ;
#153 = DIRECTION ( 'NONE',  ( -1.000000000000000000, 0.000000000000000000, 0.000000000000000000 ) ) ;
#154 = EDGE_LOOP ( 'NONE', ( #1767, #6532, #3398, #2629 ) ) ;
#155 = DIRECTION ( 'NONE',  ( 0.000000000000000000, 0.000000000000000000, 1.000000000000000000 ) ) ;
#156 = EDGE_LOOP ( 'NONE', ( #2199, #3201, #5856, #3357 ) ) ;
#157 = DIRECTION ( 'NONE',  ( 0.000000000000000000, 0.000000000000000000, -1.000000000000000000 ) ) ;
#158 = EDGE_CURVE ( 'NONE', #2565, #6176, #4736, .T. ) ;
#159 = ORIENTED_EDGE ( 'NONE', *, *, #3618, .T. ) ;
#160 = LINE ( 'NONE', #5700, #3548 ) ;
#161 = DIRECTION ( 'NONE',  ( 0.000000000000000000, -9.637352644315595243E-17, 1.000000000000000000 ) ) ;
#162 = ADVANCED_FACE ( 'NONE', ( #2098 ), #443, .F. ) ;
#163 = EDGE_CURVE ( 'NONE', #4144, #192, #3653, .T. ) ;
#164 = EDGE_CURVE ( 'NONE', #232, #4217, #4820, .T. ) ;
#165 = LINE ( 'NONE', #2626, #5431 ) ;
#166 = EDGE_CURVE ( 'NONE', #6176, #5498, #560, .T. ) ;
#167 = ORIENTED_EDGE ( 'NONE', *, *, #4305, .T. ) ;
#168 = CYLINDRICAL_SURFACE ( 'NONE', #3360, 135.4651084882032137 ) ;
#169 = ORIENTED_EDGE ( 'NONE', *, *, #864, .T. ) ;
#170 = CARTESIAN_POINT ( 'NONE',  ( 23.84654092219571453, 15.00000000000000178, 32.93643342762872805 ) ) ;
#171 = AXIS2_PLACEMENT_3D ( 'NONE', #3231, #698, #3299 ) ;
#172 = EDGE_LOOP ( 'NONE', ( #3520, #3281, #4178, #5217 ) ) ;
#173 = ORIENTED_EDGE ( 'NONE', *, *, #3035, .F. ) ;
#174 = CARTESIAN_POINT ( 'NONE',  ( 23.43746276057750322, 19.58941521450571699, 34.31282849072176333 ) ) ;
#175 = DIRECTION ( 'NONE',  ( 0.6227882322439375340, 0.000000000000000000, 0.7823904509760273296 ) ) ;
#176 = AXIS2_PLACEMENT_3D ( 'NONE', #3560, #5990, #3056 ) ;
#177 = ORIENTED_EDGE ( 'NONE', *, *, #4213, .T. ) ;
#178 = CARTESIAN_POINT ( 'NONE',  ( 32.00000000000000000, -15.99999999999587530, -77.49999999997912425 ) ) ;
#179 = DIRECTION ( 'NONE',  ( -1.000000000000000000, -0.000000000000000000, -0.000000000000000000 ) ) ;
#180 = ORIENTED_EDGE ( 'NONE', *, *, #3562, .T. ) ;
#181 = CARTESIAN_POINT ( 'NONE',  ( -32.00000000000000000, -22.99999999999562306, -77.49999999997912425 ) ) ;
#182 = CARTESIAN_POINT ( 'NONE',  ( 23.67287660256410575, 14.99999999999999822, 32.48517628205127750 ) ) ;
#183 = ORIENTED_EDGE ( 'NONE', *, *, #3854, .F. ) ;
#184 = DIRECTION ( 'NONE',  ( 0.000000000000000000, 0.000000000000000000, 1.000000000000000000 ) ) ;
#185 = LINE ( 'NONE', #1286, #6022 ) ;
#186 = ADVANCED_FACE ( 'NONE', ( #9 ), #2595, .F. ) ;
#187 = ORIENTED_EDGE ( 'NONE', *, *, #1958, .T. ) ;
#188 = AXIS2_PLACEMENT_3D ( 'NONE', #5470, #4048, #1119 ) ;
#189 = CARTESIAN_POINT ( 'NONE',  ( 34.00000000000000000, -44.52891333758434911, 10.26301372407030854 ) ) ;
#190 = VECTOR ( 'NONE', #261, 1000.000000000000000 ) ;
#191 = PLANE ( 'NONE',  #4604 ) ;
#192 = VERTEX_POINT ( 'NONE', #4621 ) ;
#193 = DIRECTION ( 'NONE',  ( 0.7823904509760263304, 0.000000000000000000, -0.6227882322439386442 ) ) ;
#194 = EDGE_LOOP ( 'NONE', ( #1861, #4635, #2522, #729 ) ) ;
#195 = DIRECTION ( 'NONE',  ( -1.000000000000000000, 0.000000000000000000, 0.000000000000000000 ) ) ;
#196 = LOCAL_TIME ( 10, 47, 46.00000000000000000, #4823 ) ;
#197 = CARTESIAN_POINT ( 'NONE',  ( -65.00000000000000000, -28.44884186725240482, -35.50000000001146816 ) ) ;
#198 = EDGE_CURVE ( 'NONE', #4154, #2110, #2560, .T. ) ;
#199 = DIRECTION ( 'NONE',  ( 0.000000000000000000, 0.9419483789532437923, 0.3357577272191311080 ) ) ;
#200 = VERTEX_POINT ( 'NONE', #1722 ) ;
#201 = LINE ( 'NONE', #5118, #2832 ) ;
#202 = ORIENTED_EDGE ( 'NONE', *, *, #1066, .T. ) ;
#203 = DIRECTION ( 'NONE',  ( -0.000000000000000000, 1.000000000000000000, -0.000000000000000000 ) ) ;
#204 = APPROVAL_ROLE ( '' ) ;
#205 = CIRCLE ( 'NONE', #1913, 2.000000000000000000 ) ;
#206 = VERTEX_POINT ( 'NONE', #5871 ) ;
#207 = ORIENTED_EDGE ( 'NONE', *, *, #989, .F. ) ;
#208 = AXIS2_PLACEMENT_3D ( 'NONE', #2578, #55, #2082 ) ;
#209 = LINE ( 'NONE', #3797, #3974 ) ;
#210 = DIRECTION ( 'NONE',  ( 0.000000000000000000, 6.071532165918819308E-15, 1.000000000000000000 ) ) ;
#211 = VERTEX_POINT ( 'NONE', #4913 ) ;
#212 = LINE ( 'NONE', #4926, #3227 ) ;
#213 = CARTESIAN_POINT ( 'NONE',  ( 65.00000000000000000, -33.26355396554212973, -31.15366984932444083 ) ) ;
#214 = VERTEX_POINT ( 'NONE', #2819 ) ;
#215 = DIRECTION ( 'NONE',  ( 0.000000000000000000, 0.000000000000000000, -1.000000000000000000 ) ) ;
#216 = CARTESIAN_POINT ( 'NONE',  ( 24.33023030094920358, 14.99999999999999822, 33.05675871801665977 ) ) ;
#217 = ORIENTED_EDGE ( 'NONE', *, *, #2895, .T. ) ;
#218 = DIRECTION ( 'NONE',  ( -0.000000000000000000, 0.000000000000000000, -1.000000000000000000 ) ) ;
#219 = EDGE_CURVE ( 'NONE', #5385, #5061, #3380, .T. ) ;
#220 = DIRECTION ( 'NONE',  ( 0.000000000000000000, -2.312964634635742957E-16, 1.000000000000000000 ) ) ;
#221 = VERTEX_POINT ( 'NONE', #895 ) ;
#222 = CARTESIAN_POINT ( 'NONE',  ( 32.00000000000000000, -31.39583944038380636, -20.30200625214006394 ) ) ;
#223 = FACE_OUTER_BOUND ( 'NONE', #4454, .T. ) ;
#224 = EDGE_CURVE ( 'NONE', #4329, #5804, #361, .T. ) ;
#225 = VERTEX_POINT ( 'NONE', #5334 ) ;
#226 = DIRECTION ( 'NONE',  ( 0.000000000000000000, 1.000000000000000000, 0.000000000000000000 ) ) ;
#227 = ORIENTED_EDGE ( 'NONE', *, *, #1344, .F. ) ;
#228 = CARTESIAN_POINT ( 'NONE',  ( -126.5489894022228441, -33.97275762193209658, -18.33837198310368422 ) ) ;
#229 = CARTESIAN_POINT ( 'NONE',  ( -51.50000000000000711, -29.44884186725809627, -7.541367528119216068 ) ) ;
#230 = CARTESIAN_POINT ( 'NONE',  ( 34.00000000000000000, -62.71868522987814032, 59.54459137283848946 ) ) ;
#231 = VECTOR ( 'NONE', #5604, 1000.000000000000000 ) ;
#232 = VERTEX_POINT ( 'NONE', #1390 ) ;
#233 = DIRECTION ( 'NONE',  ( -0.000000000000000000, 1.000000000000000000, -0.000000000000000000 ) ) ;
#234 = VERTEX_POINT ( 'NONE', #1789 ) ;
#235 = DIRECTION ( 'NONE',  ( -0.000000000000000000, 1.000000000000000000, -0.000000000000000000 ) ) ;
#236 = PERSON_AND_ORGANIZATION ( #4040, #4752 ) ;
#237 = ORIENTED_EDGE ( 'NONE', *, *, #5791, .F. ) ;
#238 = ORIENTED_EDGE ( 'NONE', *, *, #1754, .F. ) ;
#239 = CARTESIAN_POINT ( 'NONE',  ( 23.40375208904425364, 20.00684559286068520, 32.80425109132782779 ) ) ;
#240 = CIRCLE ( 'NONE', #6177, 7.000000000000001776 ) ;
#241 = DIRECTION ( 'NONE',  ( 0.000000000000000000, -0.3947769709605397637, 0.9187769822972390310 ) ) ;
#242 = DIRECTION ( 'NONE',  ( 0.000000000000000000, 0.000000000000000000, 1.000000000000000000 ) ) ;
#243 = VERTEX_POINT ( 'NONE', #288 ) ;
#244 = EDGE_CURVE ( 'NONE', #4704, #6508, #1964, .T. ) ;
#245 = DIRECTION ( 'NONE',  ( -1.000000000000000000, 0.000000000000000000, -0.000000000000000000 ) ) ;
#246 = ORIENTED_EDGE ( 'NONE', *, *, #5237, .F. ) ;
#247 = EDGE_CURVE ( 'NONE', #2445, #5315, #820, .T. ) ;
#248 = FACE_OUTER_BOUND ( 'NONE', #2990, .T. ) ;
#249 = EDGE_CURVE ( 'NONE', #2254, #3602, #1290, .T. ) ;
#250 = DIRECTION ( 'NONE',  ( -1.000000000000000000, -0.000000000000000000, -0.000000000000000000 ) ) ;
#251 = ORIENTED_EDGE ( 'NONE', *, *, #6273, .T. ) ;
#252 = DIRECTION ( 'NONE',  ( -1.000000000000000000, 0.000000000000000000, 0.000000000000000000 ) ) ;
#253 = FACE_OUTER_BOUND ( 'NONE', #5624, .T. ) ;
#254 = AXIS2_PLACEMENT_3D ( 'NONE', #1455, #1420, #5095 ) ;
#255 = VECTOR ( 'NONE', #1531, 1000.000000000000114 ) ;
#256 = EDGE_CURVE ( 'NONE', #670, #4890, #205, .T. ) ;
#257 = CARTESIAN_POINT ( 'NONE',  ( -34.00000000000000000, -1.665341203534002945, 45.07104986654846357 ) ) ;
#258 = VECTOR ( 'NONE', #3712, 1000.000000000000000 ) ;
#259 = PLANE ( 'NONE',  #4174 ) ;
#260 = VERTEX_POINT ( 'NONE', #3279 ) ;
#261 = DIRECTION ( 'NONE',  ( -0.000000000000000000, 1.000000000000000000, -0.000000000000000000 ) ) ;
#262 = VECTOR ( 'NONE', #1727, 1000.000000000000000 ) ;
#263 = ORIENTED_EDGE ( 'NONE', *, *, #4076, .F. ) ;
#264 = CARTESIAN_POINT ( 'NONE',  ( -51.50000000000000711, -24.44884186725809272, -7.541367528119216068 ) ) ;
#265 = DIRECTION ( 'NONE',  ( 0.000000000000000000, 0.5265616978306140172, -0.8501369174302109144 ) ) ;
#266 = DIRECTION ( 'NONE',  ( 0.000000000000000000, 0.000000000000000000, 1.000000000000000000 ) ) ;
#267 = VERTEX_POINT ( 'NONE', #4945 ) ;
#268 = LINE ( 'NONE', #5778, #3629 ) ;
#269 = VERTEX_POINT ( 'NONE', #1823 ) ;
#270 = CARTESIAN_POINT ( 'NONE',  ( 22.54180846694344709, 14.99999999999999822, -12.81249999999999822 ) ) ;
#271 = PERSON_AND_ORGANIZATION_ROLE ( 'classification_officer' ) ;
#272 = EDGE_CURVE ( 'NONE', #3865, #3816, #5436, .T. ) ;
#273 = ORIENTED_EDGE ( 'NONE', *, *, #4617, .T. ) ;
#274 = ORIENTED_EDGE ( 'NONE', *, *, #2128, .T. ) ;
#275 = CYLINDRICAL_SURFACE ( 'NONE', #2562, 2.000000000000000444 ) ;
#276 = LINE ( 'NONE', #5787, #4199 ) ;
#277 = DIRECTION ( 'NONE',  ( 0.000000000000000000, -1.000000000000000000, 0.000000000000000000 ) ) ;
#278 = ORIENTED_EDGE ( 'NONE', *, *, #1972, .F. ) ;
#279 = FACE_OUTER_BOUND ( 'NONE', #5750, .T. ) ;
#280 = ORIENTED_EDGE ( 'NONE', *, *, #6289, .F. ) ;
#281 = AXIS2_PLACEMENT_3D ( 'NONE', #1443, #3532, #1976 ) ;
#282 = FACE_BOUND ( 'NONE', #5440, .T. ) ;
#283 = LINE ( 'NONE', #5328, #2006 ) ;
#284 = CARTESIAN_POINT ( 'NONE',  ( -32.00000000000000000, -15.99999999999596589, 78.49999999999802469 ) ) ;
#285 = FACE_OUTER_BOUND ( 'NONE', #2215, .T. ) ;
#286 = EDGE_CURVE ( 'NONE', #4291, #2263, #2317, .T. ) ;
#287 = ORIENTED_EDGE ( 'NONE', *, *, #2248, .F. ) ;
#288 = CARTESIAN_POINT ( 'NONE',  ( -65.00000000000000000, -12.57535232641010481, 58.49999999998882316 ) ) ;
#289 = CARTESIAN_POINT ( 'NONE',  ( 23.67287660256410575, 20.05424606755955352, 32.48517628205127750 ) ) ;
#290 = AXIS2_PLACEMENT_3D ( 'NONE', #67, #3654, #3682 ) ;
#291 = ORIENTED_EDGE ( 'NONE', *, *, #5135, .T. ) ;
#292 = LINE ( 'NONE', #720, #1897 ) ;
#293 = VERTEX_POINT ( 'NONE', #5402 ) ;
#294 = DIRECTION ( 'NONE',  ( 1.000000000000000000, 0.000000000000000000, -0.000000000000000000 ) ) ;
#295 = DIRECTION ( 'NONE',  ( 0.000000000000000000, 0.000000000000000000, -1.000000000000000000 ) ) ;
#296 = VECTOR ( 'NONE', #6566, 1000.000000000000000 ) ;
#297 = EDGE_CURVE ( 'NONE', #6126, #1101, #787, .T. ) ;
#298 = AXIS2_PLACEMENT_3D ( 'NONE', #2021, #6531, #5942 ) ;
#299 = CARTESIAN_POINT ( 'NONE',  ( 138.2335947900749602, 5.014924930574539808, 10.00000000000000000 ) ) ;
#300 = ORIENTED_EDGE ( 'NONE', *, *, #3126, .T. ) ;
#301 = CYLINDRICAL_SURFACE ( 'NONE', #3951, 135.5624999999987779 ) ;
#302 = ORIENTED_EDGE ( 'NONE', *, *, #4473, .F. ) ;
#303 = AXIS2_PLACEMENT_3D ( 'NONE', #1249, #5760, #2817 ) ;
#304 = VECTOR ( 'NONE', #2945, 1000.000000000000000 ) ;
#305 = CARTESIAN_POINT ( 'NONE',  ( 25.00000000000000000, -3.000000000000002665, -67.50000000000000000 ) ) ;
#306 = AXIS2_PLACEMENT_3D ( 'NONE', #370, #4419, #6442 ) ;
#307 = DATE_AND_TIME ( #3792, #3806 ) ;
#308 = ORIENTED_EDGE ( 'NONE', *, *, #6344, .T. ) ;
#309 = EDGE_LOOP ( 'NONE', ( #5292, #5486, #1072, #2654, #2117 ) ) ;
#310 = CARTESIAN_POINT ( 'NONE',  ( 23.47551371982912727, 20.00684559286069231, 32.81130603557662084 ) ) ;
#311 = CARTESIAN_POINT ( 'NONE',  ( -32.00000000000000000, -13.60763994926033682, -61.37229395969686863 ) ) ;
#312 = FACE_BOUND ( 'NONE', #6087, .T. ) ;
#313 = ORIENTED_EDGE ( 'NONE', *, *, #6223, .T. ) ;
#314 = VECTOR ( 'NONE', #4576, 1000.000000000000114 ) ;
#315 = CARTESIAN_POINT ( 'NONE',  ( -32.00000000000000000, -22.99999999999562306, -77.49999999997912425 ) ) ;
#316 = ORIENTED_EDGE ( 'NONE', *, *, #1139, .T. ) ;
#317 = DIRECTION ( 'NONE',  ( 0.000000000000000000, 0.000000000000000000, -1.000000000000000000 ) ) ;
#318 = CARTESIAN_POINT ( 'NONE',  ( 24.37820512820513130, 14.99999999999999822, 33.37349759615384670 ) ) ;
#319 = AXIS2_PLACEMENT_3D ( 'NONE', #2461, #6507, #1965 ) ;
#320 = EDGE_CURVE ( 'NONE', #2911, #5407, #753, .T. ) ;
#321 = DIRECTION ( 'NONE',  ( 0.000000000000000000, -1.000000000000000000, 0.000000000000000000 ) ) ;
#322 = EDGE_CURVE ( 'NONE', #4022, #6056, #3845, .T. ) ;
#323 = DIRECTION ( 'NONE',  ( -1.000000000000000000, -0.000000000000000000, -0.000000000000000000 ) ) ;
#324 = ORIENTED_EDGE ( 'NONE', *, *, #5825, .F. ) ;
#325 = CARTESIAN_POINT ( 'NONE',  ( 25.00000000000000000, -3.000000000000002665, -67.50000000000000000 ) ) ;
#326 = DIRECTION ( 'NONE',  ( -1.000000000000000000, -0.000000000000000000, -0.000000000000000000 ) ) ;
#327 = ORIENTED_EDGE ( 'NONE', *, *, #3921, .F. ) ;
#328 = CARTESIAN_POINT ( 'NONE',  ( 24.58926691259541997, 14.99999999999999822, 9.812499999999985789 ) ) ;
#329 = ORIENTED_EDGE ( 'NONE', *, *, #1141, .F. ) ;
#330 = DIRECTION ( 'NONE',  ( 0.000000000000000000, -0.9187769822972398082, -0.3947769709605380983 ) ) ;
#331 = CARTESIAN_POINT ( 'NONE',  ( 51.00000000000000711, -27.00545373597805821, -45.71834526552863309 ) ) ;
#332 = ADVANCED_FACE ( 'NONE', ( #4375 ), #4840, .F. ) ;
#333 = AXIS2_PLACEMENT_3D ( 'NONE', #1050, #3038, #1925 ) ;
#334 = CARTESIAN_POINT ( 'NONE',  ( 32.00000000000000000, -31.42600000094764567, -30.36411590740335953 ) ) ;
#335 = EDGE_CURVE ( 'NONE', #4994, #3822, #3347, .T. ) ;
#336 = ORIENTED_EDGE ( 'NONE', *, *, #6014, .F. ) ;
#337 = CARTESIAN_POINT ( 'NONE',  ( 22.49358974358974805, 14.99999999999999822, 35.93750000000000000 ) ) ;
#338 = VECTOR ( 'NONE', #5964, 999.9999999999998863 ) ;
#339 = ORIENTED_EDGE ( 'NONE', *, *, #6055, .T. ) ;
#340 = PLANE ( 'NONE',  #1854 ) ;
#341 = CARTESIAN_POINT ( 'NONE',  ( 24.90336947669798562, 14.99999999999999822, 13.31249999999998579 ) ) ;
#342 = AXIS2_PLACEMENT_3D ( 'NONE', #4084, #2620, #2092 ) ;
#343 = VECTOR ( 'NONE', #4992, 1000.000000000000000 ) ;
#344 = CARTESIAN_POINT ( 'NONE',  ( 23.69912676767624049, 15.00000000000000888, 33.89918858682053582 ) ) ;
#345 = VERTEX_POINT ( 'NONE', #6404 ) ;
#346 = CARTESIAN_POINT ( 'NONE',  ( 23.77563572704563555, 20.00684559286068520, 32.89018396295060143 ) ) ;
#347 = ADVANCED_FACE ( 'NONE', ( #5938 ), #4875, .F. ) ;
#348 = CARTESIAN_POINT ( 'NONE',  ( -32.38266868965512657, -13.21381934773293843, -60.29496938385331362 ) ) ;
#349 = CYLINDRICAL_SURFACE ( 'NONE', #886, 135.5034452694893616 ) ;
#350 = AXIS2_PLACEMENT_3D ( 'NONE', #2004, #3894, #4463 ) ;
#351 = EDGE_LOOP ( 'NONE', ( #4618, #1944, #3271, #1563 ) ) ;
#352 = AXIS2_PLACEMENT_3D ( 'NONE', #5422, #4862, #883 ) ;
#353 = DIRECTION ( 'NONE',  ( 1.000000000000000000, 0.000000000000000000, 0.000000000000000000 ) ) ;
#354 = ORIENTED_EDGE ( 'NONE', *, *, #2917, .F. ) ;
#355 = LINE ( 'NONE', #4834, #2979 ) ;
#356 = CARTESIAN_POINT ( 'NONE',  ( 23.86558962764321024, 19.86068834797920957, 34.20193652057385236 ) ) ;
#357 = CARTESIAN_POINT ( 'NONE',  ( -25.00000000000000000, -126.4501835576286624, 8.448105686686514324E-15 ) ) ;
#358 = CARTESIAN_POINT ( 'NONE',  ( 24.06290044301407960, 15.00000000000000178, 33.34464990062929246 ) ) ;
#359 = EDGE_CURVE ( 'NONE', #6051, #611, #3774, .T. ) ;
#360 = ORIENTED_EDGE ( 'NONE', *, *, #1382, .F. ) ;
#361 = LINE ( 'NONE', #2387, #6190 ) ;
#362 = FACE_BOUND ( 'NONE', #2266, .T. ) ;
#363 = VERTEX_POINT ( 'NONE', #2784 ) ;
#364 = DIRECTION ( 'NONE',  ( -1.000000000000000000, -0.000000000000000000, -0.000000000000000000 ) ) ;
#365 = EDGE_LOOP ( 'NONE', ( #4600, #5793, #682, #1886 ) ) ;
#366 = CARTESIAN_POINT ( 'NONE',  ( 24.99999999999999289, 5.014924930574546025, -10.00000000000000000 ) ) ;
#367 = VECTOR ( 'NONE', #6435, 1000.000000000000000 ) ;
#368 = PLANE ( 'NONE',  #603 ) ;
#369 = EDGE_CURVE ( 'NONE', #6116, #1272, #4807, .T. ) ;
#370 = CARTESIAN_POINT ( 'NONE',  ( -32.00000000000000000, -31.99999999999558753, 67.49999999999792522 ) ) ;
#371 = VECTOR ( 'NONE', #2558, 1000.000000000000000 ) ;
#372 = ORIENTED_EDGE ( 'NONE', *, *, #5975, .T. ) ;
#373 = CARTESIAN_POINT ( 'NONE',  ( 23.67287660256410575, 20.05424606755955352, 32.48517628205127750 ) ) ;
#374 = VERTEX_POINT ( 'NONE', #6530 ) ;
#375 = CYLINDRICAL_SURFACE ( 'NONE', #1102, 2.000000000000000888 ) ;
#376 = DIRECTION ( 'NONE',  ( 0.000000000000000000, 8.971684886290328366E-14, 1.000000000000000000 ) ) ;
#377 = EDGE_CURVE ( 'NONE', #260, #2851, #3187, .T. ) ;
#378 = ADVANCED_FACE ( 'NONE', ( #4011 ), #5499, .T. ) ;
#379 = ADVANCED_FACE ( 'NONE', ( #6500 ), #2950, .T. ) ;
#380 = EDGE_CURVE ( 'NONE', #4461, #3837, #4900, .T. ) ;
#381 = CARTESIAN_POINT ( 'NONE',  ( 23.45639018880922322, 19.86086758453160783, 33.95260133124177315 ) ) ;
#382 = ORIENTED_EDGE ( 'NONE', *, *, #5383, .F. ) ;
#383 = DIRECTION ( 'NONE',  ( -0.000000000000000000, 0.000000000000000000, 1.000000000000000000 ) ) ;
#384 = CARTESIAN_POINT ( 'NONE',  ( 23.25331982658678953, 19.97692298882708783, 32.79671770091307081 ) ) ;
#385 = DIRECTION ( 'NONE',  ( 1.000000000000000000, 0.000000000000000000, 0.000000000000000000 ) ) ;
#386 = ORIENTED_EDGE ( 'NONE', *, *, #286, .T. ) ;
#387 = CARTESIAN_POINT ( 'NONE',  ( -14.99999999999999289, 4.521337732751762317, -52.24999999999997868 ) ) ;
#388 = EDGE_LOOP ( 'NONE', ( #1383, #982, #4207, #2885 ) ) ;
#389 = ADVANCED_FACE ( 'NONE', ( #1953 ), #3543, .T. ) ;
#390 = DIRECTION ( 'NONE',  ( -0.000000000000000000, 0.000000000000000000, -1.000000000000000000 ) ) ;
#391 = ADVANCED_FACE ( 'NONE', ( #6033 ), #3981, .T. ) ;
#392 = CARTESIAN_POINT ( 'NONE',  ( 22.52516434849285787, -111.4976334394454369, -1.528915308921869618E-14 ) ) ;
#393 = CARTESIAN_POINT ( 'NONE',  ( -65.00000000000000000, -24.44884186725809272, 3.457098689074955544 ) ) ;
#394 = ADVANCED_FACE ( 'NONE', ( #6065 ), #1454, .T. ) ;
#395 = ORIENTED_EDGE ( 'NONE', *, *, #5549, .F. ) ;
#396 = DIRECTION ( 'NONE',  ( -0.000000000000000000, 1.000000000000000000, -0.000000000000000000 ) ) ;
#397 = B_SPLINE_SURFACE_WITH_KNOTS ( 'NONE', 3, 1, ( 
 ( #1918, #3408 ),
 ( #2479, #3372 ),
 ( #5398, #5461 ),
 ( #851, #5432 ),
 ( #2878, #891 ),
 ( #2415, #2914 ),
 ( #4908, #4503 ),
 ( #5030, #4438 ),
 ( #919, #423 ),
 ( #2450, #356 ),
 ( #984, #4469 ),
 ( #6496, #1980 ),
 ( #4005, #2508 ),
 ( #1482, #4406 ),
 ( #3508, #5522 ),
 ( #3635, #53 ),
 ( #19, #1583 ),
 ( #2111, #6121 ),
 ( #6184, #2638 ) ),
 .UNSPECIFIED., .F., .F., .F.,
 ( 4, 1, 1, 1, 1, 1, 1, 1, 1, 1, 1, 1, 1, 1, 1, 1, 4 ),
 ( 2, 2 ),
 ( 0.000000000000000000, 0.07878023558213913258, 0.1537206442085858604, 0.2267135303087810250, 0.2991911660659375416, 0.3711899968376675130, 0.4430064143534090393, 0.5166891732948791782, 0.5932172166234125354, 0.6338729178078461590, 0.6769891422899790845, 0.7228995063258275566, 0.7719586105061442272, 0.8242113233348354884, 0.8793786506272033288, 0.9379481193304191056, 0.9999999999999998890 ),
 ( 0.000000000000000000, 1.000000000000000000 ),
 .UNSPECIFIED. ) ;
#398 = CARTESIAN_POINT ( 'NONE',  ( -34.00000000000000000, -8.928433764235801817, -59.49999999999898392 ) ) ;
#399 = CARTESIAN_POINT ( 'NONE',  ( 24.83185505362106227, 23.35028468928030776, 13.31249999999998579 ) ) ;
#400 = ORIENTED_EDGE ( 'NONE', *, *, #4184, .T. ) ;
#401 = CARTESIAN_POINT ( 'NONE',  ( 51.00000000000000711, -33.44400046189080911, -40.86601427329011926 ) ) ;
#402 = EDGE_CURVE ( 'NONE', #4334, #4609, #516, .T. ) ;
#403 = CARTESIAN_POINT ( 'NONE',  ( 24.99999999999999289, -1.467252252107323240, -52.24999999999997868 ) ) ;
#404 = CARTESIAN_POINT ( 'NONE',  ( 23.89161460616431398, 15.00000000000000533, 32.56110083651711307 ) ) ;
#405 = ORIENTED_EDGE ( 'NONE', *, *, #3062, .T. ) ;
#406 = CARTESIAN_POINT ( 'NONE',  ( -65.00000000000000000, -22.44884186725809627, 3.457098689074955544 ) ) ;
#407 = EDGE_LOOP ( 'NONE', ( #4571, #1890, #5150, #5357 ) ) ;
#408 = LINE ( 'NONE', #5510, #1636 ) ;
#409 = VECTOR ( 'NONE', #2656, 1000.000000000000000 ) ;
#410 = CARTESIAN_POINT ( 'NONE',  ( 22.22770590284088144, 14.99999999999999822, -9.312499999999998224 ) ) ;
#411 = EDGE_CURVE ( 'NONE', #5617, #1523, #959, .T. ) ;
#412 = CARTESIAN_POINT ( 'NONE',  ( 23.52238376413519561, 19.86086758453160073, 33.94364525951601053 ) ) ;
#413 = DIRECTION ( 'NONE',  ( 0.000000000000000000, 0.8922282841630463368, -0.4515846420544727957 ) ) ;
#414 = VECTOR ( 'NONE', #4770, 1000.000000000000000 ) ;
#415 = CARTESIAN_POINT ( 'NONE',  ( 24.06196133128019454, 19.84461638702362762, 33.32266145211820429 ) ) ;
#416 = DIRECTION ( 'NONE',  ( -1.000000000000000000, 0.000000000000000000, 0.000000000000000000 ) ) ;
#417 = AXIS2_PLACEMENT_3D ( 'NONE', #587, #5233, #3648 ) ;
#418 = EDGE_LOOP ( 'NONE', ( #4696, #4379, #3585, #1292, #5585, #5592, #3676, #2288, #1495, #2305, #313, #4744 ) ) ;
#419 = AXIS2_PLACEMENT_3D ( 'NONE', #985, #3006, #3568 ) ;
#420 = DIRECTION ( 'NONE',  ( 1.000000000000000000, -0.000000000000000000, -0.000000000000000000 ) ) ;
#421 = EDGE_LOOP ( 'NONE', ( #2351, #1726, #6286, #4792 ) ) ;
#422 = CARTESIAN_POINT ( 'NONE',  ( 21.00000000000000000, 5.859598249176485751, 56.07296202289150244 ) ) ;
#423 = CARTESIAN_POINT ( 'NONE',  ( 23.96601894358239093, 19.86068834797922378, 34.14948371587236409 ) ) ;
#424 = DIRECTION ( 'NONE',  ( 0.000000000000000000, 0.000000000000000000, -1.000000000000000000 ) ) ;
#425 = DIRECTION ( 'NONE',  ( 1.000000000000000000, -0.000000000000000000, -0.000000000000000000 ) ) ;
#426 = EDGE_LOOP ( 'NONE', ( #3803, #2411, #2046, #18 ) ) ;
#427 = CARTESIAN_POINT ( 'NONE',  ( 22.17344235471984959, 14.99999999999999822, -35.43750000000000000 ) ) ;
#428 = DIRECTION ( 'NONE',  ( 0.000000000000000000, 0.000000000000000000, 1.000000000000000000 ) ) ;
#429 = AXIS2_PLACEMENT_3D ( 'NONE', #4434, #4937, #915 ) ;
#430 = EDGE_CURVE ( 'NONE', #653, #1947, #2981, .T. ) ;
#431 = DIRECTION ( 'NONE',  ( -0.000000000000000000, 0.000000000000000000, -1.000000000000000000 ) ) ;
#432 = ORIENTED_EDGE ( 'NONE', *, *, #402, .T. ) ;
#433 = CARTESIAN_POINT ( 'NONE',  ( 32.00000000000000000, -51.50690859218350681, 16.37082040955529649 ) ) ;
#434 = EDGE_CURVE ( 'NONE', #3097, #1825, #6096, .T. ) ;
#435 = DIRECTION ( 'NONE',  ( -0.000000000000000000, -0.3233786518374670571, -0.9462696484278583231 ) ) ;
#436 = ADVANCED_FACE ( 'NONE', ( #5593, #3513 ), #1015, .F. ) ;
#437 = CARTESIAN_POINT ( 'NONE',  ( 24.22934467772599731, 15.00000000000000178, 32.85308601589598965 ) ) ;
#438 = ORIENTED_EDGE ( 'NONE', *, *, #4472, .F. ) ;
#439 = DIRECTION ( 'NONE',  ( -1.000000000000000000, 0.000000000000000000, 0.000000000000000000 ) ) ;
#440 = ORIENTED_EDGE ( 'NONE', *, *, #2315, .F. ) ;
#441 = CYLINDRICAL_SURFACE ( 'NONE', #2918, 7.000000000000000888 ) ;
#442 = CARTESIAN_POINT ( 'NONE',  ( 26.00000000000000000, 21.00290591502244197, -1.216092296937449943E-14 ) ) ;
#443 = TOROIDAL_SURFACE ( 'NONE', #6518, 4.000000000000000000, 2.000000000000000000 ) ;
#444 = FACE_OUTER_BOUND ( 'NONE', #1302, .T. ) ;
#445 = CARTESIAN_POINT ( 'NONE',  ( 65.00000000000000000, -42.69135937298986505, 11.05256766599137563 ) ) ;
#446 = VECTOR ( 'NONE', #3810, 1000.000000000000000 ) ;
#447 = DIRECTION ( 'NONE',  ( -1.000000000000000000, 0.000000000000000000, 0.000000000000000000 ) ) ;
#448 = CARTESIAN_POINT ( 'NONE',  ( 34.00000000000000000, -62.43813982404275009, 41.81142202206591918 ) ) ;
#449 = VERTEX_POINT ( 'NONE', #26 ) ;
#450 = AXIS2_PLACEMENT_3D ( 'NONE', #2348, #5797, #6401 ) ;
#451 = ORIENTED_EDGE ( 'NONE', *, *, #4573, .F. ) ;
#452 = LINE ( 'NONE', #2540, #4436 ) ;
#453 = FACE_OUTER_BOUND ( 'NONE', #6283, .T. ) ;
#454 = CARTESIAN_POINT ( 'NONE',  ( 32.00000000000000000, -33.97275762193209658, -18.33837198310368422 ) ) ;
#455 = DIRECTION ( 'NONE',  ( 0.000000000000000000, -0.3233786518374738850, -0.9462696484278558806 ) ) ;
#456 = EDGE_CURVE ( 'NONE', #6116, #4157, #4657, .T. ) ;
#457 = EDGE_CURVE ( 'NONE', #73, #3721, #3012, .T. ) ;
#458 = ORIENTED_EDGE ( 'NONE', *, *, #1754, .T. ) ;
#459 = DIRECTION ( 'NONE',  ( 0.000000000000000000, 0.000000000000000000, 1.000000000000000000 ) ) ;
#460 = CARTESIAN_POINT ( 'NONE',  ( 22.17344235471984959, 14.99999999999999822, -35.43750000000000000 ) ) ;
#461 = EDGE_LOOP ( 'NONE', ( #1737, #4648, #382, #5832, #2763 ) ) ;
#462 = CARTESIAN_POINT ( 'NONE',  ( 22.48754491882241169, 14.99999999999999822, -35.43750000000000000 ) ) ;
#463 = CARTESIAN_POINT ( 'NONE',  ( 32.00000000000000000, -22.99999999999562306, -65.49999999997928057 ) ) ;
#464 = CARTESIAN_POINT ( 'NONE',  ( 24.37820512820513130, 20.08457154396490907, 33.37349759615384670 ) ) ;
#465 = ORIENTED_EDGE ( 'NONE', *, *, #6521, .F. ) ;
#466 = PLANE ( 'NONE',  #5207 ) ;
#467 = EDGE_CURVE ( 'NONE', #4157, #1692, #1553, .T. ) ;
#468 = ORIENTED_EDGE ( 'NONE', *, *, #2408, .T. ) ;
#469 = DIRECTION ( 'NONE',  ( -1.000000000000000000, -0.000000000000000000, 0.000000000000000000 ) ) ;
#470 = DIRECTION ( 'NONE',  ( -1.000000000000000000, 0.000000000000000000, 0.000000000000000000 ) ) ;
#471 = VECTOR ( 'NONE', #6405, 1000.000000000000000 ) ;
#472 = VECTOR ( 'NONE', #6235, 1000.000000000000000 ) ;
#473 = CARTESIAN_POINT ( 'NONE',  ( 23.96561495896570548, 15.00000000000000178, 33.69507449465884008 ) ) ;
#474 = DIRECTION ( 'NONE',  ( 1.000000000000000000, 0.000000000000000000, -0.000000000000000000 ) ) ;
#475 = LINE ( 'NONE', #2534, #6067 ) ;
#476 = DIRECTION ( 'NONE',  ( 0.000000000000000000, 0.9462696484278564357, -0.3233786518374721641 ) ) ;
#477 = ORIENTED_EDGE ( 'NONE', *, *, #2931, .T. ) ;
#478 = VECTOR ( 'NONE', #5308, 1000.000000000000227 ) ;
#479 = EDGE_CURVE ( 'NONE', #4154, #1005, #3808, .T. ) ;
#480 = ORIENTED_EDGE ( 'NONE', *, *, #2375, .T. ) ;
#481 = DIRECTION ( 'NONE',  ( -0.000000000000000000, 1.000000000000000000, -0.000000000000000000 ) ) ;
#482 = VERTEX_POINT ( 'NONE', #1179 ) ;
#483 = DIRECTION ( 'NONE',  ( 0.000000000000000000, 0.000000000000000000, -1.000000000000000000 ) ) ;
#484 = ADVANCED_FACE ( 'NONE', ( #6158 ), #1114, .T. ) ;
#485 = ORIENTED_EDGE ( 'NONE', *, *, #5853, .F. ) ;
#486 = DIRECTION ( 'NONE',  ( -0.000000000000000000, 0.4718612443555697533, 0.8816728225794494556 ) ) ;
#487 = CARTESIAN_POINT ( 'NONE',  ( 23.26179749284657561, 20.09640605460911189, 32.44439444693618668 ) ) ;
#488 = ORIENTED_EDGE ( 'NONE', *, *, #5753, .T. ) ;
#489 = CYLINDRICAL_SURFACE ( 'NONE', #1539, 1.999999999999999112 ) ;
#490 = CC_DESIGN_PERSON_AND_ORGANIZATION_ASSIGNMENT ( #2765, #271, ( #1788 ) ) ;
#491 = LINE ( 'NONE', #2148, #3267 ) ;
#492 = EDGE_CURVE ( 'NONE', #2123, #374, #4636, .T. ) ;
#493 = VECTOR ( 'NONE', #6288, 1000.000000000000000 ) ;
#494 = CARTESIAN_POINT ( 'NONE',  ( 24.07745853247110546, 14.99999999999998401, 32.68510745894283076 ) ) ;
#495 = AXIS2_PLACEMENT_3D ( 'NONE', #2271, #1277, #4294 ) ;
#496 = ORIENTED_EDGE ( 'NONE', *, *, #1972, .T. ) ;
#497 = DIRECTION ( 'NONE',  ( 0.000000000000000000, 0.000000000000000000, 1.000000000000000000 ) ) ;
#498 = VERTEX_POINT ( 'NONE', #3167 ) ;
#499 = LINE ( 'NONE', #1937, #255 ) ;
#500 = LINE ( 'NONE', #5541, #1992 ) ;
#501 = ADVANCED_FACE ( 'NONE', ( #4165 ), #5256, .F. ) ;
#502 = CARTESIAN_POINT ( 'NONE',  ( 24.33668026181524269, 14.99999999999999822, -12.81249999999999822 ) ) ;
#503 = DIRECTION ( 'NONE',  ( 0.000000000000000000, 0.000000000000000000, 1.000000000000000000 ) ) ;
#504 = ORIENTED_EDGE ( 'NONE', *, *, #1260, .F. ) ;
#505 = AXIS2_PLACEMENT_3D ( 'NONE', #5238, #265, #2290 ) ;
#506 = VECTOR ( 'NONE', #161, 1000.000000000000000 ) ;
#507 = CIRCLE ( 'NONE', #4219, 135.5624999999987779 ) ;
#508 = ORIENTED_EDGE ( 'NONE', *, *, #5557, .T. ) ;
#509 = CARTESIAN_POINT ( 'NONE',  ( -14.99999999999999467, -50.00000000000000000, 52.24999999999999289 ) ) ;
#510 = EDGE_LOOP ( 'NONE', ( #2587, #4258, #3748, #187 ) ) ;
#511 = CARTESIAN_POINT ( 'NONE',  ( 32.00000000000000000, -42.35264965858039687, 13.72922726422479656 ) ) ;
#512 = APPROVAL_PERSON_ORGANIZATION ( #5782, #2365, #204 ) ;
#513 = AXIS2_PLACEMENT_3D ( 'NONE', #4765, #3841, #5257 ) ;
#514 = CARTESIAN_POINT ( 'NONE',  ( 65.00000000000000000, -52.52973839301110814, 15.28633521551477337 ) ) ;
#515 = ORIENTED_EDGE ( 'NONE', *, *, #781, .F. ) ;
#516 = LINE ( 'NONE', #5101, #96 ) ;
#517 = DIRECTION ( 'NONE',  ( 1.000000000000000000, 0.000000000000000000, -0.000000000000000000 ) ) ;
#518 = ORIENTED_EDGE ( 'NONE', *, *, #3757, .T. ) ;
#519 = DIRECTION ( 'NONE',  ( 0.000000000000000000, -0.4718612443555697533, -0.8816728225794494556 ) ) ;
#520 = LINE ( 'NONE', #5165, #4747 ) ;
#521 = CARTESIAN_POINT ( 'NONE',  ( 22.48754491882241169, 14.99999999999999822, -35.43750000000000000 ) ) ;
#522 = VERTEX_POINT ( 'NONE', #2084 ) ;
#523 = DIRECTION ( 'NONE',  ( 1.000000000000000000, -0.000000000000000000, -0.000000000000000000 ) ) ;
#524 = ORIENTED_EDGE ( 'NONE', *, *, #256, .T. ) ;
#525 = CARTESIAN_POINT ( 'NONE',  ( -32.00000000000000000, -5.433134719346973895, 43.72801895767194225 ) ) ;
#526 = CIRCLE ( 'NONE', #1165, 1.999999999999997113 ) ;
#527 = DIRECTION ( 'NONE',  ( 0.7071067811865450192, 8.659560562354963673E-17, 0.7071067811865500152 ) ) ;
#528 = ADVANCED_FACE ( 'NONE', ( #5723 ), #6221, .F. ) ;
#529 = ADVANCED_FACE ( 'NONE', ( #5160 ), #2674, .T. ) ;
#530 = DIRECTION ( 'NONE',  ( 0.000000000000000000, -0.000000000000000000, -1.000000000000000000 ) ) ;
#531 = DIRECTION ( 'NONE',  ( -0.000000000000000000, -0.000000000000000000, -1.000000000000000000 ) ) ;
#532 = FACE_BOUND ( 'NONE', #461, .T. ) ;
#533 = FACE_OUTER_BOUND ( 'NONE', #1024, .T. ) ;
#534 = VERTEX_POINT ( 'NONE', #5133 ) ;
#535 = EDGE_CURVE ( 'NONE', #1929, #3459, #3110, .T. ) ;
#536 = ORIENTED_EDGE ( 'NONE', *, *, #164, .F. ) ;
#537 = ORIENTED_EDGE ( 'NONE', *, *, #2671, .T. ) ;
#538 = LINE ( 'NONE', #4661, #881 ) ;
#539 = CARTESIAN_POINT ( 'NONE',  ( -34.00000000000000000, -24.44884186725809272, 3.958632471880758619 ) ) ;
#540 = ORIENTED_EDGE ( 'NONE', *, *, #2201, .F. ) ;
#541 = LINE ( 'NONE', #2574, #6089 ) ;
#542 = VECTOR ( 'NONE', #4141, 1000.000000000000000 ) ;
#543 = DIRECTION ( 'NONE',  ( -1.000000000000000000, 0.000000000000000000, 0.000000000000000000 ) ) ;
#544 = PLANE ( 'NONE',  #208 ) ;
#545 = VERTEX_POINT ( 'NONE', #4232 ) ;
#546 = AXIS2_PLACEMENT_3D ( 'NONE', #3857, #1332, #4851 ) ;
#547 = CARTESIAN_POINT ( 'NONE',  ( 26.00000000000000000, -117.5625000000006395, -3.824297657043977603E-14 ) ) ;
#548 = AXIS2_PLACEMENT_3D ( 'NONE', #5995, #2414, #6088 ) ;
#549 = DIRECTION ( 'NONE',  ( 0.000000000000000000, 0.000000000000000000, -1.000000000000000000 ) ) ;
#550 = ORIENTED_EDGE ( 'NONE', *, *, #4070, .T. ) ;
#551 = CARTESIAN_POINT ( 'NONE',  ( -32.00000000000000000, -8.894977061326414969, -46.66285503032649729 ) ) ;
#552 = LINE ( 'NONE', #1592, #1998 ) ;
#553 = AXIS2_PLACEMENT_3D ( 'NONE', #4695, #4131, #6251 ) ;
#554 = CARTESIAN_POINT ( 'NONE',  ( -65.00000000000000000, -8.754676791739580466, -45.46783294595006453 ) ) ;
#555 = ORIENTED_EDGE ( 'NONE', *, *, #1785, .T. ) ;
#556 = CARTESIAN_POINT ( 'NONE',  ( -26.00000000000000000, 23.39871018650868706, -12.81249999999999822 ) ) ;
#557 = ORIENTED_EDGE ( 'NONE', *, *, #2671, .F. ) ;
#558 = FACE_OUTER_BOUND ( 'NONE', #4755, .T. ) ;
#559 = CARTESIAN_POINT ( 'NONE',  ( -34.00000000000000000, -12.92843376423008550, -59.50000000000000711 ) ) ;
#560 = LINE ( 'NONE', #1030, #786 ) ;
#561 = LINE ( 'NONE', #4622, #124 ) ;
#562 = CARTESIAN_POINT ( 'NONE',  ( -34.00000000000000000, -4.514312172674985746, -40.88927773332066096 ) ) ;
#563 = DIRECTION ( 'NONE',  ( -1.000000000000000000, 0.000000000000000000, 0.000000000000000000 ) ) ;
#564 = ADVANCED_FACE ( 'NONE', ( #5625 ), #6260, .T. ) ;
#565 = ORIENTED_EDGE ( 'NONE', *, *, #2456, .F. ) ;
#566 = EDGE_CURVE ( 'NONE', #2419, #6149, #1649, .T. ) ;
#567 = EDGE_CURVE ( 'NONE', #2495, #5199, #706, .T. ) ;
#568 = AXIS2_PLACEMENT_3D ( 'NONE', #3965, #3934, #4524 ) ;
#569 = EDGE_CURVE ( 'NONE', #2614, #4172, #4698, .T. ) ;
#570 = AXIS2_PLACEMENT_3D ( 'NONE', #5969, #3601, #3099 ) ;
#571 = VERTEX_POINT ( 'NONE', #1085 ) ;
#572 = EDGE_LOOP ( 'NONE', ( #4738, #4923, #5518, #2210 ) ) ;
#573 = CARTESIAN_POINT ( 'NONE',  ( -34.00000000000000000, -12.92843376423008550, -59.50000000000000711 ) ) ;
#574 = DIRECTION ( 'NONE',  ( 0.000000000000000000, 0.9462696484278564357, -0.3233786518374721641 ) ) ;
#575 = AXIS2_PLACEMENT_3D ( 'NONE', #873, #907, #1675 ) ;
#576 = ORIENTED_EDGE ( 'NONE', *, *, #380, .F. ) ;
#577 = DIRECTION ( 'NONE',  ( 1.000000000000000000, 0.000000000000000000, 0.000000000000000000 ) ) ;
#578 = EDGE_CURVE ( 'NONE', #5339, #2445, #3535, .T. ) ;
#579 = CYLINDRICAL_SURFACE ( 'NONE', #1380, 1.199999999999987521 ) ;
#580 = DIRECTION ( 'NONE',  ( 0.000000000000000000, -1.000000000000000000, -3.035766082959412415E-16 ) ) ;
#581 = CARTESIAN_POINT ( 'NONE',  ( -65.00000000000000000, -5.433134719346973895, 43.72801895767194225 ) ) ;
#582 = ORIENTED_EDGE ( 'NONE', *, *, #1807, .F. ) ;
#583 = CARTESIAN_POINT ( 'NONE',  ( 138.2335947900749602, 5.014924930574546025, -10.00000000000000000 ) ) ;
#584 = DIRECTION ( 'NONE',  ( 0.000000000000000000, 0.000000000000000000, 1.000000000000000000 ) ) ;
#585 = CARTESIAN_POINT ( 'NONE',  ( 24.65078282591780479, 14.99999999999999822, -12.81249999999999822 ) ) ;
#586 = VERTEX_POINT ( 'NONE', #5397 ) ;
#587 = CARTESIAN_POINT ( 'NONE',  ( -34.00000000000000000, -10.39856305855482610, -57.49999999999936051 ) ) ;
#588 = EDGE_LOOP ( 'NONE', ( #2767, #4540, #2904, #708 ) ) ;
#589 = DIRECTION ( 'NONE',  ( 1.000000000000000000, 0.000000000000000000, 0.000000000000000000 ) ) ;
#590 = LINE ( 'NONE', #2559, #3478 ) ;
#591 = CIRCLE ( 'NONE', #4426, 4.000000000000003553 ) ;
#592 = DIRECTION ( 'NONE',  ( -0.000000000000000000, 0.000000000000000000, 1.000000000000000000 ) ) ;
#593 = LINE ( 'NONE', #1664, #5763 ) ;
#594 = DIRECTION ( 'NONE',  ( -1.000000000000000000, -0.000000000000000000, 0.000000000000000000 ) ) ;
#595 = ORIENTED_EDGE ( 'NONE', *, *, #1497, .T. ) ;
#596 = ADVANCED_FACE ( 'NONE', ( #4764 ), #1282, .F. ) ;
#597 = ORIENTED_EDGE ( 'NONE', *, *, #2120, .F. ) ;
#598 = ORIENTED_EDGE ( 'NONE', *, *, #6425, .F. ) ;
#599 = LINE ( 'NONE', #48, #3117 ) ;
#600 = DIRECTION ( 'NONE',  ( 0.000000000000000000, 0.000000000000000000, 1.000000000000000000 ) ) ;
#601 = ORIENTED_EDGE ( 'NONE', *, *, #5572, .F. ) ;
#602 = LINE ( 'NONE', #5097, #3596 ) ;
#603 = AXIS2_PLACEMENT_3D ( 'NONE', #3986, #2859, #1991 ) ;
#604 = ADVANCED_FACE ( 'NONE', ( #1244 ), #1850, .T. ) ;
#605 = CARTESIAN_POINT ( 'NONE',  ( -34.00000000000000000, -9.985710447137391199, 60.49999999998852473 ) ) ;
#606 = ORIENTED_EDGE ( 'NONE', *, *, #6463, .T. ) ;
#607 = CARTESIAN_POINT ( 'NONE',  ( 23.76936329903315581, 15.00000000000000533, 33.86718256855525766 ) ) ;
#608 = LOCAL_TIME ( 10, 47, 46.00000000000000000, #1270 ) ;
#609 = FACE_OUTER_BOUND ( 'NONE', #510, .T. ) ;
#610 = VECTOR ( 'NONE', #5171, 1000.000000000000000 ) ;
#611 = VERTEX_POINT ( 'NONE', #5829 ) ;
#612 = CARTESIAN_POINT ( 'NONE',  ( 65.00000000000000000, -33.57545344818746003, -20.29547299196408261 ) ) ;
#613 = VECTOR ( 'NONE', #4509, 1000.000000000000000 ) ;
#614 = EDGE_CURVE ( 'NONE', #4038, #2599, #5429, .T. ) ;
#615 = CARTESIAN_POINT ( 'NONE',  ( -32.00000000000000000, -179.8521528752048084, -1.559876379624643847E-14 ) ) ;
#616 = ORIENTED_EDGE ( 'NONE', *, *, #3751, .F. ) ;
#617 = DIRECTION ( 'NONE',  ( -1.000000000000000000, -0.000000000000000000, 0.000000000000000000 ) ) ;
#618 = ORIENTED_EDGE ( 'NONE', *, *, #5006, .T. ) ;
#619 = CARTESIAN_POINT ( 'NONE',  ( -14.99999999999999467, -50.00000000000000000, -52.24999999999997868 ) ) ;
#620 = DIRECTION ( 'NONE',  ( -0.000000000000000000, 1.000000000000000000, -0.000000000000000000 ) ) ;
#621 = EDGE_CURVE ( 'NONE', #6150, #1266, #355, .T. ) ;
#622 = AXIS2_PLACEMENT_3D ( 'NONE', #5827, #776, #669 ) ;
#623 = CARTESIAN_POINT ( 'NONE',  ( 34.00000000000000000, -27.38343772434807732, -21.10909507975175003 ) ) ;
#624 = CARTESIAN_POINT ( 'NONE',  ( 26.00000000000000000, 11.85959824917824612, 56.07296202289228404 ) ) ;
#625 = FACE_OUTER_BOUND ( 'NONE', #1337, .T. ) ;
#626 = AXIS2_PLACEMENT_3D ( 'NONE', #3044, #650, #1092 ) ;
#627 = ORIENTED_EDGE ( 'NONE', *, *, #4102, .T. ) ;
#628 = ORIENTED_EDGE ( 'NONE', *, *, #3377, .T. ) ;
#629 = ORIENTED_EDGE ( 'NONE', *, *, #2270, .F. ) ;
#630 = CARTESIAN_POINT ( 'NONE',  ( -32.97158896927044935, -12.67337887793400775, 58.77960397382567237 ) ) ;
#631 = DIRECTION ( 'NONE',  ( -0.000000000000000000, -1.000000000000000000, -0.000000000000000000 ) ) ;
#632 = EDGE_LOOP ( 'NONE', ( #3561, #1619, #6234, #5435 ) ) ;
#633 = LINE ( 'NONE', #511, #2068 ) ;
#634 = EDGE_CURVE ( 'NONE', #966, #662, #116, .T. ) ;
#635 = VERTEX_POINT ( 'NONE', #4869 ) ;
#636 = CARTESIAN_POINT ( 'NONE',  ( 23.45639018880922322, 15.00000000000000178, 33.95260133124177315 ) ) ;
#637 = VECTOR ( 'NONE', #1307, 1000.000000000000000 ) ;
#638 = DIRECTION ( 'NONE',  ( 0.000000000000000000, -0.8816728225794492335, 0.4718612443555702529 ) ) ;
#639 = ORIENTED_EDGE ( 'NONE', *, *, #2232, .T. ) ;
#640 = DIRECTION ( 'NONE',  ( 1.000000000000000000, 0.000000000000000000, 0.000000000000000000 ) ) ;
#641 = ADVANCED_FACE ( 'NONE', ( #5895, #4904, #2740, #282, #2243 ), #1882, .T. ) ;
#642 = CYLINDRICAL_SURFACE ( 'NONE', #4972, 135.4469474441720536 ) ;
#643 = ADVANCED_FACE ( 'NONE', ( #2345 ), #6295, .T. ) ;
#644 = EDGE_CURVE ( 'NONE', #5295, #6371, #2249, .T. ) ;
#645 = AXIS2_PLACEMENT_3D ( 'NONE', #3019, #6010, #905 ) ;
#646 = CIRCLE ( 'NONE', #876, 135.5625000000006253 ) ;
#647 = ADVANCED_FACE ( 'NONE', ( #248 ), #1281, .T. ) ;
#648 = ORIENTED_EDGE ( 'NONE', *, *, #3469, .T. ) ;
#649 = AXIS2_PLACEMENT_3D ( 'NONE', #942, #1003, #975 ) ;
#650 = DIRECTION ( 'NONE',  ( 1.000000000000000000, 0.000000000000000000, -0.000000000000000000 ) ) ;
#651 = ORIENTED_EDGE ( 'NONE', *, *, #3434, .F. ) ;
#652 = CARTESIAN_POINT ( 'NONE',  ( -32.00000000000000000, -7.999999999995895728, 67.49999999999792522 ) ) ;
#653 = VERTEX_POINT ( 'NONE', #4800 ) ;
#654 = CARTESIAN_POINT ( 'NONE',  ( 138.2335947900749602, 5.014924930574546025, -10.00000000000000000 ) ) ;
#655 = CARTESIAN_POINT ( 'NONE',  ( -32.00000000000000000, -179.8521528752048084, -1.559876379624643847E-14 ) ) ;
#656 = AXIS2_PLACEMENT_3D ( 'NONE', #3202, #2173, #5222 ) ;
#657 = DIRECTION ( 'NONE',  ( 0.000000000000000000, -3.035766082959412415E-16, 1.000000000000000000 ) ) ;
#658 = CARTESIAN_POINT ( 'NONE',  ( 22.54180846694345064, 23.55715377165293489, -11.01762820512819907 ) ) ;
#659 = LINE ( 'NONE', #135, #6329 ) ;
#660 = VERTEX_POINT ( 'NONE', #2279 ) ;
#661 = CARTESIAN_POINT ( 'NONE',  ( 23.59870065616044954, 14.99999999999999822, 32.82975856538176629 ) ) ;
#662 = VERTEX_POINT ( 'NONE', #5865 ) ;
#663 = ORIENTED_EDGE ( 'NONE', *, *, #946, .F. ) ;
#664 = LINE ( 'NONE', #4724, #5657 ) ;
#665 = DIRECTION ( 'NONE',  ( -0.7823904509760273296, 0.000000000000000000, 0.6227882322439375340 ) ) ;
#666 = ORIENTED_EDGE ( 'NONE', *, *, #2553, .F. ) ;
#667 = LINE ( 'NONE', #4727, #6515 ) ;
#668 = ADVANCED_FACE ( 'NONE', ( #5327 ), #778, .T. ) ;
#669 = DIRECTION ( 'NONE',  ( 0.000000000000000000, 0.9419483789532436813, 0.3357577272191312190 ) ) ;
#670 = VERTEX_POINT ( 'NONE', #1414 ) ;
#671 = AXIS2_PLACEMENT_3D ( 'NONE', #228, #4812, #2257 ) ;
#672 = DIRECTION ( 'NONE',  ( 0.000000000000000000, -0.000000000000000000, -1.000000000000000000 ) ) ;
#673 = CARTESIAN_POINT ( 'NONE',  ( 26.00000000000000000, 21.00290591502244197, -1.216092296937449943E-14 ) ) ;
#674 = ORIENTED_EDGE ( 'NONE', *, *, #5589, .T. ) ;
#675 = DIRECTION ( 'NONE',  ( -0.000000000000000000, 0.3947769709605432054, -0.9187769822972375877 ) ) ;
#676 = EDGE_CURVE ( 'NONE', #6332, #6106, #5520, .T. ) ;
#677 = VECTOR ( 'NONE', #6377, 1000.000000000000000 ) ;
#678 = CARTESIAN_POINT ( 'NONE',  ( 21.00000000000000000, 5.859598249176485751, -56.07296202289150244 ) ) ;
#679 = ORIENTED_EDGE ( 'NONE', *, *, #6545, .F. ) ;
#680 = CARTESIAN_POINT ( 'NONE',  ( 24.06059888706763772, 19.86086758453159362, 33.45883027859735392 ) ) ;
#681 = CARTESIAN_POINT ( 'NONE',  ( 24.37545825101124564, 19.85744598853422005, 33.27205211522299777 ) ) ;
#682 = ORIENTED_EDGE ( 'NONE', *, *, #2576, .F. ) ;
#683 = CARTESIAN_POINT ( 'NONE',  ( -21.00000000000000000, 21.00290591502195525, 1.199999999999983968 ) ) ;
#684 = PRODUCT_RELATED_PRODUCT_CATEGORY ( 'detail', '', ( #692 ) ) ;
#685 = ORIENTED_EDGE ( 'NONE', *, *, #4407, .F. ) ;
#686 = CARTESIAN_POINT ( 'NONE',  ( -32.00000000000000000, 5.857099690190977981, 56.07846127136102865 ) ) ;
#687 = PLANE ( 'NONE',  #4218 ) ;
#688 = CARTESIAN_POINT ( 'NONE',  ( -24.99999999999999289, 5.014924930574546025, -10.00000000000000000 ) ) ;
#689 = VERTEX_POINT ( 'NONE', #2975 ) ;
#690 = LINE ( 'NONE', #2598, #6538 ) ;
#691 = ORIENTED_EDGE ( 'NONE', *, *, #3502, .F. ) ;
#692 = PRODUCT ( 'CarTransmissionBase', 'CarTransmissionBase', '', ( #54 ) ) ;
#693 = CARTESIAN_POINT ( 'NONE',  ( 23.65374882669176060, 14.99999999999999822, 32.48123470260083678 ) ) ;
#694 = DIRECTION ( 'NONE',  ( -0.000000000000000000, 1.000000000000000000, -0.000000000000000000 ) ) ;
#695 = EDGE_LOOP ( 'NONE', ( #3190, #785, #3892, #6114 ) ) ;
#696 = VERTEX_POINT ( 'NONE', #981 ) ;
#697 = EDGE_CURVE ( 'NONE', #214, #4774, #452, .T. ) ;
#698 = DIRECTION ( 'NONE',  ( 1.000000000000000000, -0.000000000000000000, -0.000000000000000000 ) ) ;
#699 = DIRECTION ( 'NONE',  ( 0.000000000000000000, 0.000000000000000000, -1.000000000000000000 ) ) ;
#700 = AXIS2_PLACEMENT_3D ( 'NONE', #4062, #4464, #1571 ) ;
#701 = ORIENTED_EDGE ( 'NONE', *, *, #6475, .T. ) ;
#702 = LINE ( 'NONE', #2369, #4080 ) ;
#703 = EDGE_CURVE ( 'NONE', #4172, #2949, #6057, .T. ) ;
#704 = DIRECTION ( 'NONE',  ( -1.000000000000000000, 0.000000000000000000, 0.000000000000000000 ) ) ;
#705 = EDGE_LOOP ( 'NONE', ( #1117, #5941, #496, #2713, #6032, #752, #5136, #4083, #5235, #995, #440, #3607, #4590, #1153, #34, #1149, #4249, #6291, #997, #4944, #6302 ) ) ;
#706 = LINE ( 'NONE', #4606, #4381 ) ;
#707 = FACE_OUTER_BOUND ( 'NONE', #1916, .T. ) ;
#708 = ORIENTED_EDGE ( 'NONE', *, *, #1511, .F. ) ;
#709 = DIRECTION ( 'NONE',  ( 1.000000000000000000, 0.000000000000000000, -0.000000000000000000 ) ) ;
#710 = VECTOR ( 'NONE', #2529, 1000.000000000000000 ) ;
#711 = EDGE_CURVE ( 'NONE', #3699, #5149, #5590, .T. ) ;
#712 = DIRECTION ( 'NONE',  ( 0.000000000000000000, -1.000000000000000000, -1.341519488088333655E-13 ) ) ;
#713 = AXIS2_PLACEMENT_3D ( 'NONE', #2814, #1314, #5363 ) ;
#714 = ORIENTED_EDGE ( 'NONE', *, *, #5642, .T. ) ;
#715 = CIRCLE ( 'NONE', #1576, 135.5034452694893616 ) ;
#716 = CARTESIAN_POINT ( 'NONE',  ( -26.00000000000000355, 21.00290591502195525, -3.416602896451072374E-15 ) ) ;
#717 = VECTOR ( 'NONE', #364, 1000.000000000000000 ) ;
#718 = CARTESIAN_POINT ( 'NONE',  ( -25.00000000000000000, -10.51900342761852336, -52.24999999999997868 ) ) ;
#719 = ORIENTED_EDGE ( 'NONE', *, *, #430, .T. ) ;
#720 = CARTESIAN_POINT ( 'NONE',  ( 65.00000000000000000, -61.47290323669137990, 57.00529477230578124 ) ) ;
#721 = ORIENTED_EDGE ( 'NONE', *, *, #2917, .T. ) ;
#722 = DIRECTION ( 'NONE',  ( 1.000000000000000000, -0.000000000000000000, -0.000000000000000000 ) ) ;
#723 = CIRCLE ( 'NONE', #2631, 2.000000000000001776 ) ;
#724 = DIRECTION ( 'NONE',  ( 1.000000000000000000, -0.000000000000000000, -0.000000000000000000 ) ) ;
#725 = VECTOR ( 'NONE', #4133, 1000.000000000000000 ) ;
#726 = DIRECTION ( 'NONE',  ( 1.000000000000000000, 0.000000000000000000, 0.000000000000000000 ) ) ;
#727 = ORIENTED_EDGE ( 'NONE', *, *, #5166, .T. ) ;
#728 = FACE_OUTER_BOUND ( 'NONE', #4842, .T. ) ;
#729 = ORIENTED_EDGE ( 'NONE', *, *, #4521, .F. ) ;
#730 = CARTESIAN_POINT ( 'NONE',  ( 22.17948717948718240, 14.99999999999999822, 35.93750000000000000 ) ) ;
#731 = EDGE_CURVE ( 'NONE', #2106, #5468, #5026, .T. ) ;
#732 = PERSON_AND_ORGANIZATION_ROLE ( 'creator' ) ;
#733 = EDGE_CURVE ( 'NONE', #1039, #3204, #917, .T. ) ;
#734 = EDGE_CURVE ( 'NONE', #4234, #3824, #4997, .T. ) ;
#735 = VECTOR ( 'NONE', #4341, 1000.000000000000000 ) ;
#736 = EDGE_LOOP ( 'NONE', ( #2038, #2281, #1762, #5141, #1902 ) ) ;
#737 = ORIENTED_EDGE ( 'NONE', *, *, #244, .F. ) ;
#738 = CARTESIAN_POINT ( 'NONE',  ( -34.00000000000000000, -12.57535232641104983, 58.49999999998851052 ) ) ;
#739 = AXIS2_PLACEMENT_3D ( 'NONE', #5752, #810, #3303 ) ;
#740 = DIRECTION ( 'NONE',  ( -0.000000000000000000, 1.000000000000000000, -0.000000000000000000 ) ) ;
#741 = DIRECTION ( 'NONE',  ( -0.000000000000000000, 0.000000000000000000, 1.000000000000000000 ) ) ;
#742 = ADVANCED_FACE ( 'NONE', ( #2506 ), #2426, .F. ) ;
#743 = ORIENTED_EDGE ( 'NONE', *, *, #4350, .T. ) ;
#744 = EDGE_CURVE ( 'NONE', #1706, #2909, #2944, .T. ) ;
#745 = LINE ( 'NONE', #2307, #2645 ) ;
#746 = VERTEX_POINT ( 'NONE', #422 ) ;
#747 = CARTESIAN_POINT ( 'NONE',  ( 24.02991613107963786, 19.78042193353307709, 33.57467042947840241 ) ) ;
#748 = DIRECTION ( 'NONE',  ( -1.000000000000000000, -0.000000000000000000, -0.000000000000000000 ) ) ;
#749 = ORIENTED_EDGE ( 'NONE', *, *, #4184, .F. ) ;
#750 = LINE ( 'NONE', #4338, #5106 ) ;
#751 = DIRECTION ( 'NONE',  ( 0.000000000000000000, -0.5881716976750457349, 0.8087360843031888846 ) ) ;
#752 = ORIENTED_EDGE ( 'NONE', *, *, #6312, .F. ) ;
#753 = LINE ( 'NONE', #6372, #3928 ) ;
#754 = CARTESIAN_POINT ( 'NONE',  ( -14.99999999999999467, -50.00000000000000000, 52.24999999999999289 ) ) ;
#755 = ORIENTED_EDGE ( 'NONE', *, *, #3962, .T. ) ;
#756 = DIRECTION ( 'NONE',  ( 0.000000000000000000, 1.000000000000000000, -2.312964634635757649E-15 ) ) ;
#757 = VERTEX_POINT ( 'NONE', #5055 ) ;
#758 = LINE ( 'NONE', #5841, #677 ) ;
#759 = VECTOR ( 'NONE', #2706, 1000.000000000000000 ) ;
#760 = LINE ( 'NONE', #2826, #1671 ) ;
#761 = LINE ( 'NONE', #1730, #852 ) ;
#762 = CIRCLE ( 'NONE', #1829, 135.4651084882032137 ) ;
#763 = ORIENTED_EDGE ( 'NONE', *, *, #3164, .F. ) ;
#764 = DIRECTION ( 'NONE',  ( 0.000000000000000000, 0.000000000000000000, 1.000000000000000000 ) ) ;
#765 = EDGE_LOOP ( 'NONE', ( #5405, #3533, #1952, #3004 ) ) ;
#766 = FACE_OUTER_BOUND ( 'NONE', #6035, .T. ) ;
#767 = VERTEX_POINT ( 'NONE', #6555 ) ;
#768 = ORIENTED_EDGE ( 'NONE', *, *, #380, .T. ) ;
#769 = CARTESIAN_POINT ( 'NONE',  ( 65.00000000000000000, -64.45252244364704097, 41.43340702487682847 ) ) ;
#770 = VECTOR ( 'NONE', #2109, 1000.000000000000000 ) ;
#771 = DIRECTION ( 'NONE',  ( 0.000000000000000000, 0.000000000000000000, -1.000000000000000000 ) ) ;
#772 = DIRECTION ( 'NONE',  ( 0.000000000000000000, 0.000000000000000000, 1.000000000000000000 ) ) ;
#773 = ORIENTED_EDGE ( 'NONE', *, *, #4186, .T. ) ;
#774 = EDGE_CURVE ( 'NONE', #2962, #3158, #2012, .T. ) ;
#775 = ADVANCED_FACE ( 'NONE', ( #4500 ), #4468, .T. ) ;
#776 = DIRECTION ( 'NONE',  ( 0.000000000000000000, 0.3357577272191317186, -0.9419483789532435702 ) ) ;
#777 = ORIENTED_EDGE ( 'NONE', *, *, #1438, .F. ) ;
#778 = PLANE ( 'NONE',  #713 ) ;
#779 = CARTESIAN_POINT ( 'NONE',  ( -34.00000000000000000, -8.101813689230890958, 57.17151545442678184 ) ) ;
#780 = DIRECTION ( 'NONE',  ( 0.000000000000000000, 0.000000000000000000, 1.000000000000000000 ) ) ;
#781 = EDGE_CURVE ( 'NONE', #234, #696, #5492, .T. ) ;
#782 = PLANE ( 'NONE',  #5694 ) ;
#783 = VECTOR ( 'NONE', #4960, 1000.000000000000000 ) ;
#784 = VECTOR ( 'NONE', #2434, 1000.000000000000000 ) ;
#785 = ORIENTED_EDGE ( 'NONE', *, *, #4394, .T. ) ;
#786 = VECTOR ( 'NONE', #6079, 1000.000000000000000 ) ;
#787 = LINE ( 'NONE', #2284, #6472 ) ;
#788 = CARTESIAN_POINT ( 'NONE',  ( -32.00000000000000000, -24.44884186725809272, 3.457098689074955544 ) ) ;
#789 = ORIENTED_EDGE ( 'NONE', *, *, #4417, .F. ) ;
#790 = CARTESIAN_POINT ( 'NONE',  ( 22.52516434849285787, 14.99999999999999822, 13.31249999999998579 ) ) ;
#791 = VECTOR ( 'NONE', #640, 1000.000000000000000 ) ;
#792 = ORIENTED_EDGE ( 'NONE', *, *, #1289, .T. ) ;
#793 = LINE ( 'NONE', #4846, #5031 ) ;
#794 = LINE ( 'NONE', #4348, #5281 ) ;
#795 = CARTESIAN_POINT ( 'NONE',  ( 24.99999999999999289, 5.014924930574546025, -10.00000000000000000 ) ) ;
#796 = ORIENTED_EDGE ( 'NONE', *, *, #3242, .T. ) ;
#797 = CARTESIAN_POINT ( 'NONE',  ( 24.06366387496310821, 23.44064440578205932, 12.39720838287561122 ) ) ;
#798 = EDGE_CURVE ( 'NONE', #5747, #16, #4563, .T. ) ;
#799 = ORIENTED_EDGE ( 'NONE', *, *, #219, .F. ) ;
#800 = DIRECTION ( 'NONE',  ( 0.000000000000000000, 0.000000000000000000, -1.000000000000000000 ) ) ;
#801 = CALENDAR_DATE ( 2026, 8, 7 ) ;
#802 = ORIENTED_EDGE ( 'NONE', *, *, #6542, .T. ) ;
#803 = VERTEX_POINT ( 'NONE', #4004 ) ;
#804 = CARTESIAN_POINT ( 'NONE',  ( -65.00000000000000000, -8.754676791739580466, -45.46783294595006453 ) ) ;
#805 = ADVANCED_FACE ( 'NONE', ( #3971 ), #889, .F. ) ;
#806 = CARTESIAN_POINT ( 'NONE',  ( 32.00000000000000000, -24.57805960684101976, -61.49999999998721734 ) ) ;
#807 = DIRECTION ( 'NONE',  ( 0.000000000000000000, 0.000000000000000000, -1.000000000000000000 ) ) ;
#808 = ORIENTED_EDGE ( 'NONE', *, *, #1222, .F. ) ;
#809 = B_SPLINE_SURFACE_WITH_KNOTS ( 'NONE', 3, 1, ( 
 ( #3995, #5918 ),
 ( #6451, #2002 ),
 ( #2868, #3436 ),
 ( #4929, #6015 ),
 ( #6047, #1501 ),
 ( #1471, #381 ),
 ( #972, #412 ),
 ( #3495, #5384 ),
 ( #1908, #2437 ),
 ( #344, #1940 ),
 ( #5987, #2371 ),
 ( #2996, #4395 ),
 ( #5018, #1439 ),
 ( #473, #4089 ),
 ( #3087, #3245 ),
 ( #39, #1534 ),
 ( #5046, #680 ),
 ( #4586, #3557 ),
 ( #1001, #6303 ) ),
 .UNSPECIFIED., .F., .F., .F.,
 ( 4, 1, 1, 1, 1, 1, 1, 1, 1, 1, 1, 1, 1, 1, 1, 1, 4 ),
 ( 2, 2 ),
 ( 0.000000000000000000, 0.07166814967960306870, 0.1389132862742048780, 0.2011845700265572079, 0.2591244282905451612, 0.3122550414262331153, 0.3606815096231080764, 0.4050861433286426783, 0.4451016585907096590, 0.5187777804882610644, 0.5894615790331970695, 0.6584622419857157904, 0.7272832183683649587, 0.7963224869047166310, 0.8631748932078822101, 0.9309493809878544024, 0.9999999999999998890 ),
 ( 0.000000000000000000, 1.000000000000000000 ),
 .UNSPECIFIED. ) ;
#810 = DIRECTION ( 'NONE',  ( -1.000000000000000000, 0.000000000000000000, 0.000000000000000000 ) ) ;
#811 = ORIENTED_EDGE ( 'NONE', *, *, #2446, .F. ) ;
#812 = CIRCLE ( 'NONE', #2186, 2.000000000000001776 ) ;
#813 = DIRECTION ( 'NONE',  ( -1.000000000000000000, -0.000000000000000000, -0.000000000000000000 ) ) ;
#814 = CARTESIAN_POINT ( 'NONE',  ( 24.36753451379331281, 14.99999999999999467, 33.20890928660649166 ) ) ;
#815 = CARTESIAN_POINT ( 'NONE',  ( -25.00000000000000000, -3.000000000000038636, 67.50000000000000000 ) ) ;
#816 =( BOUNDED_CURVE ( )  B_SPLINE_CURVE ( 3, ( #5279, #797, #1901, #2330 ),
 .UNSPECIFIED., .F., .T. ) 
 B_SPLINE_CURVE_WITH_KNOTS ( ( 4, 4 ),
 ( 1.472392858423386963, 1.492755259646259214 ),
 .UNSPECIFIED. ) 
 CURVE ( )  GEOMETRIC_REPRESENTATION_ITEM ( )  RATIONAL_B_SPLINE_CURVE ( ( 1.000000000000000000, 0.9999654480165004466, 0.9999654480165004466, 1.000000000000000000 ) ) 
 REPRESENTATION_ITEM ( '' )  );
#817 = CARTESIAN_POINT ( 'NONE',  ( 24.99999999999999289, 8.645321984638215440, 10.00000000000000000 ) ) ;
#818 = EDGE_CURVE ( 'NONE', #4938, #586, #1542, .T. ) ;
#819 = EDGE_LOOP ( 'NONE', ( #2493, #3255 ) ) ;
#820 = LINE ( 'NONE', #4411, #735 ) ;
#821 = FACE_OUTER_BOUND ( 'NONE', #923, .T. ) ;
#822 = VECTOR ( 'NONE', #5701, 1000.000000000000000 ) ;
#823 = ORIENTED_EDGE ( 'NONE', *, *, #6209, .F. ) ;
#824 = CARTESIAN_POINT ( 'NONE',  ( -34.00000000000000711, -10.39856305855482610, -57.49999999999936051 ) ) ;
#825 = ORIENTED_EDGE ( 'NONE', *, *, #2471, .F. ) ;
#826 = DIRECTION ( 'NONE',  ( 1.000000000000000000, 0.000000000000000000, 0.000000000000000000 ) ) ;
#827 = CARTESIAN_POINT ( 'NONE',  ( -26.00000000000000000, 20.10070022736665152, -32.29647435897434349 ) ) ;
#828 = EDGE_CURVE ( 'NONE', #2771, #1331, #938, .T. ) ;
#829 = VECTOR ( 'NONE', #5737, 1000.000000000000000 ) ;
#830 = AXIS2_PLACEMENT_3D ( 'NONE', #6306, #2788, #3282 ) ;
#831 = LINE ( 'NONE', #6379, #1151 ) ;
#832 = EDGE_LOOP ( 'NONE', ( #5190, #768, #4763, #2407 ) ) ;
#833 = DIRECTION ( 'NONE',  ( 1.000000000000000000, 0.000000000000000000, 0.000000000000000000 ) ) ;
#834 = ORIENTED_EDGE ( 'NONE', *, *, #6075, .F. ) ;
#835 = CARTESIAN_POINT ( 'NONE',  ( -65.00000000000000000, -8.928433764235801817, -59.49999999999898392 ) ) ;
#836 = CIRCLE ( 'NONE', #6458, 2.000000000000001776 ) ;
#837 = AXIS2_PLACEMENT_3D ( 'NONE', #5996, #5493, #4531 ) ;
#838 = EDGE_CURVE ( 'NONE', #5372, #4154, #3736, .T. ) ;
#839 = LINE ( 'NONE', #270, #5059 ) ;
#840 = SECURITY_CLASSIFICATION_LEVEL ( 'unclassified' ) ;
#841 = CARTESIAN_POINT ( 'NONE',  ( -26.00000000000000000, 21.00290591502195525, -3.416602896451072374E-15 ) ) ;
#842 = ORIENTED_EDGE ( 'NONE', *, *, #3366, .T. ) ;
#843 = CARTESIAN_POINT ( 'NONE',  ( 22.54180846694344709, 14.99999999999999822, -11.01762820512820262 ) ) ;
#844 = CARTESIAN_POINT ( 'NONE',  ( 26.00000000000000355, 21.00290591502244197, -1.216092296937449943E-14 ) ) ;
#845 = CARTESIAN_POINT ( 'NONE',  ( -32.00000000000000000, -22.99999999999562306, -65.49999999997928057 ) ) ;
#846 = ORIENTED_EDGE ( 'NONE', *, *, #1575, .F. ) ;
#847 = CIRCLE ( 'NONE', #5298, 2.000000000000001776 ) ;
#848 = DIRECTION ( 'NONE',  ( -1.000000000000000000, -0.000000000000000000, -0.000000000000000000 ) ) ;
#849 = EDGE_LOOP ( 'NONE', ( #3455, #5361, #4010, #842 ) ) ;
#850 = CARTESIAN_POINT ( 'NONE',  ( 23.92187475160456955, 19.73535028340117492, 33.75039220328189771 ) ) ;
#851 = CARTESIAN_POINT ( 'NONE',  ( 24.34714463062696410, 15.00000000000000533, 33.64319075006162763 ) ) ;
#852 = VECTOR ( 'NONE', #2328, 1000.000000000000000 ) ;
#853 = DIRECTION ( 'NONE',  ( 0.000000000000000000, -0.9187769822972399192, -0.3947769709605381538 ) ) ;
#854 = CARTESIAN_POINT ( 'NONE',  ( 22.49358974358975161, 19.68044678577327034, 33.96314102564100779 ) ) ;
#855 = EDGE_CURVE ( 'NONE', #3970, #1331, #538, .T. ) ;
#856 = ORIENTED_EDGE ( 'NONE', *, *, #1521, .F. ) ;
#857 = CARTESIAN_POINT ( 'NONE',  ( 22.87990785256410931, 14.99999999999999822, 32.43749999999999289 ) ) ;
#858 = CARTESIAN_POINT ( 'NONE',  ( 24.65078282591780479, 14.99999999999999822, -9.312499999999998224 ) ) ;
#859 = EDGE_CURVE ( 'NONE', #1132, #571, #1641, .T. ) ;
#860 = ORIENTED_EDGE ( 'NONE', *, *, #2040, .T. ) ;
#861 = CARTESIAN_POINT ( 'NONE',  ( -21.00000000000000000, 14.95656201026634946, 3.000000000000000000 ) ) ;
#862 = VERTEX_POINT ( 'NONE', #2635 ) ;
#863 = CARTESIAN_POINT ( 'NONE',  ( -126.5489894022228441, -37.28072193794384503, -31.93669053106154720 ) ) ;
#864 = EDGE_CURVE ( 'NONE', #6433, #4297, #5926, .T. ) ;
#865 = EDGE_CURVE ( 'NONE', #6486, #4678, #1672, .T. ) ;
#866 = CARTESIAN_POINT ( 'NONE',  ( -14.99999999999999467, -50.00000000000000000, -52.24999999999997868 ) ) ;
#867 = EDGE_CURVE ( 'NONE', #1272, #267, #5152, .T. ) ;
#868 = DIRECTION ( 'NONE',  ( -0.000000000000000000, 0.000000000000000000, -1.000000000000000000 ) ) ;
#869 = ORIENTED_EDGE ( 'NONE', *, *, #5383, .T. ) ;
#870 = CARTESIAN_POINT ( 'NONE',  ( 22.52516434849285787, 14.99999999999999822, 10.56410256410254966 ) ) ;
#871 = VECTOR ( 'NONE', #321, 1000.000000000000000 ) ;
#872 = VERTEX_POINT ( 'NONE', #3192 ) ;
#873 = CARTESIAN_POINT ( 'NONE',  ( -126.5489894022228441, -68.86287961478693376, 41.56546805271762679 ) ) ;
#874 = LINE ( 'NONE', #1372, #5915 ) ;
#875 = VECTOR ( 'NONE', #1528, 1000.000000000000114 ) ;
#876 = AXIS2_PLACEMENT_3D ( 'NONE', #1162, #40, #3183 ) ;
#877 = EDGE_CURVE ( 'NONE', #260, #4366, #1609, .T. ) ;
#878 = FACE_OUTER_BOUND ( 'NONE', #3862, .T. ) ;
#879 = ORIENTED_EDGE ( 'NONE', *, *, #798, .T. ) ;
#880 = CARTESIAN_POINT ( 'NONE',  ( 23.14983974358974805, 14.99999999999999822, 32.79647435897435770 ) ) ;
#881 = VECTOR ( 'NONE', #6152, 1000.000000000000000 ) ;
#882 = CARTESIAN_POINT ( 'NONE',  ( 24.05798448213455387, 19.85724540077853462, 33.27284094075089627 ) ) ;
#883 = DIRECTION ( 'NONE',  ( 0.000000000000000000, 0.000000000000000000, 1.000000000000000000 ) ) ;
#884 = ORIENTED_EDGE ( 'NONE', *, *, #4417, .T. ) ;
#885 = EDGE_CURVE ( 'NONE', #5726, #3027, #664, .T. ) ;
#886 = AXIS2_PLACEMENT_3D ( 'NONE', #5891, #385, #3439 ) ;
#887 = DIRECTION ( 'NONE',  ( 0.000000000000000000, -1.998145800588177136E-13, -1.000000000000000000 ) ) ;
#888 = ORIENTED_EDGE ( 'NONE', *, *, #1499, .F. ) ;
#889 = PLANE ( 'NONE',  #548 ) ;
#890 = ADVANCED_FACE ( 'NONE', ( #5583 ), #4225, .F. ) ;
#891 = CARTESIAN_POINT ( 'NONE',  ( 24.30336811089822291, 19.86068834797921667, 33.76638006470206932 ) ) ;
#892 = FACE_OUTER_BOUND ( 'NONE', #2393, .T. ) ;
#893 = DIRECTION ( 'NONE',  ( -1.000000000000000000, -0.000000000000000000, 0.000000000000000000 ) ) ;
#894 = ORIENTED_EDGE ( 'NONE', *, *, #86, .T. ) ;
#895 = CARTESIAN_POINT ( 'NONE',  ( 24.03465544871795245, 14.99999999999999822, 35.93750000000000000 ) ) ;
#896 = CARTESIAN_POINT ( 'NONE',  ( 22.48754491882241169, 14.99999999999999822, -35.43750000000000000 ) ) ;
#897 = FACE_OUTER_BOUND ( 'NONE', #6483, .T. ) ;
#898 = EDGE_CURVE ( 'NONE', #696, #2335, #2274, .T. ) ;
#899 = EDGE_LOOP ( 'NONE', ( #3128, #3546, #1634, #5769 ) ) ;
#900 = DIRECTION ( 'NONE',  ( 0.000000000000000000, -1.341519488088333655E-13, 1.000000000000000000 ) ) ;
#901 = VECTOR ( 'NONE', #3090, 1000.000000000000000 ) ;
#902 = AXIS2_PLACEMENT_3D ( 'NONE', #5263, #2252, #6110 ) ;
#903 = PLANE ( 'NONE',  #1487 ) ;
#904 = ORIENTED_EDGE ( 'NONE', *, *, #3640, .T. ) ;
#905 = DIRECTION ( 'NONE',  ( 0.000000000000000000, 0.000000000000000000, 1.000000000000000000 ) ) ;
#906 = EDGE_LOOP ( 'NONE', ( #4400, #118, #879, #1751 ) ) ;
#907 = DIRECTION ( 'NONE',  ( 0.000000000000000000, -0.9187769822972395861, -0.3947769709605385424 ) ) ;
#908 = CARTESIAN_POINT ( 'NONE',  ( 24.33668026181524269, 14.99999999999999822, -11.37660256410256210 ) ) ;
#909 = CARTESIAN_POINT ( 'NONE',  ( 26.00000000000000000, 11.85959824917826211, -56.07296202289231246 ) ) ;
#910 = CARTESIAN_POINT ( 'NONE',  ( 65.00000000000000000, -31.42600000094764567, -30.36411590740336308 ) ) ;
#911 = CARTESIAN_POINT ( 'NONE',  ( 22.70719921840661115, 19.68002322187744113, 33.96477698441970006 ) ) ;
#912 = DIRECTION ( 'NONE',  ( -1.000000000000000000, 0.000000000000000000, 0.000000000000000000 ) ) ;
#913 = ORIENTED_EDGE ( 'NONE', *, *, #3228, .F. ) ;
#914 = EDGE_CURVE ( 'NONE', #3721, #5482, #599, .T. ) ;
#915 = DIRECTION ( 'NONE',  ( 0.000000000000000000, 9.596425500518308082E-14, 1.000000000000000000 ) ) ;
#916 = ORIENTED_EDGE ( 'NONE', *, *, #2320, .F. ) ;
#917 = LINE ( 'NONE', #3565, #1574 ) ;
#918 = EDGE_CURVE ( 'NONE', #5913, #4903, #5649, .T. ) ;
#919 = CARTESIAN_POINT ( 'NONE',  ( 23.96601894358239093, 15.00000000000000533, 34.14948371587236409 ) ) ;
#920 = CARTESIAN_POINT ( 'NONE',  ( 24.06290044301407960, 20.00684559286068520, 33.34464990062929246 ) ) ;
#921 = EDGE_CURVE ( 'NONE', #5743, #2646, #4176, .T. ) ;
#922 = LINE ( 'NONE', #2947, #1904 ) ;
#923 = EDGE_LOOP ( 'NONE', ( #2699, #5507, #4857, #6224 ) ) ;
#924 = DIRECTION ( 'NONE',  ( 1.000000000000000000, 0.000000000000000000, -0.000000000000000000 ) ) ;
#925 = LINE ( 'NONE', #49, #1427 ) ;
#926 = CARTESIAN_POINT ( 'NONE',  ( 23.26179749284657561, 15.00000000000000178, 32.44439444693618668 ) ) ;
#927 = EDGE_LOOP ( 'NONE', ( #5538, #4063 ) ) ;
#928 = CARTESIAN_POINT ( 'NONE',  ( -32.00000000000000000, 4.440892098500626162E-12, -67.49999999997874056 ) ) ;
#929 = LINE ( 'NONE', #1459, #1676 ) ;
#930 = VECTOR ( 'NONE', #3494, 1000.000000000000114 ) ;
#931 = DIRECTION ( 'NONE',  ( 1.000000000000000000, -0.000000000000000000, -0.000000000000000000 ) ) ;
#932 = ORIENTED_EDGE ( 'NONE', *, *, #621, .T. ) ;
#933 = CARTESIAN_POINT ( 'NONE',  ( 24.65078282591780479, 23.68543141577780275, -9.312499999999998224 ) ) ;
#934 = ORIENTED_EDGE ( 'NONE', *, *, #272, .T. ) ;
#935 = CARTESIAN_POINT ( 'NONE',  ( 24.06410256410256565, 14.99999999999999822, 33.37279647435897090 ) ) ;
#936 = CIRCLE ( 'NONE', #3481, 177.2111113949212324 ) ;
#937 = DIRECTION ( 'NONE',  ( -0.7659313974733099606, 0.000000000000000000, 0.6429223081870644174 ) ) ;
#938 = B_SPLINE_CURVE_WITH_KNOTS ( 'NONE', 3,
 ( #6464, #6525, #6025, #1917, #1480, #3506, #2696, #3663, #4096, #4159, #4629, #174, #2166, #1040 ),
 .UNSPECIFIED., .F., .F.,
 ( 4, 2, 2, 2, 2, 2, 4 ),
 ( 0.000000000000000000, 0.0002220471589312149872, 0.0004440943178624299744, 0.0008881886357248575635, 0.001110235794656067292, 0.001332282953587276804, 0.001776377271449685637 ),
 .UNSPECIFIED. ) ;
#939 = CARTESIAN_POINT ( 'NONE',  ( -32.00000000000000000, -28.44884186725240838, 3.958632471878713144 ) ) ;
#940 = DIRECTION ( 'NONE',  ( 0.000000000000000000, 0.000000000000000000, 1.000000000000000000 ) ) ;
#941 = CC_DESIGN_APPROVAL ( #2365, ( #95 ) ) ;
#942 = CARTESIAN_POINT ( 'NONE',  ( -65.00000000000000000, -28.44884186725240838, 3.958632471878713144 ) ) ;
#943 = LINE ( 'NONE', #2473, #4631 ) ;
#944 = CIRCLE ( 'NONE', #4652, 7.000000000000000000 ) ;
#945 = ORIENTED_EDGE ( 'NONE', *, *, #1546, .F. ) ;
#946 = EDGE_CURVE ( 'NONE', #1432, #3896, #209, .T. ) ;
#947 = EDGE_CURVE ( 'NONE', #1978, #2368, #1103, .T. ) ;
#948 = VECTOR ( 'NONE', #5497, 1000.000000000000000 ) ;
#949 = AXIS2_PLACEMENT_3D ( 'NONE', #5465, #924, #5658 ) ;
#950 = CARTESIAN_POINT ( 'NONE',  ( -65.00000000000000000, -9.985710447137384094, 58.49999999998851763 ) ) ;
#951 = EDGE_LOOP ( 'NONE', ( #5305, #869, #2570, #6316 ) ) ;
#952 = CARTESIAN_POINT ( 'NONE',  ( 65.00000000000000000, -25.43741280912403724, -59.49999999998721734 ) ) ;
#953 = LINE ( 'NONE', #6026, #4019 ) ;
#954 = FACE_OUTER_BOUND ( 'NONE', #1178, .T. ) ;
#955 = CC_DESIGN_PERSON_AND_ORGANIZATION_ASSIGNMENT ( #4101, #6122, ( #692 ) ) ;
#956 = FACE_OUTER_BOUND ( 'NONE', #6385, .T. ) ;
#957 = EDGE_CURVE ( 'NONE', #4880, #2335, #2339, .T. ) ;
#958 = ORIENTED_EDGE ( 'NONE', *, *, #2487, .F. ) ;
#959 = LINE ( 'NONE', #2053, #3493 ) ;
#960 = CIRCLE ( 'NONE', #5940, 135.5034452694893616 ) ;
#961 = CARTESIAN_POINT ( 'NONE',  ( 24.33668026181524269, 14.99999999999999822, -9.312499999999998224 ) ) ;
#962 = EDGE_LOOP ( 'NONE', ( #4316, #3932, #4852, #2465 ) ) ;
#963 = FACE_OUTER_BOUND ( 'NONE', #588, .T. ) ;
#964 = FACE_OUTER_BOUND ( 'NONE', #3385, .T. ) ;
#965 = FACE_OUTER_BOUND ( 'NONE', #4115, .T. ) ;
#966 = VERTEX_POINT ( 'NONE', #2838 ) ;
#967 = LINE ( 'NONE', #4517, #3839 ) ;
#968 = EDGE_CURVE ( 'NONE', #1603, #1280, #6421, .T. ) ;
#969 = ORIENTED_EDGE ( 'NONE', *, *, #5761, .T. ) ;
#970 = CARTESIAN_POINT ( 'NONE',  ( 25.00000000000000000, -15.19029329065715928, -65.49999999997945110 ) ) ;
#971 = DIRECTION ( 'NONE',  ( 1.000000000000000000, 0.000000000000000000, 0.000000000000000000 ) ) ;
#972 = CARTESIAN_POINT ( 'NONE',  ( 23.52238376413519561, 14.99999999999999822, 33.94364525951601053 ) ) ;
#973 = DIRECTION ( 'NONE',  ( 0.000000000000000000, 0.4002777837181105691, 0.9163938541160767670 ) ) ;
#974 = VECTOR ( 'NONE', #5137, 1000.000000000000227 ) ;
#975 = DIRECTION ( 'NONE',  ( 0.000000000000000000, 0.4489142155455935757, 0.8935748581294599147 ) ) ;
#976 = PLANE ( 'NONE',  #700 ) ;
#977 = ORIENTED_EDGE ( 'NONE', *, *, #5580, .T. ) ;
#978 = AXIS2_PLACEMENT_3D ( 'NONE', #406, #5569, #2961 ) ;
#979 = VECTOR ( 'NONE', #133, 1000.000000000000000 ) ;
#980 = ORIENTED_EDGE ( 'NONE', *, *, #5646, .T. ) ;
#981 = CARTESIAN_POINT ( 'NONE',  ( -14.99999999999999645, 7.516299808215859635, 52.24999999999999289 ) ) ;
#982 = ORIENTED_EDGE ( 'NONE', *, *, #3853, .F. ) ;
#983 = EDGE_CURVE ( 'NONE', #3714, #200, #6392, .T. ) ;
#984 = CARTESIAN_POINT ( 'NONE',  ( 23.77687542794657460, 15.00000000000000533, 34.23552942919862119 ) ) ;
#985 = CARTESIAN_POINT ( 'NONE',  ( 0.000000000000000000, 0.000000000000000000, 0.000000000000000000 ) ) ;
#986 = AXIS2_PLACEMENT_3D ( 'NONE', #4668, #6189, #3739 ) ;
#987 = VERTEX_POINT ( 'NONE', #2303 ) ;
#988 = DIRECTION ( 'NONE',  ( -0.000000000000000000, -1.301042606982606504E-15, 1.000000000000000000 ) ) ;
#989 = EDGE_CURVE ( 'NONE', #1240, #2749, #5048, .T. ) ;
#990 = CARTESIAN_POINT ( 'NONE',  ( 23.46002798714001969, 20.09640605460910479, 32.45599497173644465 ) ) ;
#991 = ORIENTED_EDGE ( 'NONE', *, *, #1207, .F. ) ;
#992 = FACE_OUTER_BOUND ( 'NONE', #6403, .T. ) ;
#993 = CARTESIAN_POINT ( 'NONE',  ( 24.90336947669798562, 14.99999999999999822, 9.812499999999985789 ) ) ;
#994 = CARTESIAN_POINT ( 'NONE',  ( 24.26893330422657158, 14.99999999999999467, 32.91778977273715157 ) ) ;
#995 = ORIENTED_EDGE ( 'NONE', *, *, #3640, .F. ) ;
#996 = DIRECTION ( 'NONE',  ( -1.000000000000000000, 0.000000000000000000, 0.000000000000000000 ) ) ;
#997 = ORIENTED_EDGE ( 'NONE', *, *, #2155, .F. ) ;
#998 = DIRECTION ( 'NONE',  ( 1.000000000000000000, -0.000000000000000000, -0.000000000000000000 ) ) ;
#999 = DIRECTION ( 'NONE',  ( -0.000000000000000000, 1.000000000000000000, -0.000000000000000000 ) ) ;
#1000 = VECTOR ( 'NONE', #4988, 1000.000000000000000 ) ;
#1001 = CARTESIAN_POINT ( 'NONE',  ( 24.06410256410256565, 14.99999999999999822, 33.37279647435897090 ) ) ;
#1002 = DIRECTION ( 'NONE',  ( 0.000000000000000000, 0.000000000000000000, -1.000000000000000000 ) ) ;
#1003 = DIRECTION ( 'NONE',  ( 0.000000000000000000, 0.8935748581294599147, -0.4489142155455935757 ) ) ;
#1004 = DIRECTION ( 'NONE',  ( 0.000000000000000000, 0.000000000000000000, 1.000000000000000000 ) ) ;
#1005 = VERTEX_POINT ( 'NONE', #1739 ) ;
#1006 = VECTOR ( 'NONE', #4950, 1000.000000000000000 ) ;
#1007 = ORIENTED_EDGE ( 'NONE', *, *, #1608, .T. ) ;
#1008 = EDGE_CURVE ( 'NONE', #2110, #3158, #5091, .T. ) ;
#1009 = DIRECTION ( 'NONE',  ( -0.000000000000000000, -0.4718612443555697533, -0.8816728225794494556 ) ) ;
#1010 = ORIENTED_EDGE ( 'NONE', *, *, #3404, .F. ) ;
#1011 = DIRECTION ( 'NONE',  ( 0.000000000000000000, 0.000000000000000000, -1.000000000000000000 ) ) ;
#1012 = LINE ( 'NONE', #3188, #2435 ) ;
#1013 = LINE ( 'NONE', #3036, #5613 ) ;
#1014 = ORIENTED_EDGE ( 'NONE', *, *, #3164, .T. ) ;
#1015 = PLANE ( 'NONE',  #5820 ) ;
#1016 = CARTESIAN_POINT ( 'NONE',  ( 22.54180846694344709, 14.99999999999999822, -9.312499999999998224 ) ) ;
#1017 = ORIENTED_EDGE ( 'NONE', *, *, #3260, .T. ) ;
#1018 = CARTESIAN_POINT ( 'NONE',  ( 138.2335947900749602, 5.014924930574539808, 10.00000000000000000 ) ) ;
#1019 = EDGE_CURVE ( 'NONE', #3406, #1810, #2729, .T. ) ;
#1020 = CARTESIAN_POINT ( 'NONE',  ( -34.00000000000000000, -24.44884186725809272, 3.457098689074955544 ) ) ;
#1021 = ADVANCED_FACE ( 'NONE', ( #2769 ), #1339, .T. ) ;
#1022 = DIRECTION ( 'NONE',  ( 0.000000000000000000, 0.3947769709605380983, -0.9187769822972398082 ) ) ;
#1023 = AXIS2_PLACEMENT_3D ( 'NONE', #12, #6050, #476 ) ;
#1024 = EDGE_LOOP ( 'NONE', ( #5819, #4094, #945, #4003 ) ) ;
#1025 = CARTESIAN_POINT ( 'NONE',  ( 21.00000000000000000, 7.516299808215845424, -52.24999999999997868 ) ) ;
#1026 = ORIENTED_EDGE ( 'NONE', *, *, #5709, .T. ) ;
#1027 = LINE ( 'NONE', #2994, #3119 ) ;
#1028 = EDGE_CURVE ( 'NONE', #3072, #4564, #276, .T. ) ;
#1029 = LINE ( 'NONE', #2686, #409 ) ;
#1030 = CARTESIAN_POINT ( 'NONE',  ( 24.90336947669798562, 14.99999999999999822, 9.812499999999985789 ) ) ;
#1031 = PLANE ( 'NONE',  #2043 ) ;
#1032 = CARTESIAN_POINT ( 'NONE',  ( 65.00000000000000000, -29.56305173215165638, -21.10256181957628385 ) ) ;
#1033 = CARTESIAN_POINT ( 'NONE',  ( -24.99999999999998579, 21.00290591502195525, -3.416602896451072374E-15 ) ) ;
#1034 = ORIENTED_EDGE ( 'NONE', *, *, #2032, .T. ) ;
#1035 = CIRCLE ( 'NONE', #4212, 135.5624999999987779 ) ;
#1036 = AXIS2_PLACEMENT_3D ( 'NONE', #3920, #4418, #4884 ) ;
#1037 = VECTOR ( 'NONE', #226, 1000.000000000000000 ) ;
#1038 = ORIENTED_EDGE ( 'NONE', *, *, #1924, .T. ) ;
#1039 = VERTEX_POINT ( 'NONE', #5355 ) ;
#1040 = CARTESIAN_POINT ( 'NONE',  ( 23.13721955128205465, 19.58698074325211280, 34.32211538461537970 ) ) ;
#1041 = DIRECTION ( 'NONE',  ( 1.000000000000000000, 0.000000000000000000, 0.000000000000000000 ) ) ;
#1042 = EDGE_CURVE ( 'NONE', #611, #635, #1343, .T. ) ;
#1043 = ORIENTED_EDGE ( 'NONE', *, *, #3377, .F. ) ;
#1044 = CARTESIAN_POINT ( 'NONE',  ( -65.00000000000000000, -28.44884186725240482, -35.50000000001146816 ) ) ;
#1045 = AXIS2_PLACEMENT_3D ( 'NONE', #1853, #6432, #5463 ) ;
#1046 = AXIS2_PLACEMENT_3D ( 'NONE', #3005, #1883, #3474 ) ;
#1047 = CARTESIAN_POINT ( 'NONE',  ( 65.00000000000000000, -24.11995919263003429, -57.49999999998721734 ) ) ;
#1048 = DIRECTION ( 'NONE',  ( 0.000000000000000000, -1.000000000000000000, -3.035766082959412415E-16 ) ) ;
#1049 = EDGE_LOOP ( 'NONE', ( #597, #3045, #4290, #1561, #169, #2379, #6019, #5267, #1014, #139 ) ) ;
#1050 = CARTESIAN_POINT ( 'NONE',  ( 34.00000000000000000, -62.11966054036631846, 55.11275547545007214 ) ) ;
#1051 = DIRECTION ( 'NONE',  ( -0.7071067811865500152, 0.000000000000000000, 0.7071067811865450192 ) ) ;
#1052 = ORIENTED_EDGE ( 'NONE', *, *, #4106, .F. ) ;
#1053 = LINE ( 'NONE', #3709, #791 ) ;
#1054 = EDGE_CURVE ( 'NONE', #1157, #345, #1238, .T. ) ;
#1055 = CARTESIAN_POINT ( 'NONE',  ( 24.65078282591780479, 14.99999999999999822, -9.312499999999998224 ) ) ;
#1056 = VECTOR ( 'NONE', #1321, 1000.000000000000000 ) ;
#1057 = EDGE_CURVE ( 'NONE', #3351, #5661, #1808, .T. ) ;
#1058 = PLANE ( 'NONE',  #2009 ) ;
#1059 = EDGE_CURVE ( 'NONE', #4170, #4821, #3198, .T. ) ;
#1060 = VERTEX_POINT ( 'NONE', #2269 ) ;
#1062 = EDGE_CURVE ( 'NONE', #5457, #2541, #1774, .T. ) ;
#1061 = LINE ( 'NONE', #2683, #2360 ) ;
#1063 = APPROVAL ( #4288, 'UNSPECIFIED' ) ;
#1064 = EDGE_LOOP ( 'NONE', ( #327, #1219 ) ) ;
#1065 = CARTESIAN_POINT ( 'NONE',  ( -25.00000000000000000, 8.645321984638215440, 10.00000000000000000 ) ) ;
#1066 = EDGE_CURVE ( 'NONE', #1485, #4286, #4058, .T. ) ;
#1067 = CARTESIAN_POINT ( 'NONE',  ( 24.99999999999999289, -15.99999999999620393, 67.49999999999828049 ) ) ;
#1068 = DIRECTION ( 'NONE',  ( 1.000000000000000000, 0.000000000000000000, 0.000000000000000000 ) ) ;
#1069 = DIRECTION ( 'NONE',  ( -0.000000000000000000, -1.000000000000000000, -3.469446951953590129E-15 ) ) ;
#1070 = CARTESIAN_POINT ( 'NONE',  ( -14.99999999999999467, 18.00000036777663226, -2.999999999999999556 ) ) ;
#1071 = DIRECTION ( 'NONE',  ( 0.000000000000000000, 0.8922282841632196426, -0.4515846420541300699 ) ) ;
#1072 = ORIENTED_EDGE ( 'NONE', *, *, #1409, .T. ) ;
#1073 = EDGE_CURVE ( 'NONE', #6371, #3574, #1811, .T. ) ;
#1074 = ADVANCED_FACE ( 'NONE', ( #1377 ), #6454, .T. ) ;
#1075 = ORIENTED_EDGE ( 'NONE', *, *, #1807, .T. ) ;
#1076 = VERTEX_POINT ( 'NONE', #3998 ) ;
#1077 = DIRECTION ( 'NONE',  ( 0.000000000000000000, -0.9462696484278558806, 0.3233786518374738850 ) ) ;
#1078 = CARTESIAN_POINT ( 'NONE',  ( 34.00000000000000000, -58.33458194665490026, 53.81924086810018792 ) ) ;
#1079 = ORIENTED_EDGE ( 'NONE', *, *, #2044, .T. ) ;
#1080 = DIRECTION ( 'NONE',  ( 0.6429223081870643064, 0.000000000000000000, 0.7659313974733098496 ) ) ;
#1081 = AXIS2_PLACEMENT_3D ( 'NONE', #5259, #709, #218 ) ;
#1082 = DIRECTION ( 'NONE',  ( -0.000000000000000000, 1.000000000000000000, -0.000000000000000000 ) ) ;
#1083 = ORIENTED_EDGE ( 'NONE', *, *, #4100, .T. ) ;
#1084 = CIRCLE ( 'NONE', #978, 2.000000000000000000 ) ;
#1085 = CARTESIAN_POINT ( 'NONE',  ( -25.00000000000000000, -7.999999999995895728, 67.50000000000001421 ) ) ;
#1086 = DIRECTION ( 'NONE',  ( 0.000000000000000000, -1.000000000000000000, -0.000000000000000000 ) ) ;
#1087 = ORIENTED_EDGE ( 'NONE', *, *, #4674, .F. ) ;
#1088 = CARTESIAN_POINT ( 'NONE',  ( -32.00000000000000000, -7.498459039404936632, 61.43551580229719633 ) ) ;
#1089 = LINE ( 'NONE', #6162, #6228 ) ;
#1090 = VECTOR ( 'NONE', #4257, 999.9999999999998863 ) ;
#1091 = EDGE_CURVE ( 'NONE', #5243, #1039, #2405, .T. ) ;
#1092 = DIRECTION ( 'NONE',  ( 0.000000000000000000, 0.000000000000000000, 1.000000000000000000 ) ) ;
#1093 = ORIENTED_EDGE ( 'NONE', *, *, #166, .F. ) ;
#1094 = LINE ( 'NONE', #1658, #610 ) ;
#1095 = ORIENTED_EDGE ( 'NONE', *, *, #6463, .F. ) ;
#1096 = CYLINDRICAL_SURFACE ( 'NONE', #4289, 2.000000000000001776 ) ;
#1097 = DIRECTION ( 'NONE',  ( 0.000000000000000000, -1.000000000000000000, -9.637352644315595243E-17 ) ) ;
#1098 = CARTESIAN_POINT ( 'NONE',  ( 15.00000000000000178, 5.014924930574558459, -52.24999999999996447 ) ) ;
#1099 = LINE ( 'NONE', #6206, #6085 ) ;
#1100 = DIRECTION ( 'NONE',  ( -1.000000000000000000, 0.000000000000000000, 0.000000000000000000 ) ) ;
#1101 = VERTEX_POINT ( 'NONE', #1910 ) ;
#1102 = AXIS2_PLACEMENT_3D ( 'NONE', #6447, #1903, #1174 ) ;
#1103 = CIRCLE ( 'NONE', #5901, 135.4469474441720536 ) ;
#1104 = ORIENTED_EDGE ( 'NONE', *, *, #4602, .F. ) ;
#1105 = ORIENTED_EDGE ( 'NONE', *, *, #2228, .F. ) ;
#1106 = DIRECTION ( 'NONE',  ( 1.000000000000000000, 0.000000000000000000, 0.000000000000000000 ) ) ;
#1107 = CARTESIAN_POINT ( 'NONE',  ( 24.99999999999999289, -57.01957048597077460, 14.00215858380043876 ) ) ;
#1108 = AXIS2_PLACEMENT_3D ( 'NONE', #5469, #900, #1524 ) ;
#1109 = VERTEX_POINT ( 'NONE', #6049 ) ;
#1110 = CARTESIAN_POINT ( 'NONE',  ( 23.17391888719230764, 14.99999999999999822, 34.32168222757342591 ) ) ;
#1111 = EDGE_CURVE ( 'NONE', #3923, #2599, #475, .T. ) ;
#1112 = DIRECTION ( 'NONE',  ( 1.000000000000000000, -0.000000000000000000, -0.000000000000000000 ) ) ;
#1113 = EDGE_LOOP ( 'NONE', ( #4676, #1858, #1313, #1700 ) ) ;
#1114 = PLANE ( 'NONE',  #5537 ) ;
#1115 = DIRECTION ( 'NONE',  ( 0.000000000000000000, 1.000000000000000000, 0.000000000000000000 ) ) ;
#1116 = EDGE_CURVE ( 'NONE', #6508, #5295, #3911, .T. ) ;
#1117 = ORIENTED_EDGE ( 'NONE', *, *, #569, .F. ) ;
#1118 = CARTESIAN_POINT ( 'NONE',  ( -51.50000000000000711, -28.44884186725240838, -14.54136752811921696 ) ) ;
#1119 = DIRECTION ( 'NONE',  ( -0.6428712487501661021, 0.000000000000000000, -0.7659742538299848524 ) ) ;
#1120 = LINE ( 'NONE', #3079, #314 ) ;
#1121 = VERTEX_POINT ( 'NONE', #1504 ) ;
#1122 = DIRECTION ( 'NONE',  ( 0.000000000000000000, 0.000000000000000000, 1.000000000000000000 ) ) ;
#1123 = ORIENTED_EDGE ( 'NONE', *, *, #614, .F. ) ;
#1124 = FACE_OUTER_BOUND ( 'NONE', #5224, .T. ) ;
#1125 = CARTESIAN_POINT ( 'NONE',  ( -32.00000000000000000, -15.99999999999587530, -77.49999999997912425 ) ) ;
#1126 = AXIS2_PLACEMENT_3D ( 'NONE', #2971, #4525, #3966 ) ;
#1127 = CARTESIAN_POINT ( 'NONE',  ( -25.00000000000000000, -3.000000000000039080, 67.49999999999792522 ) ) ;
#1128 = CARTESIAN_POINT ( 'NONE',  ( -34.00000000000000000, -2.502926474680351454, -45.65191672927726074 ) ) ;
#1129 = DIRECTION ( 'NONE',  ( 0.000000000000000000, 0.000000000000000000, 1.000000000000000000 ) ) ;
#1130 = ORIENTED_EDGE ( 'NONE', *, *, #5935, .F. ) ;
#1131 = ADVANCED_FACE ( 'NONE', ( #5514 ), #4932, .F. ) ;
#1132 = VERTEX_POINT ( 'NONE', #3531 ) ;
#1133 = VERTEX_POINT ( 'NONE', #2501 ) ;
#1134 = VECTOR ( 'NONE', #353, 1000.000000000000000 ) ;
#1135 = EDGE_CURVE ( 'NONE', #3115, #2911, #3649, .T. ) ;
#1136 = CARTESIAN_POINT ( 'NONE',  ( -32.75459345939113831, -12.72617046412571717, 58.92953692064797622 ) ) ;
#1137 = LINE ( 'NONE', #5185, #1622 ) ;
#1138 = ORIENTED_EDGE ( 'NONE', *, *, #5709, .F. ) ;
#1139 = EDGE_CURVE ( 'NONE', #5784, #1432, #4928, .T. ) ;
#1140 = LINE ( 'NONE', #5057, #725 ) ;
#1141 = EDGE_CURVE ( 'NONE', #2106, #1827, #5455, .T. ) ;
#1142 = CIRCLE ( 'NONE', #5496, 1.999999999999999556 ) ;
#1143 = DIRECTION ( 'NONE',  ( 0.000000000000000000, -0.3947769709605397637, 0.9187769822972390310 ) ) ;
#1144 = VERTEX_POINT ( 'NONE', #5421 ) ;
#1145 = CARTESIAN_POINT ( 'NONE',  ( 15.00000000000000178, -120.6397764325932087, -2.154098419910760431E-14 ) ) ;
#1146 = VECTOR ( 'NONE', #5899, 1000.000000000000000 ) ;
#1147 = FACE_OUTER_BOUND ( 'NONE', #172, .T. ) ;
#1148 = VECTOR ( 'NONE', #5830, 1000.000000000000000 ) ;
#1149 = ORIENTED_EDGE ( 'NONE', *, *, #4498, .F. ) ;
#1150 = LINE ( 'NONE', #1591, #5848 ) ;
#1151 = VECTOR ( 'NONE', #2292, 1000.000000000000227 ) ;
#1152 = CARTESIAN_POINT ( 'NONE',  ( 15.00000000000000178, -50.00000000000000000, 10.00000000000000178 ) ) ;
#1153 = ORIENTED_EDGE ( 'NONE', *, *, #3615, .T. ) ;
#1154 = DIRECTION ( 'NONE',  ( 0.000000000000000000, -1.000000000000000000, 2.312964634635757649E-15 ) ) ;
#1155 = ORIENTED_EDGE ( 'NONE', *, *, #2731, .F. ) ;
#1156 = DIRECTION ( 'NONE',  ( 0.000000000000000000, -2.312964634635757649E-15, -1.000000000000000000 ) ) ;
#1157 = VERTEX_POINT ( 'NONE', #2938 ) ;
#1158 = CARTESIAN_POINT ( 'NONE',  ( 23.14983974358974805, 14.99999999999999822, 32.79647435897435770 ) ) ;
#1159 = CARTESIAN_POINT ( 'NONE',  ( 26.00000000000000355, 21.00290591502244197, 2.199999999999988631 ) ) ;
#1160 = VECTOR ( 'NONE', #3405, 1000.000000000000114 ) ;
#1161 = EDGE_CURVE ( 'NONE', #1199, #3362, #5989, .T. ) ;
#1162 = CARTESIAN_POINT ( 'NONE',  ( -26.00000000000000000, -117.5625000000006395, -3.824297657043977603E-14 ) ) ;
#1163 = CYLINDRICAL_SURFACE ( 'NONE', #5129, 7.000000000000000000 ) ;
#1164 = DIRECTION ( 'NONE',  ( 0.000000000000000000, 0.000000000000000000, 1.000000000000000000 ) ) ;
#1165 = AXIS2_PLACEMENT_3D ( 'NONE', #230, #2827, #2364 ) ;
#1166 = VERTEX_POINT ( 'NONE', #2439 ) ;
#1167 = DIRECTION ( 'NONE',  ( 1.000000000000000000, 0.000000000000000000, -0.000000000000000000 ) ) ;
#1168 = ORIENTED_EDGE ( 'NONE', *, *, #4364, .T. ) ;
#1169 = ORIENTED_EDGE ( 'NONE', *, *, #4391, .T. ) ;
#1170 = CARTESIAN_POINT ( 'NONE',  ( -32.65486336088331853, -12.75601776227506257, 59.01414732384793638 ) ) ;
#1171 = EDGE_CURVE ( 'NONE', #862, #5617, #1442, .T. ) ;
#1172 = DIRECTION ( 'NONE',  ( 0.000000000000000000, -2.550043509689551597E-13, 1.000000000000000000 ) ) ;
#1173 = VERTEX_POINT ( 'NONE', #3625 ) ;
#1174 = DIRECTION ( 'NONE',  ( 0.000000000000000000, 0.9544310665531305915, -0.2984314648261028879 ) ) ;
#1175 = ADVANCED_BREP_SHAPE_REPRESENTATION ( 'CarTransmissionBase', ( #6102, #419 ), #4976 ) ;
#1176 = CARTESIAN_POINT ( 'NONE',  ( 24.90336947669798562, 23.65005808228012896, 9.812499999999982236 ) ) ;
#1177 = AXIS2_PLACEMENT_3D ( 'NONE', #2019, #4977, #5005 ) ;
#1178 = EDGE_LOOP ( 'NONE', ( #3638, #1892, #180, #5186 ) ) ;
#1179 = CARTESIAN_POINT ( 'NONE',  ( 22.27696723310824112, 14.99999999999999822, 9.812499999999985789 ) ) ;
#1180 = VECTOR ( 'NONE', #6099, 1000.000000000000114 ) ;
#1181 = FACE_OUTER_BOUND ( 'NONE', #4825, .T. ) ;
#1182 = ORIENTED_EDGE ( 'NONE', *, *, #3404, .T. ) ;
#1183 = DIRECTION ( 'NONE',  ( 0.000000000000000000, -0.1102779148078185389, 0.9939007905750149030 ) ) ;
#1184 = CARTESIAN_POINT ( 'NONE',  ( -34.00000000000000000, -24.21218751241699252, 4.400821177786094829 ) ) ;
#1185 = AXIS2_PLACEMENT_3D ( 'NONE', #4123, #3684, #4185 ) ;
#1186 = ORIENTED_EDGE ( 'NONE', *, *, #5853, .T. ) ;
#1187 = EDGE_CURVE ( 'NONE', #2368, #2855, #70, .T. ) ;
#1188 = CARTESIAN_POINT ( 'NONE',  ( 22.22770590284088144, 14.99999999999999822, -9.312499999999998224 ) ) ;
#1189 = CARTESIAN_POINT ( 'NONE',  ( 24.05053258642641367, 20.01198287710073132, 32.65589851394497600 ) ) ;
#1190 = VERTEX_POINT ( 'NONE', #4187 ) ;
#1191 = CARTESIAN_POINT ( 'NONE',  ( 34.00000000000000000, -60.82614593301642714, 58.89783406916149033 ) ) ;
#1192 = ORIENTED_EDGE ( 'NONE', *, *, #5826, .T. ) ;
#1193 = DIRECTION ( 'NONE',  ( 0.000000000000000000, 0.000000000000000000, -1.000000000000000000 ) ) ;
#1194 = DIRECTION ( 'NONE',  ( -0.000000000000000000, 0.8971219790639312075, -0.4417829271038157257 ) ) ;
#1195 = CIRCLE ( 'NONE', #4915, 2.000000000000001776 ) ;
#1196 = DIRECTION ( 'NONE',  ( 1.000000000000000000, 0.000000000000000000, -0.000000000000000000 ) ) ;
#1197 = VERTEX_POINT ( 'NONE', #624 ) ;
#1198 = PLANE ( 'NONE',  #4844 ) ;
#1199 = VERTEX_POINT ( 'NONE', #11 ) ;
#1200 = CARTESIAN_POINT ( 'NONE',  ( 23.54171527788797746, 15.00000000000001243, 32.46315561885626977 ) ) ;
#1201 = B_SPLINE_CURVE_WITH_KNOTS ( 'NONE', 3,
 ( #5412, #1833, #3820, #4315, #6411, #5879 ),
 .UNSPECIFIED., .F., .F.,
 ( 4, 2, 4 ),
 ( 3.469446951953614189E-18, 0.0003980376118468383420, 0.0007960752236936732146 ),
 .UNSPECIFIED. ) ;
#1202 = CARTESIAN_POINT ( 'NONE',  ( 23.54058917844107057, 14.99999999999999822, 32.81951409645184015 ) ) ;
#1203 = VERTEX_POINT ( 'NONE', #5208 ) ;
#1204 = VERTEX_POINT ( 'NONE', #5641 ) ;
#1205 = CARTESIAN_POINT ( 'NONE',  ( 21.00000000000000000, -117.4469470763954178, 0.000000000000000000 ) ) ;
#1206 = FACE_OUTER_BOUND ( 'NONE', #5353, .T. ) ;
#1207 = EDGE_CURVE ( 'NONE', #4609, #571, #4152, .T. ) ;
#1208 = VERTEX_POINT ( 'NONE', #2158 ) ;
#1209 = DIRECTION ( 'NONE',  ( 0.000000000000000000, -0.9544310665531309246, 0.2984314648261021663 ) ) ;
#1210 = VECTOR ( 'NONE', #5576, 1000.000000000000000 ) ;
#1211 = CARTESIAN_POINT ( 'NONE',  ( 32.00000000000000000, 0.000000000000000000, 0.000000000000000000 ) ) ;
#1212 = ORIENTED_EDGE ( 'NONE', *, *, #5638, .T. ) ;
#1213 = VECTOR ( 'NONE', #6544, 1000.000000000000000 ) ;
#1214 = CARTESIAN_POINT ( 'NONE',  ( 23.84569475891022350, 15.00000000000000178, 33.82061706986071670 ) ) ;
#1215 = CARTESIAN_POINT ( 'NONE',  ( 65.00000000000000000, -25.43741280912403724, -59.49999999998721734 ) ) ;
#1216 = EDGE_LOOP ( 'NONE', ( #4146, #3229, #651, #3665, #1874, #6389 ) ) ;
#1217 = LINE ( 'NONE', #4769, #3518 ) ;
#1218 = CARTESIAN_POINT ( 'NONE',  ( 21.00000000000000000, 5.859598249176485751, 56.07296202289150244 ) ) ;
#1219 = ORIENTED_EDGE ( 'NONE', *, *, #1750, .F. ) ;
#1220 = DIRECTION ( 'NONE',  ( 0.000000000000000000, -3.469446951953614189E-15, 1.000000000000000000 ) ) ;
#1221 = DIRECTION ( 'NONE',  ( 0.000000000000000000, 0.000000000000000000, 1.000000000000000000 ) ) ;
#1222 = EDGE_CURVE ( 'NONE', #4422, #2974, #1099, .T. ) ;
#1223 = ORIENTED_EDGE ( 'NONE', *, *, #1008, .T. ) ;
#1224 = PLANE ( 'NONE',  #830 ) ;
#1225 = VERTEX_POINT ( 'NONE', #2100 ) ;
#1226 = FACE_OUTER_BOUND ( 'NONE', #2474, .T. ) ;
#1227 = EDGE_CURVE ( 'NONE', #2107, #757, #593, .T. ) ;
#1228 = LINE ( 'NONE', #4813, #3368 ) ;
#1229 = LINE ( 'NONE', #4887, #3711 ) ;
#1230 = EDGE_LOOP ( 'NONE', ( #4069, #4581, #5994, #2695 ) ) ;
#1231 = CARTESIAN_POINT ( 'NONE',  ( 22.21106178439029222, 14.99999999999999822, 9.812499999999985789 ) ) ;
#1232 = ORIENTED_EDGE ( 'NONE', *, *, #6539, .T. ) ;
#1233 = EDGE_CURVE ( 'NONE', #767, #4140, #3685, .T. ) ;
#1234 = DIRECTION ( 'NONE',  ( 0.000000000000000000, 9.637352644315595243E-17, -1.000000000000000000 ) ) ;
#1235 = ORIENTED_EDGE ( 'NONE', *, *, #1028, .T. ) ;
#1236 = VERTEX_POINT ( 'NONE', #4655 ) ;
#1237 = DIRECTION ( 'NONE',  ( -1.000000000000000000, -0.000000000000000000, -0.000000000000000000 ) ) ;
#1238 = LINE ( 'NONE', #4293, #5211 ) ;
#1239 = PLANE ( 'NONE',  #6071 ) ;
#1240 = VERTEX_POINT ( 'NONE', #658 ) ;
#1241 = DIRECTION ( 'NONE',  ( -0.000000000000000000, -0.000000000000000000, 1.000000000000000000 ) ) ;
#1242 = CARTESIAN_POINT ( 'NONE',  ( -24.99999999999998579, 21.00290591502195525, 1.199999999999985745 ) ) ;
#1243 = ORIENTED_EDGE ( 'NONE', *, *, #2716, .F. ) ;
#1244 = FACE_OUTER_BOUND ( 'NONE', #3471, .T. ) ;
#1245 = CARTESIAN_POINT ( 'NONE',  ( 24.22934467772599731, 15.00000000000000178, 32.85308601589598965 ) ) ;
#1246 = ORIENTED_EDGE ( 'NONE', *, *, #644, .F. ) ;
#1247 = DIRECTION ( 'NONE',  ( 0.000000000000000000, -5.325657695058185853E-15, 1.000000000000000000 ) ) ;
#1248 = AXIS2_PLACEMENT_3D ( 'NONE', #1412, #3969, #3867 ) ;
#1249 = CARTESIAN_POINT ( 'NONE',  ( -34.00000000000000000, -5.433134719346973895, 43.72801895767194225 ) ) ;
#1250 = ORIENTED_EDGE ( 'NONE', *, *, #224, .T. ) ;
#1251 = TOROIDAL_SURFACE ( 'NONE', #5814, 4.000000000000000000, 2.000000000000000000 ) ;
#1252 = DIRECTION ( 'NONE',  ( 0.7071067811865450192, 0.000000000000000000, -0.7071067811865500152 ) ) ;
#1253 = VECTOR ( 'NONE', #1325, 1000.000000000000227 ) ;
#1254 = CARTESIAN_POINT ( 'NONE',  ( 24.12683622242382242, 19.99473337067195189, 32.72534204998340357 ) ) ;
#1255 = ORIENTED_EDGE ( 'NONE', *, *, #5885, .F. ) ;
#1256 = CARTESIAN_POINT ( 'NONE',  ( -32.00000000000000000, -13.65489657463117545, -61.50000000000018474 ) ) ;
#1257 = VERTEX_POINT ( 'NONE', #6081 ) ;
#1258 = DIRECTION ( 'NONE',  ( 0.000000000000000000, 1.000000000000000000, 0.000000000000000000 ) ) ;
#1259 = DIRECTION ( 'NONE',  ( 1.000000000000000000, 0.000000000000000000, 0.000000000000000000 ) ) ;
#1260 = EDGE_CURVE ( 'NONE', #1639, #4422, #2063, .T. ) ;
#1261 = B_SPLINE_CURVE_WITH_KNOTS ( 'NONE', 3,
 ( #2880, #358, #2384, #4409, #1701, #5710, #2692, #170, #3540, #2192, #1516, #661, #1202, #5058, #4007, #4566, #2726, #6092, #3226 ),
 .UNSPECIFIED., .F., .F.,
 ( 4, 1, 1, 1, 1, 1, 1, 1, 1, 1, 1, 1, 1, 1, 1, 1, 4 ),
 ( 0.000000000000000000, 0.06881429582431113079, 0.1363648245522141589, 0.2040193535112498069, 0.2730637386246139164, 0.3429133195614913476, 0.4109654441389593016, 0.4791687665134478635, 0.5493080065097829534, 0.5876515764176514223, 0.6306466687627914069, 0.6788787856966491674, 0.7319342992295840844, 0.7911114229480478155, 0.8552831895130784678, 0.9250859386773846449, 1.000000000000000000 ),
 .UNSPECIFIED. ) ;
#1262 = EDGE_CURVE ( 'NONE', #3412, #1692, #2913, .T. ) ;
#1263 = EDGE_CURVE ( 'NONE', #1190, #74, #4393, .T. ) ;
#1264 = CARTESIAN_POINT ( 'NONE',  ( -14.99999999999999467, 18.00000036777663226, 3.000000000000000444 ) ) ;
#1265 = EDGE_CURVE ( 'NONE', #1400, #3694, #5227, .T. ) ;
#1266 = VERTEX_POINT ( 'NONE', #5178 ) ;
#1267 = CARTESIAN_POINT ( 'NONE',  ( -32.00000000000000000, -15.99999999999596589, 78.49999999999802469 ) ) ;
#1268 = ORIENTED_EDGE ( 'NONE', *, *, #80, .T. ) ;
#1269 = CARTESIAN_POINT ( 'NONE',  ( 22.49358974358974805, 14.99999999999999822, 33.96314102564102200 ) ) ;
#1270 = COORDINATED_UNIVERSAL_TIME_OFFSET ( 5, 0, .BEHIND. ) ;
#1271 = ORIENTED_EDGE ( 'NONE', *, *, #5044, .T. ) ;
#1272 = VERTEX_POINT ( 'NONE', #4125 ) ;
#1273 = DIRECTION ( 'NONE',  ( -0.000000000000000000, 0.000000000000000000, 1.000000000000000000 ) ) ;
#1274 = AXIS2_PLACEMENT_3D ( 'NONE', #585, #2680, #6103 ) ;
#1275 = CARTESIAN_POINT ( 'NONE',  ( -32.23957246017580758, -13.29429886088505341, -60.51712827048505261 ) ) ;
#1276 = EDGE_CURVE ( 'NONE', #6106, #2331, #6146, .T. ) ;
#1277 = DIRECTION ( 'NONE',  ( -0.000000000000000000, -0.8922282841630452266, 0.4515846420544750162 ) ) ;
#1278 = ORIENTED_EDGE ( 'NONE', *, *, #4485, .F. ) ;
#1279 = FACE_OUTER_BOUND ( 'NONE', #3309, .T. ) ;
#1280 = VERTEX_POINT ( 'NONE', #1032 ) ;
#1281 = PLANE ( 'NONE',  #3582 ) ;
#1282 = CONICAL_SURFACE ( 'NONE', #4995, 2.200000000000000622, 0.7853981633974447263 ) ;
#1283 = DIRECTION ( 'NONE',  ( 0.000000000000000000, -0.3947769709605386534, 0.9187769822972394751 ) ) ;
#1284 = ORIENTED_EDGE ( 'NONE', *, *, #3503, .T. ) ;
#1285 = CARTESIAN_POINT ( 'NONE',  ( -25.00000000000000000, -28.44884186725240838, 3.999999999988530064 ) ) ;
#1286 = CARTESIAN_POINT ( 'NONE',  ( -32.00000000000000000, -5.294747410512862018, -54.58060203048929537 ) ) ;
#1287 = VERTEX_POINT ( 'NONE', #1601 ) ;
#1288 = VECTOR ( 'NONE', #6263, 1000.000000000000114 ) ;
#1289 = EDGE_CURVE ( 'NONE', #662, #5391, #2627, .T. ) ;
#1290 = LINE ( 'NONE', #2920, #3604 ) ;
#1291 = FACE_BOUND ( 'NONE', #1444, .T. ) ;
#1292 = ORIENTED_EDGE ( 'NONE', *, *, #1567, .F. ) ;
#1293 = CARTESIAN_POINT ( 'NONE',  ( 24.99999999999999289, -1.467252252107323240, -52.24999999999997868 ) ) ;
#1294 = ORIENTED_EDGE ( 'NONE', *, *, #5176, .F. ) ;
#1295 = DIRECTION ( 'NONE',  ( 0.000000000000000000, 1.474797515554574554E-13, -1.000000000000000000 ) ) ;
#1296 = AXIS2_PLACEMENT_3D ( 'NONE', #4523, #474, #940 ) ;
#1297 = CARTESIAN_POINT ( 'NONE',  ( 65.00000000000000000, -43.84814357996577172, 12.14358612020716954 ) ) ;
#1298 = ADVANCED_FACE ( 'NONE', ( #3055 ), #1163, .F. ) ;
#1299 = CARTESIAN_POINT ( 'NONE',  ( -34.00000000000000000, -6.217916931324402263, 57.84303090886503895 ) ) ;
#1300 = VECTOR ( 'NONE', #3397, 1000.000000000000000 ) ;
#1301 = CYLINDRICAL_SURFACE ( 'NONE', #546, 1.999999999999997780 ) ;
#1302 = EDGE_LOOP ( 'NONE', ( #5711, #4362, #6179, #5860 ) ) ;
#1303 = CARTESIAN_POINT ( 'NONE',  ( 24.65078282591780479, 14.99999999999999822, -12.81249999999999822 ) ) ;
#1304 = CALENDAR_DATE ( 2026, 8, 7 ) ;
#1305 = ORIENTED_EDGE ( 'NONE', *, *, #5423, .F. ) ;
#1306 = ORIENTED_EDGE ( 'NONE', *, *, #4475, .T. ) ;
#1307 = DIRECTION ( 'NONE',  ( 0.000000000000000000, 0.000000000000000000, 1.000000000000000000 ) ) ;
#1308 = DIRECTION ( 'NONE',  ( -0.000000000000000000, 1.000000000000000000, -0.000000000000000000 ) ) ;
#1309 = CYLINDRICAL_SURFACE ( 'NONE', #5154, 395.0616701809461233 ) ;
#1310 = ORIENTED_EDGE ( 'NONE', *, *, #4936, .T. ) ;
#1311 = ADVANCED_FACE ( 'NONE', ( #532, #4623 ), #2563, .T. ) ;
#1312 = CARTESIAN_POINT ( 'NONE',  ( -21.00000000000000355, 5.859598249176485751, -56.07296202289150244 ) ) ;
#1313 = ORIENTED_EDGE ( 'NONE', *, *, #5237, .T. ) ;
#1314 = DIRECTION ( 'NONE',  ( -1.000000000000000000, 0.000000000000000000, 0.000000000000000000 ) ) ;
#1315 = CARTESIAN_POINT ( 'NONE',  ( 24.18240562603143218, 14.99999999999999467, 32.79324950621597878 ) ) ;
#1316 = DIRECTION ( 'NONE',  ( -1.000000000000000000, 0.000000000000000000, 0.000000000000000000 ) ) ;
#1317 = EDGE_CURVE ( 'NONE', #1541, #3065, #5610, .T. ) ;
#1318 = DIRECTION ( 'NONE',  ( 0.000000000000000000, 0.9462696484278558806, -0.3233786518374738850 ) ) ;
#1319 = CIRCLE ( 'NONE', #5880, 135.5034452694893616 ) ;
#1320 = ORIENTED_EDGE ( 'NONE', *, *, #4107, .F. ) ;
#1321 = DIRECTION ( 'NONE',  ( -0.000000000000000000, 1.000000000000000000, -0.000000000000000000 ) ) ;
#1322 = CARTESIAN_POINT ( 'NONE',  ( -32.00000000000000000, -28.44884186725240838, 3.999999999988530064 ) ) ;
#1323 = ADVANCED_FACE ( 'NONE', ( #5117, #3121 ), #4376, .F. ) ;
#1324 = ORIENTED_EDGE ( 'NONE', *, *, #3260, .F. ) ;
#1325 = DIRECTION ( 'NONE',  ( -0.000000000000000000, 0.1166030543555890558, 0.9931785980955023518 ) ) ;
#1326 = AXIS2_PLACEMENT_3D ( 'NONE', #1795, #1828, #3319 ) ;
#1327 = ORIENTED_EDGE ( 'NONE', *, *, #634, .T. ) ;
#1328 = LINE ( 'NONE', #2790, #5555 ) ;
#1329 = DIRECTION ( 'NONE',  ( -0.000000000000000000, 1.000000000000000000, -0.000000000000000000 ) ) ;
#1330 = DIRECTION ( 'NONE',  ( 0.000000000000000000, 0.000000000000000000, -1.000000000000000000 ) ) ;
#1331 = VERTEX_POINT ( 'NONE', #5802 ) ;
#1332 = DIRECTION ( 'NONE',  ( 0.000000000000000000, 0.3947769709605351562, -0.9187769822972410294 ) ) ;
#1333 = ORIENTED_EDGE ( 'NONE', *, *, #2503, .T. ) ;
#1334 = CARTESIAN_POINT ( 'NONE',  ( 65.00000000000000000, -62.11966054036631846, 55.11275547545007214 ) ) ;
#1335 = DATE_TIME_ROLE ( 'classification_date' ) ;
#1336 = ORIENTED_EDGE ( 'NONE', *, *, #3008, .F. ) ;
#1337 = EDGE_LOOP ( 'NONE', ( #4868, #3080, #4465, #6183 ) ) ;
#1338 = CARTESIAN_POINT ( 'NONE',  ( 23.54058917844107057, 20.00684559286068520, 32.81951409645184015 ) ) ;
#1339 = CYLINDRICAL_SURFACE ( 'NONE', #6210, 2.000000000000000000 ) ;
#1340 = DIRECTION ( 'NONE',  ( 0.000000000000000000, -0.000000000000000000, -1.000000000000000000 ) ) ;
#1341 = EDGE_LOOP ( 'NONE', ( #99, #110, #6086, #3799 ) ) ;
#1342 = ADVANCED_FACE ( 'NONE', ( #4773 ), #2354, .T. ) ;
#1343 = CIRCLE ( 'NONE', #2185, 2.200000000000000622 ) ;
#1344 = EDGE_CURVE ( 'NONE', #1133, #3814, #6186, .T. ) ;
#1345 = LINE ( 'NONE', #3369, #1357 ) ;
#1346 = EDGE_LOOP ( 'NONE', ( #6004, #1787, #4516, #4276 ) ) ;
#1347 = EDGE_CURVE ( 'NONE', #6398, #6116, #1791, .T. ) ;
#1348 = CARTESIAN_POINT ( 'NONE',  ( 23.23998602561996307, 19.67916390816004224, 33.96809558290063080 ) ) ;
#1349 = EDGE_CURVE ( 'NONE', #2182, #2771, #4559, .T. ) ;
#1350 = ADVANCED_FACE ( 'NONE', ( #5335 ), #191, .T. ) ;
#1351 = CARTESIAN_POINT ( 'NONE',  ( -26.00000000000000000, 19.97698369071634872, 32.79647435897434349 ) ) ;
#1352 = DIRECTION ( 'NONE',  ( -1.000000000000000000, -0.000000000000000000, 0.000000000000000000 ) ) ;
#1353 = LINE ( 'NONE', #2481, #2207 ) ;
#1354 = ORIENTED_EDGE ( 'NONE', *, *, #4521, .T. ) ;
#1355 = DIRECTION ( 'NONE',  ( 1.000000000000000000, 0.000000000000000000, 0.000000000000000000 ) ) ;
#1356 = DIRECTION ( 'NONE',  ( -0.000000000000000000, 1.000000000000000000, -0.000000000000000000 ) ) ;
#1357 = VECTOR ( 'NONE', #1879, 1000.000000000000000 ) ;
#1358 = ORIENTED_EDGE ( 'NONE', *, *, #1135, .F. ) ;
#1359 = DIRECTION ( 'NONE',  ( 0.000000000000000000, -0.3233786518374578423, -0.9462696484278613207 ) ) ;
#1360 = VERTEX_POINT ( 'NONE', #1759 ) ;
#1361 = LINE ( 'NONE', #1763, #4824 ) ;
#1362 = PLANE ( 'NONE',  #2630 ) ;
#1363 = AXIS2_PLACEMENT_3D ( 'NONE', #3818, #4313, #6345 ) ;
#1364 = VECTOR ( 'NONE', #1596, 1000.000000000000000 ) ;
#1365 = CARTESIAN_POINT ( 'NONE',  ( -34.00000000000000000, -8.575352326411021409, 58.49999999998852473 ) ) ;
#1366 = ORIENTED_EDGE ( 'NONE', *, *, #2476, .T. ) ;
#1367 = CARTESIAN_POINT ( 'NONE',  ( -26.00000000000000000, 23.35028468928021539, 13.31249999999998224 ) ) ;
#1368 = EDGE_LOOP ( 'NONE', ( #3253, #1849, #4726, #1182 ) ) ;
#1369 = CARTESIAN_POINT ( 'NONE',  ( 26.00000000000000000, 21.00290591502244197, 1.199999999999975309 ) ) ;
#1370 = VECTOR ( 'NONE', #712, 1000.000000000000000 ) ;
#1371 = CIRCLE ( 'NONE', #3057, 2.000000000000001776 ) ;
#1372 = CARTESIAN_POINT ( 'NONE',  ( 22.74879807692308020, 14.99999999999999822, 34.32211538461537970 ) ) ;
#1373 = ADVANCED_FACE ( 'NONE', ( #4737, #1291 ), #1723, .F. ) ;
#1374 = CYLINDRICAL_SURFACE ( 'NONE', #4796, 395.0616701809472602 ) ;
#1375 = ORIENTED_EDGE ( 'NONE', *, *, #3898, .T. ) ;
#1376 = CARTESIAN_POINT ( 'NONE',  ( 23.23960465769145856, 14.99999999999999112, 32.79668544856368584 ) ) ;
#1377 = FACE_OUTER_BOUND ( 'NONE', #2710, .T. ) ;
#1378 = DIRECTION ( 'NONE',  ( -1.000000000000000000, -0.000000000000000000, 0.000000000000000000 ) ) ;
#1379 = ORIENTED_EDGE ( 'NONE', *, *, #4103, .T. ) ;
#1380 = AXIS2_PLACEMENT_3D ( 'NONE', #3541, #5685, #4666 ) ;
#1381 = LINE ( 'NONE', #3256, #2306 ) ;
#1382 = EDGE_CURVE ( 'NONE', #1173, #1702, #4240, .T. ) ;
#1383 = ORIENTED_EDGE ( 'NONE', *, *, #5947, .F. ) ;
#1384 = DIRECTION ( 'NONE',  ( 0.000000000000000000, 9.208916262431134062E-16, -1.000000000000000000 ) ) ;
#1385 = CARTESIAN_POINT ( 'NONE',  ( -21.00000000000000000, 21.00290591502195525, -3.416602896451072374E-15 ) ) ;
#1386 = AXIS2_PLACEMENT_3D ( 'NONE', #299, #4282, #5810 ) ;
#1387 = LINE ( 'NONE', #454, #120 ) ;
#1388 = CARTESIAN_POINT ( 'NONE',  ( -32.00000000000000000, -179.8521528752048084, -1.559876379624643847E-14 ) ) ;
#1389 = ORIENTED_EDGE ( 'NONE', *, *, #5135, .F. ) ;
#1390 = CARTESIAN_POINT ( 'NONE',  ( -24.99999999999999289, -1.467252252107323240, -52.24999999999997868 ) ) ;
#1391 = CARTESIAN_POINT ( 'NONE',  ( 51.00000000000000711, -62.65749631297065747, 27.12348241670559545 ) ) ;
#1392 = CARTESIAN_POINT ( 'NONE',  ( 23.14497039584637861, 14.99999999999998401, 32.43962009122795820 ) ) ;
#1393 = ORIENTED_EDGE ( 'NONE', *, *, #249, .T. ) ;
#1394 = DIRECTION ( 'NONE',  ( 0.000000000000000000, 0.8816728225794494556, -0.4718612443555699199 ) ) ;
#1395 = CARTESIAN_POINT ( 'NONE',  ( 22.87990785256410931, 20.06600999464126645, 32.43749999999999289 ) ) ;
#1396 = CARTESIAN_POINT ( 'NONE',  ( 24.36753451379331281, 20.08457154396490196, 33.20890928660649166 ) ) ;
#1397 = EDGE_LOOP ( 'NONE', ( #4949, #763, #3661, #2133 ) ) ;
#1398 = DIRECTION ( 'NONE',  ( 1.000000000000000000, 0.000000000000000000, -0.000000000000000000 ) ) ;
#1399 = VECTOR ( 'NONE', #4639, 1000.000000000000000 ) ;
#1400 = VERTEX_POINT ( 'NONE', #6373 ) ;
#1401 = LINE ( 'NONE', #2865, #50 ) ;
#1402 = EDGE_CURVE ( 'NONE', #1825, #269, #1743, .T. ) ;
#1403 = DIRECTION ( 'NONE',  ( 0.000000000000000000, -1.000000000000000000, 0.000000000000000000 ) ) ;
#1404 = VECTOR ( 'NONE', #6167, 1000.000000000000000 ) ;
#1405 = CARTESIAN_POINT ( 'NONE',  ( 22.54180846694344709, 14.99999999999999822, -12.81249999999999822 ) ) ;
#1406 = DIRECTION ( 'NONE',  ( 0.000000000000000000, -0.1102779148078185389, 0.9939007905750149030 ) ) ;
#1407 = CARTESIAN_POINT ( 'NONE',  ( 23.14983974358974805, 19.97698369071639135, 32.79647435897435770 ) ) ;
#1408 = FACE_OUTER_BOUND ( 'NONE', #5348, .T. ) ;
#1409 = EDGE_CURVE ( 'NONE', #5907, #4251, #5872, .T. ) ;
#1410 = VERTEX_POINT ( 'NONE', #3348 ) ;
#1411 = VECTOR ( 'NONE', #1041, 1000.000000000000000 ) ;
#1412 = CARTESIAN_POINT ( 'NONE',  ( 65.00000000000000000, -24.11995919263003429, -57.49999999998721734 ) ) ;
#1413 = ORIENTED_EDGE ( 'NONE', *, *, #4103, .F. ) ;
#1414 = CARTESIAN_POINT ( 'NONE',  ( -34.00000000000000000, -3.549237961440490086, 44.39953441211020646 ) ) ;
#1415 = LINE ( 'NONE', #3445, #5601 ) ;
#1416 = CARTESIAN_POINT ( 'NONE',  ( -34.00000000000000000, -6.580838792342301957, -58.69372585930376829 ) ) ;
#1417 = DIRECTION ( 'NONE',  ( 0.000000000000000000, 0.000000000000000000, 1.000000000000000000 ) ) ;
#1418 = ORIENTED_EDGE ( 'NONE', *, *, #4155, .F. ) ;
#1419 = DIRECTION ( 'NONE',  ( 1.000000000000000000, 0.000000000000000000, 0.000000000000000000 ) ) ;
#1420 = DIRECTION ( 'NONE',  ( 1.000000000000000000, 0.000000000000000000, -0.000000000000000000 ) ) ;
#1421 = DIRECTION ( 'NONE',  ( 1.000000000000000000, -0.000000000000000000, -0.000000000000000000 ) ) ;
#1422 = ORIENTED_EDGE ( 'NONE', *, *, #2521, .T. ) ;
#1423 = DIRECTION ( 'NONE',  ( 1.000000000000000000, 0.000000000000000000, 0.000000000000000000 ) ) ;
#1424 = AXIS2_PLACEMENT_3D ( 'NONE', #1128, #3151, #1570 ) ;
#1425 = LINE ( 'NONE', #5532, #5387 ) ;
#1426 = VECTOR ( 'NONE', #2136, 1000.000000000000000 ) ;
#1427 = VECTOR ( 'NONE', #3382, 1000.000000000000000 ) ;
#1428 = ADVANCED_FACE ( 'NONE', ( #821 ), #259, .F. ) ;
#1429 = CARTESIAN_POINT ( 'NONE',  ( 24.35210827442235981, 14.99999999999999467, 33.13102048987927617 ) ) ;
#1430 = AXIS2_PLACEMENT_3D ( 'NONE', #619, #195, #2685 ) ;
#1431 = EDGE_CURVE ( 'NONE', #2511, #1360, #2381, .T. ) ;
#1432 = VERTEX_POINT ( 'NONE', #718 ) ;
#1433 = CARTESIAN_POINT ( 'NONE',  ( 24.58926691259542352, 23.42178315708395786, 12.56720753205126506 ) ) ;
#1434 = VERTEX_POINT ( 'NONE', #2751 ) ;
#1435 = CARTESIAN_POINT ( 'NONE',  ( 24.99999999999999645, 21.00290591502244197, -1.216092296937449943E-14 ) ) ;
#1436 = ADVANCED_FACE ( 'NONE', ( #223 ), #2253, .F. ) ;
#1437 = CARTESIAN_POINT ( 'NONE',  ( 25.00000000000000000, -3.000000000000038636, 67.50000000000000000 ) ) ;
#1438 = EDGE_CURVE ( 'NONE', #2389, #4774, #4814, .T. ) ;
#1439 = CARTESIAN_POINT ( 'NONE',  ( 23.91069709666075127, 19.86086758453160073, 33.76204795069323694 ) ) ;
#1440 = DIRECTION ( 'NONE',  ( 0.000000000000000000, 0.9550615053060220738, -0.2964076940340706900 ) ) ;
#1441 = EDGE_CURVE ( 'NONE', #3418, #5482, #2421, .T. ) ;
#1442 = LINE ( 'NONE', #3465, #44 ) ;
#1443 = CARTESIAN_POINT ( 'NONE',  ( 22.52516434849285787, 14.99999999999999822, 13.31249999999998579 ) ) ;
#1444 = EDGE_LOOP ( 'NONE', ( #3060, #4074 ) ) ;
#1445 = FACE_OUTER_BOUND ( 'NONE', #1880, .T. ) ;
#1446 = VERTEX_POINT ( 'NONE', #5620 ) ;
#1447 = CARTESIAN_POINT ( 'NONE',  ( -51.50000000000000711, -24.44884186725809272, -14.54136752811921696 ) ) ;
#1448 = CARTESIAN_POINT ( 'NONE',  ( 22.54180846694344709, 14.99999999999999822, -9.312499999999998224 ) ) ;
#1449 = CARTESIAN_POINT ( 'NONE',  ( 65.00000000000000000, -43.03341941619897426, 11.84865486808793378 ) ) ;
#1450 = LINE ( 'NONE', #3477, #948 ) ;
#1451 = CIRCLE ( 'NONE', #495, 2.000000000000000888 ) ;
#1452 = ADVANCED_FACE ( 'NONE', ( #3480 ), #5451, .F. ) ;
#1453 = EDGE_LOOP ( 'NONE', ( #508, #5757, #4786, #4667, #4632, #5958, #2358, #2666, #2821, #1994, #701, #2242 ) ) ;
#1454 = CYLINDRICAL_SURFACE ( 'NONE', #5500, 135.4651084882032137 ) ;
#1455 = CARTESIAN_POINT ( 'NONE',  ( 21.00000000000000355, -117.5625000000008669, 9.575680578283035600E-12 ) ) ;
#1456 = PLANE ( 'NONE',  #4121 ) ;
#1457 = ORIENTED_EDGE ( 'NONE', *, *, #5862, .F. ) ;
#1458 = DIRECTION ( 'NONE',  ( 0.000000000000000000, 0.000000000000000000, 1.000000000000000000 ) ) ;
#1459 = CARTESIAN_POINT ( 'NONE',  ( -32.00000000000000000, -28.44884186725240838, 3.958632471878713144 ) ) ;
#1460 = CIRCLE ( 'NONE', #5691, 2.000000000000000000 ) ;
#1461 = CARTESIAN_POINT ( 'NONE',  ( -65.00000000000000000, -12.92843376423008550, -59.50000000000000711 ) ) ;
#1462 = ORIENTED_EDGE ( 'NONE', *, *, #3903, .T. ) ;
#1463 = LINE ( 'NONE', #2928, #875 ) ;
#1464 = VERTEX_POINT ( 'NONE', #5584 ) ;
#1465 = DIRECTION ( 'NONE',  ( 0.000000000000000000, -0.3403848788092888045, -0.9402861980684316112 ) ) ;
#1466 = AXIS2_PLACEMENT_3D ( 'NONE', #3953, #3517, #2362 ) ;
#1467 = DIRECTION ( 'NONE',  ( 1.000000000000000000, 0.000000000000000000, 0.000000000000000000 ) ) ;
#1468 = VECTOR ( 'NONE', #4879, 1000.000000000000000 ) ;
#1469 = APPROVAL ( #4784, 'UNSPECIFIED' ) ;
#1470 = EDGE_CURVE ( 'NONE', #2855, #872, #2589, .T. ) ;
#1471 = CARTESIAN_POINT ( 'NONE',  ( 23.45639018880922322, 15.00000000000000178, 33.95260133124177315 ) ) ;
#1472 = CARTESIAN_POINT ( 'NONE',  ( -65.00000000000000000, -8.551280212865872699, 43.56522147425977920 ) ) ;
#1473 = CC_DESIGN_SECURITY_CLASSIFICATION ( #1788, ( #95 ) ) ;
#1474 = DIRECTION ( 'NONE',  ( 1.000000000000000000, 0.000000000000000000, 0.000000000000000000 ) ) ;
#1475 = DIRECTION ( 'NONE',  ( -0.000000000000000000, 1.000000000000000000, -0.000000000000000000 ) ) ;
#1476 = VECTOR ( 'NONE', #5373, 1000.000000000000000 ) ;
#1477 = ORIENTED_EDGE ( 'NONE', *, *, #2931, .F. ) ;
#1478 = ADVANCED_FACE ( 'NONE', ( #3914 ), #4478, .T. ) ;
#1479 = VERTEX_POINT ( 'NONE', #896 ) ;
#1480 = CARTESIAN_POINT ( 'NONE',  ( 24.31896987013276501, 19.74104316749458832, 33.72829834968141682 ) ) ;
#1481 = ORIENTED_EDGE ( 'NONE', *, *, #467, .T. ) ;
#1482 = CARTESIAN_POINT ( 'NONE',  ( 23.53863780305684017, 14.99999999999999112, 34.29378788510532416 ) ) ;
#1483 = CARTESIAN_POINT ( 'NONE',  ( -27.83532780450860855, 18.00000036777663226, 3.000000000000000444 ) ) ;
#1484 = CIRCLE ( 'NONE', #2016, 2.000000000000001776 ) ;
#1485 = VERTEX_POINT ( 'NONE', #1926 ) ;
#1486 = DIRECTION ( 'NONE',  ( -1.000000000000000000, 0.000000000000000000, 0.000000000000000000 ) ) ;
#1487 = AXIS2_PLACEMENT_3D ( 'NONE', #2926, #2959, #4983 ) ;
#1488 = LINE ( 'NONE', #4510, #3487 ) ;
#1489 = ORIENTED_EDGE ( 'NONE', *, *, #1008, .F. ) ;
#1490 = CARTESIAN_POINT ( 'NONE',  ( 25.00000000000000000, -7.999999999995895728, 67.50000000000001421 ) ) ;
#1491 = DIRECTION ( 'NONE',  ( 0.000000000000000000, 1.000000000000000000, -1.593824000378136335E-15 ) ) ;
#1492 = CARTESIAN_POINT ( 'NONE',  ( 23.74915021617268351, 15.00000000000000533, 32.50402161106875809 ) ) ;
#1493 = ORIENTED_EDGE ( 'NONE', *, *, #4685, .T. ) ;
#1494 = CARTESIAN_POINT ( 'NONE',  ( 32.00000000000000000, -22.85935320227835277, -65.49999999997929478 ) ) ;
#1495 = ORIENTED_EDGE ( 'NONE', *, *, #2988, .F. ) ;
#1496 = CARTESIAN_POINT ( 'NONE',  ( 22.54180846694344709, 14.99999999999999822, -11.01762820512820262 ) ) ;
#1497 = EDGE_CURVE ( 'NONE', #2153, #56, #3877, .T. ) ;
#1498 = CARTESIAN_POINT ( 'NONE',  ( -21.00000000000000000, 5.848221124615166744, 56.07296202474786639 ) ) ;
#1499 = EDGE_CURVE ( 'NONE', #206, #2123, #925, .T. ) ;
#1500 = VECTOR ( 'NONE', #2512, 1000.000000000000000 ) ;
#1501 = CARTESIAN_POINT ( 'NONE',  ( 23.38434943664681498, 19.86086758453160783, 33.95955067677851247 ) ) ;
#1502 = DIRECTION ( 'NONE',  ( 0.000000000000000000, 0.000000000000000000, 1.000000000000000000 ) ) ;
#1503 = VECTOR ( 'NONE', #2647, 1000.000000000000000 ) ;
#1504 = CARTESIAN_POINT ( 'NONE',  ( -14.99999999999999467, 14.95656201026634946, 3.000000000000000000 ) ) ;
#1505 = CARTESIAN_POINT ( 'NONE',  ( -21.00000000000000000, -117.4469470763954178, 0.000000000000000000 ) ) ;
#1506 = VERTEX_POINT ( 'NONE', #1954 ) ;
#1507 = VECTOR ( 'NONE', #5980, 1000.000000000000000 ) ;
#1508 = VECTOR ( 'NONE', #1069, 1000.000000000000000 ) ;
#1509 = VECTOR ( 'NONE', #740, 1000.000000000000000 ) ;
#1510 = ORIENTED_EDGE ( 'NONE', *, *, #456, .F. ) ;
#1511 = EDGE_CURVE ( 'NONE', #3412, #6259, #2921, .T. ) ;
#1512 = CARTESIAN_POINT ( 'NONE',  ( -65.00000000000000000, -6.320650740892876485, -44.45819086997284586 ) ) ;
#1513 = ORIENTED_EDGE ( 'NONE', *, *, #2906, .F. ) ;
#1514 = ADVANCED_FACE ( 'NONE', ( #362, #5403 ), #2884, .T. ) ;
#1515 = CARTESIAN_POINT ( 'NONE',  ( 23.77687542794657460, 15.00000000000000533, 34.23552942919862119 ) ) ;
#1516 = CARTESIAN_POINT ( 'NONE',  ( 23.65013031620136630, 15.00000000000000178, 32.84250972919281963 ) ) ;
#1517 = DIRECTION ( 'NONE',  ( 0.000000000000000000, 0.3233786518374731633, 0.9462696484278561027 ) ) ;
#1518 = VECTOR ( 'NONE', #4730, 1000.000000000000000 ) ;
#1519 = ORIENTED_EDGE ( 'NONE', *, *, #885, .F. ) ;
#1520 = CARTESIAN_POINT ( 'NONE',  ( -32.00000000000000000, -58.93341382233347048, -64.71433077461429662 ) ) ;
#1521 = EDGE_CURVE ( 'NONE', #1446, #85, #5645, .T. ) ;
#1522 = FACE_OUTER_BOUND ( 'NONE', #2621, .T. ) ;
#1523 = VERTEX_POINT ( 'NONE', #3452 ) ;
#1524 = DIRECTION ( 'NONE',  ( 0.000000000000000000, -1.000000000000000000, -1.341519488088333655E-13 ) ) ;
#1525 = CARTESIAN_POINT ( 'NONE',  ( 22.49358974358974805, 14.99999999999999822, 34.32211538461537970 ) ) ;
#1526 = PLANE ( 'NONE',  #5946 ) ;
#1527 = ORIENTED_EDGE ( 'NONE', *, *, #5481, .T. ) ;
#1528 = DIRECTION ( 'NONE',  ( -0.000000000000000000, 0.9187769822972391420, 0.3947769709605395971 ) ) ;
#1529 = VECTOR ( 'NONE', #2658, 1000.000000000000000 ) ;
#1530 = ORIENTED_EDGE ( 'NONE', *, *, #6460, .F. ) ;
#1531 = DIRECTION ( 'NONE',  ( 0.000000000000000000, 0.8922282841632196426, -0.4515846420541300699 ) ) ;
#1532 = DIRECTION ( 'NONE',  ( 0.000000000000000000, -0.3442212980149142454, -0.9388885439672419730 ) ) ;
#1533 = VECTOR ( 'NONE', #5476, 1000.000000000000000 ) ;
#1534 = CARTESIAN_POINT ( 'NONE',  ( 24.04085644477556016, 19.86086758453160783, 33.54202187660497003 ) ) ;
#1535 = LINE ( 'NONE', #3558, #4054 ) ;
#1536 = DIRECTION ( 'NONE',  ( 0.000000000000000000, 0.8816728225794489004, -0.4718612443555709746 ) ) ;
#1537 = DIRECTION ( 'NONE',  ( -1.000000000000000000, 0.000000000000000000, 0.000000000000000000 ) ) ;
#1538 = ORIENTED_EDGE ( 'NONE', *, *, #2625, .F. ) ;
#1539 = AXIS2_PLACEMENT_3D ( 'NONE', #1990, #519, #1394 ) ;
#1540 = ORIENTED_EDGE ( 'NONE', *, *, #5088, .F. ) ;
#1541 = VERTEX_POINT ( 'NONE', #4097 ) ;
#1542 = LINE ( 'NONE', #4437, #3426 ) ;
#1543 = EDGE_CURVE ( 'NONE', #1400, #5122, #4946, .T. ) ;
#1544 = ORIENTED_EDGE ( 'NONE', *, *, #5642, .F. ) ;
#1545 = CARTESIAN_POINT ( 'NONE',  ( 23.62417513766272492, 15.00000000000000178, 34.27742775333473446 ) ) ;
#1546 = EDGE_CURVE ( 'NONE', #2851, #3275, #4064, .T. ) ;
#1547 = ADVANCED_FACE ( 'NONE', ( #2604 ), #4630, .T. ) ;
#1548 = ADVANCED_FACE ( 'NONE', ( #4412 ), #5466, .F. ) ;
#1549 = CARTESIAN_POINT ( 'NONE',  ( 22.74879807692308020, 14.99999999999999822, 34.32211538461537970 ) ) ;
#1550 = ORIENTED_EDGE ( 'NONE', *, *, #4447, .F. ) ;
#1551 = EDGE_CURVE ( 'NONE', #3651, #78, #240, .T. ) ;
#1552 = ADVANCED_FACE ( 'NONE', ( #2770 ), #1239, .T. ) ;
#1553 = LINE ( 'NONE', #1520, #6358 ) ;
#1554 = DIRECTION ( 'NONE',  ( 0.000000000000000000, -0.4718612443555697533, -0.8816728225794494556 ) ) ;
#1555 = ORIENTED_EDGE ( 'NONE', *, *, #2291, .T. ) ;
#1556 = CARTESIAN_POINT ( 'NONE',  ( 34.00000000000000000, -51.84896863539253076, 17.16690761165163437 ) ) ;
#1557 = CARTESIAN_POINT ( 'NONE',  ( 34.00000000000000000, -31.42600000094764567, -30.36411590740336308 ) ) ;
#1558 = FACE_OUTER_BOUND ( 'NONE', #426, .T. ) ;
#1559 = VECTOR ( 'NONE', #5242, 1000.000000000000227 ) ;
#1560 = EDGE_CURVE ( 'NONE', #3412, #670, #3446, .T. ) ;
#1561 = ORIENTED_EDGE ( 'NONE', *, *, #4873, .T. ) ;
#1562 = DIRECTION ( 'NONE',  ( -0.000000000000000000, 0.9462696484278554365, -0.3233786518374752728 ) ) ;
#1563 = ORIENTED_EDGE ( 'NONE', *, *, #4514, .F. ) ;
#1564 = DIRECTION ( 'NONE',  ( 0.000000000000000000, 0.000000000000000000, -1.000000000000000000 ) ) ;
#1565 = ADVANCED_FACE ( 'NONE', ( #6214 ), #5749, .T. ) ;
#1566 = LINE ( 'NONE', #1159, #6552 ) ;
#1567 = EDGE_CURVE ( 'NONE', #2984, #2993, #4592, .T. ) ;
#1568 = DIRECTION ( 'NONE',  ( -1.000000000000000000, -0.000000000000000000, 0.000000000000000000 ) ) ;
#1569 = DIRECTION ( 'NONE',  ( -1.000000000000000000, -0.000000000000000000, -0.000000000000000000 ) ) ;
#1570 = DIRECTION ( 'NONE',  ( 0.000000000000000000, 0.9544310665531305915, -0.2984314648261029435 ) ) ;
#1571 = DIRECTION ( 'NONE',  ( 0.000000000000000000, -0.4651525774019363291, -0.8852305235001420858 ) ) ;
#1572 = ORIENTED_EDGE ( 'NONE', *, *, #2893, .T. ) ;
#1573 = VECTOR ( 'NONE', #5205, 1000.000000000000000 ) ;
#1574 = VECTOR ( 'NONE', #4939, 1000.000000000000000 ) ;
#1575 = EDGE_CURVE ( 'NONE', #6051, #2256, #5120, .T. ) ;
#1576 = AXIS2_PLACEMENT_3D ( 'NONE', #4741, #5774, #5269 ) ;
#1577 = VECTOR ( 'NONE', #5467, 1000.000000000000000 ) ;
#1578 = ORIENTED_EDGE ( 'NONE', *, *, #2412, .T. ) ;
#1579 = ORIENTED_EDGE ( 'NONE', *, *, #2040, .F. ) ;
#1580 = CARTESIAN_POINT ( 'NONE',  ( 34.00000000000000000, -24.11995919263004140, -61.49999999998721734 ) ) ;
#1581 = DIRECTION ( 'NONE',  ( 0.000000000000000000, -0.2984314648261021663, -0.9544310665531309246 ) ) ;
#1582 = ORIENTED_EDGE ( 'NONE', *, *, #1840, .F. ) ;
#1583 = CARTESIAN_POINT ( 'NONE',  ( 23.24525795654544780, 19.86068834797920957, 34.32084022268448109 ) ) ;
#1584 = AXIS2_PLACEMENT_3D ( 'NONE', #5212, #6245, #4041 ) ;
#1585 = ADVANCED_FACE ( 'NONE', ( #4662 ), #2697, .T. ) ;
#1586 = CARTESIAN_POINT ( 'NONE',  ( -32.00000000000000000, -7.999999999995562661, -67.49999999997872635 ) ) ;
#1587 = ORIENTED_EDGE ( 'NONE', *, *, #6381, .T. ) ;
#1588 = CARTESIAN_POINT ( 'NONE',  ( 25.00000000000000000, -126.4501835576286624, 8.448105686686514324E-15 ) ) ;
#1589 = CARTESIAN_POINT ( 'NONE',  ( 32.00000000000000000, -15.99999999999596589, 78.49999999999802469 ) ) ;
#1590 = ORIENTED_EDGE ( 'NONE', *, *, #3700, .T. ) ;
#1591 = CARTESIAN_POINT ( 'NONE',  ( 32.00000000000000000, -7.999999999995895728, 67.49999999999792522 ) ) ;
#1592 = CARTESIAN_POINT ( 'NONE',  ( 32.00000000000001421, -53.68652259998701481, 16.37735366973054596 ) ) ;
#1593 = AXIS2_PLACEMENT_3D ( 'NONE', #6426, #2942, #1915 ) ;
#1594 = LINE ( 'NONE', #6198, #4134 ) ;
#1595 = VERTEX_POINT ( 'NONE', #4725 ) ;
#1596 = DIRECTION ( 'NONE',  ( -0.000000000000000000, 1.000000000000000000, 1.734723475976807094E-15 ) ) ;
#1597 = ORIENTED_EDGE ( 'NONE', *, *, #3660, .F. ) ;
#1598 = FACE_BOUND ( 'NONE', #6117, .T. ) ;
#1599 = DIRECTION ( 'NONE',  ( -0.000000000000000000, -0.000000000000000000, -1.000000000000000000 ) ) ;
#1600 = DIRECTION ( 'NONE',  ( 0.000000000000000000, 0.9163938541160767670, -0.4002777837181107357 ) ) ;
#1601 = CARTESIAN_POINT ( 'NONE',  ( 21.00000000000000000, 21.00290591502244197, -1.199999999999999734 ) ) ;
#1602 = CARTESIAN_POINT ( 'NONE',  ( -34.00000000000000000, -22.44884186725809627, -33.04136752811918853 ) ) ;
#1603 = VERTEX_POINT ( 'NONE', #4160 ) ;
#1604 = EDGE_CURVE ( 'NONE', #3177, #1434, #1673, .T. ) ;
#1605 = EDGE_CURVE ( 'NONE', #74, #6481, #4226, .T. ) ;
#1606 = ORIENTED_EDGE ( 'NONE', *, *, #3544, .F. ) ;
#1607 = ORIENTED_EDGE ( 'NONE', *, *, #247, .T. ) ;
#1608 = EDGE_CURVE ( 'NONE', #6314, #4234, #2792, .T. ) ;
#1609 = LINE ( 'NONE', #2571, #1963 ) ;
#1610 = CARTESIAN_POINT ( 'NONE',  ( -65.00000000000000000, -9.985710447137384094, 58.49999999998851763 ) ) ;
#1611 = EDGE_LOOP ( 'NONE', ( #6529, #4888, #3131, #2702 ) ) ;
#1612 = CARTESIAN_POINT ( 'NONE',  ( -126.5489894022228441, -57.01957048597077460, 14.00215858380043699 ) ) ;
#1613 = AXIS2_PLACEMENT_3D ( 'NONE', #1416, #2915, #4971 ) ;
#1614 = DIRECTION ( 'NONE',  ( -0.000000000000000000, 0.000000000000000000, -1.000000000000000000 ) ) ;
#1615 = VERTEX_POINT ( 'NONE', #142 ) ;
#1616 = VECTOR ( 'NONE', #233, 1000.000000000000000 ) ;
#1617 = DIRECTION ( 'NONE',  ( 0.000000000000000000, 0.000000000000000000, 1.000000000000000000 ) ) ;
#1618 = DIRECTION ( 'NONE',  ( 1.000000000000000000, 0.000000000000000000, 0.000000000000000000 ) ) ;
#1619 = ORIENTED_EDGE ( 'NONE', *, *, #1668, .T. ) ;
#1620 = DIRECTION ( 'NONE',  ( -0.000000000000000000, 1.000000000000000000, -0.000000000000000000 ) ) ;
#1621 = DIRECTION ( 'NONE',  ( 1.000000000000000000, 0.000000000000000000, 0.000000000000000000 ) ) ;
#1622 = VECTOR ( 'NONE', #631, 1000.000000000000000 ) ;
#1623 = LINE ( 'NONE', #3176, #2020 ) ;
#1624 = ORIENTED_EDGE ( 'NONE', *, *, #1382, .T. ) ;
#1625 = LINE ( 'NONE', #3679, #4332 ) ;
#1626 = ORIENTED_EDGE ( 'NONE', *, *, #3182, .T. ) ;
#1627 = DIRECTION ( 'NONE',  ( 0.000000000000000000, 2.550043509685904409E-13, -1.000000000000000000 ) ) ;
#1628 = CARTESIAN_POINT ( 'NONE',  ( 34.00000000000000000, -64.57971975428964129, 41.72943736561370542 ) ) ;
#1629 = EDGE_CURVE ( 'NONE', #3816, #1272, #4270, .T. ) ;
#1630 = ADVANCED_FACE ( 'NONE', ( #1740 ), #5250, .F. ) ;
#1631 = DIRECTION ( 'NONE',  ( 0.000000000000000000, 0.8922282841630463368, -0.4515846420544727957 ) ) ;
#1632 = DIRECTION ( 'NONE',  ( 0.000000000000000000, 0.000000000000000000, -1.000000000000000000 ) ) ;
#1633 = DIRECTION ( 'NONE',  ( 0.000000000000000000, 0.000000000000000000, 1.000000000000000000 ) ) ;
#1634 = ORIENTED_EDGE ( 'NONE', *, *, #3388, .T. ) ;
#1635 = AXIS2_PLACEMENT_3D ( 'NONE', #562, #5673, #2036 ) ;
#1636 = VECTOR ( 'NONE', #4519, 1000.000000000000000 ) ;
#1637 = AXIS2_PLACEMENT_3D ( 'NONE', #3053, #5082, #530 ) ;
#1638 = EDGE_CURVE ( 'NONE', #1109, #4078, #3161, .T. ) ;
#1639 = VERTEX_POINT ( 'NONE', #1610 ) ;
#1640 = ORIENTED_EDGE ( 'NONE', *, *, #1161, .F. ) ;
#1641 = LINE ( 'NONE', #3600, #4583 ) ;
#1642 = DIRECTION ( 'NONE',  ( 0.000000000000000000, -0.3947769709605395971, 0.9187769822972391420 ) ) ;
#1643 = AXIS2_PLACEMENT_3D ( 'NONE', #6478, #5503, #6005 ) ;
#1644 = VERTEX_POINT ( 'NONE', #6290 ) ;
#1645 = CARTESIAN_POINT ( 'NONE',  ( 34.00000000000000000, -25.43741280912403724, -59.49999999998721734 ) ) ;
#1646 = ADVANCED_FACE ( 'NONE', ( #1206 ), #3633, .F. ) ;
#1647 = DIRECTION ( 'NONE',  ( 1.000000000000000000, 0.000000000000000000, 0.000000000000000000 ) ) ;
#1648 = ORIENTED_EDGE ( 'NONE', *, *, #2412, .F. ) ;
#1649 = LINE ( 'NONE', #3238, #2679 ) ;
#1650 = DIRECTION ( 'NONE',  ( 0.000000000000000000, 0.000000000000000000, -1.000000000000000000 ) ) ;
#1651 = ORIENTED_EDGE ( 'NONE', *, *, #4350, .F. ) ;
#1652 = PLANE ( 'NONE',  #2352 ) ;
#1653 = LINE ( 'NONE', #4542, #296 ) ;
#1654 = EDGE_CURVE ( 'NONE', #374, #293, #2730, .T. ) ;
#1655 = VERTEX_POINT ( 'NONE', #1107 ) ;
#1656 = CARTESIAN_POINT ( 'NONE',  ( 25.00000000000000000, -126.4501835576286624, 8.448105686686514324E-15 ) ) ;
#1657 = ORIENTED_EDGE ( 'NONE', *, *, #5764, .F. ) ;
#1658 = CARTESIAN_POINT ( 'NONE',  ( 24.58926691259541997, 14.99999999999999822, 9.812499999999985789 ) ) ;
#1659 = ORIENTED_EDGE ( 'NONE', *, *, #2448, .F. ) ;
#1660 = LINE ( 'NONE', #3589, #822 ) ;
#1661 = EDGE_CURVE ( 'NONE', #3339, #1690, #1137, .T. ) ;
#1662 = CIRCLE ( 'NONE', #5430, 395.0616701809472602 ) ;
#1663 = DIRECTION ( 'NONE',  ( -0.000000000000000000, -1.000000000000000000, -0.000000000000000000 ) ) ;
#1664 = CARTESIAN_POINT ( 'NONE',  ( -126.5489894022228441, -68.86287961478693376, 41.56546805271762679 ) ) ;
#1665 = DIRECTION ( 'NONE',  ( -1.000000000000000000, -0.000000000000000000, 0.000000000000000000 ) ) ;
#1666 = ORIENTED_EDGE ( 'NONE', *, *, #4942, .F. ) ;
#1667 = CC_DESIGN_PERSON_AND_ORGANIZATION_ASSIGNMENT ( #2902, #4893, ( #3095 ) ) ;
#1668 = EDGE_CURVE ( 'NONE', #1144, #1287, #5331, .T. ) ;
#1669 = VERTEX_POINT ( 'NONE', #2908 ) ;
#1670 = ORIENTED_EDGE ( 'NONE', *, *, #2988, .T. ) ;
#1671 = VECTOR ( 'NONE', #2220, 1000.000000000000000 ) ;
#1672 = LINE ( 'NONE', #5619, #2807 ) ;
#1673 = LINE ( 'NONE', #113, #3961 ) ;
#1674 = ORIENTED_EDGE ( 'NONE', *, *, #3917, .F. ) ;
#1675 = DIRECTION ( 'NONE',  ( 0.000000000000000000, 0.3947769709605385424, -0.9187769822972395861 ) ) ;
#1676 = VECTOR ( 'NONE', #4382, 1000.000000000000000 ) ;
#1677 = ADVANCED_FACE ( 'NONE', ( #312, #3365 ), #3833, .T. ) ;
#1678 = VECTOR ( 'NONE', #1421, 1000.000000000000000 ) ;
#1679 = FACE_OUTER_BOUND ( 'NONE', #6489, .T. ) ;
#1680 = ORIENTED_EDGE ( 'NONE', *, *, #855, .F. ) ;
#1681 = CARTESIAN_POINT ( 'NONE',  ( 24.06292743251706767, 14.99999999999999467, 33.40165217075261950 ) ) ;
#1682 = CC_DESIGN_APPROVAL ( #1063, ( #3095 ) ) ;
#1683 = CARTESIAN_POINT ( 'NONE',  ( -14.99999999999999289, -120.6397764325932087, -2.154098419910760431E-14 ) ) ;
#1684 = CIRCLE ( 'NONE', #2318, 1.199999999999987521 ) ;
#1685 = EDGE_LOOP ( 'NONE', ( #3029, #5966, #6202, #5937, #1956 ) ) ;
#1686 = CARTESIAN_POINT ( 'NONE',  ( 23.13721955128205465, 14.99999999999999822, 34.32211538461537970 ) ) ;
#1687 = CARTESIAN_POINT ( 'NONE',  ( 21.00000000000000000, -117.4469470763954178, 0.000000000000000000 ) ) ;
#1688 = LINE ( 'NONE', #2069, #258 ) ;
#1689 = CARTESIAN_POINT ( 'NONE',  ( -21.00000000000000000, 17.96677295205778435, 3.000000000000000444 ) ) ;
#1690 = VERTEX_POINT ( 'NONE', #845 ) ;
#1691 = DIRECTION ( 'NONE',  ( -1.000000000000000000, 0.000000000000000000, 0.000000000000000000 ) ) ;
#1692 = VERTEX_POINT ( 'NONE', #4933 ) ;
#1693 = CARTESIAN_POINT ( 'NONE',  ( -32.00000000000000000, -7.999999999995562661, -67.49999999997872635 ) ) ;
#1694 = DIRECTION ( 'NONE',  ( -1.000000000000000000, -0.000000000000000000, 0.000000000000000000 ) ) ;
#1695 = VECTOR ( 'NONE', #1082, 1000.000000000000000 ) ;
#1696 = LINE ( 'NONE', #6173, #2567 ) ;
#1697 = ORIENTED_EDGE ( 'NONE', *, *, #411, .T. ) ;
#1698 = PLANE ( 'NONE',  #5681 ) ;
#1699 = CIRCLE ( 'NONE', #6257, 135.5034452694893616 ) ;
#1700 = ORIENTED_EDGE ( 'NONE', *, *, #3853, .T. ) ;
#1701 = CARTESIAN_POINT ( 'NONE',  ( 24.00818012777762789, 14.99999999999998401, 33.13015080153230940 ) ) ;
#1702 = VERTEX_POINT ( 'NONE', #3402 ) ;
#1703 = EDGE_LOOP ( 'NONE', ( #1255, #2972, #1782, #666 ) ) ;
#1704 = DIRECTION ( 'NONE',  ( 0.000000000000000000, 0.000000000000000000, 1.000000000000000000 ) ) ;
#1705 = DIRECTION ( 'NONE',  ( -1.000000000000000000, -0.000000000000000000, 0.000000000000000000 ) ) ;
#1706 = VERTEX_POINT ( 'NONE', #4361 ) ;
#1707 = FACE_OUTER_BOUND ( 'NONE', #572, .T. ) ;
#1708 = ADVANCED_FACE ( 'NONE', ( #5923 ), #2340, .F. ) ;
#1709 = DIRECTION ( 'NONE',  ( 1.000000000000000000, 0.000000000000000000, 0.000000000000000000 ) ) ;
#1710 = ORIENTED_EDGE ( 'NONE', *, *, #4205, .F. ) ;
#1711 = ADVANCED_FACE ( 'NONE', ( #1408 ), #5389, .F. ) ;
#1712 = CARTESIAN_POINT ( 'NONE',  ( 23.52238376413519561, 14.99999999999999822, 33.94364525951601053 ) ) ;
#1713 = AXIS2_PLACEMENT_3D ( 'NONE', #4931, #383, #3259 ) ;
#1714 = CARTESIAN_POINT ( 'NONE',  ( 23.95740443048602586, 14.99999999999998757, 32.59706455683516424 ) ) ;
#1715 = ORIENTED_EDGE ( 'NONE', *, *, #733, .F. ) ;
#1716 = LINE ( 'NONE', #1752, #4682 ) ;
#1717 = CARTESIAN_POINT ( 'NONE',  ( -26.00000000000000000, 5.859598249176485751, -56.07296202289150244 ) ) ;
#1718 = CIRCLE ( 'NONE', #342, 135.4651084882032137 ) ;
#1719 = CIRCLE ( 'NONE', #2361, 135.4651084882032137 ) ;
#1720 = VECTOR ( 'NONE', #1948, 1000.000000000000000 ) ;
#1721 = EDGE_CURVE ( 'NONE', #3297, #1005, #1195, .T. ) ;
#1722 = CARTESIAN_POINT ( 'NONE',  ( 32.00000000000000000, -56.33545039954876188, 12.40998417959844957 ) ) ;
#1723 = PLANE ( 'NONE',  #3972 ) ;
#1724 = ORIENTED_EDGE ( 'NONE', *, *, #733, .T. ) ;
#1725 = FACE_OUTER_BOUND ( 'NONE', #6551, .T. ) ;
#1726 = ORIENTED_EDGE ( 'NONE', *, *, #5618, .T. ) ;
#1727 = DIRECTION ( 'NONE',  ( -1.000000000000000000, 0.000000000000000000, 0.000000000000000000 ) ) ;
#1728 = PLANE ( 'NONE',  #1363 ) ;
#1729 = AXIS2_PLACEMENT_3D ( 'NONE', #4193, #2137, #1642 ) ;
#1730 = CARTESIAN_POINT ( 'NONE',  ( -26.00000000000000000, 11.85959824917824612, 56.07296202289228404 ) ) ;
#1731 = ORIENTED_EDGE ( 'NONE', *, *, #4905, .T. ) ;
#1732 = DIRECTION ( 'NONE',  ( -1.000000000000000000, 0.000000000000000000, -0.000000000000000000 ) ) ;
#1733 = ORIENTED_EDGE ( 'NONE', *, *, #198, .F. ) ;
#1734 = LINE ( 'NONE', #5382, #2841 ) ;
#1735 = ADVANCED_FACE ( 'NONE', ( #6394 ), #349, .T. ) ;
#1736 = ORIENTED_EDGE ( 'NONE', *, *, #2250, .F. ) ;
#1737 = ORIENTED_EDGE ( 'NONE', *, *, #6512, .F. ) ;
#1738 = CARTESIAN_POINT ( 'NONE',  ( 23.47551371982912727, 15.00000000000000533, 32.81130603557662084 ) ) ;
#1739 = CARTESIAN_POINT ( 'NONE',  ( 32.00000000000000000, -20.44485126344107329, -55.92089211614505473 ) ) ;
#1740 = FACE_OUTER_BOUND ( 'NONE', #421, .T. ) ;
#1741 = VERTEX_POINT ( 'NONE', #1911 ) ;
#1742 = DIRECTION ( 'NONE',  ( 0.000000000000000000, -0.2984314648261021663, -0.9544310665531309246 ) ) ;
#1743 = CIRCLE ( 'NONE', #2273, 2.000000000000001776 ) ;
#1744 = VECTOR ( 'NONE', #6229, 1000.000000000000000 ) ;
#1745 = DIRECTION ( 'NONE',  ( 0.000000000000000000, -1.341519488088333655E-13, -1.000000000000000000 ) ) ;
#1746 = VERTEX_POINT ( 'NONE', #1877 ) ;
#1747 = CIRCLE ( 'NONE', #4712, 1.199999999999989297 ) ;
#1748 = CARTESIAN_POINT ( 'NONE',  ( 23.55377452680378525, 19.68610902105287863, 33.94126602356664080 ) ) ;
#1749 = DIRECTION ( 'NONE',  ( 0.000000000000000000, -0.4002777837181162313, -0.9163938541160743245 ) ) ;
#1750 = EDGE_CURVE ( 'NONE', #2246, #449, #3433, .T. ) ;
#1751 = ORIENTED_EDGE ( 'NONE', *, *, #3781, .F. ) ;
#1752 = CARTESIAN_POINT ( 'NONE',  ( -65.00000000000000000, -28.44884186725240838, 3.958632471878713144 ) ) ;
#1753 = EDGE_CURVE ( 'NONE', #2962, #5202, #2376, .T. ) ;
#1754 = EDGE_CURVE ( 'NONE', #3278, #4481, #4327, .T. ) ;
#1755 = CC_DESIGN_DATE_AND_TIME_ASSIGNMENT ( #4321, #1335, ( #1788 ) ) ;
#1756 = EDGE_CURVE ( 'NONE', #5498, #1204, #5456, .T. ) ;
#1757 = ORIENTED_EDGE ( 'NONE', *, *, #4602, .T. ) ;
#1758 = DIRECTION ( 'NONE',  ( 0.000000000000000000, -1.000000000000000000, 1.593824000378136335E-15 ) ) ;
#1759 = CARTESIAN_POINT ( 'NONE',  ( 23.83369876497625839, 20.18827990610378009, -31.93749999999999289 ) ) ;
#1760 = ORIENTED_EDGE ( 'NONE', *, *, #983, .T. ) ;
#1761 = FACE_OUTER_BOUND ( 'NONE', #3746, .T. ) ;
#1762 = ORIENTED_EDGE ( 'NONE', *, *, #3672, .F. ) ;
#1763 = CARTESIAN_POINT ( 'NONE',  ( -65.00000000000000000, -8.928433764226312519, -45.37988910734107151 ) ) ;
#1764 = CARTESIAN_POINT ( 'NONE',  ( 32.00000000000000000, -62.43813982404275720, 41.81142202206593339 ) ) ;
#1765 = EDGE_CURVE ( 'NONE', #3816, #6481, #1451, .T. ) ;
#1766 = FACE_OUTER_BOUND ( 'NONE', #5374, .T. ) ;
#1767 = ORIENTED_EDGE ( 'NONE', *, *, #4642, .T. ) ;
#1768 = ORIENTED_EDGE ( 'NONE', *, *, #4241, .T. ) ;
#1769 = DIRECTION ( 'NONE',  ( 1.000000000000000000, 0.000000000000000000, -0.000000000000000000 ) ) ;
#1770 = CALENDAR_DATE ( 2026, 8, 7 ) ;
#1771 = ORIENTED_EDGE ( 'NONE', *, *, #4330, .F. ) ;
#1772 = ORIENTED_EDGE ( 'NONE', *, *, #4963, .T. ) ;
#1773 = PLANE ( 'NONE',  #5425 ) ;
#1774 = LINE ( 'NONE', #6549, #4372 ) ;
#1775 = DIRECTION ( 'NONE',  ( 0.000000000000000000, -0.3947769709605351562, 0.9187769822972410294 ) ) ;
#1776 = EDGE_LOOP ( 'NONE', ( #4782, #1389, #183, #4036 ) ) ;
#1777 = AXIS2_PLACEMENT_3D ( 'NONE', #4057, #2623, #1532 ) ;
#1778 = CARTESIAN_POINT ( 'NONE',  ( 15.00000000000000178, 8.645321984638215440, 10.00000000000000000 ) ) ;
#1779 = ORIENTED_EDGE ( 'NONE', *, *, #676, .F. ) ;
#1780 = CARTESIAN_POINT ( 'NONE',  ( 23.80073314889559200, 19.70978475339045488, 33.84963340597059300 ) ) ;
#1781 = DIRECTION ( 'NONE',  ( 1.000000000000000000, 0.000000000000000000, 0.000000000000000000 ) ) ;
#1782 = ORIENTED_EDGE ( 'NONE', *, *, #377, .F. ) ;
#1783 = DIRECTION ( 'NONE',  ( 0.000000000000000000, -3.469446951953617344E-15, 1.000000000000000000 ) ) ;
#1784 = AXIS2_PLACEMENT_3D ( 'NONE', #331, #2956, #5504 ) ;
#1785 = EDGE_CURVE ( 'NONE', #2766, #3278, #6324, .T. ) ;
#1786 = FACE_OUTER_BOUND ( 'NONE', #5824, .T. ) ;
#1787 = ORIENTED_EDGE ( 'NONE', *, *, #5445, .F. ) ;
#1788 = SECURITY_CLASSIFICATION ( '', '', #840 ) ;
#1789 = CARTESIAN_POINT ( 'NONE',  ( -14.99999999999999289, 4.521337732751734784, 52.24999999999999289 ) ) ;
#1790 = AXIS2_PLACEMENT_3D ( 'NONE', #149, #4669, #1554 ) ;
#1791 = LINE ( 'NONE', #788, #471 ) ;
#1792 = EDGE_LOOP ( 'NONE', ( #5040, #934, #4955, #3834 ) ) ;
#1793 = DIRECTION ( 'NONE',  ( -0.6227882322439386442, 0.000000000000000000, -0.7823904509760263304 ) ) ;
#1794 = EDGE_LOOP ( 'NONE', ( #1680, #1772, #6076, #5873 ) ) ;
#1795 = CARTESIAN_POINT ( 'NONE',  ( 34.00000000000000000, -31.42600000094764567, -30.36411590740335953 ) ) ;
#1796 = LINE ( 'NONE', #6237, #3907 ) ;
#1797 = AXIS2_PLACEMENT_3D ( 'NONE', #5527, #988, #5967 ) ;
#1798 = CARTESIAN_POINT ( 'NONE',  ( 25.00000000000000000, 14.95656201026634946, -3.000000000000000000 ) ) ;
#1799 = ORIENTED_EDGE ( 'NONE', *, *, #5759, .F. ) ;
#1800 = DIRECTION ( 'NONE',  ( -1.000000000000000000, -0.000000000000000000, 0.000000000000000000 ) ) ;
#1801 = ORIENTED_EDGE ( 'NONE', *, *, #2625, .T. ) ;
#1802 = CARTESIAN_POINT ( 'NONE',  ( 23.46002798714001969, 14.99999999999999467, 32.45599497173644465 ) ) ;
#1803 = ORIENTED_EDGE ( 'NONE', *, *, #4591, .F. ) ;
#1804 = ORIENTED_EDGE ( 'NONE', *, *, #2906, .T. ) ;
#1805 = CARTESIAN_POINT ( 'NONE',  ( -32.00000000000000000, -27.97567886902459833, 4.900475132173308879 ) ) ;
#1806 = CIRCLE ( 'NONE', #429, 135.5034452694893616 ) ;
#1807 = EDGE_CURVE ( 'NONE', #211, #6294, #5823, .T. ) ;
#1808 = LINE ( 'NONE', #5289, #1509 ) ;
#1809 = CARTESIAN_POINT ( 'NONE',  ( 22.17948717948718240, 14.99999999999999822, 35.93750000000000000 ) ) ;
#1810 = VERTEX_POINT ( 'NONE', #1846 ) ;
#1811 = B_SPLINE_CURVE_WITH_KNOTS ( 'NONE', 3,
 ( #2998, #415, #882, #3438, #1876, #4030, #5922, #4495, #5484, #1942, #384, #1407 ),
 .UNSPECIFIED., .F., .F.,
 ( 4, 2, 2, 2, 2, 4 ),
 ( 0.000000000000000000, 0.0001538491988048419027, 0.0003076983976096838054, 0.0006153967952193483120, 0.0009230951928290129270, 0.001230793590438677325 ),
 .UNSPECIFIED. ) ;
#1812 = EDGE_CURVE ( 'NONE', #4268, #1978, #5323, .T. ) ;
#1813 = CARTESIAN_POINT ( 'NONE',  ( 32.00000000000000000, -117.5625000000008669, 9.575680578283035600E-12 ) ) ;
#1814 = ORIENTED_EDGE ( 'NONE', *, *, #2201, .T. ) ;
#1815 = CARTESIAN_POINT ( 'NONE',  ( -24.99999999999999289, 5.014924930574546025, -10.00000000000000000 ) ) ;
#1816 = AXIS2_PLACEMENT_3D ( 'NONE', #2309, #6365, #4266 ) ;
#1817 = DIRECTION ( 'NONE',  ( 1.000000000000000000, -0.000000000000000000, -0.000000000000000000 ) ) ;
#1818 = DIRECTION ( 'NONE',  ( 0.000000000000000000, 0.000000000000000000, 1.000000000000000000 ) ) ;
#1819 = CARTESIAN_POINT ( 'NONE',  ( 24.99999999999999289, -33.06546114089393740, -20.43926113024363289 ) ) ;
#1820 = VECTOR ( 'NONE', #1068, 1000.000000000000000 ) ;
#1821 = ORIENTED_EDGE ( 'NONE', *, *, #5151, .T. ) ;
#1822 = AXIS2_PLACEMENT_3D ( 'NONE', #2879, #5329, #780 ) ;
#1823 = CARTESIAN_POINT ( 'NONE',  ( 65.00000000000000000, -64.33067912089846629, 42.45817932574086484 ) ) ;
#1824 = CARTESIAN_POINT ( 'NONE',  ( 65.00000000000000000, -62.43813982404275720, 41.81142202206591918 ) ) ;
#1825 = VERTEX_POINT ( 'NONE', #6361 ) ;
#1826 = LINE ( 'NONE', #3848, #1253 ) ;
#1827 = VERTEX_POINT ( 'NONE', #1809 ) ;
#1828 = DIRECTION ( 'NONE',  ( -0.000000000000000000, -0.4002777837181072385, -0.9163938541160784323 ) ) ;
#1829 = AXIS2_PLACEMENT_3D ( 'NONE', #3823, #1800, #2294 ) ;
#1830 = VECTOR ( 'NONE', #5955, 1000.000000000000000 ) ;
#1831 = DIRECTION ( 'NONE',  ( 1.000000000000000000, -0.000000000000000000, -0.000000000000000000 ) ) ;
#1832 = ADVANCED_FACE ( 'NONE', ( #5859 ), #1309, .F. ) ;
#1833 = CARTESIAN_POINT ( 'NONE',  ( 23.01258713225551489, 20.06590110517307224, 32.43794164609369091 ) ) ;
#1834 = ORIENTED_EDGE ( 'NONE', *, *, #5411, .F. ) ;
#1835 = DIRECTION ( 'NONE',  ( 1.000000000000000000, 0.000000000000000000, 0.000000000000000000 ) ) ;
#1836 = ORIENTED_EDGE ( 'NONE', *, *, #1059, .F. ) ;
#1837 = DIRECTION ( 'NONE',  ( 0.000000000000000000, -0.8971219790639312075, 0.4417829271038157257 ) ) ;
#1838 = ADVANCED_FACE ( 'NONE', ( #533 ), #2535, .F. ) ;
#1839 = EDGE_CURVE ( 'NONE', #4045, #2386, #6488, .T. ) ;
#1840 = EDGE_CURVE ( 'NONE', #2462, #214, #1881, .T. ) ;
#1841 = AXIS2_PLACEMENT_3D ( 'NONE', #1588, #3608, #1617 ) ;
#1842 = EDGE_CURVE ( 'NONE', #5597, #4880, #5260, .T. ) ;
#1843 = EDGE_LOOP ( 'NONE', ( #1640, #1606, #3442, #1670 ) ) ;
#1844 = ORIENTED_EDGE ( 'NONE', *, *, #3153, .F. ) ;
#1845 = FACE_OUTER_BOUND ( 'NONE', #2453, .T. ) ;
#1846 = CARTESIAN_POINT ( 'NONE',  ( -14.99999999999999289, 8.645321984638215440, 10.00000000000000000 ) ) ;
#1847 = ORIENTED_EDGE ( 'NONE', *, *, #3175, .T. ) ;
#1848 = CYLINDRICAL_SURFACE ( 'NONE', #1248, 2.000000000000001776 ) ;
#1849 = ORIENTED_EDGE ( 'NONE', *, *, #2228, .T. ) ;
#1850 = PLANE ( 'NONE',  #2129 ) ;
#1851 = CARTESIAN_POINT ( 'NONE',  ( 24.13262399585109108, 15.00000000000000533, 32.73621466471333008 ) ) ;
#1852 = CARTESIAN_POINT ( 'NONE',  ( 32.00000000000000000, -33.06546114089393740, -20.43926113024363289 ) ) ;
#1853 = CARTESIAN_POINT ( 'NONE',  ( 34.00000000000000000, -62.43813982404276430, 41.81142202206591918 ) ) ;
#1854 = AXIS2_PLACEMENT_3D ( 'NONE', #835, #1209, #1742 ) ;
#1855 = ORIENTED_EDGE ( 'NONE', *, *, #2093, .T. ) ;
#1856 = DIRECTION ( 'NONE',  ( 0.000000000000000000, 9.217484472216091355E-16, 1.000000000000000000 ) ) ;
#1857 = DIRECTION ( 'NONE',  ( -1.000000000000000000, 0.000000000000000000, 0.000000000000000000 ) ) ;
#1858 = ORIENTED_EDGE ( 'NONE', *, *, #6223, .F. ) ;
#1859 = CARTESIAN_POINT ( 'NONE',  ( -34.00000000000000000, -22.44884186725809627, -31.81205129217410388 ) ) ;
#1860 = AXIS2_PLACEMENT_3D ( 'NONE', #1018, #3041, #5067 ) ;
#1861 = ORIENTED_EDGE ( 'NONE', *, *, #3757, .F. ) ;
#1862 = CARTESIAN_POINT ( 'NONE',  ( 24.99999999999999289, 4.440892098500626162E-12, 67.49999999999828049 ) ) ;
#1863 = ADVANCED_FACE ( 'NONE', ( #5050, #6082 ), #5085, .F. ) ;
#1864 = PLANE ( 'NONE',  #2202 ) ;
#1865 = DIRECTION ( 'NONE',  ( -0.000000000000000000, -1.000000000000000000, -0.000000000000000000 ) ) ;
#1866 = VERTEX_POINT ( 'NONE', #2564 ) ;
#1867 = CARTESIAN_POINT ( 'NONE',  ( 34.00000000000000000, -43.84814357996577172, 12.14358612020716954 ) ) ;
#1868 = VERTEX_POINT ( 'NONE', #4961 ) ;
#1869 = CARTESIAN_POINT ( 'NONE',  ( 32.00000000000000000, -15.99999999999596589, 78.49999999999802469 ) ) ;
#1870 = LINE ( 'NONE', #6449, #6020 ) ;
#1871 = ADVANCED_FACE ( 'NONE', ( #2037 ), #976, .T. ) ;
#1872 = PERSON_AND_ORGANIZATION ( #4040, #4752 ) ;
#1873 = DIRECTION ( 'NONE',  ( -1.000000000000000000, 0.000000000000000000, 0.000000000000000000 ) ) ;
#1874 = ORIENTED_EDGE ( 'NONE', *, *, #3866, .F. ) ;
#1875 = PLANE ( 'NONE',  #20 ) ;
#1876 = CARTESIAN_POINT ( 'NONE',  ( 24.00824937159699246, 19.89332120933199377, 33.13008664783910717 ) ) ;
#1877 = CARTESIAN_POINT ( 'NONE',  ( -32.00000000000000000, -31.99999999999558753, 78.49999999999802469 ) ) ;
#1878 = ORIENTED_EDGE ( 'NONE', *, *, #1111, .F. ) ;
#1879 = DIRECTION ( 'NONE',  ( 1.000000000000000000, 0.000000000000000000, 0.000000000000000000 ) ) ;
#1880 = EDGE_LOOP ( 'NONE', ( #2230, #4732, #1674, #5828 ) ) ;
#1881 = CIRCLE ( 'NONE', #176, 1.999999999999998668 ) ;
#1882 = CYLINDRICAL_SURFACE ( 'NONE', #1816, 135.5034452694893616 ) ;
#1883 = DIRECTION ( 'NONE',  ( 1.000000000000000000, -0.000000000000000000, -0.000000000000000000 ) ) ;
#1884 = DIRECTION ( 'NONE',  ( 1.000000000000000000, -0.000000000000000000, -0.000000000000000000 ) ) ;
#1885 = CARTESIAN_POINT ( 'NONE',  ( -34.00000000000000000, -6.320650740892876485, -44.45819086997284586 ) ) ;
#1886 = ORIENTED_EDGE ( 'NONE', *, *, #369, .F. ) ;
#1887 = CARTESIAN_POINT ( 'NONE',  ( -32.00000000000000000, -23.35201115136704431, -33.59650786050019633 ) ) ;
#1888 = ADVANCED_FACE ( 'NONE', ( #4993 ), #5577, .T. ) ;
#1889 = VECTOR ( 'NONE', #620, 1000.000000000000000 ) ;
#1890 = ORIENTED_EDGE ( 'NONE', *, *, #5764, .T. ) ;
#1891 = CARTESIAN_POINT ( 'NONE',  ( 23.36681733216371981, 20.09640605460910479, 32.44850303041332040 ) ) ;
#1892 = ORIENTED_EDGE ( 'NONE', *, *, #6512, .T. ) ;
#1893 = CARTESIAN_POINT ( 'NONE',  ( 51.00000000000000711, -59.89405751624688889, 20.69204354062491902 ) ) ;
#1894 = VECTOR ( 'NONE', #2047, 1000.000000000000000 ) ;
#1895 = LINE ( 'NONE', #5945, #6346 ) ;
#1896 = AXIS2_PLACEMENT_3D ( 'NONE', #3577, #94, #3644 ) ;
#1897 = VECTOR ( 'NONE', #6270, 1000.000000000000000 ) ;
#1898 = ADVANCED_FACE ( 'NONE', ( #3466 ), #4589, .F. ) ;
#1899 = CARTESIAN_POINT ( 'NONE',  ( 23.67287660256410575, 20.08457154396490907, 32.48517628205127750 ) ) ;
#1900 = ORIENTED_EDGE ( 'NONE', *, *, #3473, .T. ) ;
#1901 = CARTESIAN_POINT ( 'NONE',  ( 23.29474040542267232, 23.52168083254228037, 11.48104424895509723 ) ) ;
#1902 = ORIENTED_EDGE ( 'NONE', *, *, #5862, .T. ) ;
#1903 = DIRECTION ( 'NONE',  ( 0.000000000000000000, -0.2984314648261021663, -0.9544310665531309246 ) ) ;
#1904 = VECTOR ( 'NONE', #5998, 1000.000000000000000 ) ;
#1905 = AXIS2_PLACEMENT_3D ( 'NONE', #1448, #390, #1949 ) ;
#1906 = CARTESIAN_POINT ( 'NONE',  ( 65.00000000000000000, -22.28240522803555379, -56.71044605806613248 ) ) ;
#1907 = EDGE_CURVE ( 'NONE', #5199, #4903, #2717, .T. ) ;
#1908 = CARTESIAN_POINT ( 'NONE',  ( 23.63622822925353262, 14.99999999999999822, 33.91939021263049625 ) ) ;
#1909 = DIRECTION ( 'NONE',  ( 0.000000000000000000, 0.3947769709605395416, -0.9187769822972392531 ) ) ;
#1910 = CARTESIAN_POINT ( 'NONE',  ( 22.49358974358975161, 19.58698074325199201, 34.32211538461536549 ) ) ;
#1911 = CARTESIAN_POINT ( 'NONE',  ( -32.00000000000000000, -28.44884186725240838, 3.958632471878713144 ) ) ;
#1912 = ORIENTED_EDGE ( 'NONE', *, *, #774, .T. ) ;
#1913 = AXIS2_PLACEMENT_3D ( 'NONE', #257, #3314, #6434 ) ;
#1914 = VECTOR ( 'NONE', #4365, 1000.000000000000000 ) ;
#1915 = DIRECTION ( 'NONE',  ( 0.000000000000000000, 0.000000000000000000, 1.000000000000000000 ) ) ;
#1916 = EDGE_LOOP ( 'NONE', ( #1212, #4518, #2787, #618 ) ) ;
#1917 = CARTESIAN_POINT ( 'NONE',  ( 24.34236039740266122, 19.75883523438906408, 33.65900129445837763 ) ) ;
#1918 = CARTESIAN_POINT ( 'NONE',  ( 24.37820512820513130, 14.99999999999999822, 33.37349759615384670 ) ) ;
#1919 = LINE ( 'NONE', #3942, #338 ) ;
#1920 = CARTESIAN_POINT ( 'NONE',  ( 65.00000000000000000, -63.36544253355305756, 57.65205207598277326 ) ) ;
#1921 = EDGE_CURVE ( 'NONE', #498, #4286, #812, .T. ) ;
#1922 = ADVANCED_FACE ( 'NONE', ( #4031 ), #6113, .T. ) ;
#1923 = ORIENTED_EDGE ( 'NONE', *, *, #434, .F. ) ;
#1924 = EDGE_CURVE ( 'NONE', #3659, #696, #4496, .T. ) ;
#1925 = DIRECTION ( 'NONE',  ( 0.000000000000000000, 0.000000000000000000, 1.000000000000000000 ) ) ;
#1926 = CARTESIAN_POINT ( 'NONE',  ( -32.00000000000000000, -6.580838792342301069, -58.69372585930376829 ) ) ;
#1927 = DIRECTION ( 'NONE',  ( 0.000000000000000000, 0.3947769709605395416, -0.9187769822972392531 ) ) ;
#1928 = EDGE_CURVE ( 'NONE', #4481, #5855, #5906, .T. ) ;
#1929 = VERTEX_POINT ( 'NONE', #6550 ) ;
#1930 = CARTESIAN_POINT ( 'NONE',  ( -26.00000000000000000, 11.85959824917826211, -56.07296202289231246 ) ) ;
#1931 = DIRECTION ( 'NONE',  ( 0.000000000000000000, -1.000000000000000000, 0.000000000000000000 ) ) ;
#1932 = CARTESIAN_POINT ( 'NONE',  ( 24.18240562603143218, 14.99999999999999467, 32.79324950621597878 ) ) ;
#1933 = ORIENTED_EDGE ( 'NONE', *, *, #247, .F. ) ;
#1934 = CARTESIAN_POINT ( 'NONE',  ( 21.00000000000000000, 5.848221124615165856, -56.07296202474786639 ) ) ;
#1935 = AXIS2_PLACEMENT_3D ( 'NONE', #4803, #4470, #424 ) ;
#1936 = ORIENTED_EDGE ( 'NONE', *, *, #2503, .F. ) ;
#1937 = CARTESIAN_POINT ( 'NONE',  ( -25.00000000000000000, -28.44884186725240482, -35.50000000001146816 ) ) ;
#1938 = CARTESIAN_POINT ( 'NONE',  ( 24.03465544871795245, 14.99999999999999822, 35.93750000000000000 ) ) ;
#1939 = VECTOR ( 'NONE', #2463, 1000.000000000000000 ) ;
#1940 = CARTESIAN_POINT ( 'NONE',  ( 23.69912676767624049, 19.86086758453161494, 33.89918858682053582 ) ) ;
#1941 = CARTESIAN_POINT ( 'NONE',  ( -32.00000000000000000, -8.800836903560382396, -45.86624455103850551 ) ) ;
#1942 = CARTESIAN_POINT ( 'NONE',  ( 23.35663809124962143, 19.97633659660880667, 32.79907020970802023 ) ) ;
#1943 = DIRECTION ( 'NONE',  ( 6.938893903907222067E-15, 0.000000000000000000, 1.000000000000000000 ) ) ;
#1944 = ORIENTED_EDGE ( 'NONE', *, *, #1605, .F. ) ;
#1945 = AXIS2_PLACEMENT_3D ( 'NONE', #2198, #77, #2636 ) ;
#1946 = CARTESIAN_POINT ( 'NONE',  ( 23.13441506410256920, 19.67917600227485053, 33.96804887820512420 ) ) ;
#1947 = VERTEX_POINT ( 'NONE', #5485 ) ;
#1948 = DIRECTION ( 'NONE',  ( 1.000000000000000000, 0.000000000000000000, 0.000000000000000000 ) ) ;
#1949 = DIRECTION ( 'NONE',  ( -1.000000000000000000, 0.000000000000000000, 0.000000000000000000 ) ) ;
#1950 = PLANE ( 'NONE',  #3189 ) ;
#1951 = CARTESIAN_POINT ( 'NONE',  ( 34.00000000000000000, -42.35264965858039687, 13.72922726422479656 ) ) ;
#1952 = ORIENTED_EDGE ( 'NONE', *, *, #3967, .T. ) ;
#1953 = FACE_OUTER_BOUND ( 'NONE', #4322, .T. ) ;
#1954 = CARTESIAN_POINT ( 'NONE',  ( 34.00000000000000000, -33.25878770917980631, -29.56356033996714316 ) ) ;
#1955 = DIRECTION ( 'NONE',  ( 0.000000000000000000, -0.9187769822972392531, -0.3947769709605395416 ) ) ;
#1956 = ORIENTED_EDGE ( 'NONE', *, *, #644, .T. ) ;
#1957 = CARTESIAN_POINT ( 'NONE',  ( 22.48754491882241169, 14.99999999999999822, -35.43750000000000000 ) ) ;
#1958 = EDGE_CURVE ( 'NONE', #6259, #3824, #943, .T. ) ;
#1959 = AXIS2_PLACEMENT_3D ( 'NONE', #2472, #3025, #5049 ) ;
#1960 = AXIS2_PLACEMENT_3D ( 'NONE', #863, #330, #3881 ) ;
#1961 = CARTESIAN_POINT ( 'NONE',  ( 24.06410256410256565, 14.99999999999999822, 33.37279647435897090 ) ) ;
#1962 = EDGE_CURVE ( 'NONE', #4680, #1360, #3999, .T. ) ;
#1963 = VECTOR ( 'NONE', #1077, 1000.000000000000000 ) ;
#1964 = CIRCLE ( 'NONE', #2808, 135.5034452694893616 ) ;
#1965 = DIRECTION ( 'NONE',  ( 0.000000000000000000, 0.000000000000000000, 1.000000000000000000 ) ) ;
#1966 = AXIS2_PLACEMENT_3D ( 'NONE', #5727, #5690, #3171 ) ;
#1967 = EDGE_LOOP ( 'NONE', ( #5333, #5307, #1578, #6390, #4110, #3886, #4996, #991 ) ) ;
#1968 = LINE ( 'NONE', #2556, #5963 ) ;
#1969 = EDGE_LOOP ( 'NONE', ( #2180, #2169, #2727, #5491 ) ) ;
#1970 = CARTESIAN_POINT ( 'NONE',  ( -32.00000000000000000, -15.19029329065754652, -65.49999999997928057 ) ) ;
#1971 = CARTESIAN_POINT ( 'NONE',  ( -32.00000000000000000, -22.99999999999562306, -65.49999999997928057 ) ) ;
#1972 = EDGE_CURVE ( 'NONE', #3896, #3461, #2510, .T. ) ;
#1973 = CARTESIAN_POINT ( 'NONE',  ( 51.00000000000000711, -65.42093510969444026, 33.55492129278627544 ) ) ;
#1974 = CARTESIAN_POINT ( 'NONE',  ( 34.00000000000000000, -63.36544253355305756, 57.65205207598277326 ) ) ;
#1975 = CARTESIAN_POINT ( 'NONE',  ( 22.49358974358975161, 19.68044678577327034, 33.96314102564100779 ) ) ;
#1976 = DIRECTION ( 'NONE',  ( -1.000000000000000000, 0.000000000000000000, 0.000000000000000000 ) ) ;
#1977 = EDGE_LOOP ( 'NONE', ( #4129, #5551, #2840, #3096 ) ) ;
#1978 = VERTEX_POINT ( 'NONE', #2159 ) ;
#1979 = DIRECTION ( 'NONE',  ( -1.000000000000000000, -0.000000000000000000, 0.000000000000000000 ) ) ;
#1980 = CARTESIAN_POINT ( 'NONE',  ( 23.70384211515855100, 19.86068834797921667, 34.25916578805765766 ) ) ;
#1981 = ADVANCED_FACE ( 'NONE', ( #71 ), #1198, .T. ) ;
#1982 = CARTESIAN_POINT ( 'NONE',  ( 23.96385788985285714, 15.00000000000000533, 33.05798631654062802 ) ) ;
#1983 = DIRECTION ( 'NONE',  ( 1.000000000000000000, -0.000000000000000000, -0.000000000000000000 ) ) ;
#1984 = AXIS2_PLACEMENT_3D ( 'NONE', #1505, #3026, #503 ) ;
#1985 = ORIENTED_EDGE ( 'NONE', *, *, #6134, .F. ) ;
#1986 = DIRECTION ( 'NONE',  ( 0.000000000000000000, -0.9187769822972399192, -0.3947769709605381538 ) ) ;
#1987 = EDGE_CURVE ( 'NONE', #1236, #3483, #591, .T. ) ;
#1988 = CARTESIAN_POINT ( 'NONE',  ( 23.46002798714001969, 14.99999999999999112, 32.45599497173644465 ) ) ;
#1989 = ORIENTED_EDGE ( 'NONE', *, *, #3562, .F. ) ;
#1990 = CARTESIAN_POINT ( 'NONE',  ( -34.00000000000000000, -22.68549622209919647, 3.014909983169619334 ) ) ;
#1991 = DIRECTION ( 'NONE',  ( 0.000000000000000000, 0.000000000000000000, 1.000000000000000000 ) ) ;
#1992 = VECTOR ( 'NONE', #5045, 1000.000000000000000 ) ;
#1993 = CARTESIAN_POINT ( 'NONE',  ( 24.22934467772599731, 20.08457154396490907, 32.85308601589598965 ) ) ;
#1994 = ORIENTED_EDGE ( 'NONE', *, *, #1, .T. ) ;
#1995 = DIRECTION ( 'NONE',  ( 0.000000000000000000, 3.469446951953590129E-15, -1.000000000000000000 ) ) ;
#1996 = VERTEX_POINT ( 'NONE', #106 ) ;
#1997 = LINE ( 'NONE', #4548, #371 ) ;
#1998 = VECTOR ( 'NONE', #5038, 1000.000000000000000 ) ;
#1999 = LINE ( 'NONE', #2966, #4319 ) ;
#2000 = AXIS2_PLACEMENT_3D ( 'NONE', #2116, #2174, #4166 ) ;
#2001 = ADVANCED_FACE ( 'NONE', ( #625 ), #168, .T. ) ;
#2002 = CARTESIAN_POINT ( 'NONE',  ( 23.16433510302442045, 19.86086758453160073, 33.96806211485928628 ) ) ;
#2003 = CARTESIAN_POINT ( 'NONE',  ( -65.00000000000000000, -3.906345701530325343, -43.43856737323228856 ) ) ;
#2004 = CARTESIAN_POINT ( 'NONE',  ( -32.00000000000000000, -10.39856305855482610, -57.49999999999936051 ) ) ;
#2005 = DIRECTION ( 'NONE',  ( 0.000000000000000000, 2.550043509685904409E-13, -1.000000000000000000 ) ) ;
#2006 = VECTOR ( 'NONE', #2815, 1000.000000000000000 ) ;
#2007 = VERTEX_POINT ( 'NONE', #5209 ) ;
#2008 = APPLICATION_CONTEXT ( 'configuration controlled 3d designs of mechanical parts and assemblies' ) ;
#2009 = AXIS2_PLACEMENT_3D ( 'NONE', #6231, #3646, #4644 ) ;
#2010 = EDGE_CURVE ( 'NONE', #3297, #2389, #659, .T. ) ;
#2011 = EDGE_LOOP ( 'NONE', ( #5181, #4713, #1336, #5103 ) ) ;
#2012 = LINE ( 'NONE', #952, #2892 ) ;
#2013 = EDGE_LOOP ( 'NONE', ( #4987, #468, #4708, #773, #6160, #1540, #4975, #4627, #6427 ) ) ;
#2014 = DIRECTION ( 'NONE',  ( -1.000000000000000000, -0.000000000000000000, 0.000000000000000000 ) ) ;
#2015 = ADVANCED_FACE ( 'NONE', ( #2689 ), #1698, .T. ) ;
#2016 = AXIS2_PLACEMENT_3D ( 'NONE', #605, #4072, #6094 ) ;
#2017 = CARTESIAN_POINT ( 'NONE',  ( 65.00000000000000000, -51.84896863539253076, 17.16690761165164147 ) ) ;
#2018 = EDGE_LOOP ( 'NONE', ( #287, #5949, #1418, #5813 ) ) ;
#2019 = CARTESIAN_POINT ( 'NONE',  ( 24.33668026181524269, 14.99999999999999822, -12.81249999999999822 ) ) ;
#2020 = VECTOR ( 'NONE', #98, 1000.000000000000000 ) ;
#2021 = CARTESIAN_POINT ( 'NONE',  ( -32.00000000000000000, -31.99999999999558753, 78.49999999999802469 ) ) ;
#2022 = EDGE_LOOP ( 'NONE', ( #5887, #1855, #5473, #737 ) ) ;
#2023 = DIRECTION ( 'NONE',  ( 0.000000000000000000, -1.341519488088333655E-13, 1.000000000000000000 ) ) ;
#2024 = FACE_OUTER_BOUND ( 'NONE', #5251, .T. ) ;
#2025 = DIRECTION ( 'NONE',  ( 0.000000000000000000, -1.000000000000000000, -2.312964634635742957E-16 ) ) ;
#2026 = ORIENTED_EDGE ( 'NONE', *, *, #2191, .F. ) ;
#2027 = CARTESIAN_POINT ( 'NONE',  ( 24.99999999999999645, 21.00290591502244197, 1.199999999999977307 ) ) ;
#2028 = EDGE_LOOP ( 'NONE', ( #6090, #2929, #2525, #5693 ) ) ;
#2029 = CARTESIAN_POINT ( 'NONE',  ( 24.90336947669798562, -111.4976334394454369, -1.528915308921869618E-14 ) ) ;
#2030 = DIRECTION ( 'NONE',  ( -0.000000000000000000, 1.000000000000000000, -0.000000000000000000 ) ) ;
#2031 = AXIS2_PLACEMENT_3D ( 'NONE', #3073, #1986, #3946 ) ;
#2032 = EDGE_CURVE ( 'NONE', #1331, #1595, #5766, .T. ) ;
#2033 = DIRECTION ( 'NONE',  ( 0.000000000000000000, 0.000000000000000000, 1.000000000000000000 ) ) ;
#2034 = CARTESIAN_POINT ( 'NONE',  ( -65.00000000000000000, -8.101813689230890958, 57.17151545442678184 ) ) ;
#2035 = AXIS2_PLACEMENT_3D ( 'NONE', #5104, #5195, #3575 ) ;
#2036 = DIRECTION ( 'NONE',  ( 0.000000000000000000, -0.4515846420544732953, -0.8922282841630461148 ) ) ;
#2037 = FACE_OUTER_BOUND ( 'NONE', #309, .T. ) ;
#2038 = ORIENTED_EDGE ( 'NONE', *, *, #3337, .F. ) ;
#2039 = EDGE_CURVE ( 'NONE', #6150, #2962, #5674, .T. ) ;
#2040 = EDGE_CURVE ( 'NONE', #4329, #4374, #201, .T. ) ;
#2041 = EDGE_CURVE ( 'NONE', #3714, #3304, #6241, .T. ) ;
#2042 = VECTOR ( 'NONE', #4985, 1000.000000000000000 ) ;
#2043 = AXIS2_PLACEMENT_3D ( 'NONE', #2003, #6487, #413 ) ;
#2044 = EDGE_CURVE ( 'NONE', #5855, #1257, #690, .T. ) ;
#2045 = ORIENTED_EDGE ( 'NONE', *, *, #5255, .F. ) ;
#2046 = ORIENTED_EDGE ( 'NONE', *, *, #1057, .T. ) ;
#2047 = DIRECTION ( 'NONE',  ( -0.000000000000000000, 1.000000000000000000, -0.000000000000000000 ) ) ;
#2048 = ORIENTED_EDGE ( 'NONE', *, *, #5618, .F. ) ;
#2049 = CARTESIAN_POINT ( 'NONE',  ( 24.16622534617541262, 14.99999999999999112, 33.98345334797766526 ) ) ;
#2050 =( NAMED_UNIT ( * ) SI_UNIT ( $, .STERADIAN. ) SOLID_ANGLE_UNIT ( ) );
#2051 = DIRECTION ( 'NONE',  ( -0.000000000000000000, 0.000000000000000000, -1.000000000000000000 ) ) ;
#2052 = ORIENTED_EDGE ( 'NONE', *, *, #4653, .F. ) ;
#2053 = CARTESIAN_POINT ( 'NONE',  ( 22.22770590284088144, 14.99999999999999822, -9.312499999999998224 ) ) ;
#2054 = ADVANCED_FACE ( 'NONE', ( #4745 ), #4624, .F. ) ;
#2055 = DIRECTION ( 'NONE',  ( -0.000000000000000000, -0.9462696484278558806, 0.3233786518374738850 ) ) ;
#2056 = ORIENTED_EDGE ( 'NONE', *, *, #6465, .F. ) ;
#2057 = LINE ( 'NONE', #6069, #5351 ) ;
#2058 = DIRECTION ( 'NONE',  ( 1.000000000000000000, -0.000000000000000000, -0.000000000000000000 ) ) ;
#2059 = ADVANCED_FACE ( 'NONE', ( #4126 ), #6147, .F. ) ;
#2060 = CARTESIAN_POINT ( 'NONE',  ( 24.99999999999999289, -37.28072193794384503, -31.93669053106154720 ) ) ;
#2061 = ORIENTED_EDGE ( 'NONE', *, *, #6475, .F. ) ;
#2062 = DIRECTION ( 'NONE',  ( -0.000000000000000000, 0.9550615053060220738, -0.2964076940340706345 ) ) ;
#2063 = CIRCLE ( 'NONE', #5654, 2.000000000000001776 ) ;
#2064 = ADVANCED_FACE ( 'NONE', ( #2132 ), #3468, .F. ) ;
#2065 = EDGE_LOOP ( 'NONE', ( #4754, #3240, #5125, #4984 ) ) ;
#2066 = CARTESIAN_POINT ( 'NONE',  ( 65.00000000000000000, -43.03341941619897426, 11.84865486808793378 ) ) ;
#2067 = CYLINDRICAL_SURFACE ( 'NONE', #2103, 177.2111113949647176 ) ;
#2068 = VECTOR ( 'NONE', #2542, 1000.000000000000114 ) ;
#2069 = CARTESIAN_POINT ( 'NONE',  ( -65.00000000000000000, -12.57535232641104983, 58.49999999998851052 ) ) ;
#2070 = CARTESIAN_POINT ( 'NONE',  ( 25.00000000000000000, -126.4501835576286624, 8.448105686686514324E-15 ) ) ;
#2071 = DIRECTION ( 'NONE',  ( 0.000000000000000000, -2.710693976623888330E-11, 1.000000000000000000 ) ) ;
#2072 = DIRECTION ( 'NONE',  ( -1.000000000000000000, -0.000000000000000000, -0.000000000000000000 ) ) ;
#2073 = ORIENTED_EDGE ( 'NONE', *, *, #3388, .F. ) ;
#2074 = EDGE_CURVE ( 'NONE', #6149, #5907, #1662, .T. ) ;
#2075 = ORIENTED_EDGE ( 'NONE', *, *, #5255, .T. ) ;
#2076 = ORIENTED_EDGE ( 'NONE', *, *, #3997, .T. ) ;
#2077 = CARTESIAN_POINT ( 'NONE',  ( -32.47259135990953638, -12.82256748804284641, 59.20224285812213338 ) ) ;
#2078 = CARTESIAN_POINT ( 'NONE',  ( -32.00000000000000000, -117.5625000000008669, 9.575680578283035600E-12 ) ) ;
#2079 = ORIENTED_EDGE ( 'NONE', *, *, #569, .T. ) ;
#2080 = CARTESIAN_POINT ( 'NONE',  ( 24.30336811089822291, 15.00000000000000178, 33.76638006470206932 ) ) ;
#2081 = LINE ( 'NONE', #4721, #3273 ) ;
#2082 = DIRECTION ( 'NONE',  ( 0.000000000000000000, 0.6246950475544239545, 0.7808688094430306093 ) ) ;
#2083 = VERTEX_POINT ( 'NONE', #3152 ) ;
#2084 = CARTESIAN_POINT ( 'NONE',  ( 65.00000000000000000, -60.22712124351060936, 54.46599817177513359 ) ) ;
#2085 = CARTESIAN_POINT ( 'NONE',  ( -21.00000000000000000, 18.00000036777663226, 3.000000000000000444 ) ) ;
#2086 = EDGE_LOOP ( 'NONE', ( #3538, #3716, #3135, #5 ) ) ;
#2087 = CARTESIAN_POINT ( 'NONE',  ( 24.99999999999999289, -33.97275762193209658, -18.33837198310368422 ) ) ;
#2088 = CARTESIAN_POINT ( 'NONE',  ( 22.48754491882241169, 14.99999999999999822, -32.29647435897435770 ) ) ;
#2089 = EDGE_CURVE ( 'NONE', #5907, #767, #5179, .T. ) ;
#2090 = DIRECTION ( 'NONE',  ( 0.000000000000000000, 0.000000000000000000, 1.000000000000000000 ) ) ;
#2091 = ORIENTED_EDGE ( 'NONE', *, *, #4473, .T. ) ;
#2092 = DIRECTION ( 'NONE',  ( 0.000000000000000000, 0.000000000000000000, -1.000000000000000000 ) ) ;
#2093 = EDGE_CURVE ( 'NONE', #3602, #3313, #5314, .T. ) ;
#2094 = ORIENTED_EDGE ( 'NONE', *, *, #6266, .T. ) ;
#2095 = SPHERICAL_SURFACE ( 'NONE', #2163, 2.000000000000000000 ) ;
#2096 = DIRECTION ( 'NONE',  ( 0.000000000000000000, 0.000000000000000000, 1.000000000000000000 ) ) ;
#2097 = ADVANCED_FACE ( 'NONE', ( #728 ), #2829, .T. ) ;
#2098 = FACE_OUTER_BOUND ( 'NONE', #5029, .T. ) ;
#2099 = SPHERICAL_SURFACE ( 'NONE', #1185, 2.000000000000000000 ) ;
#2100 = CARTESIAN_POINT ( 'NONE',  ( 32.00000000000000000, -33.57545344818746003, -20.29547299196408261 ) ) ;
#2101 = DIRECTION ( 'NONE',  ( 0.000000000000000000, 1.000000000000000000, 3.469446951953590129E-15 ) ) ;
#2102 = ORIENTED_EDGE ( 'NONE', *, *, #566, .F. ) ;
#2103 = AXIS2_PLACEMENT_3D ( 'NONE', #655, #4651, #5637 ) ;
#2104 = AXIS2_PLACEMENT_3D ( 'NONE', #4142, #1621, #5664 ) ;
#2105 = AXIS2_PLACEMENT_3D ( 'NONE', #5306, #4044, #6437 ) ;
#2106 = VERTEX_POINT ( 'NONE', #337 ) ;
#2107 = VERTEX_POINT ( 'NONE', #4386 ) ;
#2108 = CARTESIAN_POINT ( 'NONE',  ( -33.46683955422680157, -12.95258186238362086, -59.56770951141502479 ) ) ;
#2109 = DIRECTION ( 'NONE',  ( 1.000000000000000000, 0.000000000000000000, 0.000000000000000000 ) ) ;
#2110 = VERTEX_POINT ( 'NONE', #3325 ) ;
#2111 = CARTESIAN_POINT ( 'NONE',  ( 23.17391888719230764, 14.99999999999999822, 34.32168222757342591 ) ) ;
#2112 = VECTOR ( 'NONE', #425, 1000.000000000000000 ) ;
#2113 = PLANE ( 'NONE',  #2649 ) ;
#2114 = ORIENTED_EDGE ( 'NONE', *, *, #774, .F. ) ;
#2115 = CARTESIAN_POINT ( 'NONE',  ( 24.04085644477556016, 15.00000000000000178, 33.54202187660497003 ) ) ;
#2116 = CARTESIAN_POINT ( 'NONE',  ( 34.00000000000000000, -43.16737382234719433, 14.02415851634403410 ) ) ;
#2117 = ORIENTED_EDGE ( 'NONE', *, *, #5639, .T. ) ;
#2118 = CARTESIAN_POINT ( 'NONE',  ( 24.99999999999999289, -45.43143980739129972, 8.194764149433256151 ) ) ;
#2119 = EDGE_CURVE ( 'NONE', #3275, #5796, #4421, .T. ) ;
#2120 = EDGE_CURVE ( 'NONE', #2619, #3754, #268, .T. ) ;
#2121 = AXIS2_PLACEMENT_3D ( 'NONE', #2618, #4143, #2122 ) ;
#2122 = DIRECTION ( 'NONE',  ( 0.000000000000000000, 0.000000000000000000, -1.000000000000000000 ) ) ;
#2123 = VERTEX_POINT ( 'NONE', #1231 ) ;
#2124 = CARTESIAN_POINT ( 'NONE',  ( 65.00000000000000000, -29.55828547578932941, -19.51245231021898974 ) ) ;
#2125 = ORIENTED_EDGE ( 'NONE', *, *, #219, .T. ) ;
#2126 = DIRECTION ( 'NONE',  ( 0.000000000000000000, 1.000000000000000000, 1.324458373627596226E-16 ) ) ;
#2127 = LINE ( 'NONE', #4180, #2624 ) ;
#2128 = EDGE_CURVE ( 'NONE', #4826, #2722, #2262, .T. ) ;
#2129 = AXIS2_PLACEMENT_3D ( 'NONE', #3902, #3870, #5931 ) ;
#2130 = DIRECTION ( 'NONE',  ( 1.000000000000000000, 0.000000000000000000, 0.000000000000000000 ) ) ;
#2131 = DIRECTION ( 'NONE',  ( -1.000000000000000000, 0.000000000000000000, 0.000000000000000000 ) ) ;
#2132 = FACE_OUTER_BOUND ( 'NONE', #2218, .T. ) ;
#2133 = ORIENTED_EDGE ( 'NONE', *, *, #2089, .T. ) ;
#2134 = ORIENTED_EDGE ( 'NONE', *, *, #5935, .T. ) ;
#2135 = ORIENTED_EDGE ( 'NONE', *, *, #621, .F. ) ;
#2136 = DIRECTION ( 'NONE',  ( -1.000000000000000000, -0.000000000000000000, -0.000000000000000000 ) ) ;
#2137 = DIRECTION ( 'NONE',  ( -0.000000000000000000, 0.9187769822972392531, 0.3947769709605396526 ) ) ;
#2138 = EDGE_LOOP ( 'NONE', ( #3741, #1530, #6320, #2045 ) ) ;
#2139 = FACE_OUTER_BOUND ( 'NONE', #695, .T. ) ;
#2140 = ADVANCED_FACE ( 'NONE', ( #6315 ), #1301, .F. ) ;
#2141 = VECTOR ( 'NONE', #5672, 1000.000000000000000 ) ;
#2142 = DIRECTION ( 'NONE',  ( 1.000000000000000000, -0.000000000000000000, -0.000000000000000000 ) ) ;
#2143 = ORIENTED_EDGE ( 'NONE', *, *, #3473, .F. ) ;
#2144 = DIRECTION ( 'NONE',  ( 0.000000000000000000, -0.9187769822972410294, -0.3947769709605351562 ) ) ;
#2145 = CARTESIAN_POINT ( 'NONE',  ( -51.50000000000000711, -24.44884186725809272, -14.54136752811921696 ) ) ;
#2146 = ORIENTED_EDGE ( 'NONE', *, *, #1111, .T. ) ;
#2147 = CARTESIAN_POINT ( 'NONE',  ( -65.00000000000000000, -8.551280212865872699, 43.56522147425977920 ) ) ;
#2148 = CARTESIAN_POINT ( 'NONE',  ( -24.99999999999999289, -1.467252252107323240, -52.24999999999997868 ) ) ;
#2149 = ORIENTED_EDGE ( 'NONE', *, *, #4617, .F. ) ;
#2150 = FACE_OUTER_BOUND ( 'NONE', #2943, .T. ) ;
#2151 = ORIENTED_EDGE ( 'NONE', *, *, #3522, .F. ) ;
#2152 = DIRECTION ( 'NONE',  ( -0.000000000000000000, -0.8501369174302108034, -0.5265616978306140172 ) ) ;
#2153 = VERTEX_POINT ( 'NONE', #3356 ) ;
#2154 = CYLINDRICAL_SURFACE ( 'NONE', #3449, 2.000000000000001332 ) ;
#2155 = EDGE_CURVE ( 'NONE', #5385, #4334, #5739, .T. ) ;
#2156 = LINE ( 'NONE', #6108, #4008 ) ;
#2157 = DIRECTION ( 'NONE',  ( 0.000000000000000000, 3.035766082959412415E-16, -1.000000000000000000 ) ) ;
#2158 = CARTESIAN_POINT ( 'NONE',  ( 24.42307692307692690, 14.99999999999999822, 35.93750000000000000 ) ) ;
#2159 = CARTESIAN_POINT ( 'NONE',  ( 21.00000000000000000, 5.848221124615166744, 56.07296202474786639 ) ) ;
#2160 = EDGE_LOOP ( 'NONE', ( #5892, #4787, #5162, #5647 ) ) ;
#2161 = EDGE_CURVE ( 'NONE', #6486, #1706, #762, .T. ) ;
#2162 = VECTOR ( 'NONE', #5304, 1000.000000000000114 ) ;
#2163 = AXIS2_PLACEMENT_3D ( 'NONE', #4619, #4714, #2183 ) ;
#2164 = ORIENTED_EDGE ( 'NONE', *, *, #1057, .F. ) ;
#2165 = VERTEX_POINT ( 'NONE', #1867 ) ;
#2166 = CARTESIAN_POINT ( 'NONE',  ( 23.28763654604328082, 19.58744558637256006, 34.32034003422020163 ) ) ;
#2167 = CARTESIAN_POINT ( 'NONE',  ( 23.13721955128205465, 14.99999999999999822, 34.32211538461537970 ) ) ;
#2168 = AXIS2_PLACEMENT_3D ( 'NONE', #3015, #4079, #1458 ) ;
#2169 = ORIENTED_EDGE ( 'NONE', *, *, #3209, .T. ) ;
#2170 = LINE ( 'NONE', #1369, #4177 ) ;
#2171 = LINE ( 'NONE', #6156, #4343 ) ;
#2172 = ORIENTED_EDGE ( 'NONE', *, *, #4035, .F. ) ;
#2173 = DIRECTION ( 'NONE',  ( -0.000000000000000000, 0.9187769822972392531, 0.3947769709605396526 ) ) ;
#2174 = DIRECTION ( 'NONE',  ( -0.000000000000000000, 0.9402861980684318333, -0.3403848788092884159 ) ) ;
#2175 = VERTEX_POINT ( 'NONE', #4889 ) ;
#2176 = FACE_OUTER_BOUND ( 'NONE', #2864, .T. ) ;
#2177 = DIRECTION ( 'NONE',  ( -5.727457584114357524E-16, 0.3947769709605359334, -0.9187769822972409184 ) ) ;
#2178 = CARTESIAN_POINT ( 'NONE',  ( 65.00000000000000000, -46.02440725896951790, 8.677372580052249873 ) ) ;
#2179 = ADVANCED_FACE ( 'NONE', ( #4819, #5379 ), #301, .T. ) ;
#2180 = ORIENTED_EDGE ( 'NONE', *, *, #297, .F. ) ;
#2181 = DIRECTION ( 'NONE',  ( 0.000000000000000000, 0.000000000000000000, 1.000000000000000000 ) ) ;
#2182 = VERTEX_POINT ( 'NONE', #373 ) ;
#2183 = DIRECTION ( 'NONE',  ( -3.469446951953611033E-15, 0.000000000000000000, -1.000000000000000000 ) ) ;
#2184 = DIRECTION ( 'NONE',  ( 1.000000000000000000, 0.000000000000000000, 0.000000000000000000 ) ) ;
#2185 = AXIS2_PLACEMENT_3D ( 'NONE', #844, #2872, #771 ) ;
#2186 = AXIS2_PLACEMENT_3D ( 'NONE', #4092, #2502, #2005 ) ;
#2187 = CARTESIAN_POINT ( 'NONE',  ( -21.00000000000000000, -117.5625000000008669, 9.575680578283035600E-12 ) ) ;
#2188 = ORIENTED_EDGE ( 'NONE', *, *, #4758, .T. ) ;
#2189 = DIRECTION ( 'NONE',  ( -0.000000000000000000, 0.3947769709605385979, -0.9187769822972395861 ) ) ;
#2190 = ORIENTED_EDGE ( 'NONE', *, *, #1054, .T. ) ;
#2191 = EDGE_CURVE ( 'NONE', #2722, #225, #816, .T. ) ;
#2192 = CARTESIAN_POINT ( 'NONE',  ( 23.70936452869375088, 14.99999999999999467, 32.86062958243876153 ) ) ;
#2193 = EDGE_CURVE ( 'NONE', #1868, #1060, #4317, .T. ) ;
#2194 = ORIENTED_EDGE ( 'NONE', *, *, #3009, .T. ) ;
#2195 = EDGE_LOOP ( 'NONE', ( #5689, #3154, #2514, #2075 ) ) ;
#2196 = VECTOR ( 'NONE', #5017, 1000.000000000000000 ) ;
#2197 = DIRECTION ( 'NONE',  ( -1.000000000000000000, 0.000000000000000000, 0.000000000000000000 ) ) ;
#2198 = CARTESIAN_POINT ( 'NONE',  ( 26.00000000000000000, -117.5625000000006395, -3.824297657043977603E-14 ) ) ;
#2199 = ORIENTED_EDGE ( 'NONE', *, *, #3416, .F. ) ;
#2200 = DIRECTION ( 'NONE',  ( -0.6428712487501659911, 0.000000000000000000, -0.7659742538299848524 ) ) ;
#2201 = EDGE_CURVE ( 'NONE', #5315, #2083, #4781, .T. ) ;
#2202 = AXIS2_PLACEMENT_3D ( 'NONE', #3485, #5409, #4484 ) ;
#2203 = CIRCLE ( 'NONE', #6023, 2.000000000000001776 ) ;
#2204 = CYLINDRICAL_SURFACE ( 'NONE', #5183, 7.000000000000004441 ) ;
#2205 = ORIENTED_EDGE ( 'NONE', *, *, #2320, .T. ) ;
#2206 = CARTESIAN_POINT ( 'NONE',  ( 23.91069709666075127, 14.99999999999999467, 33.76204795069323694 ) ) ;
#2207 = VECTOR ( 'NONE', #6528, 1000.000000000000000 ) ;
#2208 = CARTESIAN_POINT ( 'NONE',  ( 24.01914022167644802, 15.00000000000000888, 32.63863933650772253 ) ) ;
#2209 = VECTOR ( 'NONE', #1781, 1000.000000000000000 ) ;
#2210 = ORIENTED_EDGE ( 'NONE', *, *, #6197, .F. ) ;
#2211 = CARTESIAN_POINT ( 'NONE',  ( 51.00000000000000711, -34.36277744418803337, -41.26079124425065459 ) ) ;
#2212 = CARTESIAN_POINT ( 'NONE',  ( -32.00000000000000000, -15.99999999999596589, 78.49999999999802469 ) ) ;
#2213 = LINE ( 'NONE', #1188, #4608 ) ;
#2214 = DIRECTION ( 'NONE',  ( 0.000000000000000000, -0.000000000000000000, -1.000000000000000000 ) ) ;
#2215 = EDGE_LOOP ( 'NONE', ( #2694, #4597, #1648, #3794, #4663, #2537 ) ) ;
#2216 = LINE ( 'NONE', #4243, #4748 ) ;
#2217 = EDGE_CURVE ( 'NONE', #3313, #6508, #2367, .T. ) ;
#2218 = EDGE_LOOP ( 'NONE', ( #4255, #2546, #3732, #6408 ) ) ;
#2219 = LINE ( 'NONE', #6272, #262 ) ;
#2220 = DIRECTION ( 'NONE',  ( -1.000000000000000000, 0.000000000000000000, 0.000000000000000000 ) ) ;
#2221 = AXIS2_PLACEMENT_3D ( 'NONE', #1656, #4614, #155 ) ;
#2222 = CARTESIAN_POINT ( 'NONE',  ( -25.00000000000000000, -401.1911677216195926, -5.001817560789019760E-14 ) ) ;
#2223 = ORIENTED_EDGE ( 'NONE', *, *, #4751, .F. ) ;
#2224 = CARTESIAN_POINT ( 'NONE',  ( -34.00000000000000000, -12.57535232641105516, 60.49999999998851763 ) ) ;
#2225 = VECTOR ( 'NONE', #2025, 1000.000000000000000 ) ;
#2226 = EDGE_LOOP ( 'NONE', ( #4065, #2633, #5143, #263 ) ) ;
#2227 = DIRECTION ( 'NONE',  ( -1.000000000000000000, 0.000000000000000000, 0.000000000000000000 ) ) ;
#2228 = EDGE_CURVE ( 'NONE', #2993, #56, #3391, .T. ) ;
#2229 = APPROVAL_DATE_TIME ( #2265, #1469 ) ;
#2230 = ORIENTED_EDGE ( 'NONE', *, *, #6542, .F. ) ;
#2231 = VERTEX_POINT ( 'NONE', #1267 ) ;
#2232 = EDGE_CURVE ( 'NONE', #211, #225, #5414, .T. ) ;
#2233 = DIRECTION ( 'NONE',  ( -1.000000000000000000, -0.000000000000000000, 0.000000000000000000 ) ) ;
#2234 = DIRECTION ( 'NONE',  ( 1.000000000000000000, 0.000000000000000000, 0.000000000000000000 ) ) ;
#2235 = ORIENTED_EDGE ( 'NONE', *, *, #1785, .F. ) ;
#2236 = EDGE_CURVE ( 'NONE', #3072, #1464, #2523, .T. ) ;
#2237 = CARTESIAN_POINT ( 'NONE',  ( 34.00000000000000000, -42.69135937298986505, 11.05256766599137563 ) ) ;
#2238 = EDGE_CURVE ( 'NONE', #5521, #3297, #967, .T. ) ;
#2239 = CC_DESIGN_DATE_AND_TIME_ASSIGNMENT ( #3860, #6319, ( #3095 ) ) ;
#2240 = ADVANCED_FACE ( 'NONE', ( #3991 ), #5474, .F. ) ;
#2241 = LINE ( 'NONE', #3470, #1160 ) ;
#2242 = ORIENTED_EDGE ( 'NONE', *, *, #989, .T. ) ;
#2243 = FACE_OUTER_BOUND ( 'NONE', #1611, .T. ) ;
#2244 = AXIS2_PLACEMENT_3D ( 'NONE', #6298, #3772, #1247 ) ;
#2245 = LINE ( 'NONE', #6296, #5393 ) ;
#2246 = VERTEX_POINT ( 'NONE', #6541 ) ;
#2247 = CARTESIAN_POINT ( 'NONE',  ( 51.00000000000000711, -24.24201493925427897, -52.14978414160930953 ) ) ;
#2248 = EDGE_CURVE ( 'NONE', #3824, #6398, #1084, .T. ) ;
#2249 = B_SPLINE_CURVE_WITH_KNOTS ( 'NONE', 3,
 ( #4367, #1348, #6330, #1748, #5296, #1780, #3371, #850, #3769, #2877, #747, #3838, #3341, #2380 ),
 .UNSPECIFIED., .F., .F.,
 ( 4, 2, 2, 2, 2, 2, 4 ),
 ( 3.469446951953614189E-18, 0.0003149671065207532454, 0.0006299342130415030213, 0.0007874177663018829508, 0.0009449013195622630971, 0.001102384872822643027, 0.001259868426083023173 ),
 .UNSPECIFIED. ) ;
#2250 = EDGE_CURVE ( 'NONE', #1996, #5061, #6482, .T. ) ;
#2251 = LINE ( 'NONE', #1152, #2847 ) ;
#2252 = DIRECTION ( 'NONE',  ( 0.000000000000000000, -0.9187769822972396971, -0.3947769709605385424 ) ) ;
#2253 = CYLINDRICAL_SURFACE ( 'NONE', #4073, 7.000000000000000000 ) ;
#2254 = VERTEX_POINT ( 'NONE', #4488 ) ;
#2255 = DIRECTION ( 'NONE',  ( 0.000000000000000000, 0.000000000000000000, -1.000000000000000000 ) ) ;
#2256 = VERTEX_POINT ( 'NONE', #2027 ) ;
#2257 = DIRECTION ( 'NONE',  ( 0.000000000000000000, 0.3964707652363684276, -0.9180473475332786570 ) ) ;
#2258 = CARTESIAN_POINT ( 'NONE',  ( -34.00000000000000000, -8.928433764235801817, -59.49999999999898392 ) ) ;
#2259 = B_SPLINE_CURVE_WITH_KNOTS ( 'NONE', 3,
 ( #4462, #1941, #3964, #5988 ),
 .UNSPECIFIED., .F., .F.,
 ( 4, 4 ),
 ( 0.000000000000000000, 1.000000000000000000 ),
 .UNSPECIFIED. ) ;
#2260 = CARTESIAN_POINT ( 'NONE',  ( 32.00000000000000000, -40.85380540839539520, 11.84212160791244450 ) ) ;
#2261 = ORIENTED_EDGE ( 'NONE', *, *, #867, .T. ) ;
#2262 = LINE ( 'NONE', #1367, #5525 ) ;
#2263 = VERTEX_POINT ( 'NONE', #1494 ) ;
#2264 = CARTESIAN_POINT ( 'NONE',  ( 34.00000000000000000, -62.61496847905257113, 42.22296096679792043 ) ) ;
#2265 = DATE_AND_TIME ( #801, #608 ) ;
#2266 = EDGE_LOOP ( 'NONE', ( #91, #5535, #146, #5806 ) ) ;
#2267 = EDGE_LOOP ( 'NONE', ( #3316, #2940, #4403, #5651 ) ) ;
#2268 = FACE_OUTER_BOUND ( 'NONE', #3680, .T. ) ;
#2269 = CARTESIAN_POINT ( 'NONE',  ( 23.83369876497625839, 14.99999999999999822, -32.29647435897435770 ) ) ;
#2270 = EDGE_CURVE ( 'NONE', #4739, #3301, #5634, .T. ) ;
#2271 = CARTESIAN_POINT ( 'NONE',  ( -34.00000000000000000, -22.44884186725809627, -31.81205129217411098 ) ) ;
#2272 = ORIENTED_EDGE ( 'NONE', *, *, #1753, .T. ) ;
#2273 = AXIS2_PLACEMENT_3D ( 'NONE', #1824, #5768, #1221 ) ;
#2274 = CIRCLE ( 'NONE', #5132, 135.4469474441720536 ) ;
#2275 = AXIS2_PLACEMENT_3D ( 'NONE', #4757, #6153, #699 ) ;
#2276 = CARTESIAN_POINT ( 'NONE',  ( -51.50000000000000711, -24.44884186725809272, -21.54136752811921696 ) ) ;
#2277 = ORIENTED_EDGE ( 'NONE', *, *, #6466, .T. ) ;
#2278 = AXIS2_PLACEMENT_3D ( 'NONE', #6142, #3652, #5670 ) ;
#2279 = CARTESIAN_POINT ( 'NONE',  ( 24.37820512820513130, 14.99999999999999822, 33.37349759615384670 ) ) ;
#2280 = DIRECTION ( 'NONE',  ( 0.000000000000000000, -4.977441614996689371E-14, -1.000000000000000000 ) ) ;
#2281 = ORIENTED_EDGE ( 'NONE', *, *, #1604, .F. ) ;
#2282 = DIRECTION ( 'NONE',  ( 1.000000000000000000, -0.000000000000000000, -0.000000000000000000 ) ) ;
#2283 = ORIENTED_EDGE ( 'NONE', *, *, #1839, .F. ) ;
#2284 = CARTESIAN_POINT ( 'NONE',  ( 22.49358974358974805, 14.99999999999999822, 34.32211538461537970 ) ) ;
#2285 = CARTESIAN_POINT ( 'NONE',  ( 23.83369876497625839, -111.4976334394454369, -1.528915308921869618E-14 ) ) ;
#2286 = ORIENTED_EDGE ( 'NONE', *, *, #867, .F. ) ;
#2287 = DIRECTION ( 'NONE',  ( 3.469446951953611428E-15, 0.000000000000000000, 1.000000000000000000 ) ) ;
#2288 = ORIENTED_EDGE ( 'NONE', *, *, #2893, .F. ) ;
#2289 = CARTESIAN_POINT ( 'NONE',  ( -32.00000000000000000, -2.502926474680351454, -45.65191672927726074 ) ) ;
#2290 = DIRECTION ( 'NONE',  ( 0.000000000000000000, 0.8501369174302109144, 0.5265616978306140172 ) ) ;
#2291 = EDGE_CURVE ( 'NONE', #2646, #3339, #3523, .T. ) ;
#2292 = DIRECTION ( 'NONE',  ( 0.000000000000000000, 0.3357577272191316076, -0.9419483789532433482 ) ) ;
#2293 = ORIENTED_EDGE ( 'NONE', *, *, #5037, .F. ) ;
#2294 = DIRECTION ( 'NONE',  ( 0.000000000000000000, 0.000000000000000000, 1.000000000000000000 ) ) ;
#2295 = ORIENTED_EDGE ( 'NONE', *, *, #6136, .T. ) ;
#2296 = PRODUCT_DEFINITION_SHAPE ( 'NONE', 'NONE',  #3095 ) ;
#2297 = EDGE_CURVE ( 'NONE', #269, #4227, #1968, .T. ) ;
#2298 = CARTESIAN_POINT ( 'NONE',  ( 22.92664898107769389, 15.00000000000000533, 32.43765558598803977 ) ) ;
#2299 = COORDINATED_UNIVERSAL_TIME_OFFSET ( 5, 0, .BEHIND. ) ;
#2300 = VERTEX_POINT ( 'NONE', #6074 ) ;
#2301 = EDGE_LOOP ( 'NONE', ( #3230, #6348, #6470, #2076 ) ) ;
#2302 = CARTESIAN_POINT ( 'NONE',  ( 24.99999999999999289, -22.85935320227835987, -65.49999999997929478 ) ) ;
#2303 = CARTESIAN_POINT ( 'NONE',  ( 32.00000000000000000, -7.999999999995895728, 67.49999999999792522 ) ) ;
#2304 = DIRECTION ( 'NONE',  ( -0.000000000000000000, -0.8501369174302108034, -0.5265616978306140172 ) ) ;
#2305 = ORIENTED_EDGE ( 'NONE', *, *, #4591, .T. ) ;
#2306 = VECTOR ( 'NONE', #203, 1000.000000000000000 ) ;
#2307 = CARTESIAN_POINT ( 'NONE',  ( -26.00000000000000000, 19.15335114793337112, 35.93749999999998579 ) ) ;
#2308 = ORIENTED_EDGE ( 'NONE', *, *, #4271, .F. ) ;
#2309 = CARTESIAN_POINT ( 'NONE',  ( -26.00000000000000000, -111.4976334394454369, -1.528915308921869618E-14 ) ) ;
#2310 = LINE ( 'NONE', #4336, #3693 ) ;
#2311 = CARTESIAN_POINT ( 'NONE',  ( 25.00000000000000000, -1.467252252107323240, 52.24999999999999289 ) ) ;
#2312 = AXIS2_PLACEMENT_3D ( 'NONE', #5728, #4237, #4837 ) ;
#2313 = CIRCLE ( 'NONE', #2105, 2.000000000000000000 ) ;
#2314 = CARTESIAN_POINT ( 'NONE',  ( 22.52516434849285787, 14.99999999999999822, 13.31249999999998579 ) ) ;
#2315 = EDGE_CURVE ( 'NONE', #1947, #2107, #2432, .T. ) ;
#2316 = ORIENTED_EDGE ( 'NONE', *, *, #6165, .F. ) ;
#2317 = LINE ( 'NONE', #5902, #2757 ) ;
#2318 = AXIS2_PLACEMENT_3D ( 'NONE', #1385, #2014, #4999 ) ;
#2319 = CARTESIAN_POINT ( 'NONE',  ( 23.87238182984075863, 20.03925181978035752, 32.54588618826547020 ) ) ;
#2320 = EDGE_CURVE ( 'NONE', #2083, #2175, #5536, .T. ) ;
#2321 = ORIENTED_EDGE ( 'NONE', *, *, #3703, .F. ) ;
#2322 = CARTESIAN_POINT ( 'NONE',  ( -24.99999999999999289, 5.014924930574539808, 9.999999999999996447 ) ) ;
#2323 = ORIENTED_EDGE ( 'NONE', *, *, #4102, .F. ) ;
#2324 = CARTESIAN_POINT ( 'NONE',  ( 24.99999999999999289, -68.86287961478693376, 41.56546805271762679 ) ) ;
#2325 = EDGE_CURVE ( 'NONE', #192, #4144, #3734, .T. ) ;
#2326 = EDGE_CURVE ( 'NONE', #1615, #3370, #4368, .T. ) ;
#2327 = DIRECTION ( 'NONE',  ( 0.000000000000000000, -1.000000000000000000, -2.550043509689551597E-13 ) ) ;
#2328 = DIRECTION ( 'NONE',  ( 1.000000000000000000, 0.000000000000000000, 0.000000000000000000 ) ) ;
#2329 = ORIENTED_EDGE ( 'NONE', *, *, #4683, .F. ) ;
#2330 = CARTESIAN_POINT ( 'NONE',  ( 22.52516434849285787, 23.59338556965309763, 10.56410256410254611 ) ) ;
#2331 = VERTEX_POINT ( 'NONE', #933 ) ;
#2332 = EDGE_CURVE ( 'NONE', #78, #3162, #1463, .T. ) ;
#2333 = VECTOR ( 'NONE', #5623, 1000.000000000000114 ) ;
#2334 = DIRECTION ( 'NONE',  ( 1.000000000000000000, 0.000000000000000000, 0.000000000000000000 ) ) ;
#2335 = VERTEX_POINT ( 'NONE', #4 ) ;
#2336 = ORIENTED_EDGE ( 'NONE', *, *, #4788, .T. ) ;
#2337 = PLANE ( 'NONE',  #1713 ) ;
#2338 = VECTOR ( 'NONE', #4849, 1000.000000000000000 ) ;
#2339 = LINE ( 'NONE', #4360, #3358 ) ;
#2340 = PLANE ( 'NONE',  #4285 ) ;
#2341 = ORIENTED_EDGE ( 'NONE', *, *, #2155, .T. ) ;
#2342 = UNCERTAINTY_MEASURE_WITH_UNIT (LENGTH_MEASURE( 1.000000000000000082E-05 ), #5246, 'distance_accuracy_value', 'NONE');
#2343 = FACE_OUTER_BOUND ( 'NONE', #832, .T. ) ;
#2344 = ORIENTED_EDGE ( 'NONE', *, *, #164, .T. ) ;
#2345 = FACE_OUTER_BOUND ( 'NONE', #4719, .T. ) ;
#2346 = EDGE_CURVE ( 'NONE', #2123, #482, #4455, .T. ) ;
#2347 = CARTESIAN_POINT ( 'NONE',  ( 25.00000000000000000, -7.999999999995562661, -67.49999999997872635 ) ) ;
#2348 = CARTESIAN_POINT ( 'NONE',  ( -65.00000000000000000, -10.39856305855482610, -57.49999999999936051 ) ) ;
#2349 = CARTESIAN_POINT ( 'NONE',  ( -26.00000000000000000, 23.39871018650868706, -12.81249999999999822 ) ) ;
#2350 = VECTOR ( 'NONE', #1252, 1000.000000000000000 ) ;
#2351 = ORIENTED_EDGE ( 'NONE', *, *, #97, .T. ) ;
#2352 = AXIS2_PLACEMENT_3D ( 'NONE', #2147, #5598, #1183 ) ;
#2353 = CARTESIAN_POINT ( 'NONE',  ( 65.00000000000000000, -25.43741280912403724, -59.49999999998721734 ) ) ;
#2354 = PLANE ( 'NONE',  #2805 ) ;
#2355 = EDGE_LOOP ( 'NONE', ( #4318, #5075, #1710, #4499 ) ) ;
#2356 = DIRECTION ( 'NONE',  ( 1.000000000000000000, 0.000000000000000000, -0.000000000000000000 ) ) ;
#2357 = EDGE_CURVE ( 'NONE', #2605, #2331, #4260, .T. ) ;
#2358 = ORIENTED_EDGE ( 'NONE', *, *, #2456, .T. ) ;
#2359 = DIRECTION ( 'NONE',  ( 0.000000000000000000, 0.000000000000000000, 1.000000000000000000 ) ) ;
#2360 = VECTOR ( 'NONE', #2062, 1000.000000000000114 ) ;
#2361 = AXIS2_PLACEMENT_3D ( 'NONE', #2070, #6145, #5206 ) ;
#2362 = DIRECTION ( 'NONE',  ( 0.000000000000000000, 0.000000000000000000, 1.000000000000000000 ) ) ;
#2363 = AXIS2_PLACEMENT_3D ( 'NONE', #4790, #6323, #241 ) ;
#2364 = DIRECTION ( 'NONE',  ( 0.000000000000000000, -0.3233786518374586194, -0.9462696484278609876 ) ) ;
#2365 = APPROVAL ( #5852, 'UNSPECIFIED' ) ;
#2366 = VERTEX_POINT ( 'NONE', #2991 ) ;
#2367 = LINE ( 'NONE', #5812, #6063 ) ;
#2368 = VERTEX_POINT ( 'NONE', #1934 ) ;
#2369 = CARTESIAN_POINT ( 'NONE',  ( -32.00000000000000000, -179.8521528751891196, -61.50000000004256862 ) ) ;
#2370 = PLANE ( 'NONE',  #2952 ) ;
#2371 = CARTESIAN_POINT ( 'NONE',  ( 23.76936329903315581, 19.86086758453160783, 33.86718256855525766 ) ) ;
#2372 = ORIENTED_EDGE ( 'NONE', *, *, #2825, .T. ) ;
#2373 = LINE ( 'NONE', #5354, #5318 ) ;
#2374 = CARTESIAN_POINT ( 'NONE',  ( -32.00000000000000000, -13.65489657463117545, -61.50000000000018474 ) ) ;
#2375 = EDGE_CURVE ( 'NONE', #3112, #653, #3490, .T. ) ;
#2376 = LINE ( 'NONE', #4431, #5438 ) ;
#2377 = ORIENTED_EDGE ( 'NONE', *, *, #3987, .T. ) ;
#2378 = FACE_OUTER_BOUND ( 'NONE', #101, .T. ) ;
#2379 = ORIENTED_EDGE ( 'NONE', *, *, #3776, .F. ) ;
#2380 = CARTESIAN_POINT ( 'NONE',  ( 24.06410256410256565, 19.83187632657217137, 33.37279647435897090 ) ) ;
#2381 = CIRCLE ( 'NONE', #3219, 135.5034452694893616 ) ;
#2382 = LINE ( 'NONE', #1351, #4222 ) ;
#2383 = CARTESIAN_POINT ( 'NONE',  ( 23.84654092219571453, 15.00000000000000178, 32.93643342762872805 ) ) ;
#2384 = CARTESIAN_POINT ( 'NONE',  ( 24.06051827766080820, 14.99999999999999822, 33.28887366195070996 ) ) ;
#2385 = AXIS2_PLACEMENT_3D ( 'NONE', #525, #469, #6012 ) ;
#2386 = VERTEX_POINT ( 'NONE', #1433 ) ;
#2387 = CARTESIAN_POINT ( 'NONE',  ( 24.33668026181524269, 14.99999999999999822, -11.01762820512820262 ) ) ;
#2388 = CARTESIAN_POINT ( 'NONE',  ( 24.33668026181524269, 14.99999999999999822, -11.01762820512820262 ) ) ;
#2389 = VERTEX_POINT ( 'NONE', #5508 ) ;
#2390 = FACE_OUTER_BOUND ( 'NONE', #138, .T. ) ;
#2391 = ADVANCED_FACE ( 'NONE', ( #5014 ), #466, .F. ) ;
#2392 = VECTOR ( 'NONE', #1620, 1000.000000000000000 ) ;
#2393 = EDGE_LOOP ( 'NONE', ( #3687, #354, #6247, #3856 ) ) ;
#2394 = CARTESIAN_POINT ( 'NONE',  ( 32.00000000000000000, -60.82614593301642714, 58.89783406916149033 ) ) ;
#2395 = DIRECTION ( 'NONE',  ( -0.000000000000000000, -1.000000000000000000, -0.000000000000000000 ) ) ;
#2396 = CARTESIAN_POINT ( 'NONE',  ( 23.95740443048602586, 20.08457154396489486, 32.59706455683516424 ) ) ;
#2397 = VERTEX_POINT ( 'NONE', #4616 ) ;
#2398 = DIRECTION ( 'NONE',  ( -0.000000000000000000, 1.000000000000000000, -0.000000000000000000 ) ) ;
#2399 = ORIENTED_EDGE ( 'NONE', *, *, #4642, .F. ) ;
#2400 = LINE ( 'NONE', #3195, #5028 ) ;
#2401 = CARTESIAN_POINT ( 'NONE',  ( 65.00000000000000000, -62.43813982404275720, 41.81142202206591918 ) ) ;
#2402 = ORIENTED_EDGE ( 'NONE', *, *, #2041, .T. ) ;
#2403 = ORIENTED_EDGE ( 'NONE', *, *, #4720, .T. ) ;
#2404 = CARTESIAN_POINT ( 'NONE',  ( 23.77563572704563555, 15.00000000000000178, 32.89018396295060143 ) ) ;
#2405 = LINE ( 'NONE', #6519, #3528 ) ;
#2406 = DIRECTION ( 'NONE',  ( 0.000000000000000000, 0.000000000000000000, -1.000000000000000000 ) ) ;
#2407 = ORIENTED_EDGE ( 'NONE', *, *, #6021, .T. ) ;
#2408 = EDGE_CURVE ( 'NONE', #2896, #3721, #1061, .T. ) ;
#2409 = EDGE_CURVE ( 'NONE', #2909, #5221, #1718, .T. ) ;
#2410 = LINE ( 'NONE', #5929, #1134 ) ;
#2411 = ORIENTED_EDGE ( 'NONE', *, *, #5479, .T. ) ;
#2412 = EDGE_CURVE ( 'NONE', #3738, #987, #4646, .T. ) ;
#2413 = AXIS2_PLACEMENT_3D ( 'NONE', #2224, #2101, #3755 ) ;
#2414 = DIRECTION ( 'NONE',  ( 0.000000000000000000, -0.9419483789532435702, -0.3357577272191317186 ) ) ;
#2415 = CARTESIAN_POINT ( 'NONE',  ( 24.24304482188890830, 15.00000000000000533, 33.88054270261753231 ) ) ;
#2416 = DIRECTION ( 'NONE',  ( 0.000000000000000000, 0.3947769709605381538, -0.9187769822972398082 ) ) ;
#2417 = ADVANCED_FACE ( 'NONE', ( #4711, #6105 ), #5142, .F. ) ;
#2418 = PLANE ( 'NONE',  #4650 ) ;
#2419 = VERTEX_POINT ( 'NONE', #4173 ) ;
#2420 = DIRECTION ( 'NONE',  ( 0.000000000000000000, 0.4002777837181162313, 0.9163938541160743245 ) ) ;
#2421 = LINE ( 'NONE', #3064, #367 ) ;
#2422 = VECTOR ( 'NONE', #6284, 1000.000000000000000 ) ;
#2423 = FACE_OUTER_BOUND ( 'NONE', #6009, .T. ) ;
#2424 = EDGE_LOOP ( 'NONE', ( #4344, #5818, #1582, #438 ) ) ;
#2425 = LINE ( 'NONE', #1930, #6195 ) ;
#2426 = TOROIDAL_SURFACE ( 'NONE', #2733, 4.000000000000000000, 2.000000000000000000 ) ;
#2427 = CARTESIAN_POINT ( 'NONE',  ( -32.00000000000000000, -15.99999999999596589, 78.49999999999802469 ) ) ;
#2428 = AXIS2_PLACEMENT_3D ( 'NONE', #5808, #1831, #2756 ) ;
#2429 = AXIS2_PLACEMENT_3D ( 'NONE', #5698, #1156, #756 ) ;
#2430 = CARTESIAN_POINT ( 'NONE',  ( 23.69848322670094731, 15.00000000000000178, 32.49150304741685602 ) ) ;
#2431 = ORIENTED_EDGE ( 'NONE', *, *, #5759, .T. ) ;
#2432 = LINE ( 'NONE', #5447, #2042 ) ;
#2433 = VERTEX_POINT ( 'NONE', #2124 ) ;
#2434 = DIRECTION ( 'NONE',  ( -0.000000000000000000, 1.000000000000000000, -0.000000000000000000 ) ) ;
#2435 = VECTOR ( 'NONE', #694, 1000.000000000000000 ) ;
#2436 = CARTESIAN_POINT ( 'NONE',  ( 51.00000000000000711, -60.81283449854419132, 20.29726656966435172 ) ) ;
#2437 = CARTESIAN_POINT ( 'NONE',  ( 23.63622822925353262, 19.86086758453160073, 33.91939021263049625 ) ) ;
#2438 = FACE_OUTER_BOUND ( 'NONE', #3723, .T. ) ;
#2439 = CARTESIAN_POINT ( 'NONE',  ( 34.00000000000000000, -53.68652259998701481, 16.37735366973054596 ) ) ;
#2440 = DIRECTION ( 'NONE',  ( -1.000000000000000000, 0.000000000000000000, 0.000000000000000000 ) ) ;
#2441 = EDGE_LOOP ( 'NONE', ( #278, #663, #3984, #5003, #2662, #130, #3630, #5278, #1555, #3525 ) ) ;
#2442 = EDGE_CURVE ( 'NONE', #1039, #2789, #3144, .T. ) ;
#2443 = CIRCLE ( 'NONE', #1593, 135.4469474441720536 ) ;
#2444 = DIRECTION ( 'NONE',  ( 0.000000000000000000, 0.8922282841630463368, -0.4515846420544727402 ) ) ;
#2445 = VERTEX_POINT ( 'NONE', #129 ) ;
#2446 = EDGE_CURVE ( 'NONE', #206, #1866, #100, .T. ) ;
#2447 = DIRECTION ( 'NONE',  ( -1.000000000000000000, -0.000000000000000000, -0.000000000000000000 ) ) ;
#2448 = EDGE_CURVE ( 'NONE', #260, #3619, #6456, .T. ) ;
#2449 = EDGE_CURVE ( 'NONE', #74, #3694, #4538, .T. ) ;
#2450 = CARTESIAN_POINT ( 'NONE',  ( 23.86558962764321024, 14.99999999999999112, 34.20193652057385236 ) ) ;
#2451 = DIRECTION ( 'NONE',  ( 0.000000000000000000, 0.3964707652363683721, -0.9180473475332786570 ) ) ;
#2452 = DIRECTION ( 'NONE',  ( 0.000000000000000000, 0.000000000000000000, -1.000000000000000000 ) ) ;
#2453 = EDGE_LOOP ( 'NONE', ( #2164, #884, #4839, #598 ) ) ;
#2454 = CARTESIAN_POINT ( 'NONE',  ( 25.00000000000000000, -126.4501835576286624, 8.448105686686514324E-15 ) ) ;
#2455 = DIRECTION ( 'NONE',  ( 0.000000000000000000, -0.9187769822972396971, -0.3947769709605385424 ) ) ;
#2456 = EDGE_CURVE ( 'NONE', #3500, #2605, #4208, .T. ) ;
#2457 = DIRECTION ( 'NONE',  ( 0.000000000000000000, 0.000000000000000000, -1.000000000000000000 ) ) ;
#2458 = ORIENTED_EDGE ( 'NONE', *, *, #1654, .T. ) ;
#2459 = PLANE ( 'NONE',  #1108 ) ;
#2460 = DIRECTION ( 'NONE',  ( 0.000000000000000000, -0.9462696484278577680, 0.3233786518374679453 ) ) ;
#2461 = CARTESIAN_POINT ( 'NONE',  ( 21.00000000000000000, 21.00290591502244197, -1.216092296937449943E-14 ) ) ;
#2462 = VERTEX_POINT ( 'NONE', #3178 ) ;
#2463 = DIRECTION ( 'NONE',  ( 1.000000000000000000, 0.000000000000000000, 0.000000000000000000 ) ) ;
#2464 = VECTOR ( 'NONE', #2768, 1000.000000000000000 ) ;
#2465 = ORIENTED_EDGE ( 'NONE', *, *, #4948, .T. ) ;
#2466 = LINE ( 'NONE', #3586, #1533 ) ;
#2467 = FACE_OUTER_BOUND ( 'NONE', #2927, .T. ) ;
#2468 = CLOSED_SHELL ( 'NONE', ( #1452, #2933, #3003, #5020, #528, #1630, #1298, #3510, #641, #4585, #5130, #2179, #3789, #5191, #4158, #6046, #2721, #5231, #6560, #5729, #394, #2001, #4998, #1565, #6443, #2524, #6137, #3628, #391, #1428, #2391, #1981, #4838, #2719, #6249, #5100, #5676, #529, #6218, #1832, #2015, #5722, #1871, #47, #6311, #3805, #564, #1677, #436, #1863, #3435, #2519, #1514, #3729, #4965, #4265, #2681, #4794, #3093, #1552, #1342, #2642, #5051, #668, #2670, #1311, #4848, #4247, #82, #5984, #1922, #1888, #3576, #4304, #5560, #2097, #4314, #6003, #3925, #6101, #5974, #2748, #5936, #1585, #4877, #647, #5023, #389, #4964, #1478, #1350, #1547, #3667, #3059, #1708, #3133, #379, #3784, #6171, #604, #5089, #186, #1735, #6253, #2582, #3292, #3125, #2782, #3621, #5684, #3613, #5866, #2935, #332, #347, #2712, #4793, #501, #3411, #1323, #2934, #6393, #137, #5127, #4550, #1131, #3931, #2240, #805, #2809, #1373, #4425, #3206, #1646, #4303, #4829, #1436, #3420, #5244, #2054, #1074, #6084, #5156, #2780, #6276, #3783, #890, #4480, #2059, #1711, #3578, #5272, #775, #2064, #3295, #4067, #2516, #3501, #6178, #5336, #742, #4337, #5330, #6191, #4551, #378, #3051, #2140, #1021, #162, #6431, #3235, #1548, #5428, #5556, #1898, #1838, #5395, #6264, #3476, #643, #4750, #484, #5077, #3821, #3580, #6256, #5822, #5365, #5783, #2417, #4236, #5362, #52, #596, #5554, #4359 ) ) ;
#2469 = CARTESIAN_POINT ( 'NONE',  ( 32.00000000000000000, -37.28072193794384503, -31.93669053106154720 ) ) ;
#2470 = CARTESIAN_POINT ( 'NONE',  ( 34.00000000000000000, -29.21622543258023086, -20.30853951231553012 ) ) ;
#2471 = EDGE_CURVE ( 'NONE', #2789, #1446, #6140, .T. ) ;
#2472 = CARTESIAN_POINT ( 'NONE',  ( -25.00000000000000000, -179.8521528752048084, -1.559876379624643847E-14 ) ) ;
#2473 = CARTESIAN_POINT ( 'NONE',  ( -65.00000000000000000, -24.21218751241699252, 4.400821177786094829 ) ) ;
#2474 = EDGE_LOOP ( 'NONE', ( #6068, #386, #4449, #1223, #2114, #3634, #932, #3880, #3505 ) ) ;
#2475 = AXIS2_PLACEMENT_3D ( 'NONE', #3698, #5715, #772 ) ;
#2476 = EDGE_CURVE ( 'NONE', #3065, #3669, #3617, .T. ) ;
#2477 = EDGE_LOOP ( 'NONE', ( #480, #2887, #360, #150, #2431 ) ) ;
#2478 = DIRECTION ( 'NONE',  ( -0.000000000000000000, -0.000000000000000000, -1.000000000000000000 ) ) ;
#2479 = CARTESIAN_POINT ( 'NONE',  ( 24.37673613009663853, 15.00000000000000533, 33.42013270076478904 ) ) ;
#2480 = CARTESIAN_POINT ( 'NONE',  ( 24.06410256410256565, 14.99999999999999822, 33.37279647435897090 ) ) ;
#2481 = CARTESIAN_POINT ( 'NONE',  ( 138.2335947900749602, 5.014924930574539808, 10.00000000000000000 ) ) ;
#2482 = ORIENTED_EDGE ( 'NONE', *, *, #3294, .F. ) ;
#2483 = DIRECTION ( 'NONE',  ( 0.000000000000000000, -1.000000000000000000, -2.312964634635742957E-16 ) ) ;
#2484 = CARTESIAN_POINT ( 'NONE',  ( 32.00000000000000000, 4.440892098500626162E-12, -67.49999999997874056 ) ) ;
#2485 = ORIENTED_EDGE ( 'NONE', *, *, #377, .T. ) ;
#2486 = LINE ( 'NONE', #928, #3017 ) ;
#2487 = EDGE_CURVE ( 'NONE', #2565, #5894, #1094, .T. ) ;
#2488 = AXIS2_PLACEMENT_3D ( 'NONE', #6268, #4876, #3214 ) ;
#2489 = DIRECTION ( 'NONE',  ( 1.000000000000000000, 0.000000000000000000, 0.000000000000000000 ) ) ;
#2490 = VECTOR ( 'NONE', #6267, 1000.000000000000000 ) ;
#2491 = LINE ( 'NONE', #1461, #4238 ) ;
#2492 = VECTOR ( 'NONE', #2551, 1000.000000000000000 ) ;
#2493 = ORIENTED_EDGE ( 'NONE', *, *, #97, .F. ) ;
#2494 = DIRECTION ( 'NONE',  ( 1.000000000000000000, 0.000000000000000000, 0.000000000000000000 ) ) ;
#2495 = VERTEX_POINT ( 'NONE', #683 ) ;
#2496 = DIRECTION ( 'NONE',  ( 0.000000000000000000, 0.000000000000000000, 1.000000000000000000 ) ) ;
#2497 = EDGE_CURVE ( 'NONE', #1810, #3215, #4973, .T. ) ;
#2498 = FACE_OUTER_BOUND ( 'NONE', #632, .T. ) ;
#2499 = DIRECTION ( 'NONE',  ( 0.000000000000000000, 0.000000000000000000, -1.000000000000000000 ) ) ;
#2500 = CARTESIAN_POINT ( 'NONE',  ( 34.00000000000000000, -31.76806004415674778, -29.56802870530682625 ) ) ;
#2501 = CARTESIAN_POINT ( 'NONE',  ( 22.22770590284088144, 23.68543141577780631, -9.312499999999998224 ) ) ;
#2502 = DIRECTION ( 'NONE',  ( -0.000000000000000000, 1.000000000000000000, 2.550043509685903904E-13 ) ) ;
#2503 = EDGE_CURVE ( 'NONE', #2590, #5597, #1625, .T. ) ;
#2504 = EDGE_LOOP ( 'NONE', ( #2569, #4428, #3334, #3915 ) ) ;
#2505 = ORIENTED_EDGE ( 'NONE', *, *, #3425, .T. ) ;
#2506 = FACE_OUTER_BOUND ( 'NONE', #3047, .T. ) ;
#2507 = ORIENTED_EDGE ( 'NONE', *, *, #1276, .T. ) ;
#2508 = CARTESIAN_POINT ( 'NONE',  ( 23.62417513766272492, 19.86068834797921667, 34.27742775333473446 ) ) ;
#2509 = CYLINDRICAL_SURFACE ( 'NONE', #1584, 177.2111113949695209 ) ;
#2510 = CIRCLE ( 'NONE', #3890, 177.2111113949647176 ) ;
#2511 = VERTEX_POINT ( 'NONE', #5733 ) ;
#2512 = DIRECTION ( 'NONE',  ( 0.000000000000000000, 0.000000000000000000, -1.000000000000000000 ) ) ;
#2513 = CARTESIAN_POINT ( 'NONE',  ( 32.00000000000000000, -56.54684703319611572, 12.90197427886324100 ) ) ;
#2514 = ORIENTED_EDGE ( 'NONE', *, *, #1289, .F. ) ;
#2515 = DIRECTION ( 'NONE',  ( -1.000000000000000000, 0.000000000000000000, 0.000000000000000000 ) ) ;
#2516 = ADVANCED_FACE ( 'NONE', ( #2653 ), #5596, .F. ) ;
#2517 = DIRECTION ( 'NONE',  ( -0.000000000000000000, 0.3947769709605351562, -0.9187769822972410294 ) ) ;
#2518 = AXIS2_PLACEMENT_3D ( 'NONE', #2593, #1097, #5174 ) ;
#2519 = ADVANCED_FACE ( 'NONE', ( #4679 ), #3113, .T. ) ;
#2520 = CARTESIAN_POINT ( 'NONE',  ( 24.35210827442235981, 20.08457154396490196, 33.13102048987927617 ) ) ;
#2521 = EDGE_CURVE ( 'NONE', #2445, #2175, #5338, .T. ) ;
#2522 = ORIENTED_EDGE ( 'NONE', *, *, #4986, .F. ) ;
#2524 = ADVANCED_FACE ( 'NONE', ( #1761 ), #5266, .F. ) ;
#2523 = LINE ( 'NONE', #4578, #24 ) ;
#2525 = ORIENTED_EDGE ( 'NONE', *, *, #2786, .T. ) ;
#2526 = LINE ( 'NONE', #3492, #3759 ) ;
#2527 = EDGE_CURVE ( 'NONE', #6294, #5182, #4810, .T. ) ;
#2528 = VECTOR ( 'NONE', #5069, 1000.000000000000000 ) ;
#2529 = DIRECTION ( 'NONE',  ( -1.000000000000000000, -0.000000000000000000, -0.000000000000000000 ) ) ;
#2530 = AXIS2_PLACEMENT_3D ( 'NONE', #5725, #1086, #2644 ) ;
#2531 = DIRECTION ( 'NONE',  ( -1.000000000000000000, 0.000000000000000000, 0.000000000000000000 ) ) ;
#2532 = DIRECTION ( 'NONE',  ( -1.000000000000000000, -0.000000000000000000, 0.000000000000000000 ) ) ;
#2533 = APPROVAL_PERSON_ORGANIZATION ( #6354, #1469, #3396 ) ;
#2534 = CARTESIAN_POINT ( 'NONE',  ( 138.2335947900749602, 5.014924930574539808, 10.00000000000000000 ) ) ;
#2535 = CYLINDRICAL_SURFACE ( 'NONE', #1023, 1.999999999999999334 ) ;
#2536 = AXIS2_PLACEMENT_3D ( 'NONE', #4801, #250, #2280 ) ;
#2537 = ORIENTED_EDGE ( 'NONE', *, *, #4106, .T. ) ;
#2538 = EDGE_LOOP ( 'NONE', ( #5248, #3992, #1527, #4968 ) ) ;
#2539 = ORIENTED_EDGE ( 'NONE', *, *, #864, .F. ) ;
#2540 = CARTESIAN_POINT ( 'NONE',  ( 32.00000000000000000, -31.77282630051907830, -31.15813821466412747 ) ) ;
#2541 = VERTEX_POINT ( 'NONE', #5406 ) ;
#2542 = DIRECTION ( 'NONE',  ( -0.000000000000000000, 0.9402861980684315002, -0.3403848788092887490 ) ) ;
#2543 =( NAMED_UNIT ( * ) PLANE_ANGLE_UNIT ( ) SI_UNIT ( $, .RADIAN. ) );
#2544 = LINE ( 'NONE', #1586, #6368 ) ;
#2545 = EDGE_CURVE ( 'NONE', #498, #5122, #2203, .T. ) ;
#2546 = ORIENTED_EDGE ( 'NONE', *, *, #2449, .T. ) ;
#2547 = CARTESIAN_POINT ( 'NONE',  ( 24.99999999999999289, 4.440892098500626162E-12, 67.49999999999828049 ) ) ;
#2548 = CIRCLE ( 'NONE', #5090, 395.0616701809472602 ) ;
#2549 = DIRECTION ( 'NONE',  ( 0.000000000000000000, 7.682651195715312743E-11, 1.000000000000000000 ) ) ;
#2550 = ORIENTED_EDGE ( 'NONE', *, *, #320, .F. ) ;
#2551 = DIRECTION ( 'NONE',  ( 0.000000000000000000, -0.3442212980149142454, -0.9388885439672419730 ) ) ;
#2552 = FACE_OUTER_BOUND ( 'NONE', #4511, .T. ) ;
#2553 = EDGE_CURVE ( 'NONE', #534, #260, #292, .T. ) ;
#2554 = DIRECTION ( 'NONE',  ( -0.000000000000000000, 1.000000000000000000, -0.000000000000000000 ) ) ;
#2555 = ORIENTED_EDGE ( 'NONE', *, *, #1812, .T. ) ;
#2556 = CARTESIAN_POINT ( 'NONE',  ( 32.00000000000000000, -64.33067912089846629, 42.45817932574086484 ) ) ;
#2557 = ORIENTED_EDGE ( 'NONE', *, *, #2442, .T. ) ;
#2558 = DIRECTION ( 'NONE',  ( -0.000000000000000000, -1.000000000000000000, -1.341519488088333655E-13 ) ) ;
#2559 = CARTESIAN_POINT ( 'NONE',  ( -32.00000000000000000, -31.99999999999558753, 67.49999999999792522 ) ) ;
#2560 = LINE ( 'NONE', #2708, #2490 ) ;
#2561 = CARTESIAN_POINT ( 'NONE',  ( 22.17344235471984959, 14.99999999999999822, -35.43750000000000000 ) ) ;
#2562 = AXIS2_PLACEMENT_3D ( 'NONE', #2500, #1909, #6080 ) ;
#2563 = PLANE ( 'NONE',  #5342 ) ;
#2564 = CARTESIAN_POINT ( 'NONE',  ( 22.21106178439028866, 23.35028468928021539, 13.31249999999998224 ) ) ;
#2565 = VERTEX_POINT ( 'NONE', #328 ) ;
#2566 = AXIS2_PLACEMENT_3D ( 'NONE', #2795, #6414, #764 ) ;
#2567 = VECTOR ( 'NONE', #657, 1000.000000000000000 ) ;
#2568 = AXIS2_PLACEMENT_3D ( 'NONE', #1512, #5548, #3030 ) ;
#2569 = ORIENTED_EDGE ( 'NONE', *, *, #3070, .F. ) ;
#2570 = ORIENTED_EDGE ( 'NONE', *, *, #5080, .T. ) ;
#2571 = CARTESIAN_POINT ( 'NONE',  ( 34.00000000000000000, -63.36544253355305756, 57.65205207598277326 ) ) ;
#2572 = DIRECTION ( 'NONE',  ( 0.000000000000000000, 0.000000000000000000, 1.000000000000000000 ) ) ;
#2573 = EDGE_LOOP ( 'NONE', ( #5415, #3212, #4156, #3642 ) ) ;
#2574 = CARTESIAN_POINT ( 'NONE',  ( -26.00000000000000000, 19.58698074325202043, 34.32211538461536549 ) ) ;
#2575 = DIRECTION ( 'NONE',  ( 0.000000000000000000, 0.000000000000000000, -1.000000000000000000 ) ) ;
#2576 = EDGE_CURVE ( 'NONE', #1272, #6481, #5168, .T. ) ;
#2577 = AXIS2_PLACEMENT_3D ( 'NONE', #5153, #5291, #210 ) ;
#2578 = CARTESIAN_POINT ( 'NONE',  ( -32.00000000000000000, -7.999999999995562661, -67.49999999997872635 ) ) ;
#2579 = ORIENTED_EDGE ( 'NONE', *, *, #1907, .F. ) ;
#2580 = DIRECTION ( 'NONE',  ( -0.000000000000000000, 0.000000000000000000, 1.000000000000000000 ) ) ;
#2581 = CARTESIAN_POINT ( 'NONE',  ( 34.00000000000000000, -60.22712124351060936, 54.46599817177513359 ) ) ;
#2582 = ADVANCED_FACE ( 'NONE', ( #2753 ), #3384, .T. ) ;
#2583 = EDGE_LOOP ( 'NONE', ( #3318, #238, #5093, #237 ) ) ;
#2584 = CARTESIAN_POINT ( 'NONE',  ( 24.90336947669798562, 14.99999999999999822, 13.31249999999998579 ) ) ;
#2585 = LINE ( 'NONE', #4612, #3155 ) ;
#2586 = PLANE ( 'NONE',  #2121 ) ;
#2587 = ORIENTED_EDGE ( 'NONE', *, *, #734, .F. ) ;
#2588 = DIRECTION ( 'NONE',  ( 1.000000000000000000, 0.000000000000000000, 0.000000000000000000 ) ) ;
#2589 = CIRCLE ( 'NONE', #254, 135.5624999999987779 ) ;
#2590 = VERTEX_POINT ( 'NONE', #5805 ) ;
#2591 = FACE_OUTER_BOUND ( 'NONE', #3884, .T. ) ;
#2592 = AXIS2_PLACEMENT_3D ( 'NONE', #1078, #5124, #574 ) ;
#2593 = CARTESIAN_POINT ( 'NONE',  ( -32.00000000000000000, -28.44884186725240838, 0.4999999999885304525 ) ) ;
#2594 = VECTOR ( 'NONE', #1241, 1000.000000000000000 ) ;
#2595 = PLANE ( 'NONE',  #1637 ) ;
#2596 = PLANE ( 'NONE',  #2890 ) ;
#2597 = DIRECTION ( 'NONE',  ( 0.000000000000000000, -0.4651525774019363291, -0.8852305235001420858 ) ) ;
#2598 = CARTESIAN_POINT ( 'NONE',  ( 65.00000000000000000, -43.03341941619897426, 11.84865486808793378 ) ) ;
#2599 = VERTEX_POINT ( 'NONE', #2322 ) ;
#2600 = ORIENTED_EDGE ( 'NONE', *, *, #5798, .T. ) ;
#2601 = EDGE_LOOP ( 'NONE', ( #2761, #3507, #6212, #2190 ) ) ;
#2602 = EDGE_CURVE ( 'NONE', #3162, #4874, #2632, .T. ) ;
#2603 = CARTESIAN_POINT ( 'NONE',  ( -33.86360986264725170, -12.92843376423008372, -59.50000000000000000 ) ) ;
#2604 = FACE_OUTER_BOUND ( 'NONE', #5785, .T. ) ;
#2605 = VERTEX_POINT ( 'NONE', #4345 ) ;
#2606 = EDGE_CURVE ( 'NONE', #3923, #1810, #4775, .T. ) ;
#2607 = CARTESIAN_POINT ( 'NONE',  ( 23.24525795654544780, 14.99999999999999467, 34.32084022268448109 ) ) ;
#2608 = EDGE_CURVE ( 'NONE', #5228, #2830, #3879, .T. ) ;
#2609 = CARTESIAN_POINT ( 'NONE',  ( 138.2335947900749602, 5.014924930574546025, -10.00000000000000000 ) ) ;
#2610 = ORIENTED_EDGE ( 'NONE', *, *, #4452, .T. ) ;
#2611 = CARTESIAN_POINT ( 'NONE',  ( 23.22232866014383035, 14.99999999999999467, 33.96808777126505419 ) ) ;
#2612 = EDGE_CURVE ( 'NONE', #1157, #4994, #1826, .T. ) ;
#2613 = DIRECTION ( 'NONE',  ( 1.000000000000000000, -0.000000000000000000, -0.000000000000000000 ) ) ;
#2614 = VERTEX_POINT ( 'NONE', #1293 ) ;
#2615 = LINE ( 'NONE', #583, #1399 ) ;
#2616 = VECTOR ( 'NONE', #2839, 1000.000000000000000 ) ;
#2617 = CARTESIAN_POINT ( 'NONE',  ( -21.00000000000000000, 5.848221124615165856, -56.07296202474786639 ) ) ;
#2618 = CARTESIAN_POINT ( 'NONE',  ( 22.17948717948718240, 14.99999999999999822, 35.93750000000000000 ) ) ;
#2619 = VERTEX_POINT ( 'NONE', #4378 ) ;
#2620 = DIRECTION ( 'NONE',  ( 1.000000000000000000, 0.000000000000000000, -0.000000000000000000 ) ) ;
#2621 = EDGE_LOOP ( 'NONE', ( #405, #1095, #834, #4919 ) ) ;
#2622 = LINE ( 'NONE', #1158, #5138 ) ;
#2623 = DIRECTION ( 'NONE',  ( 0.000000000000000000, -0.9388885439672419730, 0.3442212980149142454 ) ) ;
#2624 = VECTOR ( 'NONE', #4149, 1000.000000000000000 ) ;
#2625 = EDGE_CURVE ( 'NONE', #267, #3865, #3908, .T. ) ;
#2626 = CARTESIAN_POINT ( 'NONE',  ( 32.00000000000000000, -33.25878770917980631, -29.56356033996714316 ) ) ;
#2627 = LINE ( 'NONE', #5705, #3752 ) ;
#2628 = CARTESIAN_POINT ( 'NONE',  ( 24.42307692307692690, 19.15335114793337112, 35.93750000000000000 ) ) ;
#2629 = ORIENTED_EDGE ( 'NONE', *, *, #4699, .F. ) ;
#2630 = AXIS2_PLACEMENT_3D ( 'NONE', #866, #4982, #6479 ) ;
#2631 = AXIS2_PLACEMENT_3D ( 'NONE', #1885, #2916, #5965 ) ;
#2632 = CIRCLE ( 'NONE', #4328, 6.999999999999997335 ) ;
#2633 = ORIENTED_EDGE ( 'NONE', *, *, #6466, .F. ) ;
#2634 = VERTEX_POINT ( 'NONE', #861 ) ;
#2635 = CARTESIAN_POINT ( 'NONE',  ( 22.54180846694344709, 14.99999999999999822, -9.312499999999998224 ) ) ;
#2636 = DIRECTION ( 'NONE',  ( 0.000000000000000000, 0.000000000000000000, 1.000000000000000000 ) ) ;
#2637 = ORIENTED_EDGE ( 'NONE', *, *, #1402, .T. ) ;
#2638 = CARTESIAN_POINT ( 'NONE',  ( 23.13721955128205465, 19.86068834797921667, 34.32211538461537970 ) ) ;
#2639 = VECTOR ( 'NONE', #2483, 1000.000000000000000 ) ;
#2640 = DIRECTION ( 'NONE',  ( -1.000000000000000000, 0.000000000000000000, 0.000000000000000000 ) ) ;
#2641 = ORIENTED_EDGE ( 'NONE', *, *, #711, .T. ) ;
#2642 = ADVANCED_FACE ( 'NONE', ( #1725 ), #6341, .T. ) ;
#2643 = CARTESIAN_POINT ( 'NONE',  ( 24.00974439044101771, 14.99999999999999112, 33.62143824582115315 ) ) ;
#2644 = DIRECTION ( 'NONE',  ( 0.000000000000000000, 0.000000000000000000, -1.000000000000000000 ) ) ;
#2645 = VECTOR ( 'NONE', #179, 1000.000000000000000 ) ;
#2646 = VERTEX_POINT ( 'NONE', #1256 ) ;
#2647 = DIRECTION ( 'NONE',  ( -1.000000000000000000, -0.000000000000000000, -0.000000000000000000 ) ) ;
#2648 = CYLINDRICAL_SURFACE ( 'NONE', #2104, 135.5034452694893616 ) ;
#2649 = AXIS2_PLACEMENT_3D ( 'NONE', #5158, #1614, #2640 ) ;
#2650 = EDGE_CURVE ( 'NONE', #3370, #1203, #2216, .T. ) ;
#2651 = FACE_OUTER_BOUND ( 'NONE', #5864, .T. ) ;
#2652 = ORIENTED_EDGE ( 'NONE', *, *, #1042, .F. ) ;
#2653 = FACE_OUTER_BOUND ( 'NONE', #5849, .T. ) ;
#2654 = ORIENTED_EDGE ( 'NONE', *, *, #5489, .T. ) ;
#2655 = PLANE ( 'NONE',  #1430 ) ;
#2656 = DIRECTION ( 'NONE',  ( 1.000000000000000000, 0.000000000000000000, 0.000000000000000000 ) ) ;
#2657 = CARTESIAN_POINT ( 'NONE',  ( 25.00000000000000000, -9.000000000000021316, -67.50000000000000000 ) ) ;
#2658 = DIRECTION ( 'NONE',  ( 0.000000000000000000, -1.000000000000000000, 2.312964634635757649E-15 ) ) ;
#2659 = CARTESIAN_POINT ( 'NONE',  ( -32.00000000000000000, -8.387541551316157751, 42.17860255650935386 ) ) ;
#2660 = ORIENTED_EDGE ( 'NONE', *, *, #4183, .T. ) ;
#2661 = VECTOR ( 'NONE', #4505, 1000.000000000000000 ) ;
#2662 = ORIENTED_EDGE ( 'NONE', *, *, #1054, .F. ) ;
#2663 = ORIENTED_EDGE ( 'NONE', *, *, #5107, .T. ) ;
#2664 = CARTESIAN_POINT ( 'NONE',  ( -33.72719909510513503, -12.57535232640891643, 58.49999999998853184 ) ) ;
#2665 = CARTESIAN_POINT ( 'NONE',  ( -26.00000000000000000, 23.65005808228012896, 9.812499999999982236 ) ) ;
#2666 = ORIENTED_EDGE ( 'NONE', *, *, #2357, .T. ) ;
#2667 = CARTESIAN_POINT ( 'NONE',  ( 23.96601894358239093, 15.00000000000000533, 34.14948371587236409 ) ) ;
#2668 = AXIS2_PLACEMENT_3D ( 'NONE', #5950, #1995, #4546 ) ;
#2669 = VECTOR ( 'NONE', #2687, 1000.000000000000000 ) ;
#2670 = ADVANCED_FACE ( 'NONE', ( #5770 ), #1224, .T. ) ;
#2671 = EDGE_CURVE ( 'NONE', #363, #1644, #2313, .T. ) ;
#2672 = DIRECTION ( 'NONE',  ( -0.000000000000000000, 1.000000000000000000, -0.000000000000000000 ) ) ;
#2673 = ORIENTED_EDGE ( 'NONE', *, *, #3989, .T. ) ;
#2674 = PLANE ( 'NONE',  #5219 ) ;
#2675 = CARTESIAN_POINT ( 'NONE',  ( -26.00000000000000000, 20.18827990610378009, -31.93749999999997868 ) ) ;
#2676 = ORIENTED_EDGE ( 'NONE', *, *, #2236, .T. ) ;
#2677 = LINE ( 'NONE', #2087, #3340 ) ;
#2678 = LINE ( 'NONE', #1218, #1370 ) ;
#2679 = VECTOR ( 'NONE', #3670, 1000.000000000000000 ) ;
#2680 = DIRECTION ( 'NONE',  ( -1.000000000000000000, 0.000000000000000000, 0.000000000000000000 ) ) ;
#2681 = ADVANCED_FACE ( 'NONE', ( #2423 ), #2772, .T. ) ;
#2682 = ORIENTED_EDGE ( 'NONE', *, *, #4155, .T. ) ;
#2683 = CARTESIAN_POINT ( 'NONE',  ( 32.00000000000000000, -46.12443660629851649, 10.62080409351411348 ) ) ;
#2684 = ORIENTED_EDGE ( 'NONE', *, *, #5665, .T. ) ;
#2685 = DIRECTION ( 'NONE',  ( 0.000000000000000000, 0.000000000000000000, 1.000000000000000000 ) ) ;
#2686 = CARTESIAN_POINT ( 'NONE',  ( -126.5489894022228441, -59.99999999999555911, 67.49999999999826628 ) ) ;
#2687 = DIRECTION ( 'NONE',  ( 0.000000000000000000, -1.000000000000000000, -0.000000000000000000 ) ) ;
#2688 = DIRECTION ( 'NONE',  ( -0.000000000000000000, 0.4718612443555706415, 0.8816728225794489004 ) ) ;
#2689 = FACE_OUTER_BOUND ( 'NONE', #736, .T. ) ;
#2690 = VERTEX_POINT ( 'NONE', #961 ) ;
#2691 = EDGE_CURVE ( 'NONE', #5122, #5391, #5563, .T. ) ;
#2692 = CARTESIAN_POINT ( 'NONE',  ( 23.90985873489033864, 14.99999999999999467, 32.99248058068621958 ) ) ;
#2693 = VECTOR ( 'NONE', #3116, 1000.000000000000114 ) ;
#2694 = ORIENTED_EDGE ( 'NONE', *, *, #6075, .T. ) ;
#2695 = ORIENTED_EDGE ( 'NONE', *, *, #5791, .T. ) ;
#2696 = CARTESIAN_POINT ( 'NONE',  ( 24.12370835847433526, 19.66012236371031108, 34.04165120424733004 ) ) ;
#2697 = PLANE ( 'NONE',  #3207 ) ;
#2698 = VECTOR ( 'NONE', #3985, 1000.000000000000000 ) ;
#2699 = ORIENTED_EDGE ( 'NONE', *, *, #4070, .F. ) ;
#2700 = CARTESIAN_POINT ( 'NONE',  ( -14.99999999999998579, 5.014924930574546025, -10.00000000000000000 ) ) ;
#2701 = CARTESIAN_POINT ( 'NONE',  ( -14.99999999999999645, -117.4469470763954178, 0.000000000000000000 ) ) ;
#2702 = ORIENTED_EDGE ( 'NONE', *, *, #4882, .F. ) ;
#2703 = CARTESIAN_POINT ( 'NONE',  ( 23.13441506410256920, 14.99999999999999822, 33.96804887820512420 ) ) ;
#2704 = PLANE ( 'NONE',  #4543 ) ;
#2705 = ORIENTED_EDGE ( 'NONE', *, *, #5359, .T. ) ;
#2706 = DIRECTION ( 'NONE',  ( 1.000000000000000000, 0.000000000000000000, 0.000000000000000000 ) ) ;
#2707 = DIRECTION ( 'NONE',  ( 0.000000000000000000, 1.000000000000000000, -1.341519488088333655E-13 ) ) ;
#2708 = CARTESIAN_POINT ( 'NONE',  ( 32.00000000000000000, -25.43741280912406211, -61.49999999998721734 ) ) ;
#2709 = CARTESIAN_POINT ( 'NONE',  ( 24.37820512820513130, 19.83169815902506627, 33.37349759615384670 ) ) ;
#2710 = EDGE_LOOP ( 'NONE', ( #504, #5667, #5319, #808 ) ) ;
#2711 = DIRECTION ( 'NONE',  ( -1.000000000000000000, -0.000000000000000000, 0.000000000000000000 ) ) ;
#2712 = ADVANCED_FACE ( 'NONE', ( #2390, #3482 ), #5034, .F. ) ;
#2713 = ORIENTED_EDGE ( 'NONE', *, *, #4107, .T. ) ;
#2714 = FACE_OUTER_BOUND ( 'NONE', #2301, .T. ) ;
#2715 = DIRECTION ( 'NONE',  ( 0.000000000000000000, 0.000000000000000000, -1.000000000000000000 ) ) ;
#2716 = EDGE_CURVE ( 'NONE', #862, #2749, #3948, .T. ) ;
#2717 = CIRCLE ( 'NONE', #5053, 1.199999999999989297 ) ;
#2718 = EDGE_CURVE ( 'NONE', #2896, #200, #3916, .T. ) ;
#2719 = ADVANCED_FACE ( 'NONE', ( #1522 ), #6002, .T. ) ;
#2720 = DIRECTION ( 'NONE',  ( 0.000000000000000000, -0.9163938541160768780, 0.4002777837181106801 ) ) ;
#2721 = ADVANCED_FACE ( 'NONE', ( #897 ), #1456, .F. ) ;
#2722 = VERTEX_POINT ( 'NONE', #399 ) ;
#2723 = CARTESIAN_POINT ( 'NONE',  ( -32.00000000000000000, -28.44884186725240482, -35.50000000001146816 ) ) ;
#2724 = ORIENTED_EDGE ( 'NONE', *, *, #3832, .F. ) ;
#2725 = CARTESIAN_POINT ( 'NONE',  ( 23.67287660256410575, 14.99999999999999822, 32.48517628205127750 ) ) ;
#2726 = CARTESIAN_POINT ( 'NONE',  ( 23.23960465769145856, 14.99999999999999112, 32.79668544856368584 ) ) ;
#2727 = ORIENTED_EDGE ( 'NONE', *, *, #731, .T. ) ;
#2728 = ORIENTED_EDGE ( 'NONE', *, *, #6255, .F. ) ;
#2729 = LINE ( 'NONE', #3763, #3888 ) ;
#2730 = LINE ( 'NONE', #2665, #5452 ) ;
#2731 = EDGE_CURVE ( 'NONE', #234, #5339, #5501, .T. ) ;
#2732 = ORIENTED_EDGE ( 'NONE', *, *, #1551, .T. ) ;
#2733 = AXIS2_PLACEMENT_3D ( 'NONE', #3472, #1979, #3443 ) ;
#2734 = CARTESIAN_POINT ( 'NONE',  ( 32.00000000000000000, -58.33458194665490026, 53.81924086810018792 ) ) ;
#2735 = EDGE_CURVE ( 'NONE', #2541, #1479, #3453, .T. ) ;
#2736 = AXIS2_PLACEMENT_3D ( 'NONE', #3675, #4081, #4112 ) ;
#2737 = AXIS2_PLACEMENT_3D ( 'NONE', #3081, #617, #2181 ) ;
#2738 = LINE ( 'NONE', #2842, #4459 ) ;
#2739 = VERTEX_POINT ( 'NONE', #2484 ) ;
#2740 = FACE_BOUND ( 'NONE', #3100, .T. ) ;
#2741 = EDGE_CURVE ( 'NONE', #1464, #689, #1488, .T. ) ;
#2742 = CIRCLE ( 'NONE', #5070, 135.4469474441720536 ) ;
#2743 = CARTESIAN_POINT ( 'NONE',  ( 23.74915021617268351, 15.00000000000000533, 32.50402161106875809 ) ) ;
#2744 = CIRCLE ( 'NONE', #2536, 135.5034452694893616 ) ;
#2745 = ORIENTED_EDGE ( 'NONE', *, *, #2039, .T. ) ;
#2746 = CARTESIAN_POINT ( 'NONE',  ( -24.99999999999999289, 5.014924930574546025, -10.00000000000000000 ) ) ;
#2747 = DIRECTION ( 'NONE',  ( 0.000000000000000000, -1.000000000000000000, 0.000000000000000000 ) ) ;
#2748 = ADVANCED_FACE ( 'NONE', ( #6503 ), #4013, .F. ) ;
#2749 = VERTEX_POINT ( 'NONE', #5134 ) ;
#2750 = CARTESIAN_POINT ( 'NONE',  ( -32.00000000000000000, -7.999999999995562661, -67.49999999997872635 ) ) ;
#2751 = CARTESIAN_POINT ( 'NONE',  ( -25.00000000000000000, -28.44884186725240482, -35.50000000001146816 ) ) ;
#2752 = ORIENTED_EDGE ( 'NONE', *, *, #2527, .T. ) ;
#2753 = FACE_OUTER_BOUND ( 'NONE', #4387, .T. ) ;
#2754 = ORIENTED_EDGE ( 'NONE', *, *, #6317, .F. ) ;
#2755 = FACE_OUTER_BOUND ( 'NONE', #4164, .T. ) ;
#2756 = DIRECTION ( 'NONE',  ( 0.000000000000000000, -6.938893903907222067E-15, 1.000000000000000000 ) ) ;
#2757 = VECTOR ( 'NONE', #5303, 1000.000000000000000 ) ;
#2758 = AXIS2_PLACEMENT_3D ( 'NONE', #2609, #1048, #3165 ) ;
#2759 = EDGE_CURVE ( 'NONE', #3406, #5900, #6230, .T. ) ;
#2760 = CARTESIAN_POINT ( 'NONE',  ( 23.83369876497625839, 14.99999999999999822, -31.93749999999999289 ) ) ;
#2761 = ORIENTED_EDGE ( 'NONE', *, *, #4475, .F. ) ;
#2762 = CARTESIAN_POINT ( 'NONE',  ( 22.48754491882241169, 14.99999999999999822, -32.29647435897435770 ) ) ;
#2763 = ORIENTED_EDGE ( 'NONE', *, *, #249, .F. ) ;
#2764 = DIRECTION ( 'NONE',  ( 0.000000000000000000, 0.4417829271038157257, 0.8971219790639312075 ) ) ;
#2765 = PERSON_AND_ORGANIZATION ( #4040, #4752 ) ;
#2766 = VERTEX_POINT ( 'NONE', #89 ) ;
#2767 = ORIENTED_EDGE ( 'NONE', *, *, #1262, .T. ) ;
#2768 = DIRECTION ( 'NONE',  ( 0.000000000000000000, 1.000000000000000000, 3.469446951953590129E-15 ) ) ;
#2769 = FACE_OUTER_BOUND ( 'NONE', #2583, .T. ) ;
#2770 = FACE_OUTER_BOUND ( 'NONE', #1794, .T. ) ;
#2771 = VERTEX_POINT ( 'NONE', #121 ) ;
#2772 = B_SPLINE_SURFACE_WITH_KNOTS ( 'NONE', 3, 1, ( 
 ( #2983, #3013 ),
 ( #5529, #6563 ),
 ( #4917, #5439 ),
 ( #1392, #3545 ),
 ( #926, #487 ),
 ( #6476, #1891 ),
 ( #1988, #990 ),
 ( #4479, #6034 ),
 ( #2953, #3983 ),
 ( #4448, #4414 ),
 ( #3514, #4979 ) ),
 .UNSPECIFIED., .F., .F., .F.,
 ( 4, 1, 1, 1, 1, 1, 1, 1, 4 ),
 ( 2, 2 ),
 ( 0.000000000000000000, 0.1762577548178002329, 0.3384344138804751823, 0.4848220507878366892, 0.6171575782663323295, 0.7346983606124766197, 0.8373851838323613794, 0.9263724209295846057, 1.000000000000000000 ),
 ( 0.000000000000000000, 1.000000000000000000 ),
 .UNSPECIFIED. ) ;
#2773 = DIRECTION ( 'NONE',  ( 0.000000000000000000, 1.000000000000000000, -1.341519488088333655E-13 ) ) ;
#2774 = ORIENTED_EDGE ( 'NONE', *, *, #4613, .T. ) ;
#2775 = CARTESIAN_POINT ( 'NONE',  ( 22.54180846694344709, 14.99999999999999822, -11.37660256410256210 ) ) ;
#2776 = CIRCLE ( 'NONE', #4253, 135.5034452694893616 ) ;
#2777 = DIRECTION ( 'NONE',  ( 0.000000000000000000, 0.000000000000000000, 1.000000000000000000 ) ) ;
#2778 = EDGE_LOOP ( 'NONE', ( #3264, #1354, #555, #458 ) ) ;
#2779 = LINE ( 'NONE', #815, #446 ) ;
#2780 = ADVANCED_FACE ( 'NONE', ( #1147 ), #4703, .T. ) ;
#2781 = FACE_OUTER_BOUND ( 'NONE', #4710, .T. ) ;
#2782 = ADVANCED_FACE ( 'NONE', ( #3671 ), #3137, .T. ) ;
#2783 = VECTOR ( 'NONE', #6041, 1000.000000000000000 ) ;
#2784 = CARTESIAN_POINT ( 'NONE',  ( 34.00000000000000000, -52.52973839301110814, 15.28633521551477337 ) ) ;
#2785 = CARTESIAN_POINT ( 'NONE',  ( 24.35008996177081286, 19.89533704385431889, 33.12209979589394493 ) ) ;
#2786 = EDGE_CURVE ( 'NONE', #5149, #3699, #944, .T. ) ;
#2787 = ORIENTED_EDGE ( 'NONE', *, *, #3126, .F. ) ;
#2788 = DIRECTION ( 'NONE',  ( -0.000000000000000000, 0.000000000000000000, -1.000000000000000000 ) ) ;
#2789 = VERTEX_POINT ( 'NONE', #5161 ) ;
#2790 = CARTESIAN_POINT ( 'NONE',  ( 24.99999999999999289, -28.83615154557765692, 52.24999999999999289 ) ) ;
#2791 = FACE_OUTER_BOUND ( 'NONE', #6169, .T. ) ;
#2792 = CIRCLE ( 'NONE', #553, 2.000000000000001776 ) ;
#2793 = DIRECTION ( 'NONE',  ( 0.000000000000000000, 0.3357577272191316076, -0.9419483789532433482 ) ) ;
#2794 = ORIENTED_EDGE ( 'NONE', *, *, #1161, .T. ) ;
#2795 = CARTESIAN_POINT ( 'NONE',  ( 25.00000000000000000, -120.6397764325932087, -2.154098419910760431E-14 ) ) ;
#2796 = ORIENTED_EDGE ( 'NONE', *, *, #5006, .F. ) ;
#2797 = CARTESIAN_POINT ( 'NONE',  ( 22.48754491882241524, 19.28985554039353190, -35.43749999999998579 ) ) ;
#2798 = APPLICATION_PROTOCOL_DEFINITION ( 'international standard', 'config_control_design', 1994, #2008 ) ;
#2799 = EDGE_LOOP ( 'NONE', ( #1803, #4776, #3765, #246 ) ) ;
#2800 = ORIENTED_EDGE ( 'NONE', *, *, #3007, .T. ) ;
#2801 = FACE_OUTER_BOUND ( 'NONE', #3127, .T. ) ;
#2802 = CARTESIAN_POINT ( 'NONE',  ( -32.01212081371194529, -13.56108674319037988, -61.24603670168914960 ) ) ;
#2803 = CARTESIAN_POINT ( 'NONE',  ( 21.00000000000000000, 5.848221124615166744, 56.07296202474786639 ) ) ;
#2804 = ORIENTED_EDGE ( 'NONE', *, *, #80, .F. ) ;
#2805 = AXIS2_PLACEMENT_3D ( 'NONE', #5230, #5731, #4275 ) ;
#2806 = AXIS2_PLACEMENT_3D ( 'NONE', #654, #1193, #4118 ) ;
#2807 = VECTOR ( 'NONE', #141, 1000.000000000000000 ) ;
#2808 = AXIS2_PLACEMENT_3D ( 'NONE', #3812, #5836, #1856 ) ;
#2809 = ADVANCED_FACE ( 'NONE', ( #609 ), #5660, .F. ) ;
#2810 = CARTESIAN_POINT ( 'NONE',  ( -26.00000000000000000, 5.859598249176485751, -56.07296202289150244 ) ) ;
#2811 = EDGE_LOOP ( 'NONE', ( #5979, #4308 ) ) ;
#2812 = CIRCLE ( 'NONE', #1966, 2.000000000000000888 ) ;
#2813 = EDGE_CURVE ( 'NONE', #6259, #4157, #1142, .T. ) ;
#2814 = CARTESIAN_POINT ( 'NONE',  ( 22.49358974358974805, 14.99999999999999822, 34.32211538461537970 ) ) ;
#2815 = DIRECTION ( 'NONE',  ( -1.000000000000000000, 0.000000000000000000, 0.000000000000000000 ) ) ;
#2816 = CARTESIAN_POINT ( 'NONE',  ( 22.87990785256410931, 14.99999999999999822, 32.43749999999999289 ) ) ;
#2817 = DIRECTION ( 'NONE',  ( 0.000000000000000000, 0.000000000000000000, 1.000000000000000000 ) ) ;
#2818 = ORIENTED_EDGE ( 'NONE', *, *, #5775, .T. ) ;
#2819 = CARTESIAN_POINT ( 'NONE',  ( 32.00000000000000000, -27.73026402391950285, -21.90311738701250377 ) ) ;
#2820 = CARTESIAN_POINT ( 'NONE',  ( 22.22770590284088144, -111.4976334394454369, -1.528915308921869618E-14 ) ) ;
#2821 = ORIENTED_EDGE ( 'NONE', *, *, #4271, .T. ) ;
#2822 = DIRECTION ( 'NONE',  ( 1.000000000000000000, 0.000000000000000000, -3.469446951953611033E-15 ) ) ;
#2823 = ORIENTED_EDGE ( 'NONE', *, *, #4135, .T. ) ;
#2824 = CARTESIAN_POINT ( 'NONE',  ( 22.17948717948718240, -111.4976334394454369, -1.528915308921869618E-14 ) ) ;
#2825 = EDGE_CURVE ( 'NONE', #2165, #3301, #4863, .T. ) ;
#2826 = CARTESIAN_POINT ( 'NONE',  ( 65.00000000000000000, -43.84814357996577172, 12.14358612020716954 ) ) ;
#2827 = DIRECTION ( 'NONE',  ( -0.000000000000000000, 0.9462696484278613207, -0.3233786518374578423 ) ) ;
#2828 = ORIENTED_EDGE ( 'NONE', *, *, #14, .T. ) ;
#2829 = PLANE ( 'NONE',  #6387 ) ;
#2830 = VERTEX_POINT ( 'NONE', #4077 ) ;
#2831 = DIRECTION ( 'NONE',  ( 0.000000000000000000, 0.9187769822972358114, 0.3947769709605473687 ) ) ;
#2832 = VECTOR ( 'NONE', #563, 1000.000000000000000 ) ;
#2833 = COORDINATED_UNIVERSAL_TIME_OFFSET ( 5, 0, .BEHIND. ) ;
#2834 = EDGE_CURVE ( 'NONE', #2419, #243, #3375, .T. ) ;
#2835 = ORIENTED_EDGE ( 'NONE', *, *, #3007, .F. ) ;
#2836 = ORIENTED_EDGE ( 'NONE', *, *, #6053, .F. ) ;
#2837 = LINE ( 'NONE', #738, #2464 ) ;
#2838 = CARTESIAN_POINT ( 'NONE',  ( -65.00000000000000000, -5.417481456783931115, -42.67373430164675341 ) ) ;
#2839 = DIRECTION ( 'NONE',  ( 0.000000000000000000, 0.000000000000000000, 1.000000000000000000 ) ) ;
#2840 = ORIENTED_EDGE ( 'NONE', *, *, #4699, .T. ) ;
#2841 = VECTOR ( 'NONE', #1234, 1000.000000000000000 ) ;
#2842 = CARTESIAN_POINT ( 'NONE',  ( -26.00000000000000000, 5.859598249176485751, -56.07296202289150244 ) ) ;
#2843 = EDGE_LOOP ( 'NONE', ( #3326, #2316, #4443, #2235 ) ) ;
#2844 = CARTESIAN_POINT ( 'NONE',  ( -65.00000000000000000, -6.320650740892876485, -44.45819086997284586 ) ) ;
#2845 = DIRECTION ( 'NONE',  ( 0.000000000000000000, 0.000000000000000000, -1.000000000000000000 ) ) ;
#2846 = DIRECTION ( 'NONE',  ( -0.000000000000000000, 1.000000000000000000, 1.734723475976807094E-15 ) ) ;
#2847 = VECTOR ( 'NONE', #2747, 1000.000000000000000 ) ;
#2848 = VECTOR ( 'NONE', #4637, 1000.000000000000000 ) ;
#2849 = LINE ( 'NONE', #2349, #4221 ) ;
#2850 = EDGE_CURVE ( 'NONE', #1360, #3115, #6222, .T. ) ;
#2851 = VERTEX_POINT ( 'NONE', #2581 ) ;
#2852 = DIRECTION ( 'NONE',  ( 1.000000000000000000, -0.000000000000000000, -0.000000000000000000 ) ) ;
#2853 = VECTOR ( 'NONE', #1080, 1000.000000000000114 ) ;
#2854 = DIRECTION ( 'NONE',  ( 1.000000000000000000, -0.000000000000000000, -0.000000000000000000 ) ) ;
#2855 = VERTEX_POINT ( 'NONE', #4139 ) ;
#2856 = DIRECTION ( 'NONE',  ( 0.000000000000000000, 0.000000000000000000, 1.000000000000000000 ) ) ;
#2857 = EDGE_LOOP ( 'NONE', ( #811, #4085, #5559, #2149 ) ) ;
#2858 = DIRECTION ( 'NONE',  ( -1.000000000000000000, -0.000000000000000000, 0.000000000000000000 ) ) ;
#2859 = DIRECTION ( 'NONE',  ( -1.000000000000000000, 0.000000000000000000, 0.000000000000000000 ) ) ;
#2860 = EDGE_CURVE ( 'NONE', #5315, #1541, #6553, .T. ) ;
#2861 = CARTESIAN_POINT ( 'NONE',  ( 24.99999999999999289, 5.014924930574539808, 10.00000000000000000 ) ) ;
#2862 = EDGE_LOOP ( 'NONE', ( #5789, #6193 ) ) ;
#2863 = CARTESIAN_POINT ( 'NONE',  ( -14.99999999999999467, -50.00000000000000000, -52.24999999999997868 ) ) ;
#2864 = EDGE_LOOP ( 'NONE', ( #5326, #3010, #2663, #5155 ) ) ;
#2865 = CARTESIAN_POINT ( 'NONE',  ( 22.49358974358974805, 14.99999999999999822, 34.32211538461537970 ) ) ;
#2866 = VECTOR ( 'NONE', #2672, 1000.000000000000000 ) ;
#2867 = CARTESIAN_POINT ( 'NONE',  ( 32.00000000000000000, -45.43143980739129972, 8.194764149433256151 ) ) ;
#2868 = CARTESIAN_POINT ( 'NONE',  ( 23.22232866014383035, 14.99999999999999467, 33.96808777126505419 ) ) ;
#2869 = ORIENTED_EDGE ( 'NONE', *, *, #5290, .F. ) ;
#2870 = DIRECTION ( 'NONE',  ( -0.000000000000000000, 0.000000000000000000, 1.000000000000000000 ) ) ;
#2871 = VECTOR ( 'NONE', #6164, 1000.000000000000000 ) ;
#2872 = DIRECTION ( 'NONE',  ( 1.000000000000000000, -0.000000000000000000, -0.000000000000000000 ) ) ;
#2873 = CARTESIAN_POINT ( 'NONE',  ( 34.00000000000000000, -20.44485126344107329, -55.92089211614505473 ) ) ;
#2874 = ORIENTED_EDGE ( 'NONE', *, *, #1066, .F. ) ;
#2875 = CARTESIAN_POINT ( 'NONE',  ( -34.00000000000000000, -3.003176417421380417, -41.65411080490619611 ) ) ;
#2876 = ORIENTED_EDGE ( 'NONE', *, *, #4027, .F. ) ;
#2877 = CARTESIAN_POINT ( 'NONE',  ( 24.00960560579389380, 19.76832230285108949, 33.62193632562179602 ) ) ;
#2878 = CARTESIAN_POINT ( 'NONE',  ( 24.30336811089822291, 15.00000000000000178, 33.76638006470206932 ) ) ;
#2879 = CARTESIAN_POINT ( 'NONE',  ( -34.00000000000000000, -22.44884186725809627, 3.457098689074955544 ) ) ;
#2880 = CARTESIAN_POINT ( 'NONE',  ( 24.06410256410256565, 14.99999999999999822, 33.37279647435897090 ) ) ;
#2881 = EDGE_LOOP ( 'NONE', ( #4670, #5644, #601, #4799, #4845, #5502, #23, #727, #2205, #5170, #1038, #4377 ) ) ;
#2882 = VECTOR ( 'NONE', #2416, 1000.000000000000114 ) ;
#2883 = DIRECTION ( 'NONE',  ( 0.000000000000000000, 0.9163938541160743245, -0.4002777837181162313 ) ) ;
#2884 = PLANE ( 'NONE',  #570 ) ;
#2885 = ORIENTED_EDGE ( 'NONE', *, *, #3544, .T. ) ;
#2886 = CARTESIAN_POINT ( 'NONE',  ( 24.03465544871795245, 14.99999999999999822, 35.93750000000000000 ) ) ;
#2887 = ORIENTED_EDGE ( 'NONE', *, *, #3009, .F. ) ;
#2888 = CARTESIAN_POINT ( 'NONE',  ( 25.00000000000000000, -179.8521528752048084, -1.559876379624643847E-14 ) ) ;
#2889 = VECTOR ( 'NONE', #5041, 1000.000000000000000 ) ;
#2890 = AXIS2_PLACEMENT_3D ( 'NONE', #5240, #3656, #5738 ) ;
#2891 = LINE ( 'NONE', #463, #3688 ) ;
#2892 = VECTOR ( 'NONE', #2447, 1000.000000000000000 ) ;
#2893 = EDGE_CURVE ( 'NONE', #3362, #2590, #507, .T. ) ;
#2894 = CARTESIAN_POINT ( 'NONE',  ( 23.69848322670094731, 20.08457154396490907, 32.49150304741685602 ) ) ;
#2895 = EDGE_CURVE ( 'NONE', #534, #3379, #3641, .T. ) ;
#2896 = VERTEX_POINT ( 'NONE', #6097 ) ;
#2897 = DIRECTION ( 'NONE',  ( -1.000000000000000000, -0.000000000000000000, -0.000000000000000000 ) ) ;
#2898 = ORIENTED_EDGE ( 'NONE', *, *, #3223, .T. ) ;
#2899 = CARTESIAN_POINT ( 'NONE',  ( -21.00000000000000000, 14.95656201026634946, -3.000000000000000000 ) ) ;
#2900 = DIRECTION ( 'NONE',  ( 1.000000000000000000, 0.000000000000000000, 0.000000000000000000 ) ) ;
#2901 = VECTOR ( 'NONE', #3935, 1000.000000000000000 ) ;
#2902 = PERSON_AND_ORGANIZATION ( #4040, #4752 ) ;
#2903 = LINE ( 'NONE', #1405, #1300 ) ;
#2904 = ORIENTED_EDGE ( 'NONE', *, *, #2813, .F. ) ;
#2905 = PLANE ( 'NONE',  #4049 ) ;
#2906 = EDGE_CURVE ( 'NONE', #5199, #192, #3573, .T. ) ;
#2907 = CARTESIAN_POINT ( 'NONE',  ( -21.00000000000000000, 5.859598249176485751, 56.07296202289150244 ) ) ;
#2908 = CARTESIAN_POINT ( 'NONE',  ( -21.00000000000000000, 5.857518151778970505, -56.07754029611970026 ) ) ;
#2909 = VERTEX_POINT ( 'NONE', #3075 ) ;
#2910 = CARTESIAN_POINT ( 'NONE',  ( 22.48754491882241524, -111.4976334394454369, -1.528915308921869618E-14 ) ) ;
#2911 = VERTEX_POINT ( 'NONE', #5102 ) ;
#2912 = CARTESIAN_POINT ( 'NONE',  ( 22.49358974358974805, 14.99999999999999822, 35.93750000000000000 ) ) ;
#2913 = CIRCLE ( 'NONE', #3444, 2.000000000000000000 ) ;
#2914 = CARTESIAN_POINT ( 'NONE',  ( 24.24304482188890830, 19.86068834797922378, 33.88054270261753231 ) ) ;
#2915 = DIRECTION ( 'NONE',  ( -1.294240170009967477E-16, 0.2984314648261028879, 0.9544310665531307025 ) ) ;
#2916 = DIRECTION ( 'NONE',  ( 1.000000000000000000, 0.000000000000000000, -0.000000000000000000 ) ) ;
#2917 = EDGE_CURVE ( 'NONE', #4880, #2634, #58, .T. ) ;
#2918 = AXIS2_PLACEMENT_3D ( 'NONE', #6, #4490, #6107 ) ;
#2919 = VERTEX_POINT ( 'NONE', #1589 ) ;
#2920 = CARTESIAN_POINT ( 'NONE',  ( 23.14983974358974805, 14.99999999999999822, 32.79647435897435770 ) ) ;
#2921 = LINE ( 'NONE', #539, #6502 ) ;
#2922 = DIRECTION ( 'NONE',  ( 1.000000000000000000, 0.000000000000000000, -0.000000000000000000 ) ) ;
#2923 = ORIENTED_EDGE ( 'NONE', *, *, #6132, .F. ) ;
#2924 = FACE_OUTER_BOUND ( 'NONE', #2226, .T. ) ;
#2925 = DIRECTION ( 'NONE',  ( -0.000000000000000000, 1.000000000000000000, -0.000000000000000000 ) ) ;
#2926 = CARTESIAN_POINT ( 'NONE',  ( 23.14983974358974805, 14.99999999999999822, 32.79647435897435770 ) ) ;
#2927 = EDGE_LOOP ( 'NONE', ( #6166, #6340, #5930, #5605 ) ) ;
#2928 = CARTESIAN_POINT ( 'NONE',  ( 51.00000000000000711, -66.33971209199174268, 33.16014432182569749 ) ) ;
#2929 = ORIENTED_EDGE ( 'NONE', *, *, #5364, .T. ) ;
#2930 = DIRECTION ( 'NONE',  ( -0.000000000000000000, 1.000000000000000000, 2.550043509689551597E-13 ) ) ;
#2931 = EDGE_CURVE ( 'NONE', #1506, #2389, #1371, .T. ) ;
#2932 = CARTESIAN_POINT ( 'NONE',  ( 22.17948717948718240, 14.99999999999999822, 35.93750000000000000 ) ) ;
#2933 = ADVANCED_FACE ( 'NONE', ( #1181 ), #5867, .F. ) ;
#2934 = ADVANCED_FACE ( 'NONE', ( #3770 ), #5795, .F. ) ;
#2935 = ADVANCED_FACE ( 'NONE', ( #707 ), #2704, .F. ) ;
#2936 = ORIENTED_EDGE ( 'NONE', *, *, #885, .T. ) ;
#2937 = DIRECTION ( 'NONE',  ( -1.000000000000000000, 0.000000000000000000, 0.000000000000000000 ) ) ;
#2938 = CARTESIAN_POINT ( 'NONE',  ( -65.00000000000000000, -8.894977061324944145, -46.66285503032688098 ) ) ;
#2939 = CARTESIAN_POINT ( 'NONE',  ( 21.00000000000000000, 7.516299808215845424, 52.24999999999999289 ) ) ;
#2940 = ORIENTED_EDGE ( 'NONE', *, *, #2375, .F. ) ;
#2941 = EDGE_CURVE ( 'NONE', #4899, #803, #4731, .T. ) ;
#2942 = DIRECTION ( 'NONE',  ( -1.000000000000000000, -0.000000000000000000, 0.000000000000000000 ) ) ;
#2943 = EDGE_LOOP ( 'NONE', ( #1834, #3552, #2507, #72 ) ) ;
#2944 = LINE ( 'NONE', #3537, #6282 ) ;
#2945 = DIRECTION ( 'NONE',  ( 1.000000000000000000, 0.000000000000000000, 0.000000000000000000 ) ) ;
#2946 = LINE ( 'NONE', #1449, #5000 ) ;
#2947 = CARTESIAN_POINT ( 'NONE',  ( 32.00000000000000000, -31.99999999999558753, 78.49999999999802469 ) ) ;
#2948 = VECTOR ( 'NONE', #2900, 1000.000000000000000 ) ;
#2949 = VERTEX_POINT ( 'NONE', #2347 ) ;
#2950 = PLANE ( 'NONE',  #4047 ) ;
#2951 = CARTESIAN_POINT ( 'NONE',  ( 34.00000000000000000, -51.84896863539253076, 17.16690761165163792 ) ) ;
#2952 = AXIS2_PLACEMENT_3D ( 'NONE', #4749, #2764, #1837 ) ;
#2953 = CARTESIAN_POINT ( 'NONE',  ( 23.61150297538918252, 15.00000000000000178, 32.47252927963521074 ) ) ;
#2954 = ORIENTED_EDGE ( 'NONE', *, *, #166, .T. ) ;
#2955 = DIRECTION ( 'NONE',  ( 0.000000000000000000, -3.469446951953611033E-15, 1.000000000000000000 ) ) ;
#2956 = DIRECTION ( 'NONE',  ( 0.000000000000000000, 0.9187769822972390310, 0.3947769709605396526 ) ) ;
#2957 = CIRCLE ( 'NONE', #3800, 1.999999999999998446 ) ;
#2958 = AXIS2_PLACEMENT_3D ( 'NONE', #6407, #5905, #2255 ) ;
#2959 = DIRECTION ( 'NONE',  ( -0.000000000000000000, 0.000000000000000000, -1.000000000000000000 ) ) ;
#2960 = EDGE_LOOP ( 'NONE', ( #6308, #3324, #639, #2026 ) ) ;
#2961 = DIRECTION ( 'NONE',  ( 0.000000000000000000, 0.000000000000000000, -1.000000000000000000 ) ) ;
#2962 = VERTEX_POINT ( 'NONE', #1215 ) ;
#2963 = DIRECTION ( 'NONE',  ( 1.000000000000000000, -0.000000000000000000, -0.000000000000000000 ) ) ;
#2964 = LOCAL_TIME ( 10, 47, 46.00000000000000000, #2833 ) ;
#2965 = VECTOR ( 'NONE', #1419, 1000.000000000000000 ) ;
#2966 = CARTESIAN_POINT ( 'NONE',  ( 21.00000000000000000, 5.848221124615166744, 56.07296202474786639 ) ) ;
#2967 = EDGE_CURVE ( 'NONE', #1410, #660, #5540, .T. ) ;
#2968 = DIRECTION ( 'NONE',  ( 0.000000000000000000, 0.000000000000000000, -1.000000000000000000 ) ) ;
#2969 = LINE ( 'NONE', #6548, #4907 ) ;
#2970 = DIRECTION ( 'NONE',  ( -1.000000000000000000, 0.000000000000000000, 0.000000000000000000 ) ) ;
#2971 = CARTESIAN_POINT ( 'NONE',  ( 65.00000000000000000, -44.52891333758434911, 10.26301372407030854 ) ) ;
#2972 = ORIENTED_EDGE ( 'NONE', *, *, #6355, .F. ) ;
#2973 = AXIS2_PLACEMENT_3D ( 'NONE', #4700, #3103, #4567 ) ;
#2974 = VERTEX_POINT ( 'NONE', #779 ) ;
#2975 = CARTESIAN_POINT ( 'NONE',  ( 24.33668026181524269, 14.99999999999999822, -12.81249999999999822 ) ) ;
#2976 = CARTESIAN_POINT ( 'NONE',  ( 22.54180846694344709, 14.99999999999999822, -11.37660256410256210 ) ) ;
#2977 = CARTESIAN_POINT ( 'NONE',  ( 24.00818012777762789, 14.99999999999998401, 33.13015080153230940 ) ) ;
#2978 = DIRECTION ( 'NONE',  ( 1.000000000000000000, 0.000000000000000000, 0.000000000000000000 ) ) ;
#2979 = VECTOR ( 'NONE', #3407, 1000.000000000000000 ) ;
#2980 = ORIENTED_EDGE ( 'NONE', *, *, #5947, .T. ) ;
#2981 = LINE ( 'NONE', #2547, #2639 ) ;
#2982 = EDGE_CURVE ( 'NONE', #5582, #6150, #2245, .T. ) ;
#2983 = CARTESIAN_POINT ( 'NONE',  ( 22.87990785256410931, 14.99999999999999822, 32.43750000000000000 ) ) ;
#2984 = VERTEX_POINT ( 'NONE', #4370 ) ;
#2985 = PLANE ( 'NONE',  #4716 ) ;
#2986 = CARTESIAN_POINT ( 'NONE',  ( 24.99999999999999645, 21.00290591502244197, -1.200000000000001510 ) ) ;
#2987 = AXIS2_PLACEMENT_3D ( 'NONE', #5868, #853, #5833 ) ;
#2988 = EDGE_CURVE ( 'NONE', #1203, #3362, #3871, .T. ) ;
#2989 = DIRECTION ( 'NONE',  ( 1.000000000000000000, 0.000000000000000000, -0.000000000000000000 ) ) ;
#2990 = EDGE_LOOP ( 'NONE', ( #3936, #2676, #980, #3194 ) ) ;
#2991 = CARTESIAN_POINT ( 'NONE',  ( 32.00000000000000000, -7.999999999995562661, -67.49999999997872635 ) ) ;
#2992 = VECTOR ( 'NONE', #4090, 1000.000000000000000 ) ;
#2993 = VERTEX_POINT ( 'NONE', #5297 ) ;
#2994 = CARTESIAN_POINT ( 'NONE',  ( 24.33668026181524269, 14.99999999999999822, -12.81249999999999822 ) ) ;
#2995 = LINE ( 'NONE', #2932, #5164 ) ;
#2996 = CARTESIAN_POINT ( 'NONE',  ( 23.84569475891022350, 15.00000000000000178, 33.82061706986071670 ) ) ;
#2997 = CARTESIAN_POINT ( 'NONE',  ( 51.00000000000000711, -27.91712286844327906, -53.72889202545148635 ) ) ;
#2998 = CARTESIAN_POINT ( 'NONE',  ( 24.06410256410256565, 19.83187632657217137, 33.37279647435897090 ) ) ;
#2999 = CARTESIAN_POINT ( 'NONE',  ( 24.58926691259541997, 14.99999999999999822, 12.56720753205126861 ) ) ;
#3000 = ORIENTED_EDGE ( 'NONE', *, *, #1638, .T. ) ;
#3001 = ORIENTED_EDGE ( 'NONE', *, *, #5505, .F. ) ;
#3002 = DIRECTION ( 'NONE',  ( 0.000000000000000000, 1.000000000000000000, 0.000000000000000000 ) ) ;
#3003 = ADVANCED_FACE ( 'NONE', ( #3203 ), #5071, .F. ) ;
#3004 = ORIENTED_EDGE ( 'NONE', *, *, #1654, .F. ) ;
#3005 = CARTESIAN_POINT ( 'NONE',  ( -14.99999999999999289, -120.6397764325932087, -2.154098419910760431E-14 ) ) ;
#3006 = DIRECTION ( 'NONE',  ( 0.000000000000000000, 0.000000000000000000, 1.000000000000000000 ) ) ;
#3007 = EDGE_CURVE ( 'NONE', #2386, #5894, #2744, .T. ) ;
#3008 = EDGE_CURVE ( 'NONE', #269, #522, #3308, .T. ) ;
#3009 = EDGE_CURVE ( 'NONE', #1702, #653, #283, .T. ) ;
#3010 = ORIENTED_EDGE ( 'NONE', *, *, #1756, .T. ) ;
#3011 = EDGE_CURVE ( 'NONE', #3379, #757, #2310, .T. ) ;
#3012 = LINE ( 'NONE', #5033, #2965 ) ;
#3013 = CARTESIAN_POINT ( 'NONE',  ( 22.87990785256410931, 20.09640605460911189, 32.43750000000000000 ) ) ;
#3014 = ORIENTED_EDGE ( 'NONE', *, *, #2315, .T. ) ;
#3015 = CARTESIAN_POINT ( 'NONE',  ( -24.99999999999998579, 21.00290591502195525, -3.416602896451072374E-15 ) ) ;
#3016 = CARTESIAN_POINT ( 'NONE',  ( 24.07745853247110546, 20.08457154396489486, 32.68510745894283076 ) ) ;
#3017 = VECTOR ( 'NONE', #4981, 1000.000000000000000 ) ;
#3018 = ORIENTED_EDGE ( 'NONE', *, *, #5275, .F. ) ;
#3019 = CARTESIAN_POINT ( 'NONE',  ( -26.00000000000000355, 21.00290591502195525, -3.416602896451072374E-15 ) ) ;
#3020 = ORIENTED_EDGE ( 'NONE', *, *, #6199, .T. ) ;
#3021 = DIRECTION ( 'NONE',  ( 1.000000000000000000, -0.000000000000000000, -0.000000000000000000 ) ) ;
#3022 = LINE ( 'NONE', #2436, #930 ) ;
#3023 = CARTESIAN_POINT ( 'NONE',  ( 23.17812458860525737, 19.44576172823543558, 34.86146559340259188 ) ) ;
#3024 = CARTESIAN_POINT ( 'NONE',  ( -25.00000000000000000, -401.1911677216195926, -5.001817560789019760E-14 ) ) ;
#3025 = DIRECTION ( 'NONE',  ( -1.000000000000000000, -0.000000000000000000, 0.000000000000000000 ) ) ;
#3026 = DIRECTION ( 'NONE',  ( -1.000000000000000000, -0.000000000000000000, 0.000000000000000000 ) ) ;
#3027 = VERTEX_POINT ( 'NONE', #3941 ) ;
#3028 = EDGE_CURVE ( 'NONE', #3574, #4704, #2382, .T. ) ;
#3029 = ORIENTED_EDGE ( 'NONE', *, *, #1073, .T. ) ;
#3030 = DIRECTION ( 'NONE',  ( 0.000000000000000000, 0.000000000000000000, -1.000000000000000000 ) ) ;
#3031 = ORIENTED_EDGE ( 'NONE', *, *, #4229, .F. ) ;
#3032 = LINE ( 'NONE', #3603, #2853 ) ;
#3033 = VECTOR ( 'NONE', #3728, 1000.000000000000227 ) ;
#3034 = DIRECTION ( 'NONE',  ( 0.000000000000000000, 0.000000000000000000, 1.000000000000000000 ) ) ;
#3035 = EDGE_CURVE ( 'NONE', #1121, #234, #3913, .T. ) ;
#3036 = CARTESIAN_POINT ( 'NONE',  ( -65.00000000000000000, -8.551280212865872699, 43.56522147425977920 ) ) ;
#3037 = ORIENTED_EDGE ( 'NONE', *, *, #6289, .T. ) ;
#3038 = DIRECTION ( 'NONE',  ( -1.000000000000000000, -0.000000000000000000, 0.000000000000000000 ) ) ;
#3039 = CARTESIAN_POINT ( 'NONE',  ( -21.00000000000000000, -117.5625000000008669, 9.575680578283035600E-12 ) ) ;
#3040 = EDGE_LOOP ( 'NONE', ( #2539, #6342, #3844, #4095 ) ) ;
#3041 = DIRECTION ( 'NONE',  ( 0.000000000000000000, -0.000000000000000000, 1.000000000000000000 ) ) ;
#3042 = DIRECTION ( 'NONE',  ( -1.000000000000000000, 0.000000000000000000, 0.000000000000000000 ) ) ;
#3043 = AXIS2_PLACEMENT_3D ( 'NONE', #1334, #2227, #5850 ) ;
#3044 = CARTESIAN_POINT ( 'NONE',  ( 26.00000000000000000, -111.4976334394454369, -1.528915308921869618E-14 ) ) ;
#3045 = ORIENTED_EDGE ( 'NONE', *, *, #3615, .F. ) ;
#3046 = DIRECTION ( 'NONE',  ( 1.000000000000000000, 0.000000000000000000, -0.000000000000000000 ) ) ;
#3047 = EDGE_LOOP ( 'NONE', ( #5635, #6305, #6297, #4033 ) ) ;
#3048 = CARTESIAN_POINT ( 'NONE',  ( 22.74879807692308020, 14.99999999999999822, 34.32211538461537970 ) ) ;
#3049 = VECTOR ( 'NONE', #6441, 1000.000000000000000 ) ;
#3050 = DIRECTION ( 'NONE',  ( -1.000000000000000000, -0.000000000000000000, 0.000000000000000000 ) ) ;
#3051 = ADVANCED_FACE ( 'NONE', ( #3975 ), #4753, .F. ) ;
#3052 = AXIS2_PLACEMENT_3D ( 'NONE', #4145, #1691, #3715 ) ;
#3053 = CARTESIAN_POINT ( 'NONE',  ( 0.000000000000000000, 14.99999999999999822, 0.000000000000000000 ) ) ;
#3054 = LINE ( 'NONE', #5543, #1830 ) ;
#3055 = FACE_OUTER_BOUND ( 'NONE', #2028, .T. ) ;
#3056 = DIRECTION ( 'NONE',  ( 0.000000000000000000, 0.9163938541160767670, -0.4002777837181107357 ) ) ;
#3057 = AXIS2_PLACEMENT_3D ( 'NONE', #3609, #5626, #6367 ) ;
#3058 = EDGE_LOOP ( 'NONE', ( #3968, #1284, #3061, #2056 ) ) ;
#3059 = ADVANCED_FACE ( 'NONE', ( #453 ), #3905, .T. ) ;
#3060 = ORIENTED_EDGE ( 'NONE', *, *, #711, .F. ) ;
#3061 = ORIENTED_EDGE ( 'NONE', *, *, #2446, .T. ) ;
#3062 = EDGE_CURVE ( 'NONE', #1746, #1173, #5896, .T. ) ;
#3063 = CARTESIAN_POINT ( 'NONE',  ( -33.09023753366454201, -12.65030553040987726, 58.71391095757233813 ) ) ;
#3064 = CARTESIAN_POINT ( 'NONE',  ( -126.5489894022228441, -45.43143980739129972, 8.194764149433256151 ) ) ;
#3065 = VERTEX_POINT ( 'NONE', #4970 ) ;
#3066 = LINE ( 'NONE', #1612, #5550 ) ;
#3067 = AXIS2_PLACEMENT_3D ( 'NONE', #3912, #2883, #2420 ) ;
#3068 = VECTOR ( 'NONE', #5198, 1000.000000000000000 ) ;
#3069 = DIRECTION ( 'NONE',  ( 0.000000000000000000, 0.000000000000000000, 1.000000000000000000 ) ) ;
#3070 = EDGE_CURVE ( 'NONE', #1410, #2182, #953, .T. ) ;
#3071 = CARTESIAN_POINT ( 'NONE',  ( 34.00000000000000000, -59.58036393983566370, 56.35853746863083558 ) ) ;
#3072 = VERTEX_POINT ( 'NONE', #2976 ) ;
#3073 = CARTESIAN_POINT ( 'NONE',  ( 51.00000000000000711, -30.68056166516704408, -47.29745314937080281 ) ) ;
#3074 = AXIS2_PLACEMENT_3D ( 'NONE', #5910, #2720, #4743 ) ;
#3075 = CARTESIAN_POINT ( 'NONE',  ( 15.00000000000000178, 8.645321984638215440, -10.00000000000000000 ) ) ;
#3076 = ORIENTED_EDGE ( 'NONE', *, *, #4948, .F. ) ;
#3077 = DIRECTION ( 'NONE',  ( 0.000000000000000000, -0.9187769822972370326, -0.3947769709605444266 ) ) ;
#3078 = FACE_OUTER_BOUND ( 'NONE', #388, .T. ) ;
#3079 = CARTESIAN_POINT ( 'NONE',  ( 23.13721955128205465, 14.99999999999999822, 34.32211538461537970 ) ) ;
#3080 = ORIENTED_EDGE ( 'NONE', *, *, #1019, .T. ) ;
#3081 = CARTESIAN_POINT ( 'NONE',  ( -32.00000000000000000, -6.320650740892876485, -44.45819086997284586 ) ) ;
#3082 = EDGE_LOOP ( 'NONE', ( #6436, #4916, #2610, #3018 ) ) ;
#3083 = DIRECTION ( 'NONE',  ( 1.000000000000000000, 0.000000000000000000, -0.000000000000000000 ) ) ;
#3084 = CARTESIAN_POINT ( 'NONE',  ( 25.00000000000000000, -9.000000000000001776, 67.50000000000001421 ) ) ;
#3085 = EDGE_CURVE ( 'NONE', #2690, #4329, #1415, .T. ) ;
#3086 = EDGE_CURVE ( 'NONE', #5913, #2495, #1684, .T. ) ;
#3087 = CARTESIAN_POINT ( 'NONE',  ( 24.00974439044101771, 14.99999999999999112, 33.62143824582115315 ) ) ;
#3088 = CYLINDRICAL_SURFACE ( 'NONE', #5854, 1.999999999999998668 ) ;
#3089 = VECTOR ( 'NONE', #4827, 1000.000000000000227 ) ;
#3090 = DIRECTION ( 'NONE',  ( -0.000000000000000000, 1.000000000000000000, 1.324458373627596226E-16 ) ) ;
#3091 = CARTESIAN_POINT ( 'NONE',  ( -32.00000000000000000, -15.99999999999620393, 67.49999999999792522 ) ) ;
#3092 = VERTEX_POINT ( 'NONE', #6467 ) ;
#3093 = ADVANCED_FACE ( 'NONE', ( #5932 ), #397, .T. ) ;
#3094 = VECTOR ( 'NONE', #4116, 999.9999999999998863 ) ;
#3095 = PRODUCT_DEFINITION ( 'UNKNOWN', '', #95, #6396 ) ;
#3096 = ORIENTED_EDGE ( 'NONE', *, *, #5762, .T. ) ;
#3097 = VERTEX_POINT ( 'NONE', #4565 ) ;
#3098 = DIRECTION ( 'NONE',  ( 0.000000000000000000, -1.734723475976805517E-15, -1.000000000000000000 ) ) ;
#3099 = DIRECTION ( 'NONE',  ( 0.000000000000000000, 0.000000000000000000, 1.000000000000000000 ) ) ;
#3100 = EDGE_LOOP ( 'NONE', ( #400, #5675, #273, #2458, #2094, #2800, #2705, #6335, #274, #5254 ) ) ;
#3101 = PLANE ( 'NONE',  #4865 ) ;
#3102 = AXIS2_PLACEMENT_3D ( 'NONE', #2388, #6473, #4446 ) ;
#3103 = DIRECTION ( 'NONE',  ( 1.000000000000000000, 0.000000000000000000, 0.000000000000000000 ) ) ;
#3104 = ORIENTED_EDGE ( 'NONE', *, *, #14, .F. ) ;
#3105 = CARTESIAN_POINT ( 'NONE',  ( 23.63622822925353262, 14.99999999999999822, 33.91939021263049625 ) ) ;
#3106 = DIRECTION ( 'NONE',  ( 0.000000000000000000, 0.2746634255269712055, -0.9615404321596621173 ) ) ;
#3107 = ORIENTED_EDGE ( 'NONE', *, *, #3434, .T. ) ;
#3108 = CARTESIAN_POINT ( 'NONE',  ( -14.99999999999998579, 5.014924930574539808, 10.00000000000000000 ) ) ;
#3109 = DIRECTION ( 'NONE',  ( -0.000000000000000000, 0.000000000000000000, 1.000000000000000000 ) ) ;
#3110 = B_SPLINE_CURVE_WITH_KNOTS ( 'NONE', 3,
 ( #2703, #87, #2611, #4702, #3639, #636, #1712, #4198, #3105, #5192, #607, #1214, #2206, #57, #2643, #2115, #4138, #1681, #3706 ),
 .UNSPECIFIED., .F., .F.,
 ( 4, 1, 1, 1, 1, 1, 1, 1, 1, 1, 1, 1, 1, 1, 1, 1, 4 ),
 ( 0.000000000000000000, 0.07166814967960306870, 0.1389132862742048780, 0.2011845700265572079, 0.2591244282905451612, 0.3122550414262331153, 0.3606815096231080764, 0.4050861433286426783, 0.4451016585907096590, 0.5187777804882610644, 0.5894615790331970695, 0.6584622419857157904, 0.7272832183683649587, 0.7963224869047166310, 0.8631748932078822101, 0.9309493809878544024, 0.9999999999999998890 ),
 .UNSPECIFIED. ) ;
#3111 = LINE ( 'NONE', #521, #3068 ) ;
#3112 = VERTEX_POINT ( 'NONE', #4601 ) ;
#3113 = PLANE ( 'NONE',  #2429 ) ;
#3114 = VECTOR ( 'NONE', #589, 1000.000000000000000 ) ;
#3115 = VERTEX_POINT ( 'NONE', #4633 ) ;
#3116 = DIRECTION ( 'NONE',  ( -0.000000000000000000, 0.3947769709605385979, -0.9187769822972395861 ) ) ;
#3117 = VECTOR ( 'NONE', #112, 1000.000000000000000 ) ;
#3118 = CARTESIAN_POINT ( 'NONE',  ( 24.99999999999999289, -37.28072193794384503, -31.93669053106154720 ) ) ;
#3119 = VECTOR ( 'NONE', #5043, 1000.000000000000000 ) ;
#3120 = FACE_OUTER_BOUND ( 'NONE', #6556, .T. ) ;
#3121 = FACE_BOUND ( 'NONE', #2811, .T. ) ;
#3122 = DIRECTION ( 'NONE',  ( 0.000000000000000000, -0.3947769709605395416, 0.9187769822972392531 ) ) ;
#3123 = ORIENTED_EDGE ( 'NONE', *, *, #5977, .T. ) ;
#3124 = EDGE_CURVE ( 'NONE', #660, #3970, #5779, .T. ) ;
#3125 = ADVANCED_FACE ( 'NONE', ( #2139 ), #3101, .T. ) ;
#3126 = EDGE_CURVE ( 'NONE', #3304, #5582, #4664, .T. ) ;
#3127 = EDGE_LOOP ( 'NONE', ( #6493, #3708, #777, #6139 ) ) ;
#3128 = ORIENTED_EDGE ( 'NONE', *, *, #1962, .F. ) ;
#3129 = CARTESIAN_POINT ( 'NONE',  ( -32.19202466218605707, -12.97665927746407810, 59.63525572510965844 ) ) ;
#3130 = DIRECTION ( 'NONE',  ( 0.000000000000000000, 0.3947769709605385424, -0.9187769822972394751 ) ) ;
#3131 = ORIENTED_EDGE ( 'NONE', *, *, #4761, .T. ) ;
#3132 = CARTESIAN_POINT ( 'NONE',  ( 65.00000000000000000, -46.02440725896951790, 8.677372580052249873 ) ) ;
#3133 = ADVANCED_FACE ( 'NONE', ( #5586 ), #3539, .T. ) ;
#3134 = CARTESIAN_POINT ( 'NONE',  ( 23.13441506410256920, 14.99999999999999822, 33.96804887820512420 ) ) ;
#3135 = ORIENTED_EDGE ( 'NONE', *, *, #855, .T. ) ;
#3136 = DIRECTION ( 'NONE',  ( 0.000000000000000000, 3.035766082959412415E-16, -1.000000000000000000 ) ) ;
#3137 = PLANE ( 'NONE',  #3801 ) ;
#3138 = ORIENTED_EDGE ( 'NONE', *, *, #140, .F. ) ;
#3139 = LINE ( 'NONE', #551, #759 ) ;
#3140 = VECTOR ( 'NONE', #1775, 1000.000000000000000 ) ;
#3141 = CARTESIAN_POINT ( 'NONE',  ( 25.00000000000000000, 8.645321984638215440, -10.00000000000000000 ) ) ;
#3142 = CARTESIAN_POINT ( 'NONE',  ( -24.99999999999998579, 21.00290591502195525, -1.199999999999992850 ) ) ;
#3143 = ORIENTED_EDGE ( 'NONE', *, *, #6317, .T. ) ;
#3144 = LINE ( 'NONE', #5200, #3094 ) ;
#3145 = VERTEX_POINT ( 'NONE', #5157 ) ;
#3146 = FACE_OUTER_BOUND ( 'NONE', #1346, .T. ) ;
#3147 = EDGE_CURVE ( 'NONE', #482, #4045, #3032, .T. ) ;
#3148 = FACE_OUTER_BOUND ( 'NONE', #906, .T. ) ;
#3149 = VECTOR ( 'NONE', #2030, 1000.000000000000000 ) ;
#3150 = LINE ( 'NONE', #1098, #4688 ) ;
#3151 = DIRECTION ( 'NONE',  ( -0.000000000000000000, 0.2984314648261026104, 0.9544310665531308135 ) ) ;
#3152 = CARTESIAN_POINT ( 'NONE',  ( -14.99999999999999645, 7.516299808215859635, -52.24999999999997868 ) ) ;
#3153 = EDGE_CURVE ( 'NONE', #221, #2397, #602, .T. ) ;
#3154 = ORIENTED_EDGE ( 'NONE', *, *, #2691, .T. ) ;
#3155 = VECTOR ( 'NONE', #5629, 1000.000000000000000 ) ;
#3156 = VECTOR ( 'NONE', #4537, 1000.000000000000000 ) ;
#3157 = TOROIDAL_SURFACE ( 'NONE', #303, 4.000000000000000000, 2.000000000000000000 ) ;
#3158 = VERTEX_POINT ( 'NONE', #1645 ) ;
#3159 = ORIENTED_EDGE ( 'NONE', *, *, #877, .T. ) ;
#3160 = DIRECTION ( 'NONE',  ( 0.000000000000000000, -1.000000000000000000, 1.734723475976805319E-15 ) ) ;
#3161 = LINE ( 'NONE', #3730, #770 ) ;
#3162 = VERTEX_POINT ( 'NONE', #5683 ) ;
#3163 = DIRECTION ( 'NONE',  ( 0.000000000000000000, 0.3947769709605387090, -0.9187769822972394751 ) ) ;
#3164 = EDGE_CURVE ( 'NONE', #6149, #1076, #1140, .T. ) ;
#3165 = DIRECTION ( 'NONE',  ( 0.000000000000000000, 3.035766082959412415E-16, -1.000000000000000000 ) ) ;
#3166 = ORIENTED_EDGE ( 'NONE', *, *, #2248, .T. ) ;
#3167 = CARTESIAN_POINT ( 'NONE',  ( -34.00000000000000000, -10.39856305855431629, -59.49999999999936051 ) ) ;
#3168 = CARTESIAN_POINT ( 'NONE',  ( -34.00000000000000000, -22.44884186725809627, 3.457098689074955544 ) ) ;
#3169 = AXIS2_PLACEMENT_3D ( 'NONE', #1813, #3199, #5863 ) ;
#3170 = ORIENTED_EDGE ( 'NONE', *, *, #4595, .T. ) ;
#3171 = DIRECTION ( 'NONE',  ( 0.000000000000000000, -0.9187769822972410294, -0.3947769709605352118 ) ) ;
#3172 = DIRECTION ( 'NONE',  ( 0.000000000000000000, -0.3442212980149142454, -0.9388885439672419730 ) ) ;
#3173 = ORIENTED_EDGE ( 'NONE', *, *, #369, .T. ) ;
#3174 = VECTOR ( 'NONE', #5343, 1000.000000000000000 ) ;
#3175 = EDGE_CURVE ( 'NONE', #1644, #3301, #633, .T. ) ;
#3176 = CARTESIAN_POINT ( 'NONE',  ( 25.00000000000000000, -2.999999999999975131, -67.50000000000000000 ) ) ;
#3177 = VERTEX_POINT ( 'NONE', #1044 ) ;
#3178 = CARTESIAN_POINT ( 'NONE',  ( 34.00000000000000000, -29.56305173215165638, -21.10256181957628385 ) ) ;
#3179 = ORIENTED_EDGE ( 'NONE', *, *, #5479, .F. ) ;
#3180 = CARTESIAN_POINT ( 'NONE',  ( 22.52516434849285787, 14.99999999999999822, 13.31249999999998579 ) ) ;
#3181 = FACE_OUTER_BOUND ( 'NONE', #6157, .T. ) ;
#3182 = EDGE_CURVE ( 'NONE', #1655, #2896, #3066, .T. ) ;
#3183 = DIRECTION ( 'NONE',  ( 0.000000000000000000, 0.000000000000000000, 1.000000000000000000 ) ) ;
#3184 = CARTESIAN_POINT ( 'NONE',  ( -51.50000000000000711, -29.44884186725809627, -14.54136752811921696 ) ) ;
#3185 = CARTESIAN_POINT ( 'NONE',  ( -32.00000000000000000, -9.985710447137376988, 56.49999999998851763 ) ) ;
#3186 = ORIENTED_EDGE ( 'NONE', *, *, #1233, .T. ) ;
#3187 = CIRCLE ( 'NONE', #333, 2.000000000000001776 ) ;
#3188 = CARTESIAN_POINT ( 'NONE',  ( 23.83369876497625839, 14.99999999999999822, -32.29647435897435770 ) ) ;
#3189 = AXIS2_PLACEMENT_3D ( 'NONE', #1483, #6430, #6468 ) ;
#3190 = ORIENTED_EDGE ( 'NONE', *, *, #3182, .F. ) ;
#3191 = ORIENTED_EDGE ( 'NONE', *, *, #2161, .T. ) ;
#3192 = CARTESIAN_POINT ( 'NONE',  ( 21.00000000000000000, 5.859598249176485751, -56.07296202289150244 ) ) ;
#3193 = DIRECTION ( 'NONE',  ( 0.000000000000000000, 0.000000000000000000, 1.000000000000000000 ) ) ;
#3194 = ORIENTED_EDGE ( 'NONE', *, *, #3901, .F. ) ;
#3195 = CARTESIAN_POINT ( 'NONE',  ( 32.00000000000000000, -7.999999999995562661, -67.49999999997872635 ) ) ;
#3196 = AXIS2_PLACEMENT_3D ( 'NONE', #5076, #523, #4954 ) ;
#3197 = CIRCLE ( 'NONE', #3423, 395.0616701809461233 ) ;
#3198 = CIRCLE ( 'NONE', #2363, 6.999999999999997335 ) ;
#3199 = DIRECTION ( 'NONE',  ( 1.000000000000000000, 0.000000000000000000, -0.000000000000000000 ) ) ;
#3200 = EDGE_CURVE ( 'NONE', #5352, #1101, #541, .T. ) ;
#3201 = ORIENTED_EDGE ( 'NONE', *, *, #6199, .F. ) ;
#3202 = CARTESIAN_POINT ( 'NONE',  ( 51.00000000000000711, -31.59933864746425414, -47.69223012033133102 ) ) ;
#3203 = FACE_OUTER_BOUND ( 'NONE', #3367, .T. ) ;
#3204 = VERTEX_POINT ( 'NONE', #178 ) ;
#3205 = DIRECTION ( 'NONE',  ( 0.000000000000000000, -1.008741701280512518E-12, -1.000000000000000000 ) ) ;
#3206 = ADVANCED_FACE ( 'NONE', ( #5252 ), #340, .F. ) ;
#3207 = AXIS2_PLACEMENT_3D ( 'NONE', #5680, #741, #3232 ) ;
#3208 = PLANE ( 'NONE',  #5817 ) ;
#3209 = EDGE_CURVE ( 'NONE', #6126, #2106, #1401, .T. ) ;
#3210 = EDGE_CURVE ( 'NONE', #2646, #4286, #702, .T. ) ;
#3211 = EDGE_CURVE ( 'NONE', #4903, #4144, #4228, .T. ) ;
#3212 = ORIENTED_EDGE ( 'NONE', *, *, #918, .T. ) ;
#3213 = DIRECTION ( 'NONE',  ( 1.000000000000000000, 0.000000000000000000, -0.000000000000000000 ) ) ;
#3214 = DIRECTION ( 'NONE',  ( 0.000000000000000000, 0.3947769709605463140, -0.9187769822972362554 ) ) ;
#3215 = VERTEX_POINT ( 'NONE', #3701 ) ;
#3216 = ORIENTED_EDGE ( 'NONE', *, *, #4181, .T. ) ;
#3217 = LINE ( 'NONE', #5113, #5234 ) ;
#3218 = FACE_OUTER_BOUND ( 'NONE', #5413, .T. ) ;
#3219 = AXIS2_PLACEMENT_3D ( 'NONE', #2285, #2854, #5264 ) ;
#3220 = LINE ( 'NONE', #2657, #2141 ) ;
#3221 = EDGE_LOOP ( 'NONE', ( #4215, #2146, #1123, #485 ) ) ;
#3222 = CARTESIAN_POINT ( 'NONE',  ( 65.00000000000000000, -46.02440725896951790, 8.677372580052249873 ) ) ;
#3223 = EDGE_CURVE ( 'NONE', #6481, #4157, #6254, .T. ) ;
#3224 = EDGE_LOOP ( 'NONE', ( #6141, #2579, #1804, #3678 ) ) ;
#3225 = CARTESIAN_POINT ( 'NONE',  ( 23.61150297538918252, 15.00000000000000533, 32.47252927963521074 ) ) ;
#3226 = CARTESIAN_POINT ( 'NONE',  ( 23.14983974358974805, 14.99999999999999822, 32.79647435897435770 ) ) ;
#3227 = VECTOR ( 'NONE', #2200, 1000.000000000000000 ) ;
#3228 = EDGE_CURVE ( 'NONE', #3204, #2366, #2400, .T. ) ;
#3229 = ORIENTED_EDGE ( 'NONE', *, *, #6115, .F. ) ;
#3230 = ORIENTED_EDGE ( 'NONE', *, *, #5968, .T. ) ;
#3231 = CARTESIAN_POINT ( 'NONE',  ( 22.54180846694345064, -111.4976334394454369, -1.528915308921869618E-14 ) ) ;
#3232 = DIRECTION ( 'NONE',  ( 1.000000000000000000, 0.000000000000000000, 0.000000000000000000 ) ) ;
#3233 = VERTEX_POINT ( 'NONE', #2899 ) ;
#3234 = FACE_OUTER_BOUND ( 'NONE', #2355, .T. ) ;
#3235 = ADVANCED_FACE ( 'NONE', ( #1707 ), #4956, .F. ) ;
#3236 = DIRECTION ( 'NONE',  ( 0.000000000000000000, 0.000000000000000000, 1.000000000000000000 ) ) ;
#3237 = ORIENTED_EDGE ( 'NONE', *, *, #6052, .T. ) ;
#3238 = CARTESIAN_POINT ( 'NONE',  ( -65.00000000000000000, -8.894977061327246304, 46.66285503034586668 ) ) ;
#3239 = DIRECTION ( 'NONE',  ( 0.000000000000000000, -0.3233786518374578423, -0.9462696484278613207 ) ) ;
#3240 = ORIENTED_EDGE ( 'NONE', *, *, #4002, .T. ) ;
#3241 = PLANE ( 'NONE',  #1081 ) ;
#3242 = EDGE_CURVE ( 'NONE', #1144, #2256, #2170, .T. ) ;
#3243 = DIRECTION ( 'NONE',  ( -0.000000000000000000, 0.8087360843031888846, 0.5881716976750457349 ) ) ;
#3244 = ORIENTED_EDGE ( 'NONE', *, *, #1171, .T. ) ;
#3245 = CARTESIAN_POINT ( 'NONE',  ( 24.00974439044101771, 19.86086758453159362, 33.62143824582115315 ) ) ;
#3246 = DIRECTION ( 'NONE',  ( 1.000000000000000000, 0.000000000000000000, 0.000000000000000000 ) ) ;
#3247 = VERTEX_POINT ( 'NONE', #2700 ) ;
#3248 = DIRECTION ( 'NONE',  ( -1.000000000000000000, -0.000000000000000000, 0.000000000000000000 ) ) ;
#3249 = VERTEX_POINT ( 'NONE', #5751 ) ;
#3250 = DIRECTION ( 'NONE',  ( -1.000000000000000000, 0.000000000000000000, 0.000000000000000000 ) ) ;
#3251 = CARTESIAN_POINT ( 'NONE',  ( -32.00000000000000000, -8.387541551316157751, 42.17860255650935386 ) ) ;
#3252 = LINE ( 'NONE', #4779, #2338 ) ;
#3253 = ORIENTED_EDGE ( 'NONE', *, *, #1567, .T. ) ;
#3254 = DIRECTION ( 'NONE',  ( 1.000000000000000000, 0.000000000000000000, 0.000000000000000000 ) ) ;
#3255 = ORIENTED_EDGE ( 'NONE', *, *, #1551, .F. ) ;
#3256 = CARTESIAN_POINT ( 'NONE',  ( -51.50000000000000711, -29.44884186725809627, -21.54136752811921696 ) ) ;
#3257 = ORIENTED_EDGE ( 'NONE', *, *, #5489, .F. ) ;
#3258 = EDGE_LOOP ( 'NONE', ( #1724, #3875, #6321, #5655 ) ) ;
#3259 = DIRECTION ( 'NONE',  ( 1.000000000000000000, 0.000000000000000000, 0.000000000000000000 ) ) ;
#3260 = EDGE_CURVE ( 'NONE', #3092, #5213, #3393, .T. ) ;
#3261 = VECTOR ( 'NONE', #5511, 1000.000000000000000 ) ;
#3262 = DIRECTION ( 'NONE',  ( 1.000000000000000000, -0.000000000000000000, -0.000000000000000000 ) ) ;
#3263 = DIRECTION ( 'NONE',  ( -1.000000000000000000, 0.000000000000000000, 0.000000000000000000 ) ) ;
#3264 = ORIENTED_EDGE ( 'NONE', *, *, #4213, .F. ) ;
#3265 = VECTOR ( 'NONE', #481, 1000.000000000000000 ) ;
#3266 = CARTESIAN_POINT ( 'NONE',  ( 65.00000000000000000, -51.84896863539253076, 17.16690761165164147 ) ) ;
#3267 = VECTOR ( 'NONE', #6196, 1000.000000000000000 ) ;
#3268 = AXIS2_PLACEMENT_3D ( 'NONE', #3317, #5839, #1359 ) ;
#3269 = EDGE_CURVE ( 'NONE', #987, #2919, #5416, .T. ) ;
#3270 = DIRECTION ( 'NONE',  ( 0.000000000000000000, 1.474514954580284768E-14, 1.000000000000000000 ) ) ;
#3271 = ORIENTED_EDGE ( 'NONE', *, *, #1263, .F. ) ;
#3272 = DIRECTION ( 'NONE',  ( -1.000000000000000000, 0.000000000000000000, -0.000000000000000000 ) ) ;
#3273 = VECTOR ( 'NONE', #4220, 1000.000000000000000 ) ;
#3274 = CARTESIAN_POINT ( 'NONE',  ( -26.00000000000000000, 5.859598249176485751, 56.07296202289150244 ) ) ;
#3275 = VERTEX_POINT ( 'NONE', #2734 ) ;
#3276 = CARTESIAN_POINT ( 'NONE',  ( 25.00000000000000000, 8.645321984638215440, 10.00000000000000000 ) ) ;
#3277 = LINE ( 'NONE', #1717, #414 ) ;
#3278 = VERTEX_POINT ( 'NONE', #2237 ) ;
#3279 = CARTESIAN_POINT ( 'NONE',  ( 34.00000000000000000, -61.47290323669137990, 57.00529477230578124 ) ) ;
#3280 = DIRECTION ( 'NONE',  ( 0.000000000000000000, -1.000000000000000000, 0.000000000000000000 ) ) ;
#3281 = ORIENTED_EDGE ( 'NONE', *, *, #5762, .F. ) ;
#3282 = DIRECTION ( 'NONE',  ( -1.000000000000000000, 0.000000000000000000, 0.000000000000000000 ) ) ;
#3283 = ORIENTED_EDGE ( 'NONE', *, *, #4262, .F. ) ;
#3284 = CARTESIAN_POINT ( 'NONE',  ( 32.00000000000000000, -46.02440725896951790, 8.677372580052249873 ) ) ;
#3285 = CARTESIAN_POINT ( 'NONE',  ( 24.58926691259541997, 23.65005808228012540, 9.812499999999985789 ) ) ;
#3286 = AXIS2_PLACEMENT_3D ( 'NONE', #1211, #6363, #4798 ) ;
#3287 = LINE ( 'NONE', #3323, #3400 ) ;
#3288 = ORIENTED_EDGE ( 'NONE', *, *, #5968, .F. ) ;
#3289 = DIRECTION ( 'NONE',  ( 0.000000000000000000, 0.000000000000000000, -1.000000000000000000 ) ) ;
#3290 = ORIENTED_EDGE ( 'NONE', *, *, #5851, .F. ) ;
#3291 = CARTESIAN_POINT ( 'NONE',  ( 22.87990785256410931, 14.99999999999999822, 32.43749999999999289 ) ) ;
#3292 = ADVANCED_FACE ( 'NONE', ( #3887, #4423 ), #5914, .T. ) ;
#3293 = PERSON_AND_ORGANIZATION ( #4040, #4752 ) ;
#3294 = EDGE_CURVE ( 'NONE', #1204, #211, #212, .T. ) ;
#3295 = ADVANCED_FACE ( 'NONE', ( #3234 ), #375, .F. ) ;
#3296 = VERTEX_POINT ( 'NONE', #4259 ) ;
#3297 = VERTEX_POINT ( 'NONE', #3927 ) ;
#3298 = DIRECTION ( 'NONE',  ( 1.000000000000000000, 0.000000000000000000, 0.000000000000000000 ) ) ;
#3299 = DIRECTION ( 'NONE',  ( 0.000000000000000000, 0.000000000000000000, 1.000000000000000000 ) ) ;
#3300 = CARTESIAN_POINT ( 'NONE',  ( 22.52516434849285787, 14.99999999999999822, 10.56410256410254966 ) ) ;
#3301 = VERTEX_POINT ( 'NONE', #5952 ) ;
#3302 = AXIS2_PLACEMENT_3D ( 'NONE', #222, #3213, #1220 ) ;
#3303 = DIRECTION ( 'NONE',  ( 0.000000000000000000, 0.000000000000000000, 1.000000000000000000 ) ) ;
#3304 = VERTEX_POINT ( 'NONE', #5218 ) ;
#3305 = CARTESIAN_POINT ( 'NONE',  ( 138.2335947900749602, 5.014924930574546025, -10.00000000000000000 ) ) ;
#3306 = EDGE_CURVE ( 'NONE', #5521, #5262, #667, .T. ) ;
#3307 = VECTOR ( 'NONE', #6048, 1000.000000000000000 ) ;
#3308 = LINE ( 'NONE', #3807, #1148 ) ;
#3309 = EDGE_LOOP ( 'NONE', ( #6406, #3939, #1544, #43 ) ) ;
#3310 = CARTESIAN_POINT ( 'NONE',  ( -26.00000000000000355, 21.00290591502195525, -2.200000000000004174 ) ) ;
#3311 = DIRECTION ( 'NONE',  ( 0.000000000000000000, 0.000000000000000000, 1.000000000000000000 ) ) ;
#3312 = AXIS2_PLACEMENT_3D ( 'NONE', #6418, #4894, #2499 ) ;
#3313 = VERTEX_POINT ( 'NONE', #3766 ) ;
#3314 = DIRECTION ( 'NONE',  ( 0.000000000000000000, -0.3357577272191311635, 0.9419483789532436813 ) ) ;
#3315 = CARTESIAN_POINT ( 'NONE',  ( -65.00000000000000000, -24.44884186725809272, -33.04136752811918853 ) ) ;
#3316 = ORIENTED_EDGE ( 'NONE', *, *, #3645, .T. ) ;
#3317 = CARTESIAN_POINT ( 'NONE',  ( -126.5489894022228441, -59.99999999999555911, 67.49999999999826628 ) ) ;
#3318 = ORIENTED_EDGE ( 'NONE', *, *, #1928, .F. ) ;
#3319 = DIRECTION ( 'NONE',  ( 0.000000000000000000, -0.9163938541160783213, 0.4002777837181071829 ) ) ;
#3320 = EDGE_CURVE ( 'NONE', #63, #5352, #6043, .T. ) ;
#3321 = CARTESIAN_POINT ( 'NONE',  ( 24.33668026181524269, 23.55715377165293134, -11.01762820512820262 ) ) ;
#3322 = AXIS2_PLACEMENT_3D ( 'NONE', #2078, #4914, #5939 ) ;
#3323 = CARTESIAN_POINT ( 'NONE',  ( -32.00000000000000000, 5.857518151778998039, -56.07754029611972157 ) ) ;
#3324 = ORIENTED_EDGE ( 'NONE', *, *, #3294, .T. ) ;
#3325 = CARTESIAN_POINT ( 'NONE',  ( 32.00000000000000000, -24.57805960684101976, -61.49999999998721734 ) ) ;
#3326 = ORIENTED_EDGE ( 'NONE', *, *, #3904, .T. ) ;
#3327 = LINE ( 'NONE', #4355, #4433 ) ;
#3328 = DATE_AND_TIME ( #1770, #196 ) ;
#3329 = ORIENTED_EDGE ( 'NONE', *, *, #1921, .T. ) ;
#3330 = ORIENTED_EDGE ( 'NONE', *, *, #1629, .T. ) ;
#3331 = CARTESIAN_POINT ( 'NONE',  ( 24.33668026181524269, 14.99999999999999822, -11.01762820512820262 ) ) ;
#3332 = CARTESIAN_POINT ( 'NONE',  ( 65.00000000000000000, -29.21622543258023086, -20.30853951231553012 ) ) ;
#3333 = CARTESIAN_POINT ( 'NONE',  ( -32.00000000000000000, -401.1911677216195926, -5.001817560789019760E-14 ) ) ;
#3334 = ORIENTED_EDGE ( 'NONE', *, *, #4918, .T. ) ;
#3335 = AXIS2_PLACEMENT_3D ( 'NONE', #2820, #326, #4841 ) ;
#3336 = AXIS2_PLACEMENT_3D ( 'NONE', #2029, #998, #6484 ) ;
#3337 = EDGE_CURVE ( 'NONE', #1434, #3296, #499, .T. ) ;
#3338 = PLANE ( 'NONE',  #6148 ) ;
#3339 = VERTEX_POINT ( 'NONE', #1970 ) ;
#3340 = VECTOR ( 'NONE', #4705, 999.9999999999998863 ) ;
#3341 = CARTESIAN_POINT ( 'NONE',  ( 24.06201246700074137, 19.81883439851407758, 33.42411941397502773 ) ) ;
#3342 = CARTESIAN_POINT ( 'NONE',  ( 24.26893330422657158, 14.99999999999999467, 32.91778977273715157 ) ) ;
#3343 = CARTESIAN_POINT ( 'NONE',  ( 24.58926691259541997, 14.99999999999999822, 12.56720753205126861 ) ) ;
#3344 = EDGE_CURVE ( 'NONE', #689, #6332, #1027, .T. ) ;
#3345 = CARTESIAN_POINT ( 'NONE',  ( -26.00000000000000000, 23.55715377165293489, -11.01762820512819907 ) ) ;
#3346 = EDGE_LOOP ( 'NONE', ( #648, #6208, #2134, #3170, #6374, #2980, #2794, #1572, #1333, #6232, #721, #488 ) ) ;
#3347 = LINE ( 'NONE', #5370, #5612 ) ;
#3348 = CARTESIAN_POINT ( 'NONE',  ( 23.67287660256410575, 14.99999999999999822, 32.48517628205127750 ) ) ;
#3349 = ORIENTED_EDGE ( 'NONE', *, *, #3904, .F. ) ;
#3350 = DIRECTION ( 'NONE',  ( 0.000000000000000000, -0.3947769709605397637, 0.9187769822972390310 ) ) ;
#3351 = VERTEX_POINT ( 'NONE', #4025 ) ;
#3352 = LINE ( 'NONE', #366, #6523 ) ;
#3353 = CARTESIAN_POINT ( 'NONE',  ( -24.99999999999999289, 8.645321984638215440, -10.00000000000000000 ) ) ;
#3354 = CARTESIAN_POINT ( 'NONE',  ( 22.49358974358975161, 19.97698369071634872, 32.79647435897434349 ) ) ;
#3355 = ORIENTED_EDGE ( 'NONE', *, *, #968, .T. ) ;
#3356 = CARTESIAN_POINT ( 'NONE',  ( 21.00000000000000000, 11.85959824917826211, -56.07296202289231246 ) ) ;
#3357 = ORIENTED_EDGE ( 'NONE', *, *, #6030, .F. ) ;
#3358 = VECTOR ( 'NONE', #4256, 1000.000000000000000 ) ;
#3359 = CARTESIAN_POINT ( 'NONE',  ( 34.00000000000000000, -24.11995919263003785, -59.49999999998721734 ) ) ;
#3360 = AXIS2_PLACEMENT_3D ( 'NONE', #6207, #4250, #4188 ) ;
#3361 = ORIENTED_EDGE ( 'NONE', *, *, #3124, .F. ) ;
#3362 = VERTEX_POINT ( 'NONE', #3993 ) ;
#3363 = CARTESIAN_POINT ( 'NONE',  ( 23.70936452869375088, 14.99999999999999467, 32.86062958243876153 ) ) ;
#3364 = DIRECTION ( 'NONE',  ( 0.000000000000000000, 0.000000000000000000, 1.000000000000000000 ) ) ;
#3365 = FACE_OUTER_BOUND ( 'NONE', #2799, .T. ) ;
#3366 = EDGE_CURVE ( 'NONE', #2462, #1280, #5079, .T. ) ;
#3367 = EDGE_LOOP ( 'NONE', ( #616, #4264, #3768, #1513 ) ) ;
#3368 = VECTOR ( 'NONE', #724, 1000.000000000000000 ) ;
#3369 = CARTESIAN_POINT ( 'NONE',  ( -32.00000000000000000, -7.999999999995895728, 67.49999999999792522 ) ) ;
#3370 = VERTEX_POINT ( 'NONE', #4582 ) ;
#3371 = CARTESIAN_POINT ( 'NONE',  ( 23.84569559509294479, 19.71729628307783599, 33.82051461154240002 ) ) ;
#3372 = CARTESIAN_POINT ( 'NONE',  ( 24.37673613009663853, 19.86068834797922378, 33.42013270076478904 ) ) ;
#3373 = CARTESIAN_POINT ( 'NONE',  ( -65.00000000000000000, -8.551280212865872699, 43.56522147425977920 ) ) ;
#3374 = VECTOR ( 'NONE', #1329, 1000.000000000000000 ) ;
#3375 = CIRCLE ( 'NONE', #5695, 177.2111113958997350 ) ;
#3376 = DIRECTION ( 'NONE',  ( 0.000000000000000000, 0.9402861980684316112, -0.3403848788092888045 ) ) ;
#3377 = EDGE_CURVE ( 'NONE', #4890, #1692, #6412, .T. ) ;
#3378 = EDGE_CURVE ( 'NONE', #4374, #1240, #6077, .T. ) ;
#3379 = VERTEX_POINT ( 'NONE', #3555 ) ;
#3380 = LINE ( 'NONE', #325, #4504 ) ;
#3381 = AXIS2_PLACEMENT_3D ( 'NONE', #673, #1817, #2845 ) ;
#3382 = DIRECTION ( 'NONE',  ( 0.000000000000000000, 0.000000000000000000, -1.000000000000000000 ) ) ;
#3383 = ORIENTED_EDGE ( 'NONE', *, *, #1470, .F. ) ;
#3384 = PLANE ( 'NONE',  #3268 ) ;
#3385 = EDGE_LOOP ( 'NONE', ( #6073, #5581, #125, #1814 ) ) ;
#3386 = CARTESIAN_POINT ( 'NONE',  ( 32.00000000000000000, -46.12443660629851649, 10.62080409351411348 ) ) ;
#3387 = LINE ( 'NONE', #5011, #3049 ) ;
#3388 = EDGE_CURVE ( 'NONE', #5457, #3115, #3958, .T. ) ;
#3389 = DIRECTION ( 'NONE',  ( -0.000000000000000000, -0.3357577272191310525, 0.9419483789532437923 ) ) ;
#3390 = ORIENTED_EDGE ( 'NONE', *, *, #3200, .F. ) ;
#3391 = LINE ( 'NONE', #3885, #3422 ) ;
#3392 = ORIENTED_EDGE ( 'NONE', *, *, #4706, .T. ) ;
#3393 = LINE ( 'NONE', #6416, #6188 ) ;
#3394 = CIRCLE ( 'NONE', #3169, 135.5624999999987779 ) ;
#3395 = LINE ( 'NONE', #1437, #6226 ) ;
#3396 = APPROVAL_ROLE ( '' ) ;
#3397 = DIRECTION ( 'NONE',  ( 0.000000000000000000, 0.000000000000000000, 1.000000000000000000 ) ) ;
#3398 = ORIENTED_EDGE ( 'NONE', *, *, #256, .F. ) ;
#3399 = CARTESIAN_POINT ( 'NONE',  ( 23.54058917844107057, 14.99999999999999822, 32.81951409645184015 ) ) ;
#3400 = VECTOR ( 'NONE', #726, 1000.000000000000000 ) ;
#3401 = DIRECTION ( 'NONE',  ( -1.000000000000000000, 0.000000000000000000, 0.000000000000000000 ) ) ;
#3402 = CARTESIAN_POINT ( 'NONE',  ( 32.00000000000000000, -31.99999999999558753, 67.49999999999826628 ) ) ;
#3403 = EDGE_LOOP ( 'NONE', ( #5446, #1268, #1235, #2869 ) ) ;
#3404 = EDGE_CURVE ( 'NONE', #1197, #2984, #1997, .T. ) ;
#3405 = DIRECTION ( 'NONE',  ( -0.000000000000000000, 0.9187769822972391420, 0.3947769709605395971 ) ) ;
#3406 = VERTEX_POINT ( 'NONE', #1065 ) ;
#3407 = DIRECTION ( 'NONE',  ( -1.000000000000000000, -0.000000000000000000, -0.000000000000000000 ) ) ;
#3408 = CARTESIAN_POINT ( 'NONE',  ( 24.37820512820513130, 19.86068834797921667, 33.37349759615384670 ) ) ;
#3409 = LINE ( 'NONE', #3906, #2661 ) ;
#3410 = DIRECTION ( 'NONE',  ( 0.000000000000000000, 0.000000000000000000, 1.000000000000000000 ) ) ;
#3411 = ADVANCED_FACE ( 'NONE', ( #3526 ), #3462, .F. ) ;
#3412 = VERTEX_POINT ( 'NONE', #5539 ) ;
#3413 = CIRCLE ( 'NONE', #4363, 2.000000000000001776 ) ;
#3414 = DIRECTION ( 'NONE',  ( 1.000000000000000000, 0.000000000000000000, 0.000000000000000000 ) ) ;
#3415 = DIRECTION ( 'NONE',  ( -0.000000000000000000, 0.000000000000000000, -1.000000000000000000 ) ) ;
#3416 = EDGE_CURVE ( 'NONE', #232, #2614, #2526, .T. ) ;
#3417 = CARTESIAN_POINT ( 'NONE',  ( 15.00000000000000178, -50.00000000000000000, -52.24999999999997868 ) ) ;
#3418 = VERTEX_POINT ( 'NONE', #5982 ) ;
#3419 = FACE_OUTER_BOUND ( 'NONE', #5148, .T. ) ;
#3420 = ADVANCED_FACE ( 'NONE', ( #4457 ), #441, .F. ) ;
#3421 = EDGE_CURVE ( 'NONE', #5247, #4826, #4611, .T. ) ;
#3422 = VECTOR ( 'NONE', #5912, 1000.000000000000000 ) ;
#3423 = AXIS2_PLACEMENT_3D ( 'NONE', #3024, #2532, #1502 ) ;
#3424 = DIRECTION ( 'NONE',  ( 1.000000000000000000, 0.000000000000000000, 0.000000000000000000 ) ) ;
#3425 = EDGE_CURVE ( 'NONE', #2256, #6051, #1747, .T. ) ;
#3426 = VECTOR ( 'NONE', #2478, 1000.000000000000000 ) ;
#3427 = FACE_OUTER_BOUND ( 'NONE', #2477, .T. ) ;
#3428 = ORIENTED_EDGE ( 'NONE', *, *, #1349, .T. ) ;
#3429 = DIRECTION ( 'NONE',  ( 0.000000000000000000, 0.000000000000000000, 1.000000000000000000 ) ) ;
#3430 = ORIENTED_EDGE ( 'NONE', *, *, #5851, .T. ) ;
#3431 = CARTESIAN_POINT ( 'NONE',  ( -26.00000000000000355, 21.00290591502195525, -2.200000000000004174 ) ) ;
#3432 = LINE ( 'NONE', #4424, #3261 ) ;
#3433 = CIRCLE ( 'NONE', #5748, 7.000000000000000888 ) ;
#3434 = EDGE_CURVE ( 'NONE', #1060, #4680, #2466, .T. ) ;
#3435 = ADVANCED_FACE ( 'NONE', ( #6511 ), #4056, .T. ) ;
#3436 = CARTESIAN_POINT ( 'NONE',  ( 23.22232866014383035, 19.86086758453160073, 33.96808777126505419 ) ) ;
#3437 = CARTESIAN_POINT ( 'NONE',  ( 26.00000000000000355, 21.00290591502244197, -1.216092296937449943E-14 ) ) ;
#3438 = CARTESIAN_POINT ( 'NONE',  ( 24.03010292926246194, 19.88156546248071521, 33.17668210184004352 ) ) ;
#3439 = DIRECTION ( 'NONE',  ( 0.000000000000000000, 0.000000000000000000, -1.000000000000000000 ) ) ;
#3440 = EDGE_LOOP ( 'NONE', ( #799, #2341, #432, #1550 ) ) ;
#3441 = DIRECTION ( 'NONE',  ( 0.000000000000000000, 1.324458373627596226E-16, -1.000000000000000000 ) ) ;
#3442 = ORIENTED_EDGE ( 'NONE', *, *, #2650, .T. ) ;
#3443 = DIRECTION ( 'NONE',  ( 0.000000000000000000, 0.000000000000000000, 1.000000000000000000 ) ) ;
#3444 = AXIS2_PLACEMENT_3D ( 'NONE', #3657, #2688, #1536 ) ;
#3445 = CARTESIAN_POINT ( 'NONE',  ( 24.33668026181524269, 14.99999999999999822, -9.312499999999998224 ) ) ;
#3446 = CIRCLE ( 'NONE', #2577, 2.000000000000001776 ) ;
#3447 = CARTESIAN_POINT ( 'NONE',  ( 24.06290044301407960, 15.00000000000000178, 33.34464990062929246 ) ) ;
#3448 = CARTESIAN_POINT ( 'NONE',  ( 32.00000000000000000, -19.24624520697548746, -58.71044605806615380 ) ) ;
#3449 = AXIS2_PLACEMENT_3D ( 'NONE', #6203, #6170, #5236 ) ;
#3450 = ORIENTED_EDGE ( 'NONE', *, *, #6165, .T. ) ;
#3451 = DIRECTION ( 'NONE',  ( 0.000000000000000000, 0.000000000000000000, -1.000000000000000000 ) ) ;
#3452 = CARTESIAN_POINT ( 'NONE',  ( 22.22770590284088144, 14.99999999999999822, -12.81249999999999822 ) ) ;
#3453 = LINE ( 'NONE', #460, #1577 ) ;
#3454 = EDGE_CURVE ( 'NONE', #1523, #4934, #408, .T. ) ;
#3455 = ORIENTED_EDGE ( 'NONE', *, *, #968, .F. ) ;
#3456 = DIRECTION ( 'NONE',  ( 0.000000000000000000, 0.000000000000000000, 1.000000000000000000 ) ) ;
#3457 = FACE_OUTER_BOUND ( 'NONE', #951, .T. ) ;
#3458 = CARTESIAN_POINT ( 'NONE',  ( 24.37678570142411871, 14.99999999999999822, 33.29007026169038852 ) ) ;
#3459 = VERTEX_POINT ( 'NONE', #935 ) ;
#3460 = CARTESIAN_POINT ( 'NONE',  ( -14.99999999999999467, -50.00000000000000000, -52.24999999999997868 ) ) ;
#3461 = VERTEX_POINT ( 'NONE', #970 ) ;
#3462 = PLANE ( 'NONE',  #3973 ) ;
#3463 = DIRECTION ( 'NONE',  ( 0.000000000000000000, 0.000000000000000000, -1.000000000000000000 ) ) ;
#3464 = DIRECTION ( 'NONE',  ( 1.000000000000000000, 0.000000000000000000, 0.000000000000000000 ) ) ;
#3465 = CARTESIAN_POINT ( 'NONE',  ( 22.54180846694344709, 14.99999999999999822, -9.312499999999998224 ) ) ;
#3466 = FACE_OUTER_BOUND ( 'NONE', #3957, .T. ) ;
#3467 = ORIENTED_EDGE ( 'NONE', *, *, #2232, .F. ) ;
#3468 = TOROIDAL_SURFACE ( 'NONE', #4527, 4.000000000000000000, 2.000000000000000000 ) ;
#3469 = EDGE_CURVE ( 'NONE', #3233, #3669, #3217, .T. ) ;
#3470 = CARTESIAN_POINT ( 'NONE',  ( 51.00000000000000711, -28.83589985074047490, -54.12366899641200746 ) ) ;
#3471 = EDGE_LOOP ( 'NONE', ( #679, #3107, #5475, #3598 ) ) ;
#3472 = CARTESIAN_POINT ( 'NONE',  ( 34.00000000000000000, -24.11995919263003429, -57.49999999998721734 ) ) ;
#3473 = EDGE_CURVE ( 'NONE', #757, #3714, #4210, .T. ) ;
#3474 = DIRECTION ( 'NONE',  ( 0.000000000000000000, 0.000000000000000000, 1.000000000000000000 ) ) ;
#3475 = CARTESIAN_POINT ( 'NONE',  ( 24.06410256410256565, 20.00684559286068520, 33.37279647435897090 ) ) ;
#3476 = ADVANCED_FACE ( 'NONE', ( #3146 ), #2154, .F. ) ;
#3477 = CARTESIAN_POINT ( 'NONE',  ( -26.00000000000000000, 23.35028468928021539, 13.31249999999998579 ) ) ;
#3478 = VECTOR ( 'NONE', #1599, 1000.000000000000000 ) ;
#3479 = DIRECTION ( 'NONE',  ( -1.000000000000000000, 0.000000000000000000, 0.000000000000000000 ) ) ;
#3480 = FACE_OUTER_BOUND ( 'NONE', #407, .T. ) ;
#3481 = AXIS2_PLACEMENT_3D ( 'NONE', #4246, #5341, #295 ) ;
#3482 = FACE_BOUND ( 'NONE', #6499, .T. ) ;
#3483 = VERTEX_POINT ( 'NONE', #4147 ) ;
#3484 = DIRECTION ( 'NONE',  ( 1.000000000000000000, -0.000000000000000000, -0.000000000000000000 ) ) ;
#3485 = CARTESIAN_POINT ( 'NONE',  ( 22.49358974358974805, 14.99999999999999822, 33.96314102564102200 ) ) ;
#3486 = AXIS2_PLACEMENT_3D ( 'NONE', #1047, #1983, #3069 ) ;
#3487 = VECTOR ( 'NONE', #2457, 1000.000000000000000 ) ;
#3488 = CARTESIAN_POINT ( 'NONE',  ( 23.95740443048602586, 14.99999999999998757, 32.59706455683516424 ) ) ;
#3489 = ORIENTED_EDGE ( 'NONE', *, *, #286, .F. ) ;
#3490 = LINE ( 'NONE', #3956, #1507 ) ;
#3491 = ORIENTED_EDGE ( 'NONE', *, *, #3832, .T. ) ;
#3492 = CARTESIAN_POINT ( 'NONE',  ( 25.00000000000000000, -1.467252252107323240, -52.24999999999997868 ) ) ;
#3493 = VECTOR ( 'NONE', #3451, 1000.000000000000000 ) ;
#3494 = DIRECTION ( 'NONE',  ( -0.000000000000000000, 0.9187769822972391420, 0.3947769709605395971 ) ) ;
#3495 = CARTESIAN_POINT ( 'NONE',  ( 23.58229717735678932, 15.00000000000000533, 33.93244227527739554 ) ) ;
#3496 = CARTESIAN_POINT ( 'NONE',  ( 22.54180846694344709, 14.99999999999999822, -11.01762820512820262 ) ) ;
#3497 = CARTESIAN_POINT ( 'NONE',  ( 22.92080765860423597, 19.67959962737785773, 33.96641293527461158 ) ) ;
#3498 = CARTESIAN_POINT ( 'NONE',  ( 25.00000000000000000, -179.8521528752048084, -1.559876379624643847E-14 ) ) ;
#3499 = VECTOR ( 'NONE', #6138, 1000.000000000000000 ) ;
#3500 = VERTEX_POINT ( 'NONE', #4245 ) ;
#3501 = ADVANCED_FACE ( 'NONE', ( #558 ), #1096, .F. ) ;
#3502 = EDGE_CURVE ( 'NONE', #4268, #2590, #5636, .T. ) ;
#3503 = EDGE_CURVE ( 'NONE', #6294, #206, #5773, .T. ) ;
#3504 = CIRCLE ( 'NONE', #7, 2.000000000000000444 ) ;
#3505 = ORIENTED_EDGE ( 'NONE', *, *, #798, .F. ) ;
#3506 = CARTESIAN_POINT ( 'NONE',  ( 24.22303626578726821, 19.68992858660708833, 33.92677288485538156 ) ) ;
#3507 = ORIENTED_EDGE ( 'NONE', *, *, #335, .F. ) ;
#3508 = CARTESIAN_POINT ( 'NONE',  ( 23.44687414756474908, 15.00000000000000178, 34.30613957951683801 ) ) ;
#3509 = CARTESIAN_POINT ( 'NONE',  ( 23.90985873489033864, 20.00684559286067810, 32.99248058068621958 ) ) ;
#3510 = ADVANCED_FACE ( 'NONE', ( #2591 ), #2655, .F. ) ;
#3511 = APPLICATION_PROTOCOL_DEFINITION ( 'international standard', 'config_control_design', 1994, #93 ) ;
#3512 = ORIENTED_EDGE ( 'NONE', *, *, #5037, .T. ) ;
#3513 = FACE_OUTER_BOUND ( 'NONE', #1368, .T. ) ;
#3514 = CARTESIAN_POINT ( 'NONE',  ( 23.67287660256410575, 14.99999999999999467, 32.48517628205127750 ) ) ;
#3515 = ORIENTED_EDGE ( 'NONE', *, *, #5646, .F. ) ;
#3516 = CARTESIAN_POINT ( 'NONE',  ( -25.00000000000000000, -10.51900342761349982, 52.24999999999999289 ) ) ;
#3517 = DIRECTION ( 'NONE',  ( -1.000000000000000000, -0.000000000000000000, 0.000000000000000000 ) ) ;
#3518 = VECTOR ( 'NONE', #252, 1000.000000000000000 ) ;
#3519 = CARTESIAN_POINT ( 'NONE',  ( 24.13262399585109108, 20.08457154396491617, 32.73621466471333008 ) ) ;
#3520 = ORIENTED_EDGE ( 'NONE', *, *, #1608, .F. ) ;
#3521 = CARTESIAN_POINT ( 'NONE',  ( -32.00000000000000000, -179.8521528752048084, -1.559876379624643847E-14 ) ) ;
#3522 = EDGE_CURVE ( 'NONE', #2690, #4864, #5735, .T. ) ;
#3523 = CIRCLE ( 'NONE', #6278, 177.2111113949647176 ) ;
#3524 = AXIS2_PLACEMENT_3D ( 'NONE', #3437, #4029, #1002 ) ;
#3525 = ORIENTED_EDGE ( 'NONE', *, *, #6521, .T. ) ;
#3526 = FACE_OUTER_BOUND ( 'NONE', #1230, .T. ) ;
#3527 = DIRECTION ( 'NONE',  ( 1.000000000000000000, -0.000000000000000000, -0.000000000000000000 ) ) ;
#3528 = VECTOR ( 'NONE', #5021, 1000.000000000000000 ) ;
#3529 = DIRECTION ( 'NONE',  ( -1.000000000000000000, -0.000000000000000000, -0.000000000000000000 ) ) ;
#3530 = LINE ( 'NONE', #1472, #5740 ) ;
#3531 = CARTESIAN_POINT ( 'NONE',  ( -32.00000000000000000, -7.999999999995895728, 67.49999999999792522 ) ) ;
#3532 = DIRECTION ( 'NONE',  ( -0.000000000000000000, 0.000000000000000000, -1.000000000000000000 ) ) ;
#3533 = ORIENTED_EDGE ( 'NONE', *, *, #2346, .T. ) ;
#3534 = EDGE_CURVE ( 'NONE', #2949, #2366, #3620, .T. ) ;
#3535 = CIRCLE ( 'NONE', #5517, 135.6295211195206889 ) ;
#3536 = ORIENTED_EDGE ( 'NONE', *, *, #4088, .F. ) ;
#3537 = CARTESIAN_POINT ( 'NONE',  ( 25.00000000000000000, 8.645321984638215440, -10.00000000000000000 ) ) ;
#3538 = ORIENTED_EDGE ( 'NONE', *, *, #4918, .F. ) ;
#3539 = PLANE ( 'NONE',  #6459 ) ;
#3540 = CARTESIAN_POINT ( 'NONE',  ( 23.77563572704563555, 15.00000000000000178, 32.89018396295060143 ) ) ;
#3541 = CARTESIAN_POINT ( 'NONE',  ( -26.00000000000000000, 21.00290591502195525, -3.416602896451072374E-15 ) ) ;
#3542 = ORIENTED_EDGE ( 'NONE', *, *, #3306, .F. ) ;
#3543 = PLANE ( 'NONE',  #1177 ) ;
#3544 = EDGE_CURVE ( 'NONE', #3370, #1199, #160, .T. ) ;
#3545 = CARTESIAN_POINT ( 'NONE',  ( 23.14497039584637861, 20.09640605460909768, 32.43962009122795820 ) ) ;
#3546 = ORIENTED_EDGE ( 'NONE', *, *, #6115, .T. ) ;
#3547 = CARTESIAN_POINT ( 'NONE',  ( -34.00000000000000000, -23.35201115136704431, -33.59650786050019633 ) ) ;
#3548 = VECTOR ( 'NONE', #131, 1000.000000000000000 ) ;
#3549 = LINE ( 'NONE', #3612, #81 ) ;
#3550 = CARTESIAN_POINT ( 'NONE',  ( -65.00000000000000000, -179.8521528751610390, -1.054017984003507991E-11 ) ) ;
#3551 = CIRCLE ( 'NONE', #5239, 1.999999999999998224 ) ;
#3552 = ORIENTED_EDGE ( 'NONE', *, *, #676, .T. ) ;
#3553 = CARTESIAN_POINT ( 'NONE',  ( 22.21106178439029222, 14.99999999999999822, 9.812499999999985789 ) ) ;
#3554 = ORIENTED_EDGE ( 'NONE', *, *, #5580, .F. ) ;
#3555 = CARTESIAN_POINT ( 'NONE',  ( 65.00000000000000000, -63.36544253355305756, 57.65205207598277326 ) ) ;
#3556 = DIRECTION ( 'NONE',  ( 0.000000000000000000, 0.000000000000000000, -1.000000000000000000 ) ) ;
#3557 = CARTESIAN_POINT ( 'NONE',  ( 24.06292743251706767, 19.86086758453160073, 33.40165217075261950 ) ) ;
#3558 = CARTESIAN_POINT ( 'NONE',  ( 24.99999999999999289, -46.12443660629851649, 10.62080409351411348 ) ) ;
#3559 = DIRECTION ( 'NONE',  ( -0.000000000000000000, 0.8971219790639312075, -0.4417829271038157257 ) ) ;
#3560 = CARTESIAN_POINT ( 'NONE',  ( 34.00000000000000000, -27.73026402391950285, -21.90311738701250377 ) ) ;
#3561 = ORIENTED_EDGE ( 'NONE', *, *, #3242, .F. ) ;
#3562 = EDGE_CURVE ( 'NONE', #2254, #3574, #2622, .T. ) ;
#3563 = ORIENTED_EDGE ( 'NONE', *, *, #3378, .F. ) ;
#3564 = ORIENTED_EDGE ( 'NONE', *, *, #2545, .T. ) ;
#3565 = CARTESIAN_POINT ( 'NONE',  ( -32.00000000000000000, -15.99999999999587530, -77.49999999997912425 ) ) ;
#3566 = ORIENTED_EDGE ( 'NONE', *, *, #3702, .F. ) ;
#3567 = CARTESIAN_POINT ( 'NONE',  ( 23.44687414756474908, 15.00000000000000178, 34.30613957951683801 ) ) ;
#3568 = DIRECTION ( 'NONE',  ( 1.000000000000000000, 0.000000000000000000, 0.000000000000000000 ) ) ;
#3569 = VECTOR ( 'NONE', #4555, 1000.000000000000000 ) ;
#3570 = FACE_OUTER_BOUND ( 'NONE', #4895, .T. ) ;
#3571 = ORIENTED_EDGE ( 'NONE', *, *, #5072, .F. ) ;
#3572 = DIRECTION ( 'NONE',  ( -1.000000000000000000, 0.000000000000000000, 0.000000000000000000 ) ) ;
#3573 = LINE ( 'NONE', #5595, #6029 ) ;
#3574 = VERTEX_POINT ( 'NONE', #102 ) ;
#3575 = DIRECTION ( 'NONE',  ( -1.000000000000000000, 0.000000000000000000, 0.000000000000000000 ) ) ;
#3576 = ADVANCED_FACE ( 'NONE', ( #66 ), #4649, .T. ) ;
#3577 = CARTESIAN_POINT ( 'NONE',  ( 34.00000000000000000, -51.84896863539253786, 17.16690761165163792 ) ) ;
#3578 = ADVANCED_FACE ( 'NONE', ( #1124 ), #2095, .F. ) ;
#3579 = AXIS2_PLACEMENT_3D ( 'NONE', #442, #4460, #3463 ) ;
#3580 = ADVANCED_FACE ( 'NONE', ( #2714 ), #4740, .T. ) ;
#3581 = CARTESIAN_POINT ( 'NONE',  ( 34.00000000000000000, -31.39583944038380636, -20.30200625214006394 ) ) ;
#3582 = AXIS2_PLACEMENT_3D ( 'NONE', #2775, #4405, #6428 ) ;
#3583 = ORIENTED_EDGE ( 'NONE', *, *, #2895, .F. ) ;
#3584 = DIRECTION ( 'NONE',  ( -1.000000000000000000, 0.000000000000000000, -0.000000000000000000 ) ) ;
#3585 = ORIENTED_EDGE ( 'NONE', *, *, #6143, .T. ) ;
#3586 = CARTESIAN_POINT ( 'NONE',  ( 23.83369876497625839, 14.99999999999999822, -32.29647435897435770 ) ) ;
#3587 = EDGE_CURVE ( 'NONE', #2368, #6104, #2219, .T. ) ;
#3588 = AXIS2_PLACEMENT_3D ( 'NONE', #1557, #4169, #584 ) ;
#3589 = CARTESIAN_POINT ( 'NONE',  ( 24.42307692307692690, 14.99999999999999822, 35.93750000000000000 ) ) ;
#3590 = VECTOR ( 'NONE', #2588, 1000.000000000000000 ) ;
#3591 = DIRECTION ( 'NONE',  ( 0.000000000000000000, 0.000000000000000000, 1.000000000000000000 ) ) ;
#3592 = DIRECTION ( 'NONE',  ( 0.000000000000000000, -3.912310075985051885E-14, -1.000000000000000000 ) ) ;
#3593 = CIRCLE ( 'NONE', #3486, 2.000000000000001776 ) ;
#3594 = DIRECTION ( 'NONE',  ( -0.000000000000000000, -0.2984314648261022218, -0.9544310665531308135 ) ) ;
#3595 = CARTESIAN_POINT ( 'NONE',  ( 22.49358974358974805, 14.99999999999999822, 32.79647435897435770 ) ) ;
#3596 = VECTOR ( 'NONE', #5187, 1000.000000000000000 ) ;
#3597 = ORIENTED_EDGE ( 'NONE', *, *, #1402, .F. ) ;
#3598 = ORIENTED_EDGE ( 'NONE', *, *, #1431, .F. ) ;
#3599 = ORIENTED_EDGE ( 'NONE', *, *, #158, .F. ) ;
#3600 = CARTESIAN_POINT ( 'NONE',  ( -32.00000000000000000, -7.999999999995895728, 67.49999999999792522 ) ) ;
#3601 = DIRECTION ( 'NONE',  ( -1.000000000000000000, -0.000000000000000000, 0.000000000000000000 ) ) ;
#3602 = VERTEX_POINT ( 'NONE', #3749 ) ;
#3603 = CARTESIAN_POINT ( 'NONE',  ( 22.27696723310824112, 14.99999999999999822, 9.812499999999985789 ) ) ;
#3604 = VECTOR ( 'NONE', #3876, 1000.000000000000000 ) ;
#3605 = AXIS2_PLACEMENT_3D ( 'NONE', #2810, #1745, #2773 ) ;
#3606 = PLANE ( 'NONE',  #2758 ) ;
#3607 = ORIENTED_EDGE ( 'NONE', *, *, #430, .F. ) ;
#3608 = DIRECTION ( 'NONE',  ( -1.000000000000000000, -0.000000000000000000, 0.000000000000000000 ) ) ;
#3609 = CARTESIAN_POINT ( 'NONE',  ( 34.00000000000000000, -31.42600000094764567, -30.36411590740336308 ) ) ;
#3610 = EDGE_LOOP ( 'NONE', ( #477, #5159, #2321 ) ) ;
#3611 = DIRECTION ( 'NONE',  ( -0.000000000000000000, -1.000000000000000000, -0.000000000000000000 ) ) ;
#3612 = CARTESIAN_POINT ( 'NONE',  ( 23.83369876497625839, 14.99999999999999822, -31.93749999999999289 ) ) ;
#3613 = ADVANCED_FACE ( 'NONE', ( #1598, #1226 ), #4777, .T. ) ;
#3614 = DIRECTION ( 'NONE',  ( 0.000000000000000000, 0.000000000000000000, 1.000000000000000000 ) ) ;
#3615 = EDGE_CURVE ( 'NONE', #5754, #2619, #5656, .T. ) ;
#3616 = ORIENTED_EDGE ( 'NONE', *, *, #4027, .T. ) ;
#3618 = EDGE_CURVE ( 'NONE', #3955, #5661, #1319, .T. ) ;
#3617 = LINE ( 'NONE', #5633, #4014 ) ;
#3619 = VERTEX_POINT ( 'NONE', #2394 ) ;
#3620 = LINE ( 'NONE', #1693, #3114 ) ;
#3621 = ADVANCED_FACE ( 'NONE', ( #6409 ), #5408, .T. ) ;
#3622 = DIRECTION ( 'NONE',  ( 0.000000000000000000, 0.000000000000000000, 1.000000000000000000 ) ) ;
#3623 = CARTESIAN_POINT ( 'NONE',  ( 22.54180846694344709, 23.52738866386677330, -11.37660256410256210 ) ) ;
#3624 = CIRCLE ( 'NONE', #4901, 2.000000000000001776 ) ;
#3625 = CARTESIAN_POINT ( 'NONE',  ( 32.00000000000000000, -31.99999999999558753, 78.49999999999802469 ) ) ;
#3626 = DIRECTION ( 'NONE',  ( -1.000000000000000000, -0.000000000000000000, 0.000000000000000000 ) ) ;
#3627 = ORIENTED_EDGE ( 'NONE', *, *, #3421, .F. ) ;
#3628 = ADVANCED_FACE ( 'NONE', ( #5268 ), #3850, .T. ) ;
#3629 = VECTOR ( 'NONE', #6445, 1000.000000000000000 ) ;
#3630 = ORIENTED_EDGE ( 'NONE', *, *, #4797, .T. ) ;
#3631 = ORIENTED_EDGE ( 'NONE', *, *, #4593, .F. ) ;
#3632 = DIRECTION ( 'NONE',  ( -1.000000000000000000, 0.000000000000000000, 0.000000000000000000 ) ) ;
#3633 = PLANE ( 'NONE',  #4492 ) ;
#3634 = ORIENTED_EDGE ( 'NONE', *, *, #2039, .F. ) ;
#3635 = CARTESIAN_POINT ( 'NONE',  ( 23.34910410817552773, 14.99999999999998046, 34.31518617398618431 ) ) ;
#3636 = AXIS2_PLACEMENT_3D ( 'NONE', #3764, #1705, #600 ) ;
#3637 = FACE_OUTER_BOUND ( 'NONE', #4357, .T. ) ;
#3638 = ORIENTED_EDGE ( 'NONE', *, *, #5975, .F. ) ;
#3639 = CARTESIAN_POINT ( 'NONE',  ( 23.38434943664681498, 15.00000000000000178, 33.95955067677851247 ) ) ;
#3640 = EDGE_CURVE ( 'NONE', #2107, #1655, #4881, .T. ) ;
#3641 = LINE ( 'NONE', #28, #5928 ) ;
#3642 = ORIENTED_EDGE ( 'NONE', *, *, #567, .F. ) ;
#3643 = DIRECTION ( 'NONE',  ( -1.000000000000000000, -0.000000000000000000, 0.000000000000000000 ) ) ;
#3644 = DIRECTION ( 'NONE',  ( 0.000000000000000000, 0.000000000000000000, -1.000000000000000000 ) ) ;
#3645 = EDGE_CURVE ( 'NONE', #5754, #653, #5908, .T. ) ;
#3646 = DIRECTION ( 'NONE',  ( -1.000000000000000000, 0.000000000000000000, 0.000000000000000000 ) ) ;
#3647 = ORIENTED_EDGE ( 'NONE', *, *, #5753, .F. ) ;
#3648 = DIRECTION ( 'NONE',  ( 0.000000000000000000, 0.000000000000000000, 1.000000000000000000 ) ) ;
#3649 = CIRCLE ( 'NONE', #568, 135.5034452694893616 ) ;
#3650 = VECTOR ( 'NONE', #5717, 1000.000000000000114 ) ;
#3651 = VERTEX_POINT ( 'NONE', #1893 ) ;
#3652 = DIRECTION ( 'NONE',  ( 1.000000000000000000, 0.000000000000000000, 0.000000000000000000 ) ) ;
#3653 = CIRCLE ( 'NONE', #5659, 2.200000000000000622 ) ;
#3654 = DIRECTION ( 'NONE',  ( -1.000000000000000000, -0.000000000000000000, 0.000000000000000000 ) ) ;
#3655 = CIRCLE ( 'NONE', #152, 2.000000000000001776 ) ;
#3656 = DIRECTION ( 'NONE',  ( 1.000000000000000000, 0.000000000000000000, -0.000000000000000000 ) ) ;
#3657 = CARTESIAN_POINT ( 'NONE',  ( -34.00000000000000000, -1.906443429029180292, 41.84057398024965835 ) ) ;
#3658 = DIRECTION ( 'NONE',  ( 0.000000000000000000, 0.000000000000000000, -1.000000000000000000 ) ) ;
#3659 = VERTEX_POINT ( 'NONE', #5807 ) ;
#3660 = EDGE_CURVE ( 'NONE', #635, #611, #6093, .T. ) ;
#3661 = ORIENTED_EDGE ( 'NONE', *, *, #2074, .T. ) ;
#3662 = ORIENTED_EDGE ( 'NONE', *, *, #5273, .F. ) ;
#3663 = CARTESIAN_POINT ( 'NONE',  ( 23.93900802165430974, 19.62797138147686837, 34.16520527205142344 ) ) ;
#3664 = CARTESIAN_POINT ( 'NONE',  ( -65.00000000000000000, -8.928433764235801817, -59.49999999999898392 ) ) ;
#3665 = ORIENTED_EDGE ( 'NONE', *, *, #2193, .F. ) ;
#3666 = CARTESIAN_POINT ( 'NONE',  ( 24.37820512820513130, 14.99999999999999822, 33.37349759615384670 ) ) ;
#3667 = ADVANCED_FACE ( 'NONE', ( #2755 ), #5876, .T. ) ;
#3668 = LINE ( 'NONE', #4196, #2333 ) ;
#3669 = VERTEX_POINT ( 'NONE', #6309 ) ;
#3670 = DIRECTION ( 'NONE',  ( 1.000000000000000000, -0.000000000000000000, -0.000000000000000000 ) ) ;
#3671 = FACE_OUTER_BOUND ( 'NONE', #2065, .T. ) ;
#3672 = EDGE_CURVE ( 'NONE', #4994, #3177, #1361, .T. ) ;
#3673 = ORIENTED_EDGE ( 'NONE', *, *, #3522, .T. ) ;
#3674 = LINE ( 'NONE', #4111, #6384 ) ;
#3675 = CARTESIAN_POINT ( 'NONE',  ( 34.00000000000000000, -25.43741280912404079, -61.49999999998721734 ) ) ;
#3676 = ORIENTED_EDGE ( 'NONE', *, *, #3502, .T. ) ;
#3677 = CARTESIAN_POINT ( 'NONE',  ( -32.00000000000000000, -1.665341203534002945, 45.07104986654846357 ) ) ;
#3678 = ORIENTED_EDGE ( 'NONE', *, *, #2325, .T. ) ;
#3679 = CARTESIAN_POINT ( 'NONE',  ( -21.00000000000000000, 5.848221124615166744, 56.07296202474786639 ) ) ;
#3680 = EDGE_LOOP ( 'NONE', ( #958, #6446, #4127, #3793 ) ) ;
#3681 = DIRECTION ( 'NONE',  ( -1.000000000000000000, -0.000000000000000000, -0.000000000000000000 ) ) ;
#3682 = DIRECTION ( 'NONE',  ( 0.000000000000000000, 0.000000000000000000, 1.000000000000000000 ) ) ;
#3683 = CIRCLE ( 'NONE', #5803, 135.5034452694893616 ) ;
#3684 = DIRECTION ( 'NONE',  ( -0.000000000000000000, 1.000000000000000000, 0.000000000000000000 ) ) ;
#3685 = LINE ( 'NONE', #6112, #4501 ) ;
#3686 = CARTESIAN_POINT ( 'NONE',  ( 65.00000000000000000, -25.43741280912403724, -59.49999999998721734 ) ) ;
#3687 = ORIENTED_EDGE ( 'NONE', *, *, #32, .T. ) ;
#3688 = VECTOR ( 'NONE', #2395, 1000.000000000000000 ) ;
#3689 = AXIS2_PLACEMENT_3D ( 'NONE', #1683, #4607, #4570 ) ;
#3690 = EDGE_CURVE ( 'NONE', #4234, #3412, #758, .T. ) ;
#3691 = CARTESIAN_POINT ( 'NONE',  ( -32.00000000000000000, -15.19029329065754652, -65.49999999997928057 ) ) ;
#3692 = VECTOR ( 'NONE', #323, 1000.000000000000000 ) ;
#3693 = VECTOR ( 'NONE', #6557, 1000.000000000000114 ) ;
#3694 = VERTEX_POINT ( 'NONE', #2289 ) ;
#3695 = VERTEX_POINT ( 'NONE', #3780 ) ;
#3696 = EDGE_CURVE ( 'NONE', #2619, #5564, #1328, .T. ) ;
#3697 = DIRECTION ( 'NONE',  ( -1.000000000000000000, -0.000000000000000000, 0.000000000000000000 ) ) ;
#3698 = CARTESIAN_POINT ( 'NONE',  ( 21.00000000000000000, 21.00290591502244197, -1.216092296937449943E-14 ) ) ;
#3699 = VERTEX_POINT ( 'NONE', #264 ) ;
#3700 = EDGE_CURVE ( 'NONE', #200, #5419, #6343, .T. ) ;
#3701 = CARTESIAN_POINT ( 'NONE',  ( -14.99999999999999289, 8.645321984638215440, -10.00000000000000000 ) ) ;
#3702 = EDGE_CURVE ( 'NONE', #4678, #5232, #3352, .T. ) ;
#3703 = EDGE_CURVE ( 'NONE', #1506, #4774, #4507, .T. ) ;
#3704 = DIRECTION ( 'NONE',  ( 0.000000000000000000, 1.000000000000000000, 0.000000000000000000 ) ) ;
#3705 = ORIENTED_EDGE ( 'NONE', *, *, #3269, .T. ) ;
#3706 = CARTESIAN_POINT ( 'NONE',  ( 24.06410256410256565, 14.99999999999999822, 33.37279647435897090 ) ) ;
#3707 = CARTESIAN_POINT ( 'NONE',  ( -126.5489894022228441, -45.43143980739129972, 8.194764149433256151 ) ) ;
#3708 = ORIENTED_EDGE ( 'NONE', *, *, #6424, .F. ) ;
#3709 = CARTESIAN_POINT ( 'NONE',  ( -26.00000000000000000, 23.52738866386677685, -11.37660256410255855 ) ) ;
#3710 = CARTESIAN_POINT ( 'NONE',  ( 34.00000000000000000, -40.85380540839538810, 11.84212160791244628 ) ) ;
#3711 = VECTOR ( 'NONE', #5776, 1000.000000000000000 ) ;
#3712 = DIRECTION ( 'NONE',  ( 0.000000000000000000, 1.000000000000000000, 3.469446951953590129E-15 ) ) ;
#3713 = CARTESIAN_POINT ( 'NONE',  ( 23.77486191294923756, 20.04802370669672129, 32.51037433729253223 ) ) ;
#3714 = VERTEX_POINT ( 'NONE', #5340 ) ;
#3715 = DIRECTION ( 'NONE',  ( 0.000000000000000000, 0.000000000000000000, 1.000000000000000000 ) ) ;
#3716 = ORIENTED_EDGE ( 'NONE', *, *, #3124, .T. ) ;
#3717 = DIRECTION ( 'NONE',  ( -0.000000000000000000, 1.000000000000000000, -0.000000000000000000 ) ) ;
#3718 = PLANE ( 'NONE',  #505 ) ;
#3719 = EDGE_CURVE ( 'NONE', #6564, #5754, #793, .T. ) ;
#3720 = LINE ( 'NONE', #5177, #3735 ) ;
#3721 = VERTEX_POINT ( 'NONE', #3386 ) ;
#3722 = CARTESIAN_POINT ( 'NONE',  ( 23.56654606296423182, 19.44576172823543558, 34.86146559340257056 ) ) ;
#3723 = EDGE_LOOP ( 'NONE', ( #2682, #3726, #1510 ) ) ;
#3724 = DIRECTION ( 'NONE',  ( -0.000000000000000000, 1.000000000000000000, -0.000000000000000000 ) ) ;
#3725 = CIRCLE ( 'NONE', #2987, 7.000000000000000000 ) ;
#3726 = ORIENTED_EDGE ( 'NONE', *, *, #2813, .T. ) ;
#3727 = ORIENTED_EDGE ( 'NONE', *, *, #1062, .T. ) ;
#3728 = DIRECTION ( 'NONE',  ( -0.000000000000000000, 0.4002777837181106246, 0.9163938541160767670 ) ) ;
#3729 = ADVANCED_FACE ( 'NONE', ( #992, #3950 ), #6036, .F. ) ;
#3730 = CARTESIAN_POINT ( 'NONE',  ( -126.5489894022228441, -33.06546114089393740, -20.43926113024363289 ) ) ;
#3731 = B_SPLINE_CURVE_WITH_KNOTS ( 'NONE', 3,
 ( #3291, #2298, #4389, #5744, #5316, #4320, #1802, #1200, #3225, #693, #2725 ),
 .UNSPECIFIED., .F., .F.,
 ( 4, 1, 1, 1, 1, 1, 1, 1, 4 ),
 ( 0.000000000000000000, 0.1762577548178002329, 0.3384344138804751823, 0.4848220507878366892, 0.6171575782663323295, 0.7346983606124766197, 0.8373851838323613794, 0.9263724209295846057, 1.000000000000000000 ),
 .UNSPECIFIED. ) ;
#3732 = ORIENTED_EDGE ( 'NONE', *, *, #1265, .F. ) ;
#3733 = DIRECTION ( 'NONE',  ( -1.000000000000000000, -0.000000000000000000, -0.000000000000000000 ) ) ;
#3734 = CIRCLE ( 'NONE', #645, 2.200000000000000622 ) ;
#3735 = VECTOR ( 'NONE', #1631, 999.9999999999998863 ) ;
#3736 = CIRCLE ( 'NONE', #4261, 2.000000000000001776 ) ;
#3737 = PLANE ( 'NONE',  #739 ) ;
#3738 = VERTEX_POINT ( 'NONE', #1490 ) ;
#3739 = DIRECTION ( 'NONE',  ( 0.000000000000000000, 1.000000000000000000, -1.341519488088333655E-13 ) ) ;
#3740 = CARTESIAN_POINT ( 'NONE',  ( 24.35210827442235981, 14.99999999999999467, 33.13102048987927617 ) ) ;
#3741 = ORIENTED_EDGE ( 'NONE', *, *, #634, .F. ) ;
#3742 = CARTESIAN_POINT ( 'NONE',  ( -32.00000000000000000, -22.44884186725809627, 3.457098689074958209 ) ) ;
#3743 = AXIS2_PLACEMENT_3D ( 'NONE', #5957, #1378, #242 ) ;
#3744 = DIRECTION ( 'NONE',  ( -0.000000000000000000, 0.2984314648261021663, 0.9544310665531309246 ) ) ;
#3745 = DIRECTION ( 'NONE',  ( -0.000000000000000000, -0.000000000000000000, -1.000000000000000000 ) ) ;
#3746 = EDGE_LOOP ( 'NONE', ( #4577, #3849, #2660, #4811, #5035, #1493, #5092, #1083, #291, #2377, #3705, #606, #1624, #5765, #5448, #4831, #3536, #5875, #3491, #1847, #629, #3450, #3138, #4691, #4093 ) ) ;
#3747 = DIRECTION ( 'NONE',  ( -0.000000000000000000, -1.000000000000000000, -1.341519488088333655E-13 ) ) ;
#3748 = ORIENTED_EDGE ( 'NONE', *, *, #1511, .T. ) ;
#3749 = CARTESIAN_POINT ( 'NONE',  ( 22.49358974358974805, 14.99999999999999822, 32.79647435897435770 ) ) ;
#3750 = LINE ( 'NONE', #827, #829 ) ;
#3751 = EDGE_CURVE ( 'NONE', #4903, #5199, #4404, .T. ) ;
#3752 = VECTOR ( 'NONE', #3594, 1000.000000000000114 ) ;
#3753 = CARTESIAN_POINT ( 'NONE',  ( 23.67287660256410575, 14.99999999999999822, 32.48517628205127750 ) ) ;
#3754 = VERTEX_POINT ( 'NONE', #3516 ) ;
#3755 = DIRECTION ( 'NONE',  ( 0.000000000000000000, -3.469446951953611033E-15, 1.000000000000000000 ) ) ;
#3756 = ORIENTED_EDGE ( 'NONE', *, *, #3153, .T. ) ;
#3757 = EDGE_CURVE ( 'NONE', #1280, #2433, #3655, .T. ) ;
#3758 = LINE ( 'NONE', #1303, #75 ) ;
#3759 = VECTOR ( 'NONE', #2963, 1000.000000000000000 ) ;
#3760 = ORIENTED_EDGE ( 'NONE', *, *, #5080, .F. ) ;
#3761 = EDGE_LOOP ( 'NONE', ( #1657, #846, #5214, #5509 ) ) ;
#3762 = CARTESIAN_POINT ( 'NONE',  ( 21.00000000000000355, 5.857099690190992192, 56.07846127136103576 ) ) ;
#3763 = CARTESIAN_POINT ( 'NONE',  ( 25.00000000000000000, 8.645321984638215440, 10.00000000000000000 ) ) ;
#3764 = CARTESIAN_POINT ( 'NONE',  ( -34.00000000000000000, -22.44884186725809627, -31.81205129217410388 ) ) ;
#3765 = ORIENTED_EDGE ( 'NONE', *, *, #2326, .F. ) ;
#3766 = CARTESIAN_POINT ( 'NONE',  ( 22.49358974358974805, 14.99999999995872280, 33.96314102564102200 ) ) ;
#3767 = LINE ( 'NONE', #6327, #5086 ) ;
#3768 = ORIENTED_EDGE ( 'NONE', *, *, #163, .T. ) ;
#3769 = CARTESIAN_POINT ( 'NONE',  ( 23.95513651848917647, 19.74577306612265915, 33.70985001504636358 ) ) ;
#3770 = FACE_OUTER_BOUND ( 'NONE', #2011, .T. ) ;
#3771 = EDGE_LOOP ( 'NONE', ( #1771, #6522, #1026, #5741 ) ) ;
#3772 = DIRECTION ( 'NONE',  ( 1.000000000000000000, 0.000000000000000000, -0.000000000000000000 ) ) ;
#3773 = CARTESIAN_POINT ( 'NONE',  ( 22.27696723310824112, 23.65005808228024975, 9.812499999999985789 ) ) ;
#3774 = LINE ( 'NONE', #5801, #2350 ) ;
#3775 = CARTESIAN_POINT ( 'NONE',  ( -51.50000000000000711, -29.44884186725809627, -14.54136752811921696 ) ) ;
#3776 = EDGE_CURVE ( 'NONE', #243, #4297, #2057, .T. ) ;
#3777 = EDGE_LOOP ( 'NONE', ( #536, #4497, #2079, #1757 ) ) ;
#3778 = DIRECTION ( 'NONE',  ( 0.000000000000000000, 0.9187769822972390310, 0.3947769709605396526 ) ) ;
#3779 = ORIENTED_EDGE ( 'NONE', *, *, #2735, .T. ) ;
#3780 = CARTESIAN_POINT ( 'NONE',  ( 32.00000000000000000, 4.413136522884997248E-12, 67.49999999999792522 ) ) ;
#3781 = EDGE_CURVE ( 'NONE', #4078, #16, #5009, .T. ) ;
#3782 = LINE ( 'NONE', #2258, #88 ) ;
#3783 = ADVANCED_FACE ( 'NONE', ( #963 ), #489, .F. ) ;
#3784 = ADVANCED_FACE ( 'NONE', ( #5973 ), #2985, .T. ) ;
#3785 = CARTESIAN_POINT ( 'NONE',  ( -32.00000000000000000, -31.99999999999558753, 78.49999999999802469 ) ) ;
#3786 = ORIENTED_EDGE ( 'NONE', *, *, #6052, .F. ) ;
#3787 = DIRECTION ( 'NONE',  ( -0.000000000000000000, 1.000000000000000000, -0.000000000000000000 ) ) ;
#3788 = ORIENTED_EDGE ( 'NONE', *, *, #3587, .F. ) ;
#3789 = ADVANCED_FACE ( 'NONE', ( #3419 ), #4046, .T. ) ;
#3790 = AXIS2_PLACEMENT_3D ( 'NONE', #2264, #3859, #2831 ) ;
#3791 = CARTESIAN_POINT ( 'NONE',  ( 32.00000000000000000, -58.93360663616071804, 58.25107676548654467 ) ) ;
#3792 = CALENDAR_DATE ( 2026, 8, 7 ) ;
#3793 = ORIENTED_EDGE ( 'NONE', *, *, #5359, .F. ) ;
#3794 = ORIENTED_EDGE ( 'NONE', *, *, #5358, .F. ) ;
#3795 = CARTESIAN_POINT ( 'NONE',  ( 24.58926691259541997, 14.99999999999999822, 9.812499999999985789 ) ) ;
#3796 = VECTOR ( 'NONE', #2925, 1000.000000000000000 ) ;
#3797 = CARTESIAN_POINT ( 'NONE',  ( -32.00000000000000000, -10.51900342761852336, -52.24999999999997868 ) ) ;
#3798 = CARTESIAN_POINT ( 'NONE',  ( 65.00000000000000000, -42.69135937298986505, 11.05256766599137563 ) ) ;
#3799 = ORIENTED_EDGE ( 'NONE', *, *, #3938, .F. ) ;
#3800 = AXIS2_PLACEMENT_3D ( 'NONE', #3710, #2177, #5332 ) ;
#3801 = AXIS2_PLACEMENT_3D ( 'NONE', #3707, #5688, #3106 ) ;
#3802 = CARTESIAN_POINT ( 'NONE',  ( -34.00000000000000000, -8.489700925448564917, -58.09686292965156440 ) ) ;
#3803 = ORIENTED_EDGE ( 'NONE', *, *, #5519, .F. ) ;
#3804 = DIRECTION ( 'NONE',  ( 0.000000000000000000, 0.000000000000000000, 1.000000000000000000 ) ) ;
#3805 = ADVANCED_FACE ( 'NONE', ( #4450 ), #2459, .T. ) ;
#3806 = LOCAL_TIME ( 10, 47, 46.00000000000000000, #3826 ) ;
#3807 = CARTESIAN_POINT ( 'NONE',  ( 65.00000000000000000, -59.58036393983566370, 56.35853746863083558 ) ) ;
#3808 = CIRCLE ( 'NONE', #949, 4.000000000000003553 ) ;
#3809 = EDGE_LOOP ( 'NONE', ( #2073, #3727, #743, #1358 ) ) ;
#3810 = DIRECTION ( 'NONE',  ( 0.000000000000000000, -1.000000000000000000, 2.312964634635757649E-15 ) ) ;
#3811 = ORIENTED_EDGE ( 'NONE', *, *, #5533, .F. ) ;
#3812 = CARTESIAN_POINT ( 'NONE',  ( 22.49358974358975161, -111.4976334394454369, -1.528915308921869618E-14 ) ) ;
#3813 = CARTESIAN_POINT ( 'NONE',  ( 24.30385584332402260, 19.93200312818371600, 32.97642098915797249 ) ) ;
#3814 = VERTEX_POINT ( 'NONE', #6533 ) ;
#3815 = DIRECTION ( 'NONE',  ( 0.000000000000000000, 0.000000000000000000, 1.000000000000000000 ) ) ;
#3816 = VERTEX_POINT ( 'NONE', #3547 ) ;
#3817 = DIRECTION ( 'NONE',  ( 0.000000000000000000, 0.000000000000000000, -1.000000000000000000 ) ) ;
#3818 = CARTESIAN_POINT ( 'NONE',  ( 65.00000000000000000, -46.02440725896951790, 8.677372580052249873 ) ) ;
#3819 = AXIS2_PLACEMENT_3D ( 'NONE', #2875, #2444, #5490 ) ;
#3820 = CARTESIAN_POINT ( 'NONE',  ( 23.14526042274772522, 20.06546979130511588, 32.43969139987105876 ) ) ;
#3821 = ADVANCED_FACE ( 'NONE', ( #2924 ), #5565, .T. ) ;
#3822 = VERTEX_POINT ( 'NONE', #4016 ) ;
#3823 = CARTESIAN_POINT ( 'NONE',  ( 25.00000000000000000, -126.4501835576286624, 8.448105686686514324E-15 ) ) ;
#3824 = VERTEX_POINT ( 'NONE', #4572 ) ;
#3825 = CARTESIAN_POINT ( 'NONE',  ( -65.00000000000000000, -8.489700925448564917, -58.09686292965156440 ) ) ;
#3826 = COORDINATED_UNIVERSAL_TIME_OFFSET ( 5, 0, .BEHIND. ) ;
#3827 = AXIS2_PLACEMENT_3D ( 'NONE', #2844, #4335, #215 ) ;
#3828 = ORIENTED_EDGE ( 'NONE', *, *, #5364, .F. ) ;
#3829 = ORIENTED_EDGE ( 'NONE', *, *, #947, .F. ) ;
#3830 = CARTESIAN_POINT ( 'NONE',  ( 23.14983974358974805, 20.00684559286068520, 32.79647435897435770 ) ) ;
#3831 = CARTESIAN_POINT ( 'NONE',  ( -32.06027466829509365, -13.46935168290594476, -60.99638640436496217 ) ) ;
#3832 = EDGE_CURVE ( 'NONE', #5796, #1644, #30, .T. ) ;
#3833 = PLANE ( 'NONE',  #3743 ) ;
#3834 = ORIENTED_EDGE ( 'NONE', *, *, #6460, .T. ) ;
#3835 = CONICAL_SURFACE ( 'NONE', #3524, 2.200000000000000622, 0.7853981633974518317 ) ;
#3836 = CARTESIAN_POINT ( 'NONE',  ( -65.00000000000000000, -12.92843376423008550, -59.50000000000000711 ) ) ;
#3837 = VERTEX_POINT ( 'NONE', #401 ) ;
#3838 = CARTESIAN_POINT ( 'NONE',  ( 24.05781589045961866, 19.80583207775551102, 33.47515885148453663 ) ) ;
#3839 = VECTOR ( 'NONE', #996, 1000.000000000000000 ) ;
#3840 = AXIS2_PLACEMENT_3D ( 'NONE', #910, #2937, #4959 ) ;
#3841 = DIRECTION ( 'NONE',  ( 0.000000000000000000, -0.9462696484278561027, 0.3233786518374731633 ) ) ;
#3842 = LINE ( 'NONE', #4235, #871 ) ;
#3843 = LINE ( 'NONE', #3345, #3692 ) ;
#3844 = ORIENTED_EDGE ( 'NONE', *, *, #5074, .F. ) ;
#3845 = LINE ( 'NONE', #857, #1056 ) ;
#3846 = CARTESIAN_POINT ( 'NONE',  ( 24.33668026181524269, 14.99999999999999822, -9.312499999999998224 ) ) ;
#3847 = ORIENTED_EDGE ( 'NONE', *, *, #4805, .F. ) ;
#3848 = CARTESIAN_POINT ( 'NONE',  ( -65.00000000000000000, -8.754676791739580466, -45.46783294595006453 ) ) ;
#3849 = ORIENTED_EDGE ( 'NONE', *, *, #198, .T. ) ;
#3850 = PLANE ( 'NONE',  #4401 ) ;
#3851 = AXIS2_PLACEMENT_3D ( 'NONE', #5755, #2144, #148 ) ;
#3852 = CARTESIAN_POINT ( 'NONE',  ( -32.00000000000000000, -8.551280212865872699, 43.56522147425977920 ) ) ;
#3853 = EDGE_CURVE ( 'NONE', #1615, #2830, #2425, .T. ) ;
#3854 = EDGE_CURVE ( 'NONE', #1446, #2739, #2486, .T. ) ;
#3855 = LINE ( 'NONE', #3785, #4034 ) ;
#3856 = ORIENTED_EDGE ( 'NONE', *, *, #4751, .T. ) ;
#3857 = CARTESIAN_POINT ( 'NONE',  ( 34.00000000000000000, -41.19586545160449731, 12.63820881000900442 ) ) ;
#3858 = ORIENTED_EDGE ( 'NONE', *, *, #2346, .F. ) ;
#3859 = DIRECTION ( 'NONE',  ( 0.000000000000000000, 0.3947769709605463140, -0.9187769822972362554 ) ) ;
#3860 = DATE_AND_TIME ( #4856, #2964 ) ;
#3861 = ORIENTED_EDGE ( 'NONE', *, *, #4391, .F. ) ;
#3862 = EDGE_LOOP ( 'NONE', ( #3760, #5380, #372, #1246 ) ) ;
#3863 = CARTESIAN_POINT ( 'NONE',  ( 23.32494143795273800, 14.99999999999999467, 32.79949931266969543 ) ) ;
#3864 = DIRECTION ( 'NONE',  ( 0.000000000000000000, -0.9187769822972389200, -0.3947769709605402633 ) ) ;
#3865 = VERTEX_POINT ( 'NONE', #4482 ) ;
#3866 = EDGE_CURVE ( 'NONE', #1479, #1868, #6505, .T. ) ;
#3867 = DIRECTION ( 'NONE',  ( 0.000000000000000000, 0.000000000000000000, 1.000000000000000000 ) ) ;
#3868 = ORIENTED_EDGE ( 'NONE', *, *, #4485, .T. ) ;
#3869 = AXIS2_PLACEMENT_3D ( 'NONE', #4279, #722, #3817 ) ;
#3870 = DIRECTION ( 'NONE',  ( -1.000000000000000000, 0.000000000000000000, 0.000000000000000000 ) ) ;
#3871 = LINE ( 'NONE', #3274, #2209 ) ;
#3872 = LINE ( 'NONE', #2311, #4785 ) ;
#3873 = EDGE_CURVE ( 'NONE', #1208, #1595, #4512, .T. ) ;
#3874 = DIRECTION ( 'NONE',  ( -0.000000000000000000, 0.3947769709605395416, -0.9187769822972392531 ) ) ;
#3875 = ORIENTED_EDGE ( 'NONE', *, *, #4685, .F. ) ;
#3876 = DIRECTION ( 'NONE',  ( -1.000000000000000000, 0.000000000000000000, 0.000000000000000000 ) ) ;
#3877 = LINE ( 'NONE', #5903, #1411 ) ;
#3878 = ORIENTED_EDGE ( 'NONE', *, *, #5528, .T. ) ;
#3879 = LINE ( 'NONE', #4309, #1468 ) ;
#3880 = ORIENTED_EDGE ( 'NONE', *, *, #5088, .T. ) ;
#3881 = DIRECTION ( 'NONE',  ( 0.000000000000000000, 0.3947769709605380983, -0.9187769822972398082 ) ) ;
#3882 = PLANE ( 'NONE',  #1036 ) ;
#3883 = PLANE ( 'NONE',  #1386 ) ;
#3884 = EDGE_LOOP ( 'NONE', ( #173, #2223, #4311, #515 ) ) ;
#3885 = CARTESIAN_POINT ( 'NONE',  ( 26.00000000000000000, 5.859598249176485751, -56.07296202289150244 ) ) ;
#3886 = ORIENTED_EDGE ( 'NONE', *, *, #4573, .T. ) ;
#3887 = FACE_BOUND ( 'NONE', #819, .T. ) ;
#3888 = VECTOR ( 'NONE', #4756, 1000.000000000000000 ) ;
#3889 = LINE ( 'NONE', #1938, #6448 ) ;
#3890 = AXIS2_PLACEMENT_3D ( 'NONE', #3498, #3626, #1164 ) ;
#3891 = EDGE_LOOP ( 'NONE', ( #4833, #122, #3031, #3104 ) ) ;
#3892 = ORIENTED_EDGE ( 'NONE', *, *, #457, .T. ) ;
#3893 = FACE_OUTER_BOUND ( 'NONE', #765, .T. ) ;
#3894 = DIRECTION ( 'NONE',  ( -1.000000000000000000, -0.000000000000000000, 0.000000000000000000 ) ) ;
#3895 = DIRECTION ( 'NONE',  ( 0.000000000000000000, -1.000000000000000000, -9.637352644315595243E-17 ) ) ;
#3896 = VERTEX_POINT ( 'NONE', #6161 ) ;
#3897 = EDGE_CURVE ( 'NONE', #5498, #4826, #5225, .T. ) ;
#3898 = EDGE_CURVE ( 'NONE', #3418, #1109, #2677, .T. ) ;
#3899 = CARTESIAN_POINT ( 'NONE',  ( -27.83532780450860855, 18.00000036777663226, -2.999999999999999556 ) ) ;
#3900 = ORIENTED_EDGE ( 'NONE', *, *, #2553, .T. ) ;
#3901 = EDGE_CURVE ( 'NONE', #4564, #5999, #1053, .T. ) ;
#3902 = CARTESIAN_POINT ( 'NONE',  ( 23.83369876497625839, 14.99999999999999822, -32.29647435897435770 ) ) ;
#3903 = EDGE_CURVE ( 'NONE', #1166, #1644, #3551, .T. ) ;
#3904 = EDGE_CURVE ( 'NONE', #2766, #4356, #2812, .T. ) ;
#3905 = PLANE ( 'NONE',  #1905 ) ;
#3906 = CARTESIAN_POINT ( 'NONE',  ( -32.00000000000000000, -8.551280212865872699, 43.56522147425977920 ) ) ;
#3907 = VECTOR ( 'NONE', #1194, 1000.000000000000114 ) ;
#3908 = CIRCLE ( 'NONE', #2958, 2.000000000000001776 ) ;
#3909 = CARTESIAN_POINT ( 'NONE',  ( -25.00000000000000000, -179.8521528752048084, -1.559876379624643847E-14 ) ) ;
#3910 = ORIENTED_EDGE ( 'NONE', *, *, #4383, .T. ) ;
#3911 =( BOUNDED_CURVE ( )  B_SPLINE_CURVE ( 3, ( #1975, #911, #3497, #5544 ),
 .UNSPECIFIED., .F., .T. ) 
 B_SPLINE_CURVE_WITH_KNOTS ( ( 4, 4 ),
 ( 4.965734531117346862, 4.965771944962156681 ),
 .UNSPECIFIED. ) 
 CURVE ( )  GEOMETRIC_REPRESENTATION_ITEM ( )  RATIONAL_B_SPLINE_CURVE ( ( 1.000000000000000000, 0.9999999998833503101, 0.9999999998833503101, 1.000000000000000000 ) ) 
 REPRESENTATION_ITEM ( '' )  );
#3912 = CARTESIAN_POINT ( 'NONE',  ( 65.00000000000000000, -33.57545344818746003, -20.29547299196408261 ) ) ;
#3913 = CIRCLE ( 'NONE', #1046, 135.6295211195206889 ) ;
#3914 = FACE_OUTER_BOUND ( 'NONE', #5013, .T. ) ;
#3915 = ORIENTED_EDGE ( 'NONE', *, *, #1349, .F. ) ;
#3916 = LINE ( 'NONE', #2513, #3156 ) ;
#3917 = EDGE_CURVE ( 'NONE', #3297, #5372, #3624, .T. ) ;
#3918 = ORIENTED_EDGE ( 'NONE', *, *, #5044, .F. ) ;
#3919 = DIRECTION ( 'NONE',  ( 0.000000000000000000, 0.000000000000000000, 1.000000000000000000 ) ) ;
#3920 = CARTESIAN_POINT ( 'NONE',  ( 22.52516434849285787, 14.99999999999999822, 10.56410256410254966 ) ) ;
#3921 = EDGE_CURVE ( 'NONE', #449, #2246, #6163, .T. ) ;
#3922 = CARTESIAN_POINT ( 'NONE',  ( 24.01914022167644802, 20.08457154396491617, 32.63863933650772253 ) ) ;
#3923 = VERTEX_POINT ( 'NONE', #3108 ) ;
#3924 = CARTESIAN_POINT ( 'NONE',  ( -26.00000000000000000, -111.4976334394454369, -1.528915308921869618E-14 ) ) ;
#3925 = ADVANCED_FACE ( 'NONE', ( #2176 ), #4202, .T. ) ;
#3926 = ORIENTED_EDGE ( 'NONE', *, *, #224, .F. ) ;
#3927 = CARTESIAN_POINT ( 'NONE',  ( 34.00000000000000000, -22.28240522803555379, -56.71044605806613248 ) ) ;
#3928 = VECTOR ( 'NONE', #3414, 1000.000000000000000 ) ;
#3929 = CIRCLE ( 'NONE', #4665, 135.5034452694893616 ) ;
#3930 = CARTESIAN_POINT ( 'NONE',  ( 22.27696723310824112, 14.99999999999999822, 9.812499999999985789 ) ) ;
#3931 = ADVANCED_FACE ( 'NONE', ( #4733 ), #1652, .F. ) ;
#3932 = ORIENTED_EDGE ( 'NONE', *, *, #2521, .F. ) ;
#3933 = CARTESIAN_POINT ( 'NONE',  ( 22.17948717948718240, 14.99999999999999822, 32.43749999999999289 ) ) ;
#3934 = DIRECTION ( 'NONE',  ( -1.000000000000000000, -0.000000000000000000, -0.000000000000000000 ) ) ;
#3935 = DIRECTION ( 'NONE',  ( 1.000000000000000000, -0.000000000000000000, -0.000000000000000000 ) ) ;
#3936 = ORIENTED_EDGE ( 'NONE', *, *, #1028, .F. ) ;
#3937 = FACE_OUTER_BOUND ( 'NONE', #6240, .T. ) ;
#3938 = EDGE_CURVE ( 'NONE', #3837, #4821, #4671, .T. ) ;
#3939 = ORIENTED_EDGE ( 'NONE', *, *, #4594, .F. ) ;
#3940 = CARTESIAN_POINT ( 'NONE',  ( 24.65078282591780479, 14.99999999999999822, -12.81249999999999822 ) ) ;
#3941 = CARTESIAN_POINT ( 'NONE',  ( -25.00000000000000000, -9.000000000000001776, 67.50000000000001421 ) ) ;
#3942 = CARTESIAN_POINT ( 'NONE',  ( -65.00000000000000000, -3.906345701530325343, -43.43856737323228856 ) ) ;
#3943 = LINE ( 'NONE', #4471, #6135 ) ;
#3944 = ORIENTED_EDGE ( 'NONE', *, *, #4885, .T. ) ;
#3945 = CIRCLE ( 'NONE', #1822, 2.000000000000000000 ) ;
#3946 = DIRECTION ( 'NONE',  ( 0.000000000000000000, 0.3947769709605380983, -0.9187769822972396971 ) ) ;
#3947 = DIRECTION ( 'NONE',  ( -3.187648000756294759E-15, 0.3947769709605387645, -0.9187769822972395861 ) ) ;
#3948 = LINE ( 'NONE', #1016, #4441 ) ;
#3949 = EDGE_LOOP ( 'NONE', ( #1271, #4161, #5337, #913, #1715, #2557 ) ) ;
#3950 = FACE_BOUND ( 'NONE', #2160, .T. ) ;
#3951 = AXIS2_PLACEMENT_3D ( 'NONE', #4924, #3254, #5346 ) ;
#3952 = VECTOR ( 'NONE', #1873, 1000.000000000000000 ) ;
#3953 = CARTESIAN_POINT ( 'NONE',  ( -34.00000000000000000, -9.985710447137376988, 56.49999999998851763 ) ) ;
#3954 = CARTESIAN_POINT ( 'NONE',  ( 24.30305978394906674, 20.08457154396490907, 32.98545130026117533 ) ) ;
#3955 = VERTEX_POINT ( 'NONE', #5163 ) ;
#3956 = CARTESIAN_POINT ( 'NONE',  ( -32.00000000000000000, -31.99999999999558753, 67.49999999999792522 ) ) ;
#3957 = EDGE_LOOP ( 'NONE', ( #3216, #308, #336 ) ) ;
#3958 = LINE ( 'NONE', #37, #4502 ) ;
#3959 = EDGE_CURVE ( 'NONE', #5391, #3092, #3413, .T. ) ;
#3960 = PLANE ( 'NONE',  #5588 ) ;
#3961 = VECTOR ( 'NONE', #2234, 1000.000000000000000 ) ;
#3962 = EDGE_CURVE ( 'NONE', #345, #5784, #3139, .T. ) ;
#3963 = CARTESIAN_POINT ( 'NONE',  ( -32.00000000000000000, -401.1911677216195926, -5.001817560789019760E-14 ) ) ;
#3964 = CARTESIAN_POINT ( 'NONE',  ( -32.00000000000000000, -8.847603732391792875, -46.26458586167531450 ) ) ;
#3965 = CARTESIAN_POINT ( 'NONE',  ( 22.17344235471984959, -111.4976334394454369, -1.528915308921869618E-14 ) ) ;
#3966 = DIRECTION ( 'NONE',  ( 0.000000000000000000, 1.387778780781445676E-14, 1.000000000000000000 ) ) ;
#3967 = EDGE_CURVE ( 'NONE', #482, #293, #3674, .T. ) ;
#3968 = ORIENTED_EDGE ( 'NONE', *, *, #2527, .F. ) ;
#3969 = DIRECTION ( 'NONE',  ( -1.000000000000000000, 0.000000000000000000, 0.000000000000000000 ) ) ;
#3970 = VERTEX_POINT ( 'NONE', #1686 ) ;
#3971 = FACE_OUTER_BOUND ( 'NONE', #1977, .T. ) ;
#3972 = AXIS2_PLACEMENT_3D ( 'NONE', #3315, #3280, #2214 ) ;
#3973 = AXIS2_PLACEMENT_3D ( 'NONE', #2066, #1465, #4086 ) ;
#3974 = VECTOR ( 'NONE', #5249, 1000.000000000000000 ) ;
#3975 = FACE_OUTER_BOUND ( 'NONE', #6362, .T. ) ;
#3976 = CARTESIAN_POINT ( 'NONE',  ( 24.06051827766080820, 20.00684559286068520, 33.28887366195070996 ) ) ;
#3977 = CIRCLE ( 'NONE', #902, 7.000000000000001776 ) ;
#3978 = FACE_OUTER_BOUND ( 'NONE', #5835, .T. ) ;
#3979 = VECTOR ( 'NONE', #6440, 1000.000000000000000 ) ;
#3980 = ORIENTED_EDGE ( 'NONE', *, *, #1629, .F. ) ;
#3981 = PLANE ( 'NONE',  #5201 ) ;
#3982 = CARTESIAN_POINT ( 'NONE',  ( 34.00000000000000000, -31.42600000094764567, -30.36411590740336308 ) ) ;
#3983 = CARTESIAN_POINT ( 'NONE',  ( 23.61150297538918252, 20.09640605460911189, 32.47252927963521074 ) ) ;
#3984 = ORIENTED_EDGE ( 'NONE', *, *, #1139, .F. ) ;
#3985 = DIRECTION ( 'NONE',  ( 0.000000000000000000, 0.000000000000000000, 1.000000000000000000 ) ) ;
#3986 = CARTESIAN_POINT ( 'NONE',  ( 24.90336947669798562, 14.99999999999999822, 9.812499999999985789 ) ) ;
#3987 = EDGE_CURVE ( 'NONE', #3695, #987, #1150, .T. ) ;
#3988 = CARTESIAN_POINT ( 'NONE',  ( 24.33668026181524624, 23.68543141577780631, -9.312499999999994671 ) ) ;
#3989 = EDGE_CURVE ( 'NONE', #4890, #3483, #5628, .T. ) ;
#3990 = ORIENTED_EDGE ( 'NONE', *, *, #4175, .F. ) ;
#3991 = FACE_OUTER_BOUND ( 'NONE', #6504, .T. ) ;
#3992 = ORIENTED_EDGE ( 'NONE', *, *, #3454, .T. ) ;
#3993 = CARTESIAN_POINT ( 'NONE',  ( -21.00000000000000000, 5.859598249176485751, 56.07296202289150244 ) ) ;
#3994 = CARTESIAN_POINT ( 'NONE',  ( 65.00000000000000000, -33.57545344818746003, -20.29547299196408261 ) ) ;
#3995 = CARTESIAN_POINT ( 'NONE',  ( 23.13441506410256920, 14.99999999999999822, 33.96804887820512420 ) ) ;
#3996 = CARTESIAN_POINT ( 'NONE',  ( -65.00000000000000000, -28.44884186725240838, 3.958632471878713144 ) ) ;
#3997 = EDGE_CURVE ( 'NONE', #5232, #3249, #2615, .T. ) ;
#3998 = CARTESIAN_POINT ( 'NONE',  ( -25.00000000000000000, -8.894977061327246304, 46.66285503034586668 ) ) ;
#3999 = LINE ( 'NONE', #6018, #6215 ) ;
#4000 = ORIENTED_EDGE ( 'NONE', *, *, #2967, .F. ) ;
#4001 = AXIS2_PLACEMENT_3D ( 'NONE', #3595, #2440, #5611 ) ;
#4002 = EDGE_CURVE ( 'NONE', #73, #3418, #92, .T. ) ;
#4003 = ORIENTED_EDGE ( 'NONE', *, *, #5098, .F. ) ;
#4004 = CARTESIAN_POINT ( 'NONE',  ( 32.00000000000000000, -62.71868522987814032, 59.54459137283848946 ) ) ;
#4005 = CARTESIAN_POINT ( 'NONE',  ( 23.62417513766272492, 15.00000000000000178, 34.27742775333473446 ) ) ;
#4006 = CARTESIAN_POINT ( 'NONE',  ( 23.96385788985285714, 20.00684559286069231, 33.05798631654062802 ) ) ;
#4007 = CARTESIAN_POINT ( 'NONE',  ( 23.40375208904425364, 14.99999999999999822, 32.80425109132782779 ) ) ;
#4008 = VECTOR ( 'NONE', #4120, 1000.000000000000000 ) ;
#4009 = EDGE_CURVE ( 'NONE', #5582, #1225, #5662, .T. ) ;
#4010 = ORIENTED_EDGE ( 'NONE', *, *, #4472, .T. ) ;
#4011 = FACE_OUTER_BOUND ( 'NONE', #194, .T. ) ;
#4012 = CIRCLE ( 'NONE', #1784, 6.999999999999997335 ) ;
#4013 = PLANE ( 'NONE',  #2530 ) ;
#4014 = VECTOR ( 'NONE', #6201, 1000.000000000000000 ) ;
#4015 = ORIENTED_EDGE ( 'NONE', *, *, #2576, .T. ) ;
#4016 = CARTESIAN_POINT ( 'NONE',  ( -32.00000000000000000, -8.754676791739580466, -45.46783294595006453 ) ) ;
#4017 = CARTESIAN_POINT ( 'NONE',  ( 22.54180846694345064, 23.39871018650868706, -12.81249999999999112 ) ) ;
#4018 = VECTOR ( 'NONE', #2978, 1000.000000000000000 ) ;
#4019 = VECTOR ( 'NONE', #6526, 1000.000000000000000 ) ;
#4020 = CIRCLE ( 'NONE', #4867, 177.2111113949695209 ) ;
#4021 = CARTESIAN_POINT ( 'NONE',  ( 24.37820512820513130, 14.99999999999999822, 33.37349759615384670 ) ) ;
#4022 = VERTEX_POINT ( 'NONE', #2816 ) ;
#4023 = CARTESIAN_POINT ( 'NONE',  ( -25.00000000000000000, -2.999999999999975131, -67.50000000000000000 ) ) ;
#4024 = ORIENTED_EDGE ( 'NONE', *, *, #2193, .T. ) ;
#4025 = CARTESIAN_POINT ( 'NONE',  ( 22.17948717948718240, 14.99999999999999822, 32.43749999999999289 ) ) ;
#4026 = CYLINDRICAL_SURFACE ( 'NONE', #5381, 2.000000000000001776 ) ;
#4027 = EDGE_CURVE ( 'NONE', #4352, #4128, #1716, .T. ) ;
#4028 = CARTESIAN_POINT ( 'NONE',  ( 21.00000000000000000, 11.85959824917824612, 56.07296202289228404 ) ) ;
#4029 = DIRECTION ( 'NONE',  ( 1.000000000000000000, -0.000000000000000000, -0.000000000000000000 ) ) ;
#4030 = CARTESIAN_POINT ( 'NONE',  ( 23.92757890062504345, 19.92546081172631744, 33.00244956036986821 ) ) ;
#4031 = FACE_OUTER_BOUND ( 'NONE', #2022, .T. ) ;
#4032 = CIRCLE ( 'NONE', #5831, 135.4469474441720536 ) ;
#4033 = ORIENTED_EDGE ( 'NONE', *, *, #3917, .T. ) ;
#4034 = VECTOR ( 'NONE', #1865, 1000.000000000000000 ) ;
#4035 = EDGE_CURVE ( 'NONE', #2165, #363, #750, .T. ) ;
#4036 = ORIENTED_EDGE ( 'NONE', *, *, #1521, .T. ) ;
#4037 = CARTESIAN_POINT ( 'NONE',  ( 25.00000000000000000, -2.999999999999975131, -67.50000000000000000 ) ) ;
#4038 = VERTEX_POINT ( 'NONE', #2746 ) ;
#4039 = CARTESIAN_POINT ( 'NONE',  ( 23.13721955128205465, 14.99999999999999822, 34.32211538461537970 ) ) ;
#4040 = PERSON ( 'UNSPECIFIED', 'UNSPECIFIED', 'UNSPECIFIED', ('UNSPECIFIED'), ('UNSPECIFIED'), ('UNSPECIFIED') ) ;
#4041 = DIRECTION ( 'NONE',  ( 0.000000000000000000, 0.000000000000000000, -1.000000000000000000 ) ) ;
#4042 = EDGE_LOOP ( 'NONE', ( #1489, #1733, #5008, #2836 ) ) ;
#4043 = DIRECTION ( 'NONE',  ( 0.000000000000000000, 1.734723475976807094E-15, -1.000000000000000000 ) ) ;
#4044 = DIRECTION ( 'NONE',  ( 0.000000000000000000, 0.9402861980684316112, -0.3403848788092886934 ) ) ;
#4045 = VERTEX_POINT ( 'NONE', #3343 ) ;
#4046 = PLANE ( 'NONE',  #5886 ) ;
#4047 = AXIS2_PLACEMENT_3D ( 'NONE', #427, #2580, #5062 ) ;
#4048 = DIRECTION ( 'NONE',  ( 0.7659742538299848524, 0.000000000000000000, -0.6428712487501661021 ) ) ;
#4049 = AXIS2_PLACEMENT_3D ( 'NONE', #5288, #2870, #4896 ) ;
#4050 = CARTESIAN_POINT ( 'NONE',  ( 51.00000000000000711, -29.76889253270183744, -39.28690638944795666 ) ) ;
#4051 = ORIENTED_EDGE ( 'NONE', *, *, #4626, .T. ) ;
#4052 = CARTESIAN_POINT ( 'NONE',  ( 32.00000000000000000, -44.52891333758434911, 10.26301372407030854 ) ) ;
#4053 = VECTOR ( 'NONE', #5882, 1000.000000000000000 ) ;
#4054 = VECTOR ( 'NONE', #1440, 999.9999999999998863 ) ;
#4055 = ORIENTED_EDGE ( 'NONE', *, *, #1756, .F. ) ;
#4056 = PLANE ( 'NONE',  #4935 ) ;
#4057 = CARTESIAN_POINT ( 'NONE',  ( -126.5489894022228441, -33.06546114089393740, -20.43926113024363289 ) ) ;
#4058 = CIRCLE ( 'NONE', #350, 4.000000000000003553 ) ;
#4059 = DIRECTION ( 'NONE',  ( -0.000000000000000000, 1.000000000000000000, -0.000000000000000000 ) ) ;
#4060 = DIRECTION ( 'NONE',  ( 1.000000000000000000, -0.000000000000000000, -0.000000000000000000 ) ) ;
#4061 = CARTESIAN_POINT ( 'NONE',  ( 24.65078282591780479, 14.99999999999999822, -9.312499999999998224 ) ) ;
#4062 = CARTESIAN_POINT ( 'NONE',  ( -32.00000000000000000, -28.44884186725240838, 3.999999999988530064 ) ) ;
#4063 = ORIENTED_EDGE ( 'NONE', *, *, #3086, .T. ) ;
#4064 = CIRCLE ( 'NONE', #2592, 1.999999999999999334 ) ;
#4065 = ORIENTED_EDGE ( 'NONE', *, *, #6255, .T. ) ;
#4066 = ORIENTED_EDGE ( 'NONE', *, *, #3854, .T. ) ;
#4067 = ADVANCED_FACE ( 'NONE', ( #6369 ), #4871, .T. ) ;
#4068 = CARTESIAN_POINT ( 'NONE',  ( -126.5489894022228441, -37.28072193794384503, -31.93669053106154720 ) ) ;
#4069 = ORIENTED_EDGE ( 'NONE', *, *, #4035, .T. ) ;
#4070 = EDGE_CURVE ( 'NONE', #5564, #5042, #3872, .T. ) ;
#4071 = CARTESIAN_POINT ( 'NONE',  ( 24.24304482188890830, 15.00000000000000533, 33.88054270261753231 ) ) ;
#4072 = DIRECTION ( 'NONE',  ( 0.000000000000000000, -1.000000000000000000, -3.469446951953610639E-15 ) ) ;
#4073 = AXIS2_PLACEMENT_3D ( 'NONE', #3775, #1356, #2572 ) ;
#4074 = ORIENTED_EDGE ( 'NONE', *, *, #2786, .F. ) ;
#4075 = CARTESIAN_POINT ( 'NONE',  ( 65.00000000000000000, -64.27569378863722704, 41.02186808014482722 ) ) ;
#4076 = EDGE_CURVE ( 'NONE', #5221, #6486, #4301, .T. ) ;
#4077 = CARTESIAN_POINT ( 'NONE',  ( -21.00000000000000000, 11.85959824917826211, -56.07296202289231246 ) ) ;
#4078 = VERTEX_POINT ( 'NONE', #1852 ) ;
#4079 = DIRECTION ( 'NONE',  ( -1.000000000000000000, -0.000000000000000000, -0.000000000000000000 ) ) ;
#4080 = VECTOR ( 'NONE', #2930, 1000.000000000000000 ) ;
#4081 = DIRECTION ( 'NONE',  ( 0.000000000000000000, -1.000000000000000000, 1.593824000378136335E-15 ) ) ;
#4082 = CARTESIAN_POINT ( 'NONE',  ( 32.00000000000000000, -22.99999999999562306, -65.49999999997928057 ) ) ;
#4083 = ORIENTED_EDGE ( 'NONE', *, *, #4002, .F. ) ;
#4084 = CARTESIAN_POINT ( 'NONE',  ( 15.00000000000000178, -126.4501835576286624, 8.448105686686514324E-15 ) ) ;
#4085 = ORIENTED_EDGE ( 'NONE', *, *, #1499, .T. ) ;
#4086 = DIRECTION ( 'NONE',  ( 0.000000000000000000, 0.9402861980684315002, -0.3403848788092887490 ) ) ;
#4087 = CARTESIAN_POINT ( 'NONE',  ( -21.00000000000000000, 21.00290591502195525, -3.416602896451072374E-15 ) ) ;
#4088 = EDGE_CURVE ( 'NONE', #3275, #3619, #6061, .T. ) ;
#4089 = CARTESIAN_POINT ( 'NONE',  ( 23.96561495896570548, 19.86086758453160783, 33.69507449465884008 ) ) ;
#4090 = DIRECTION ( 'NONE',  ( 0.000000000000000000, -0.4002777837181162313, -0.9163938541160743245 ) ) ;
#4091 = DIRECTION ( 'NONE',  ( 1.000000000000000000, 0.000000000000000000, 0.000000000000000000 ) ) ;
#4092 = CARTESIAN_POINT ( 'NONE',  ( -34.00000000000000000, -10.39856305855380469, -61.49999999999936051 ) ) ;
#4093 = ORIENTED_EDGE ( 'NONE', *, *, #6424, .T. ) ;
#4094 = ORIENTED_EDGE ( 'NONE', *, *, #2119, .F. ) ;
#4095 = ORIENTED_EDGE ( 'NONE', *, *, #4305, .F. ) ;
#4096 = CARTESIAN_POINT ( 'NONE',  ( 23.87163529824670150, 19.61894116478325856, 34.19982848766800032 ) ) ;
#4097 = CARTESIAN_POINT ( 'NONE',  ( -14.99999999999999467, 14.95656201026634946, -3.000000000000000000 ) ) ;
#4098 = ORIENTED_EDGE ( 'NONE', *, *, #297, .T. ) ;
#4099 = CARTESIAN_POINT ( 'NONE',  ( 23.70384211515855100, 14.99999999999999822, 34.25916578805765766 ) ) ;
#4100 = EDGE_CURVE ( 'NONE', #2366, #2739, #6333, .T. ) ;
#4101 = PERSON_AND_ORGANIZATION ( #4040, #4752 ) ;
#4102 = EDGE_CURVE ( 'NONE', #3027, #5042, #5736, .T. ) ;
#4103 = EDGE_CURVE ( 'NONE', #6106, #2690, #1217, .T. ) ;
#4104 = LINE ( 'NONE', #6125, #1695 ) ;
#4105 = ORIENTED_EDGE ( 'NONE', *, *, #3344, .F. ) ;
#4106 = EDGE_CURVE ( 'NONE', #1132, #2231, #5300, .T. ) ;
#4107 = EDGE_CURVE ( 'NONE', #3461, #4291, #3842, .T. ) ;
#4108 = CARTESIAN_POINT ( 'NONE',  ( 22.21106178439029222, 14.99999999999999822, 9.812499999999985789 ) ) ;
#4109 = CARTESIAN_POINT ( 'NONE',  ( -65.00000000000000000, -179.8521528760967954, -2.703670620718412465E-10 ) ) ;
#4110 = ORIENTED_EDGE ( 'NONE', *, *, #5443, .F. ) ;
#4111 = CARTESIAN_POINT ( 'NONE',  ( 22.27696723310824112, 14.99999999999999822, 9.812499999999985789 ) ) ;
#4112 = DIRECTION ( 'NONE',  ( 0.000000000000000000, -1.734723475976805517E-15, -1.000000000000000000 ) ) ;
#4113 = EDGE_CURVE ( 'NONE', #3837, #4461, #3725, .T. ) ;
#4114 = LINE ( 'NONE', #2178, #3499 ) ;
#4115 = EDGE_LOOP ( 'NONE', ( #792, #5324, #1017, #1192, #5109, #6187, #3430, #3616, #6444, #5911, #108, #5286, #2403, #1007, #5054, #3166, #6130, #1801, #1768, #1327 ) ) ;
#4116 = DIRECTION ( 'NONE',  ( -0.000000000000000000, 0.6246950475544239545, 0.7808688094430306093 ) ) ;
#4117 = EDGE_LOOP ( 'NONE', ( #4209, #2102, #4191, #3512 ) ) ;
#4118 = DIRECTION ( 'NONE',  ( -1.000000000000000000, 0.000000000000000000, -0.000000000000000000 ) ) ;
#4119 = AXIS2_PLACEMENT_3D ( 'NONE', #4806, #220, #5692 ) ;
#4120 = DIRECTION ( 'NONE',  ( -1.000000000000000000, -0.000000000000000000, -0.000000000000000000 ) ) ;
#4121 = AXIS2_PLACEMENT_3D ( 'NONE', #3417, #2922, #431 ) ;
#4122 = CARTESIAN_POINT ( 'NONE',  ( 22.74879807692308020, 19.58698074325202043, 34.32211538461537970 ) ) ;
#4123 = CARTESIAN_POINT ( 'NONE',  ( -34.00000000000000000, -22.44884186725809627, 3.457098689074956432 ) ) ;
#4124 = APPROVAL_PERSON_ORGANIZATION ( #3293, #1063, #5284 ) ;
#4125 = CARTESIAN_POINT ( 'NONE',  ( -34.00000000000000000, -24.44884186725809272, -31.81205129217410388 ) ) ;
#4126 = FACE_OUTER_BOUND ( 'NONE', #365, .T. ) ;
#4127 = ORIENTED_EDGE ( 'NONE', *, *, #4683, .T. ) ;
#4128 = VERTEX_POINT ( 'NONE', #3373 ) ;
#4129 = ORIENTED_EDGE ( 'NONE', *, *, #4720, .F. ) ;
#4130 = CARTESIAN_POINT ( 'NONE',  ( -32.04816419401609551, -13.10496330469218584, 59.99347564835664315 ) ) ;
#4131 = DIRECTION ( 'NONE',  ( -1.000000000000000000, 0.000000000000000000, 0.000000000000000000 ) ) ;
#4132 = ORIENTED_EDGE ( 'NONE', *, *, #5074, .T. ) ;
#4133 = DIRECTION ( 'NONE',  ( 1.000000000000000000, 0.000000000000000000, 0.000000000000000000 ) ) ;
#4134 = VECTOR ( 'NONE', #2554, 1000.000000000000000 ) ;
#4135 = EDGE_CURVE ( 'NONE', #571, #3027, #2779, .T. ) ;
#4136 = CARTESIAN_POINT ( 'NONE',  ( 51.00000000000000711, -58.98238838378176752, 28.70259030054772609 ) ) ;
#4137 = ORIENTED_EDGE ( 'NONE', *, *, #5549, .T. ) ;
#4138 = CARTESIAN_POINT ( 'NONE',  ( 24.06059888706763772, 14.99999999999999112, 33.45883027859735392 ) ) ;
#4139 = CARTESIAN_POINT ( 'NONE',  ( 21.00000000000000355, 5.857518151778970505, -56.07754029611970026 ) ) ;
#4140 = VERTEX_POINT ( 'NONE', #1285 ) ;
#4141 = DIRECTION ( 'NONE',  ( 0.000000000000000000, 0.2746634255269712055, -0.9615404321596621173 ) ) ;
#4142 = CARTESIAN_POINT ( 'NONE',  ( -26.00000000000000000, -111.4976334394454369, -1.528915308921869618E-14 ) ) ;
#4143 = DIRECTION ( 'NONE',  ( 1.000000000000000000, 0.000000000000000000, 0.000000000000000000 ) ) ;
#4144 = VERTEX_POINT ( 'NONE', #3310 ) ;
#4145 = CARTESIAN_POINT ( 'NONE',  ( -14.99999999999999289, -126.4501835576286624, 8.448105686686514324E-15 ) ) ;
#4146 = ORIENTED_EDGE ( 'NONE', *, *, #1062, .F. ) ;
#4147 = CARTESIAN_POINT ( 'NONE',  ( -32.00000000000000000, -6.217916931324402263, 57.84303090886503895 ) ) ;
#4148 = AXIS2_PLACEMENT_3D ( 'NONE', #357, #1352, #1818 ) ;
#4149 = DIRECTION ( 'NONE',  ( -1.000000000000000000, -0.000000000000000000, -0.000000000000000000 ) ) ;
#4150 = DIRECTION ( 'NONE',  ( -1.000000000000000000, 0.000000000000000000, 0.000000000000000000 ) ) ;
#4151 = VECTOR ( 'NONE', #2846, 1000.000000000000000 ) ;
#4152 = LINE ( 'NONE', #134, #1529 ) ;
#4153 = DIRECTION ( 'NONE',  ( -1.000000000000000000, -0.000000000000000000, 0.000000000000000000 ) ) ;
#4154 = VERTEX_POINT ( 'NONE', #5399 ) ;
#4155 = EDGE_CURVE ( 'NONE', #6116, #6259, #3945, .T. ) ;
#4156 = ORIENTED_EDGE ( 'NONE', *, *, #3751, .T. ) ;
#4157 = VERTEX_POINT ( 'NONE', #3742 ) ;
#4158 = ADVANCED_FACE ( 'NONE', ( #5758 ), #3241, .F. ) ;
#4159 = CARTESIAN_POINT ( 'NONE',  ( 23.73198181837044629, 19.60534261576003701, 34.25192073446972074 ) ) ;
#4160 = CARTESIAN_POINT ( 'NONE',  ( 65.00000000000000000, -33.25878770917979921, -29.56356033996714316 ) ) ;
#4161 = ORIENTED_EDGE ( 'NONE', *, *, #127, .T. ) ;
#4162 = DIRECTION ( 'NONE',  ( 0.000000000000000000, 0.9550615053060220738, -0.2964076940340706345 ) ) ;
#4163 = DIRECTION ( 'NONE',  ( -0.000000000000000000, -0.000000000000000000, -1.000000000000000000 ) ) ;
#4164 = EDGE_LOOP ( 'NONE', ( #3563, #4278, #5846, #207 ) ) ;
#4165 = FACE_OUTER_BOUND ( 'NONE', #2778, .T. ) ;
#4166 = DIRECTION ( 'NONE',  ( 0.000000000000000000, -0.3403848788092883604, -0.9402861980684317222 ) ) ;
#4167 = ORIENTED_EDGE ( 'NONE', *, *, #5639, .F. ) ;
#4168 = CARTESIAN_POINT ( 'NONE',  ( 34.00000000000000000, -24.11995919263003429, -57.49999999998721734 ) ) ;
#4169 = DIRECTION ( 'NONE',  ( 0.000000000000000000, 1.000000000000000000, -0.000000000000000000 ) ) ;
#4170 = VERTEX_POINT ( 'NONE', #2247 ) ;
#4171 = CARTESIAN_POINT ( 'NONE',  ( 25.00000000000000000, -3.000000000000038636, 67.50000000000000000 ) ) ;
#4172 = VERTEX_POINT ( 'NONE', #4269 ) ;
#4173 = CARTESIAN_POINT ( 'NONE',  ( -65.00000000000000000, -8.894977061327246304, 46.66285503034586668 ) ) ;
#4174 = AXIS2_PLACEMENT_3D ( 'NONE', #754, #5371, #3246 ) ;
#4175 = EDGE_CURVE ( 'NONE', #2153, #45, #4575, .T. ) ;
#4176 = B_SPLINE_CURVE_WITH_KNOTS ( 'NONE', 3,
 ( #573, #2603, #76, #2108, #6181, #4897, #4861, #348, #1275, #4326, #3831, #2802, #311, #2374 ),
 .UNSPECIFIED., .F., .F.,
 ( 4, 2, 2, 2, 2, 2, 4 ),
 ( 0.000000000000000000, 0.0004032156431976006029, 0.0008064312863952012057, 0.001612862572790382679, 0.002419293859185564152, 0.002822509502383168441, 0.003225725145580772731 ),
 .UNSPECIFIED. ) ;
#4177 = VECTOR ( 'NONE', #5293, 1000.000000000000000 ) ;
#4178 = ORIENTED_EDGE ( 'NONE', *, *, #1560, .F. ) ;
#4179 = CARTESIAN_POINT ( 'NONE',  ( 65.00000000000000000, -56.54684703319611572, 12.90197427886324100 ) ) ;
#4180 = CARTESIAN_POINT ( 'NONE',  ( -26.00000000000000000, 19.15335114793337112, 35.93750000000000000 ) ) ;
#4181 = EDGE_CURVE ( 'NONE', #4227, #3097, #5959, .T. ) ;
#4182 = AXIS2_PLACEMENT_3D ( 'NONE', #5944, #3250, #4347 ) ;
#4183 = EDGE_CURVE ( 'NONE', #2110, #2263, #5933, .T. ) ;
#4184 = EDGE_CURVE ( 'NONE', #225, #5182, #2776, .T. ) ;
#4185 = DIRECTION ( 'NONE',  ( 0.000000000000000000, 0.000000000000000000, -1.000000000000000000 ) ) ;
#4186 = EDGE_CURVE ( 'NONE', #5482, #4078, #1387, .T. ) ;
#4187 = CARTESIAN_POINT ( 'NONE',  ( -34.00000000000000000, -5.417481456783931115, -42.67373430164675341 ) ) ;
#4188 = DIRECTION ( 'NONE',  ( 0.000000000000000000, 0.000000000000000000, 1.000000000000000000 ) ) ;
#4189 = ORIENTED_EDGE ( 'NONE', *, *, #2449, .F. ) ;
#4190 = ORIENTED_EDGE ( 'NONE', *, *, #5411, .T. ) ;
#4191 = ORIENTED_EDGE ( 'NONE', *, *, #4392, .F. ) ;
#4192 = CARTESIAN_POINT ( 'NONE',  ( -65.00000000000000000, -24.44884186725809272, -31.81205129217410388 ) ) ;
#4193 = CARTESIAN_POINT ( 'NONE',  ( 51.00000000000000711, -63.57627329526796700, 26.72870544574502460 ) ) ;
#4194 = EDGE_LOOP ( 'NONE', ( #1731, #2936, #5648, #6423 ) ) ;
#4195 = DIRECTION ( 'NONE',  ( 0.000000000000000000, 0.000000000000000000, -1.000000000000000000 ) ) ;
#4196 = CARTESIAN_POINT ( 'NONE',  ( 32.00000000000000000, -25.43741280912403724, -59.49999999998721734 ) ) ;
#4197 = ORIENTED_EDGE ( 'NONE', *, *, #2041, .F. ) ;
#4198 = CARTESIAN_POINT ( 'NONE',  ( 23.58229717735678932, 15.00000000000000533, 33.93244227527739554 ) ) ;
#4199 = VECTOR ( 'NONE', #1308, 1000.000000000000000 ) ;
#4200 = CARTESIAN_POINT ( 'NONE',  ( -25.00000000000000000, -126.4501835576286624, 8.448105686686514324E-15 ) ) ;
#4201 = ORIENTED_EDGE ( 'NONE', *, *, #5745, .F. ) ;
#4202 = PLANE ( 'NONE',  #2035 ) ;
#4203 = VECTOR ( 'NONE', #2304, 1000.000000000000000 ) ;
#4204 = LINE ( 'NONE', #678, #6028 ) ;
#4205 = EDGE_CURVE ( 'NONE', #5122, #1485, #5523, .T. ) ;
#4206 = CARTESIAN_POINT ( 'NONE',  ( 51.00000000000000711, -56.21894958705799183, 22.27115142446704965 ) ) ;
#4207 = ORIENTED_EDGE ( 'NONE', *, *, #2326, .T. ) ;
#4208 = LINE ( 'NONE', #556, #3590 ) ;
#4209 = ORIENTED_EDGE ( 'NONE', *, *, #4229, .T. ) ;
#4210 = LINE ( 'NONE', #4179, #2693 ) ;
#4211 = LINE ( 'NONE', #229, #3374 ) ;
#4212 = AXIS2_PLACEMENT_3D ( 'NONE', #6417, #1769, #4287 ) ;
#4213 = EDGE_CURVE ( 'NONE', #2433, #4481, #2946, .T. ) ;
#4214 = DIRECTION ( 'NONE',  ( 0.000000000000000000, -0.4002777837181106246, -0.9163938541160768780 ) ) ;
#4215 = ORIENTED_EDGE ( 'NONE', *, *, #4594, .T. ) ;
#4216 = CARTESIAN_POINT ( 'NONE',  ( 23.13721955128205465, 19.58698074325211280, 34.32211538461537970 ) ) ;
#4217 = VERTEX_POINT ( 'NONE', #6497 ) ;
#4218 = AXIS2_PLACEMENT_3D ( 'NONE', #4280, #1259, #2715 ) ;
#4219 = AXIS2_PLACEMENT_3D ( 'NONE', #3039, #517, #2549 ) ;
#4220 = DIRECTION ( 'NONE',  ( -1.000000000000000000, -0.000000000000000000, -0.000000000000000000 ) ) ;
#4221 = VECTOR ( 'NONE', #4872, 1000.000000000000000 ) ;
#4222 = VECTOR ( 'NONE', #4940, 1000.000000000000000 ) ;
#4223 = ORIENTED_EDGE ( 'NONE', *, *, #4647, .F. ) ;
#4224 = ORIENTED_EDGE ( 'NONE', *, *, #109, .T. ) ;
#4225 = CYLINDRICAL_SURFACE ( 'NONE', #5986, 2.000000000000000000 ) ;
#4226 = LINE ( 'NONE', #6182, #1090 ) ;
#4227 = VERTEX_POINT ( 'NONE', #4439 ) ;
#4228 = LINE ( 'NONE', #3431, #5771 ) ;
#4229 = EDGE_CURVE ( 'NONE', #5888, #6149, #3409, .T. ) ;
#4230 = DIRECTION ( 'NONE',  ( 0.000000000000000000, -0.3947769709605393751, 0.9187769822972391420 ) ) ;
#4231 = ORIENTED_EDGE ( 'NONE', *, *, #3534, .F. ) ;
#4232 = CARTESIAN_POINT ( 'NONE',  ( 65.00000000000000000, -53.68652259998721377, 16.37735366973046069 ) ) ;
#4233 = CARTESIAN_POINT ( 'NONE',  ( 24.07745853247110546, 14.99999999999998401, 32.68510745894283076 ) ) ;
#4234 = VERTEX_POINT ( 'NONE', #4941 ) ;
#4235 = CARTESIAN_POINT ( 'NONE',  ( 25.00000000000000000, -22.99999999999562306, -65.49999999997928057 ) ) ;
#4236 = ADVANCED_FACE ( 'NONE', ( #892 ), #1950, .F. ) ;
#4237 = DIRECTION ( 'NONE',  ( 0.000000000000000000, 0.000000000000000000, 1.000000000000000000 ) ) ;
#4238 = VECTOR ( 'NONE', #931, 1000.000000000000000 ) ;
#4239 = DIRECTION ( 'NONE',  ( 0.000000000000000000, 0.000000000000000000, 1.000000000000000000 ) ) ;
#4240 = LINE ( 'NONE', #4808, #5027 ) ;
#4241 = EDGE_CURVE ( 'NONE', #3865, #966, #1919, .T. ) ;
#4242 = ORIENTED_EDGE ( 'NONE', *, *, #1262, .F. ) ;
#4243 = CARTESIAN_POINT ( 'NONE',  ( -26.00000000000000000, 5.859598249176485751, 56.07296202289150244 ) ) ;
#4244 = ORIENTED_EDGE ( 'NONE', *, *, #3454, .F. ) ;
#4245 = CARTESIAN_POINT ( 'NONE',  ( 24.33668026181524269, 23.39871018650868351, -12.81249999999999822 ) ) ;
#4246 = CARTESIAN_POINT ( 'NONE',  ( -65.00000000000000000, -179.8521528751610390, -1.054017984003507991E-11 ) ) ;
#4247 = ADVANCED_FACE ( 'NONE', ( #954 ), #6326, .T. ) ;
#4248 = FACE_OUTER_BOUND ( 'NONE', #2504, .T. ) ;
#4249 = ORIENTED_EDGE ( 'NONE', *, *, #4905, .F. ) ;
#4250 = DIRECTION ( 'NONE',  ( -1.000000000000000000, 0.000000000000000000, 0.000000000000000000 ) ) ;
#4251 = VERTEX_POINT ( 'NONE', #1805 ) ;
#4252 = CYLINDRICAL_SURFACE ( 'NONE', #3790, 2.000000000000000888 ) ;
#4253 = AXIS2_PLACEMENT_3D ( 'NONE', #392, #1884, #5433 ) ;
#4254 = ORIENTED_EDGE ( 'NONE', *, *, #3175, .F. ) ;
#4255 = ORIENTED_EDGE ( 'NONE', *, *, #1263, .T. ) ;
#4256 = DIRECTION ( 'NONE',  ( 1.000000000000000000, -0.000000000000000000, -0.000000000000000000 ) ) ;
#4257 = DIRECTION ( 'NONE',  ( -0.000000000000000000, -0.8922282841630463368, 0.4515846420544727957 ) ) ;
#4258 = ORIENTED_EDGE ( 'NONE', *, *, #3690, .T. ) ;
#4259 = CARTESIAN_POINT ( 'NONE',  ( -25.00000000000000000, -8.754676791739578690, -45.46783294595006453 ) ) ;
#4260 = CIRCLE ( 'NONE', #3196, 135.5034452694893616 ) ;
#4261 = AXIS2_PLACEMENT_3D ( 'NONE', #1580, #3160, #3098 ) ;
#4262 = EDGE_CURVE ( 'NONE', #4374, #862, #4324, .T. ) ;
#4263 = FACE_OUTER_BOUND ( 'NONE', #154, .T. ) ;
#4264 = ORIENTED_EDGE ( 'NONE', *, *, #3211, .T. ) ;
#4265 = ADVANCED_FACE ( 'NONE', ( #1845 ), #2905, .T. ) ;
#4266 = DIRECTION ( 'NONE',  ( 0.000000000000000000, 0.000000000000000000, -1.000000000000000000 ) ) ;
#4267 = CARTESIAN_POINT ( 'NONE',  ( 23.89161460616431398, 15.00000000000000533, 32.56110083651711307 ) ) ;
#4268 = VERTEX_POINT ( 'NONE', #3762 ) ;
#4269 = CARTESIAN_POINT ( 'NONE',  ( 25.00000000000000000, -9.000000000000021316, -67.50000000000000000 ) ) ;
#4270 = CIRCLE ( 'NONE', #3636, 2.000000000000001776 ) ;
#4271 = EDGE_CURVE ( 'NONE', #2331, #4864, #2373, .T. ) ;
#4272 = FACE_OUTER_BOUND ( 'NONE', #2881, .T. ) ;
#4273 = ORIENTED_EDGE ( 'NONE', *, *, #1135, .T. ) ;
#4274 = CARTESIAN_POINT ( 'NONE',  ( -32.00000000000000000, 4.413136522884997248E-12, 67.49999999999792522 ) ) ;
#4275 = DIRECTION ( 'NONE',  ( -1.000000000000000000, 0.000000000000000000, 0.000000000000000000 ) ) ;
#4276 = ORIENTED_EDGE ( 'NONE', *, *, #877, .F. ) ;
#4277 = CARTESIAN_POINT ( 'NONE',  ( 32.00000000000000000, -179.8521528752048084, -1.559876379624643847E-14 ) ) ;
#4278 = ORIENTED_EDGE ( 'NONE', *, *, #4262, .T. ) ;
#4279 = CARTESIAN_POINT ( 'NONE',  ( 26.00000000000000355, 21.00290591502244197, -1.216092296937449943E-14 ) ) ;
#4280 = CARTESIAN_POINT ( 'NONE',  ( 22.22770590284088144, 14.99999999999999822, -9.312499999999998224 ) ) ;
#4281 = VECTOR ( 'NONE', #3559, 1000.000000000000114 ) ;
#4282 = DIRECTION ( 'NONE',  ( 0.000000000000000000, -0.000000000000000000, 1.000000000000000000 ) ) ;
#4283 = ORIENTED_EDGE ( 'NONE', *, *, #6209, .T. ) ;
#4284 = DIRECTION ( 'NONE',  ( 1.000000000000000000, 0.000000000000000000, 0.000000000000000000 ) ) ;
#4285 = AXIS2_PLACEMENT_3D ( 'NONE', #4830, #277, #1340 ) ;
#4286 = VERTEX_POINT ( 'NONE', #6322 ) ;
#4287 = DIRECTION ( 'NONE',  ( 0.000000000000000000, 7.682651195715312743E-11, 1.000000000000000000 ) ) ;
#4288 = APPROVAL_STATUS ( 'not_yet_approved' ) ;
#4289 = AXIS2_PLACEMENT_3D ( 'NONE', #5144, #5203, #1627 ) ;
#4290 = ORIENTED_EDGE ( 'NONE', *, *, #3719, .F. ) ;
#4291 = VERTEX_POINT ( 'NONE', #2302 ) ;
#4292 = DIRECTION ( 'NONE',  ( 0.000000000000000000, 0.9931785980955024629, -0.1166030543555890420 ) ) ;
#4293 = CARTESIAN_POINT ( 'NONE',  ( -65.00000000000000000, -8.894977061324944145, -46.66285503032688098 ) ) ;
#4294 = DIRECTION ( 'NONE',  ( 0.000000000000000000, 0.4515846420544750162, 0.8922282841630452266 ) ) ;
#4295 = ORIENTED_EDGE ( 'NONE', *, *, #4788, .F. ) ;
#4296 = CARTESIAN_POINT ( 'NONE',  ( -14.99999999999999467, -50.00000000000000000, -52.24999999999997868 ) ) ;
#4297 = VERTEX_POINT ( 'NONE', #4397 ) ;
#4298 = DIRECTION ( 'NONE',  ( 0.000000000000000000, -3.035766082959412415E-16, 1.000000000000000000 ) ) ;
#4299 = CARTESIAN_POINT ( 'NONE',  ( -26.00000000000000355, 21.00290591502195525, -3.416602896451072374E-15 ) ) ;
#4300 = ORIENTED_EDGE ( 'NONE', *, *, #2332, .T. ) ;
#4301 = LINE ( 'NONE', #3276, #5630 ) ;
#4302 = DIRECTION ( 'NONE',  ( -1.000000000000000000, -0.000000000000000000, 0.000000000000000000 ) ) ;
#4303 = ADVANCED_FACE ( 'NONE', ( #6420 ), #1875, .F. ) ;
#4304 = ADVANCED_FACE ( 'NONE', ( #3893 ), #2337, .T. ) ;
#4305 = EDGE_CURVE ( 'NONE', #4297, #3145, #2837, .T. ) ;
#4306 = DIRECTION ( 'NONE',  ( -1.000000000000000000, 0.000000000000000000, 0.000000000000000000 ) ) ;
#4307 = CARTESIAN_POINT ( 'NONE',  ( 24.25664751063635904, 19.95462403873817792, 32.88608437476548829 ) ) ;
#4308 = ORIENTED_EDGE ( 'NONE', *, *, #5025, .F. ) ;
#4309 = CARTESIAN_POINT ( 'NONE',  ( -21.00000000000000000, 5.859598249176485751, -56.07296202289150244 ) ) ;
#4310 = AXIS2_PLACEMENT_3D ( 'NONE', #1602, #5643, #1100 ) ;
#4311 = ORIENTED_EDGE ( 'NONE', *, *, #898, .F. ) ;
#4312 = DIRECTION ( 'NONE',  ( 0.000000000000000000, 0.3947769709605385424, -0.9187769822972395861 ) ) ;
#4313 = DIRECTION ( 'NONE',  ( -0.000000000000000000, 0.3403848788092894706, 0.9402861980684313892 ) ) ;
#4314 = ADVANCED_FACE ( 'NONE', ( #2268 ), #1773, .T. ) ;
#4315 = CARTESIAN_POINT ( 'NONE',  ( 23.41037633510422111, 20.06285024318568233, 32.45031345019868496 ) ) ;
#4316 = ORIENTED_EDGE ( 'NONE', *, *, #6534, .F. ) ;
#4317 = LINE ( 'NONE', #2762, #4687 ) ;
#4318 = ORIENTED_EDGE ( 'NONE', *, *, #1265, .T. ) ;
#4319 = VECTOR ( 'NONE', #4491, 1000.000000000000000 ) ;
#4320 = CARTESIAN_POINT ( 'NONE',  ( 23.36681733216371981, 14.99999999999999822, 32.44850303041332040 ) ) ;
#4321 = DATE_AND_TIME ( #1304, #5495 ) ;
#4322 = EDGE_LOOP ( 'NONE', ( #685, #5401, #4190, #565 ) ) ;
#4323 = EDGE_LOOP ( 'NONE', ( #6180, #550, #2323, #1519 ) ) ;
#4324 = LINE ( 'NONE', #843, #637 ) ;
#4325 = TOROIDAL_SURFACE ( 'NONE', #1466, 4.000000000000000000, 2.000000000000000000 ) ;
#4326 = CARTESIAN_POINT ( 'NONE',  ( -32.09675918597240241, -13.42393295861683278, -60.87233775505271183 ) ) ;
#4327 = LINE ( 'NONE', #3798, #2901 ) ;
#4328 = AXIS2_PLACEMENT_3D ( 'NONE', #5874, #3778, #3350 ) ;
#4329 = VERTEX_POINT ( 'NONE', #3331 ) ;
#4330 = EDGE_CURVE ( 'NONE', #545, #1825, #5321, .T. ) ;
#4331 = CC_DESIGN_APPROVAL ( #1469, ( #1788 ) ) ;
#4332 = VECTOR ( 'NONE', #2152, 1000.000000000000000 ) ;
#4333 = PLANE ( 'NONE',  #3286 ) ;
#4334 = VERTEX_POINT ( 'NONE', #6359 ) ;
#4335 = DIRECTION ( 'NONE',  ( -1.000000000000000000, 0.000000000000000000, 0.000000000000000000 ) ) ;
#4336 = CARTESIAN_POINT ( 'NONE',  ( 65.00000000000000000, -63.36544253355305756, 57.65205207598277326 ) ) ;
#4337 = ADVANCED_FACE ( 'NONE', ( #2801 ), #275, .F. ) ;
#4338 = CARTESIAN_POINT ( 'NONE',  ( 34.00000000000000000, -53.34446255677819693, 15.58126646763411571 ) ) ;
#4339 = CARTESIAN_POINT ( 'NONE',  ( 24.58926691259542352, 23.42178315708395786, 12.56720753205126506 ) ) ;
#4340 = EDGE_LOOP ( 'NONE', ( #3861, #1457, #1306, #755 ) ) ;
#4341 = DIRECTION ( 'NONE',  ( -1.000000000000000000, 0.000000000000000000, 0.000000000000000000 ) ) ;
#4342 = CARTESIAN_POINT ( 'NONE',  ( 24.36128479701870830, 19.88275289963943848, 33.17198258895239604 ) ) ;
#4343 = VECTOR ( 'NONE', #4163, 1000.000000000000000 ) ;
#4344 = ORIENTED_EDGE ( 'NONE', *, *, #3703, .T. ) ;
#4345 = CARTESIAN_POINT ( 'NONE',  ( 24.65078282591780479, 23.39871018650868706, -12.81249999999999467 ) ) ;
#4346 = ORIENTED_EDGE ( 'NONE', *, *, #4853, .T. ) ;
#4347 = DIRECTION ( 'NONE',  ( 0.000000000000000000, 0.000000000000000000, 1.000000000000000000 ) ) ;
#4348 = CARTESIAN_POINT ( 'NONE',  ( 138.2335947900749602, 5.014924930574546025, -10.00000000000000000 ) ) ;
#4349 = VECTOR ( 'NONE', #1330, 1000.000000000000000 ) ;
#4350 = EDGE_CURVE ( 'NONE', #2541, #2911, #5019, .T. ) ;
#4351 = LINE ( 'NONE', #795, #4558 ) ;
#4352 = VERTEX_POINT ( 'NONE', #3996 ) ;
#4353 = CARTESIAN_POINT ( 'NONE',  ( 22.49358974358974805, 14.99999999999999822, 32.79647435897435770 ) ) ;
#4354 = ORIENTED_EDGE ( 'NONE', *, *, #983, .F. ) ;
#4355 = CARTESIAN_POINT ( 'NONE',  ( -32.00000000000000000, 4.413136522884997248E-12, 67.49999999999792522 ) ) ;
#4356 = VERTEX_POINT ( 'NONE', #5047 ) ;
#4357 = EDGE_LOOP ( 'NONE', ( #3515, #6328, #5811, #3662 ) ) ;
#4358 = CARTESIAN_POINT ( 'NONE',  ( 23.32494143795273800, 20.00684559286067810, 32.79949931266969543 ) ) ;
#4359 = ADVANCED_FACE ( 'NONE', ( #6452 ), #3835, .F. ) ;
#4360 = CARTESIAN_POINT ( 'NONE',  ( 21.00000000000000000, 17.96677295205775948, 3.000000000000000444 ) ) ;
#4361 = CARTESIAN_POINT ( 'NONE',  ( 24.99999999999999289, 8.645321984638215440, -10.00000000000000000 ) ) ;
#4362 = ORIENTED_EDGE ( 'NONE', *, *, #5719, .F. ) ;
#4363 = AXIS2_PLACEMENT_3D ( 'NONE', #60, #123, #3205 ) ;
#4364 = EDGE_CURVE ( 'NONE', #5042, #3754, #4494, .T. ) ;
#4365 = DIRECTION ( 'NONE',  ( -1.000000000000000000, -0.000000000000000000, -0.000000000000000000 ) ) ;
#4366 = VERTEX_POINT ( 'NONE', #1974 ) ;
#4367 = CARTESIAN_POINT ( 'NONE',  ( 23.13441506410256920, 19.67917600227485053, 33.96804887820512420 ) ) ;
#4368 = CIRCLE ( 'NONE', #4579, 135.5034452694893616 ) ;
#4369 = VECTOR ( 'NONE', #10, 1000.000000000000000 ) ;
#4370 = CARTESIAN_POINT ( 'NONE',  ( 25.99999999999999645, 5.859598249178240792, 56.07296202289230536 ) ) ;
#4371 = DIRECTION ( 'NONE',  ( 0.000000000000000000, 0.4489142155455935757, 0.8935748581294599147 ) ) ;
#4372 = VECTOR ( 'NONE', #5956, 1000.000000000000000 ) ;
#4373 = LINE ( 'NONE', #3448, #5600 ) ;
#4374 = VERTEX_POINT ( 'NONE', #3496 ) ;
#4375 = FACE_OUTER_BOUND ( 'NONE', #6246, .T. ) ;
#4376 = PLANE ( 'NONE',  #2488 ) ;
#4377 = ORIENTED_EDGE ( 'NONE', *, *, #898, .T. ) ;
#4378 = CARTESIAN_POINT ( 'NONE',  ( 24.99999999999999289, -10.51900342761349982, 52.24999999999999289 ) ) ;
#4379 = ORIENTED_EDGE ( 'NONE', *, *, #1470, .T. ) ;
#4380 = DIRECTION ( 'NONE',  ( -1.000000000000000000, -0.000000000000000000, -0.000000000000000000 ) ) ;
#4381 = VECTOR ( 'NONE', #6127, 1000.000000000000000 ) ;
#4382 = DIRECTION ( 'NONE',  ( 0.000000000000000000, 0.4489142155455935757, 0.8935748581294599147 ) ) ;
#4383 = EDGE_CURVE ( 'NONE', #1690, #5243, #2969, .T. ) ;
#4384 = DIRECTION ( 'NONE',  ( -1.000000000000000000, -0.000000000000000000, 0.000000000000000000 ) ) ;
#4385 = ORIENTED_EDGE ( 'NONE', *, *, #2941, .F. ) ;
#4386 = CARTESIAN_POINT ( 'NONE',  ( 24.99999999999999289, -68.86287961478693376, 41.56546805271762679 ) ) ;
#4387 = EDGE_LOOP ( 'NONE', ( #4201, #3014, #4410, #5870, #6419, #3392, #4385 ) ) ;
#4388 = DIRECTION ( 'NONE',  ( -0.7071067811865500152, 8.659560562354902043E-17, -0.7071067811865450192 ) ) ;
#4389 = CARTESIAN_POINT ( 'NONE',  ( 23.01639712548675476, 15.00000000000000533, 32.43795432831981174 ) ) ;
#4390 = EDGE_CURVE ( 'NONE', #1287, #6051, #5513, .T. ) ;
#4391 = EDGE_CURVE ( 'NONE', #3296, #5784, #3197, .T. ) ;
#4392 = EDGE_CURVE ( 'NONE', #4128, #2419, #3530, .T. ) ;
#4393 = CIRCLE ( 'NONE', #1635, 1.999999999999999112 ) ;
#4394 = EDGE_CURVE ( 'NONE', #1655, #73, #1535, .T. ) ;
#4395 = CARTESIAN_POINT ( 'NONE',  ( 23.84569475891022350, 19.86086758453160783, 33.82061706986071670 ) ) ;
#4396 = ORIENTED_EDGE ( 'NONE', *, *, #2825, .F. ) ;
#4397 = CARTESIAN_POINT ( 'NONE',  ( -34.00000000000000000, -12.57535232641010481, 58.49999999998882316 ) ) ;
#4398 = DIRECTION ( 'NONE',  ( 0.000000000000000000, 0.000000000000000000, 1.000000000000000000 ) ) ;
#4399 = CARTESIAN_POINT ( 'NONE',  ( 24.90336947669798562, 14.99999999999999822, 13.31249999999998579 ) ) ;
#4400 = ORIENTED_EDGE ( 'NONE', *, *, #1638, .F. ) ;
#4401 = AXIS2_PLACEMENT_3D ( 'NONE', #4416, #3919, #294 ) ;
#4402 = PLANE ( 'NONE',  #4966 ) ;
#4403 = ORIENTED_EDGE ( 'NONE', *, *, #4942, .T. ) ;
#4404 = CIRCLE ( 'NONE', #2168, 1.199999999999989297 ) ;
#4405 = DIRECTION ( 'NONE',  ( -0.000000000000000000, 0.000000000000000000, 1.000000000000000000 ) ) ;
#4406 = CARTESIAN_POINT ( 'NONE',  ( 23.53863780305684017, 19.86068834797920957, 34.29378788510532416 ) ) ;
#4407 = EDGE_CURVE ( 'NONE', #689, #3500, #4553, .T. ) ;
#4408 = CARTESIAN_POINT ( 'NONE',  ( 32.00000000000000000, -37.28072193794384503, -31.93669053106154720 ) ) ;
#4409 = CARTESIAN_POINT ( 'NONE',  ( 24.04106950913409335, 15.00000000000000533, 33.20721775166309442 ) ) ;
#4410 = ORIENTED_EDGE ( 'NONE', *, *, #1227, .T. ) ;
#4411 = CARTESIAN_POINT ( 'NONE',  ( 25.00000000000000000, 4.521337732751762317, -52.24999999999997868 ) ) ;
#4412 = FACE_OUTER_BOUND ( 'NONE', #5614, .T. ) ;
#4413 = ORIENTED_EDGE ( 'NONE', *, *, #1347, .T. ) ;
#4414 = CARTESIAN_POINT ( 'NONE',  ( 23.65374882669176060, 20.09640605460910479, 32.48123470260083678 ) ) ;
#4415 = EDGE_LOOP ( 'NONE', ( #3123, #2828, #2293, #2876, #5396 ) ) ;
#4416 = CARTESIAN_POINT ( 'NONE',  ( -32.00000000000000000, -7.999999999995895728, 67.49999999999792522 ) ) ;
#4417 = EDGE_CURVE ( 'NONE', #3351, #4022, #6517, .T. ) ;
#4418 = DIRECTION ( 'NONE',  ( -1.000000000000000000, 0.000000000000000000, 0.000000000000000000 ) ) ;
#4419 = DIRECTION ( 'NONE',  ( 0.000000000000000000, -1.000000000000000000, 0.000000000000000000 ) ) ;
#4420 = ORIENTED_EDGE ( 'NONE', *, *, #3469, .F. ) ;
#4421 = LINE ( 'NONE', #6349, #4053 ) ;
#4422 = VERTEX_POINT ( 'NONE', #2034 ) ;
#4423 = FACE_OUTER_BOUND ( 'NONE', #5022, .T. ) ;
#4424 = CARTESIAN_POINT ( 'NONE',  ( 32.00000000000000000, -45.82786768929089760, 8.219959797609654117 ) ) ;
#4425 = ADVANCED_FACE ( 'NONE', ( #5575 ), #1031, .F. ) ;
#4426 = AXIS2_PLACEMENT_3D ( 'NONE', #3185, #1665, #1633 ) ;
#4427 = DIRECTION ( 'NONE',  ( -1.000000000000000000, -0.000000000000000000, -0.000000000000000000 ) ) ;
#4428 = ORIENTED_EDGE ( 'NONE', *, *, #2967, .T. ) ;
#4429 = CARTESIAN_POINT ( 'NONE',  ( 23.59870065616044954, 14.99999999999999822, 32.82975856538176629 ) ) ;
#4430 = CARTESIAN_POINT ( 'NONE',  ( -65.00000000000000000, -9.985710447137376988, 56.49999999998851763 ) ) ;
#4431 = CARTESIAN_POINT ( 'NONE',  ( 65.00000000000000000, -25.43741280912403724, -59.49999999998721734 ) ) ;
#4432 = ORIENTED_EDGE ( 'NONE', *, *, #5745, .T. ) ;
#4433 = VECTOR ( 'NONE', #2334, 1000.000000000000000 ) ;
#4434 = CARTESIAN_POINT ( 'NONE',  ( 22.54180846694345064, -111.4976334394454369, -1.528915308921869618E-14 ) ) ;
#4435 = ORIENTED_EDGE ( 'NONE', *, *, #4076, .T. ) ;
#4436 = VECTOR ( 'NONE', #5460, 1000.000000000000000 ) ;
#4437 = CARTESIAN_POINT ( 'NONE',  ( 32.00000000000000000, -22.99999999999562306, -65.99999999997884004 ) ) ;
#4438 = CARTESIAN_POINT ( 'NONE',  ( 24.07390055507206839, 19.86068834797920957, 34.07384380328153384 ) ) ;
#4439 = CARTESIAN_POINT ( 'NONE',  ( 34.00000000000000000, -64.33067912089846629, 42.45817932574086484 ) ) ;
#4440 = VECTOR ( 'NONE', #1931, 1000.000000000000000 ) ;
#4441 = VECTOR ( 'NONE', #6066, 1000.000000000000000 ) ;
#4442 = LINE ( 'NONE', #5434, #1146 ) ;
#4443 = ORIENTED_EDGE ( 'NONE', *, *, #6273, .F. ) ;
#4444 = CIRCLE ( 'NONE', #6351, 177.2111113949695209 ) ;
#4445 = DIRECTION ( 'NONE',  ( -0.000000000000000000, 1.593824000378136335E-15, 1.000000000000000000 ) ) ;
#4446 = DIRECTION ( 'NONE',  ( -1.000000000000000000, 0.000000000000000000, 0.000000000000000000 ) ) ;
#4447 = EDGE_CURVE ( 'NONE', #5061, #4609, #25, .T. ) ;
#4448 = CARTESIAN_POINT ( 'NONE',  ( 23.65374882669176060, 14.99999999999999467, 32.48123470260083678 ) ) ;
#4449 = ORIENTED_EDGE ( 'NONE', *, *, #4183, .F. ) ;
#4450 = FACE_OUTER_BOUND ( 'NONE', #1843, .T. ) ;
#4451 = FACE_OUTER_BOUND ( 'NONE', #6024, .T. ) ;
#4452 = EDGE_CURVE ( 'NONE', #1868, #2300, #3054, .T. ) ;
#4453 = CARTESIAN_POINT ( 'NONE',  ( 24.01914022167644802, 15.00000000000000888, 32.63863933650772253 ) ) ;
#4454 = EDGE_LOOP ( 'NONE', ( #3828, #5699, #5943, #2641 ) ) ;
#4455 = LINE ( 'NONE', #3553, #1939 ) ;
#4456 = ORIENTED_EDGE ( 'NONE', *, *, #5877, .F. ) ;
#4457 = FACE_OUTER_BOUND ( 'NONE', #5881, .T. ) ;
#4458 = VECTOR ( 'NONE', #1355, 1000.000000000000000 ) ;
#4459 = VECTOR ( 'NONE', #4866, 1000.000000000000000 ) ;
#4460 = DIRECTION ( 'NONE',  ( 1.000000000000000000, -0.000000000000000000, -0.000000000000000000 ) ) ;
#4461 = VERTEX_POINT ( 'NONE', #2997 ) ;
#4462 = CARTESIAN_POINT ( 'NONE',  ( -32.00000000000000000, -8.754676791739580466, -45.46783294595006453 ) ) ;
#4463 = DIRECTION ( 'NONE',  ( 0.000000000000000000, 0.000000000000000000, 1.000000000000000000 ) ) ;
#4464 = DIRECTION ( 'NONE',  ( 0.000000000000000000, -0.8852305235001421968, 0.4651525774019363846 ) ) ;
#4465 = ORIENTED_EDGE ( 'NONE', *, *, #2497, .T. ) ;
#4466 = DIRECTION ( 'NONE',  ( 0.000000000000000000, 4.086418116015800599E-14, 1.000000000000000000 ) ) ;
#4467 = ORIENTED_EDGE ( 'NONE', *, *, #6054, .F. ) ;
#4468 = CYLINDRICAL_SURFACE ( 'NONE', #2568, 2.000000000000001776 ) ;
#4469 = CARTESIAN_POINT ( 'NONE',  ( 23.77687542794657460, 19.86068834797922378, 34.23552942919862119 ) ) ;
#4470 = DIRECTION ( 'NONE',  ( 1.000000000000000000, 0.000000000000000000, 0.000000000000000000 ) ) ;
#4471 = CARTESIAN_POINT ( 'NONE',  ( 24.58926691259541997, 14.99999999999999822, 12.56720753205126861 ) ) ;
#4472 = EDGE_CURVE ( 'NONE', #1506, #2462, #5454, .T. ) ;
#4473 = EDGE_CURVE ( 'NONE', #5262, #1603, #5526, .T. ) ;
#4474 = ORIENTED_EDGE ( 'NONE', *, *, #921, .F. ) ;
#4475 = EDGE_CURVE ( 'NONE', #3822, #345, #2259, .T. ) ;
#4476 = CARTESIAN_POINT ( 'NONE',  ( -34.00000000000000000, -24.44884186725809272, -33.04136752811918853 ) ) ;
#4477 = B_SPLINE_SURFACE_WITH_KNOTS ( 'NONE', 3, 1, ( 
 ( #3753, #1899 ),
 ( #2430, #2894 ),
 ( #1492, #4952 ),
 ( #6537, #5012 ),
 ( #404, #5978 ),
 ( #3488, #2396 ),
 ( #4453, #3922 ),
 ( #494, #3016 ),
 ( #6480, #3519 ),
 ( #1932, #5534 ),
 ( #437, #1993 ),
 ( #994, #6039 ),
 ( #6007, #3954 ),
 ( #4486, #5039 ),
 ( #1429, #2520 ),
 ( #5948, #1396 ),
 ( #3458, #4922 ),
 ( #4544, #5471 ),
 ( #4021, #464 ) ),
 .UNSPECIFIED., .F., .F., .F.,
 ( 4, 1, 1, 1, 1, 1, 1, 1, 1, 1, 1, 1, 1, 1, 1, 1, 4 ),
 ( 2, 2 ),
 ( 0.000000000000000000, 0.06421684263143159765, 0.1270637656931287995, 0.1887445383478308925, 0.2491321028350414468, 0.3094525327106276702, 0.3698266762476813962, 0.4306501418384676150, 0.4923519318794700728, 0.5540721062625147963, 0.6156897837449742950, 0.6767977025065381458, 0.7384390482469407324, 0.8013169100648909193, 0.8651845117115425365, 0.9316413244190736576, 1.000000000000000000 ),
 ( 0.000000000000000000, 1.000000000000000000 ),
 .UNSPECIFIED. ) ;
#4478 = PLANE ( 'NONE',  #6301 ) ;
#4479 = CARTESIAN_POINT ( 'NONE',  ( 23.54171527788797746, 15.00000000000000888, 32.46315561885626977 ) ) ;
#4480 = ADVANCED_FACE ( 'NONE', ( #2438 ), #2099, .F. ) ;
#4481 = VERTEX_POINT ( 'NONE', #445 ) ;
#4482 = CARTESIAN_POINT ( 'NONE',  ( -65.00000000000000000, -23.35201115136704431, -33.59650786050019633 ) ) ;
#4483 = VECTOR ( 'NONE', #3787, 1000.000000000000000 ) ;
#4484 = DIRECTION ( 'NONE',  ( 0.9999706738812844664, 0.000000000000000000, 0.007658418727764513753 ) ) ;
#4485 = EDGE_CURVE ( 'NONE', #2007, #3249, #3150, .T. ) ;
#4486 = CARTESIAN_POINT ( 'NONE',  ( 24.33023030094920358, 14.99999999999999822, 33.05675871801665977 ) ) ;
#4487 = ORIENTED_EDGE ( 'NONE', *, *, #2545, .F. ) ;
#4488 = CARTESIAN_POINT ( 'NONE',  ( 23.14983974358974805, 14.99999999999999822, 32.79647435897435770 ) ) ;
#4489 = ORIENTED_EDGE ( 'NONE', *, *, #1171, .F. ) ;
#4490 = DIRECTION ( 'NONE',  ( -0.000000000000000000, 0.9187769822972392531, 0.3947769709605396526 ) ) ;
#4491 = DIRECTION ( 'NONE',  ( -1.000000000000000000, 0.000000000000000000, 0.000000000000000000 ) ) ;
#4492 = AXIS2_PLACEMENT_3D ( 'NONE', #3664, #1172, #5650 ) ;
#4493 = LINE ( 'NONE', #4958, #3952 ) ;
#4494 = LINE ( 'NONE', #5483, #3307 ) ;
#4495 = CARTESIAN_POINT ( 'NONE',  ( 23.66580023209026962, 19.96679977016657759, 32.83730767026650454 ) ) ;
#4496 = LINE ( 'NONE', #2939, #6438 ) ;
#4497 = ORIENTED_EDGE ( 'NONE', *, *, #3416, .T. ) ;
#4498 = EDGE_CURVE ( 'NONE', #5726, #5564, #1719, .T. ) ;
#4499 = ORIENTED_EDGE ( 'NONE', *, *, #1543, .F. ) ;
#4500 = FACE_OUTER_BOUND ( 'NONE', #2138, .T. ) ;
#4501 = VECTOR ( 'NONE', #2597, 1000.000000000000114 ) ;
#4502 = VECTOR ( 'NONE', #5571, 1000.000000000000000 ) ;
#4503 = CARTESIAN_POINT ( 'NONE',  ( 24.16622534617541262, 19.86068834797920957, 33.98345334797766526 ) ) ;
#4504 = VECTOR ( 'NONE', #4306, 1000.000000000000000 ) ;
#4505 = DIRECTION ( 'NONE',  ( 0.000000000000000000, -0.1102779148078185389, 0.9939007905750149030 ) ) ;
#4506 = CARTESIAN_POINT ( 'NONE',  ( 65.00000000000000000, -60.22712124351060936, 54.46599817177513359 ) ) ;
#4507 = CIRCLE ( 'NONE', #1326, 1.999999999999999112 ) ;
#4508 = ORIENTED_EDGE ( 'NONE', *, *, #4452, .F. ) ;
#4509 = DIRECTION ( 'NONE',  ( 1.000000000000000000, -0.000000000000000000, -0.000000000000000000 ) ) ;
#4510 = CARTESIAN_POINT ( 'NONE',  ( 24.33668026181524269, 14.99999999999999822, -11.37660256410256210 ) ) ;
#4511 = EDGE_LOOP ( 'NONE', ( #4508, #4024, #4615, #4456 ) ) ;
#4512 = LINE ( 'NONE', #6225, #5663 ) ;
#4513 = LINE ( 'NONE', #2427, #6453 ) ;
#4514 = EDGE_CURVE ( 'NONE', #3816, #1190, #3720, .T. ) ;
#4515 = PLANE ( 'NONE',  #306 ) ;
#4516 = ORIENTED_EDGE ( 'NONE', *, *, #4706, .F. ) ;
#4517 = CARTESIAN_POINT ( 'NONE',  ( 65.00000000000000000, -22.28240522803555379, -56.71044605806613248 ) ) ;
#4518 = ORIENTED_EDGE ( 'NONE', *, *, #4009, .F. ) ;
#4519 = DIRECTION ( 'NONE',  ( 1.000000000000000000, 0.000000000000000000, 0.000000000000000000 ) ) ;
#4520 = DIRECTION ( 'NONE',  ( -0.6227882322439386442, 0.000000000000000000, -0.7823904509760264414 ) ) ;
#4521 = EDGE_CURVE ( 'NONE', #2433, #2766, #5640, .T. ) ;
#4522 = CYLINDRICAL_SURFACE ( 'NONE', #5010, 1.199999999999987521 ) ;
#4523 = CARTESIAN_POINT ( 'NONE',  ( -25.00000000000000000, -120.6397764325932087, -2.154098419910760431E-14 ) ) ;
#4524 = DIRECTION ( 'NONE',  ( 0.000000000000000000, 4.178592960737960941E-14, -1.000000000000000000 ) ) ;
#4525 = DIRECTION ( 'NONE',  ( 1.000000000000000000, -0.000000000000000000, -0.000000000000000000 ) ) ;
#4526 = ORIENTED_EDGE ( 'NONE', *, *, #3306, .T. ) ;
#4527 = AXIS2_PLACEMENT_3D ( 'NONE', #4656, #4153, #4690 ) ;
#4528 = ORIENTED_EDGE ( 'NONE', *, *, #2718, .T. ) ;
#4529 = DIRECTION ( 'NONE',  ( 0.000000000000000000, 0.000000000000000000, 1.000000000000000000 ) ) ;
#4530 = ORIENTED_EDGE ( 'NONE', *, *, #1207, .T. ) ;
#4531 = DIRECTION ( 'NONE',  ( 0.000000000000000000, 0.000000000000000000, 1.000000000000000000 ) ) ;
#4532 = CARTESIAN_POINT ( 'NONE',  ( 15.00000000000000178, -117.4469470763954178, 0.000000000000000000 ) ) ;
#4533 = AXIS2_PLACEMENT_3D ( 'NONE', #6144, #1694, #4847 ) ;
#4534 = ORIENTED_EDGE ( 'NONE', *, *, #1187, .F. ) ;
#4535 = CARTESIAN_POINT ( 'NONE',  ( 65.00000000000000000, -31.39583944038380636, -20.30200625214006394 ) ) ;
#4536 = CIRCLE ( 'NONE', #2428, 2.000000000000001776 ) ;
#4537 = DIRECTION ( 'NONE',  ( 0.000000000000000000, 0.3947769709605047916, -0.9187769822972541300 ) ) ;
#4538 = CIRCLE ( 'NONE', #2737, 3.999999999999996447 ) ;
#4539 = EDGE_CURVE ( 'NONE', #5900, #4038, #4654, .T. ) ;
#4540 = ORIENTED_EDGE ( 'NONE', *, *, #467, .F. ) ;
#4541 = DIRECTION ( 'NONE',  ( 1.000000000000000000, -0.000000000000000000, -0.000000000000000000 ) ) ;
#4542 = CARTESIAN_POINT ( 'NONE',  ( -25.00000000000000000, -2.999999999999975131, -67.50000000000000000 ) ) ;
#4543 = AXIS2_PLACEMENT_3D ( 'NONE', #6400, #6331, #1283 ) ;
#4544 = CARTESIAN_POINT ( 'NONE',  ( 24.37772755697764282, 15.00000000000000178, 33.34542817048202323 ) ) ;
#4545 = EDGE_LOOP ( 'NONE', ( #823, #1104, #4568, #5981 ) ) ;
#4546 = DIRECTION ( 'NONE',  ( 0.000000000000000000, 1.000000000000000000, 3.469446951953590129E-15 ) ) ;
#4547 = ORIENTED_EDGE ( 'NONE', *, *, #1987, .F. ) ;
#4548 = CARTESIAN_POINT ( 'NONE',  ( 26.00000000000000000, 5.859598249176485751, 56.07296202289150244 ) ) ;
#4549 = LINE ( 'NONE', #6045, #4640 ) ;
#4550 = ADVANCED_FACE ( 'NONE', ( #6239 ), #2596, .T. ) ;
#4551 = ADVANCED_FACE ( 'NONE', ( #6205 ), #3088, .F. ) ;
#4552 = DIRECTION ( 'NONE',  ( 0.000000000000000000, 0.000000000000000000, 1.000000000000000000 ) ) ;
#4553 = LINE ( 'NONE', #502, #4369 ) ;
#4554 = CARTESIAN_POINT ( 'NONE',  ( 22.49358974358974805, 14.99999999999999822, 35.93750000000000000 ) ) ;
#4555 = DIRECTION ( 'NONE',  ( -0.000000000000000000, 1.000000000000000000, -0.000000000000000000 ) ) ;
#4556 = AXIS2_PLACEMENT_3D ( 'NONE', #4136, #5558, #1143 ) ;
#4557 = ORIENTED_EDGE ( 'NONE', *, *, #3209, .F. ) ;
#4558 = VECTOR ( 'NONE', #5276, 1000.000000000000000 ) ;
#4559 = B_SPLINE_CURVE_WITH_KNOTS ( 'NONE', 3,
 ( #289, #3713, #2319, #1189, #1254, #4307, #3813, #2785, #4342, #681, #6304, #2709 ),
 .UNSPECIFIED., .F., .F.,
 ( 4, 2, 2, 2, 2, 4 ),
 ( 0.000000000000000000, 0.0003122256863925855237, 0.0006244513727851710473, 0.0009366770591777566794, 0.001092789902374059199, 0.001248902745570361827 ),
 .UNSPECIFIED. ) ;
#4560 = EDGE_CURVE ( 'NONE', #1236, #6433, #5116, .T. ) ;
#4561 = ORIENTED_EDGE ( 'NONE', *, *, #5478, .T. ) ;
#4562 = ORIENTED_EDGE ( 'NONE', *, *, #1441, .F. ) ;
#4563 = LINE ( 'NONE', #4068, #1720 ) ;
#4564 = VERTEX_POINT ( 'NONE', #3623 ) ;
#4565 = CARTESIAN_POINT ( 'NONE',  ( 34.00000000000000000, -64.27569378863722704, 41.02186808014482722 ) ) ;
#4566 = CARTESIAN_POINT ( 'NONE',  ( 23.32494143795273800, 14.99999999999999467, 32.79949931266969543 ) ) ;
#4567 = DIRECTION ( 'NONE',  ( 0.000000000000000000, 0.000000000000000000, -1.000000000000000000 ) ) ;
#4568 = ORIENTED_EDGE ( 'NONE', *, *, #703, .T. ) ;
#4569 = DIRECTION ( 'NONE',  ( -1.000000000000000000, -0.000000000000000000, 0.000000000000000000 ) ) ;
#4570 = DIRECTION ( 'NONE',  ( 0.000000000000000000, 1.064141434769820041E-14, 1.000000000000000000 ) ) ;
#4571 = ORIENTED_EDGE ( 'NONE', *, *, #3425, .F. ) ;
#4572 = CARTESIAN_POINT ( 'NONE',  ( -65.00000000000000000, -24.21218751241699252, 4.400821177786094829 ) ) ;
#4573 = EDGE_CURVE ( 'NONE', #85, #1132, #561, .T. ) ;
#4574 = DIRECTION ( 'NONE',  ( 1.000000000000000000, 0.000000000000000000, 0.000000000000000000 ) ) ;
#4575 = CIRCLE ( 'NONE', #2244, 135.5034452694893616 ) ;
#4576 = DIRECTION ( 'NONE',  ( 0.6227882322439375340, 0.000000000000000000, 0.7823904509760272186 ) ) ;
#4577 = ORIENTED_EDGE ( 'NONE', *, *, #479, .F. ) ;
#4578 = CARTESIAN_POINT ( 'NONE',  ( 22.54180846694344709, 14.99999999999999822, -11.37660256410256210 ) ) ;
#4579 = AXIS2_PLACEMENT_3D ( 'NONE', #3924, #3046, #497 ) ;
#4580 = VECTOR ( 'NONE', #973, 1000.000000000000000 ) ;
#4581 = ORIENTED_EDGE ( 'NONE', *, *, #5068, .T. ) ;
#4582 = CARTESIAN_POINT ( 'NONE',  ( -26.00000000000000000, 11.85959824917824612, 56.07296202289228404 ) ) ;
#4583 = VECTOR ( 'NONE', #1106, 1000.000000000000000 ) ;
#4584 = FACE_OUTER_BOUND ( 'NONE', #5320, .T. ) ;
#4585 = ADVANCED_FACE ( 'NONE', ( #3120 ), #5704, .F. ) ;
#4586 = CARTESIAN_POINT ( 'NONE',  ( 24.06292743251706767, 14.99999999999999467, 33.40165217075261950 ) ) ;
#4587 = CARTESIAN_POINT ( 'NONE',  ( 32.00000000000000000, -33.57545344818746003, -20.29547299196408261 ) ) ;
#4588 = CARTESIAN_POINT ( 'NONE',  ( 23.27759140236958757, 15.00000000000000533, 32.44499333194498547 ) ) ;
#4589 = SPHERICAL_SURFACE ( 'NONE', #5579, 2.000000000000000000 ) ;
#4590 = ORIENTED_EDGE ( 'NONE', *, *, #3645, .F. ) ;
#4591 = EDGE_CURVE ( 'NONE', #1203, #5904, #646, .T. ) ;
#4592 = CIRCLE ( 'NONE', #1945, 135.5625000000006253 ) ;
#4593 = EDGE_CURVE ( 'NONE', #1603, #1506, #165, .T. ) ;
#4594 = EDGE_CURVE ( 'NONE', #3247, #3923, #1696, .T. ) ;
#4595 = EDGE_CURVE ( 'NONE', #1669, #5228, #6064, .T. ) ;
#4596 = ORIENTED_EDGE ( 'NONE', *, *, #1091, .F. ) ;
#4597 = ORIENTED_EDGE ( 'NONE', *, *, #3269, .F. ) ;
#4598 = DIRECTION ( 'NONE',  ( 0.000000000000000000, 0.000000000000000000, 1.000000000000000000 ) ) ;
#4599 = DIRECTION ( 'NONE',  ( 1.000000000000000000, -0.000000000000000000, -0.000000000000000000 ) ) ;
#4600 = ORIENTED_EDGE ( 'NONE', *, *, #456, .T. ) ;
#4601 = CARTESIAN_POINT ( 'NONE',  ( -32.00000000000000000, -31.99999999999558753, 67.49999999999792522 ) ) ;
#4602 = EDGE_CURVE ( 'NONE', #4172, #4217, #3220, .T. ) ;
#4603 = DIRECTION ( 'NONE',  ( -1.000000000000000000, 0.000000000000000000, 0.000000000000000000 ) ) ;
#4604 = AXIS2_PLACEMENT_3D ( 'NONE', #3846, #5837, #6337 ) ;
#4605 = ORIENTED_EDGE ( 'NONE', *, *, #5557, .F. ) ;
#4606 = CARTESIAN_POINT ( 'NONE',  ( -26.00000000000000000, 21.00290591502195525, 1.199999999999983968 ) ) ;
#4607 = DIRECTION ( 'NONE',  ( 1.000000000000000000, -0.000000000000000000, -0.000000000000000000 ) ) ;
#4608 = VECTOR ( 'NONE', #4059, 1000.000000000000000 ) ;
#4609 = VERTEX_POINT ( 'NONE', #1127 ) ;
#4610 = DIRECTION ( 'NONE',  ( 0.000000000000000000, -1.000000000000000000, -9.637352644315595243E-17 ) ) ;
#4611 = CIRCLE ( 'NONE', #3336, 135.5034452694893616 ) ;
#4612 = CARTESIAN_POINT ( 'NONE',  ( -26.00000000000000000, 5.859598249176485751, -56.07296202289150244 ) ) ;
#4613 = EDGE_CURVE ( 'NONE', #1225, #1266, #4686, .T. ) ;
#4614 = DIRECTION ( 'NONE',  ( -1.000000000000000000, 0.000000000000000000, 0.000000000000000000 ) ) ;
#4615 = ORIENTED_EDGE ( 'NONE', *, *, #6545, .T. ) ;
#4616 = CARTESIAN_POINT ( 'NONE',  ( 24.03465544871795245, 19.15335114793352034, 35.93750000000000000 ) ) ;
#4617 = EDGE_CURVE ( 'NONE', #1866, #374, #1699, .T. ) ;
#4618 = ORIENTED_EDGE ( 'NONE', *, *, #1765, .T. ) ;
#4619 = CARTESIAN_POINT ( 'NONE',  ( -34.00000000000000000, -22.44884186725809627, -31.81205129217410388 ) ) ;
#4620 = FACE_BOUND ( 'NONE', #2862, .T. ) ;
#4621 = CARTESIAN_POINT ( 'NONE',  ( -26.00000000000000355, 21.00290591502195525, 2.199999999999997069 ) ) ;
#4622 = CARTESIAN_POINT ( 'NONE',  ( -32.00000000000000000, -7.999999999995895728, 67.49999999999792522 ) ) ;
#4623 = FACE_OUTER_BOUND ( 'NONE', #5627, .T. ) ;
#4624 = CYLINDRICAL_SURFACE ( 'NONE', #2413, 2.000000000000001776 ) ;
#4625 = ORIENTED_EDGE ( 'NONE', *, *, #1276, .F. ) ;
#4626 = EDGE_CURVE ( 'NONE', #5032, #1741, #5609, .T. ) ;
#4627 = ORIENTED_EDGE ( 'NONE', *, *, #5638, .F. ) ;
#4628 = ORIENTED_EDGE ( 'NONE', *, *, #3997, .F. ) ;
#4629 = CARTESIAN_POINT ( 'NONE',  ( 23.65902142337154501, 19.60044066153614395, 34.27067052012451143 ) ) ;
#4630 = PLANE ( 'NONE',  #3102 ) ;
#4631 = VECTOR ( 'NONE', #6520, 1000.000000000000000 ) ;
#4632 = ORIENTED_EDGE ( 'NONE', *, *, #3901, .T. ) ;
#4633 = CARTESIAN_POINT ( 'NONE',  ( 22.17344235471984959, 20.18827990610378009, -31.93749999999997868 ) ) ;
#4634 = FACE_OUTER_BOUND ( 'NONE', #899, .T. ) ;
#4635 = ORIENTED_EDGE ( 'NONE', *, *, #3366, .F. ) ;
#4636 = LINE ( 'NONE', #4108, #1518 ) ;
#4637 = DIRECTION ( 'NONE',  ( -1.000000000000000000, -0.000000000000000000, -0.000000000000000000 ) ) ;
#4638 = ORIENTED_EDGE ( 'NONE', *, *, #3147, .F. ) ;
#4639 = DIRECTION ( 'NONE',  ( -1.000000000000000000, 0.000000000000000000, 0.000000000000000000 ) ) ;
#4640 = VECTOR ( 'NONE', #1467, 1000.000000000000000 ) ;
#4641 = DIRECTION ( 'NONE',  ( 1.000000000000000000, 0.000000000000000000, 0.000000000000000000 ) ) ;
#4642 = EDGE_CURVE ( 'NONE', #2974, #3483, #3504, .T. ) ;
#4643 = AXIS2_PLACEMENT_3D ( 'NONE', #6006, #435, #2460 ) ;
#4644 = DIRECTION ( 'NONE',  ( 0.000000000000000000, 0.000000000000000000, 1.000000000000000000 ) ) ;
#4645 = ORIENTED_EDGE ( 'NONE', *, *, #2250, .T. ) ;
#4646 = LINE ( 'NONE', #652, #1404 ) ;
#4647 = EDGE_CURVE ( 'NONE', #1669, #2855, #3287, .T. ) ;
#4648 = ORIENTED_EDGE ( 'NONE', *, *, #535, .F. ) ;
#4649 = PLANE ( 'NONE',  #2278 ) ;
#4650 = AXIS2_PLACEMENT_3D ( 'NONE', #1388, #893, #3410 ) ;
#4651 = DIRECTION ( 'NONE',  ( 1.000000000000000000, 0.000000000000000000, 0.000000000000000000 ) ) ;
#4652 = AXIS2_PLACEMENT_3D ( 'NONE', #2145, #1115, #6159 ) ;
#4653 = EDGE_CURVE ( 'NONE', #3233, #1541, #6313, .T. ) ;
#4654 = LINE ( 'NONE', #688, #2669 ) ;
#4655 = CARTESIAN_POINT ( 'NONE',  ( -32.00000000000000000, -9.985710447137391199, 60.49999999998852473 ) ) ;
#4656 = CARTESIAN_POINT ( 'NONE',  ( -34.00000000000000000, -6.320650740892876485, -44.45819086997284586 ) ) ;
#4657 = CIRCLE ( 'NONE', #1797, 2.000000000000001776 ) ;
#4658 = ORIENTED_EDGE ( 'NONE', *, *, #3337, .T. ) ;
#4659 = ORIENTED_EDGE ( 'NONE', *, *, #3378, .T. ) ;
#4660 = ORIENTED_EDGE ( 'NONE', *, *, #4797, .F. ) ;
#4661 = CARTESIAN_POINT ( 'NONE',  ( 23.13721955128205465, 14.99999999999999822, 34.32211538461537970 ) ) ;
#4662 = FACE_OUTER_BOUND ( 'NONE', #2538, .T. ) ;
#4663 = ORIENTED_EDGE ( 'NONE', *, *, #859, .F. ) ;
#4664 = LINE ( 'NONE', #3132, #5702 ) ;
#4665 = AXIS2_PLACEMENT_3D ( 'NONE', #2910, #420, #4466 ) ;
#4666 = DIRECTION ( 'NONE',  ( 0.000000000000000000, 0.000000000000000000, 1.000000000000000000 ) ) ;
#4667 = ORIENTED_EDGE ( 'NONE', *, *, #5290, .T. ) ;
#4668 = CARTESIAN_POINT ( 'NONE',  ( -26.00000000000000000, 5.859598249176485751, -56.07296202289150244 ) ) ;
#4669 = DIRECTION ( 'NONE',  ( 0.000000000000000000, -0.8816728225794494556, 0.4718612443555697533 ) ) ;
#4670 = ORIENTED_EDGE ( 'NONE', *, *, #957, .F. ) ;
#4671 = LINE ( 'NONE', #2211, #1180 ) ;
#4672 = EDGE_CURVE ( 'NONE', #5232, #1706, #4351, .T. ) ;
#4673 = FACE_OUTER_BOUND ( 'NONE', #4042, .T. ) ;
#4674 = EDGE_CURVE ( 'NONE', #2231, #1746, #3855, .T. ) ;
#4675 = AXIS2_PLACEMENT_3D ( 'NONE', #3305, #317, #3272 ) ;
#4676 = ORIENTED_EDGE ( 'NONE', *, *, #2608, .F. ) ;
#4677 = LINE ( 'NONE', #5073, #2871 ) ;
#4678 = VERTEX_POINT ( 'NONE', #2861 ) ;
#4679 = FACE_OUTER_BOUND ( 'NONE', #4194, .T. ) ;
#4680 = VERTEX_POINT ( 'NONE', #2760 ) ;
#4681 = CARTESIAN_POINT ( 'NONE',  ( 24.33668026181524269, 14.99999999999999822, -9.312499999999998224 ) ) ;
#4682 = VECTOR ( 'NONE', #4371, 1000.000000000000000 ) ;
#4683 = EDGE_CURVE ( 'NONE', #6176, #5247, #1229, .T. ) ;
#4684 = DIRECTION ( 'NONE',  ( -1.000000000000000000, -0.000000000000000000, 0.000000000000000000 ) ) ;
#4685 = EDGE_CURVE ( 'NONE', #586, #3204, #3252, .T. ) ;
#4686 = LINE ( 'NONE', #4587, #2992 ) ;
#4687 = VECTOR ( 'NONE', #833, 1000.000000000000000 ) ;
#4688 = VECTOR ( 'NONE', #2157, 1000.000000000000000 ) ;
#4689 = CARTESIAN_POINT ( 'NONE',  ( 21.00000000000000000, 12.38189283117547923, -59.29043376061078163 ) ) ;
#4690 = DIRECTION ( 'NONE',  ( 0.000000000000000000, 0.000000000000000000, 1.000000000000000000 ) ) ;
#4691 = ORIENTED_EDGE ( 'NONE', *, *, #697, .T. ) ;
#4692 = EDGE_LOOP ( 'NONE', ( #4132, #5015, #2399, #1821 ) ) ;
#4693 = ORIENTED_EDGE ( 'NONE', *, *, #2731, .T. ) ;
#4694 = CARTESIAN_POINT ( 'NONE',  ( -34.00000000000000000, -12.57535232641010481, 58.49999999998882316 ) ) ;
#4695 = CARTESIAN_POINT ( 'NONE',  ( -65.00000000000000000, -5.433134719346973895, 43.72801895767194225 ) ) ;
#4696 = ORIENTED_EDGE ( 'NONE', *, *, #4647, .T. ) ;
#4697 = DIRECTION ( 'NONE',  ( 1.000000000000000000, 0.000000000000000000, 0.000000000000000000 ) ) ;
#4698 = CIRCLE ( 'NONE', #1841, 135.4651084882032137 ) ;
#4699 = EDGE_CURVE ( 'NONE', #2974, #670, #5377, .T. ) ;
#4700 = CARTESIAN_POINT ( 'NONE',  ( 24.33668026181524269, 14.99999999999999822, -11.37660256410256210 ) ) ;
#4701 = EDGE_LOOP ( 'NONE', ( #5925, #582, #2482, #4055, #1093, #3599, #6395, #4638, #3858, #888 ) ) ;
#4702 = CARTESIAN_POINT ( 'NONE',  ( 23.30622932495522193, 15.00000000000000888, 33.96409399502149284 ) ) ;
#4703 = CYLINDRICAL_SURFACE ( 'NONE', #5282, 2.000000000000001776 ) ;
#4704 = VERTEX_POINT ( 'NONE', #3354 ) ;
#4705 = DIRECTION ( 'NONE',  ( 0.000000000000000000, 0.3964707652363684276, -0.9180473475332786570 ) ) ;
#4706 = EDGE_CURVE ( 'NONE', #4366, #803, #526, .T. ) ;
#4707 = DIRECTION ( 'NONE',  ( -1.000000000000000000, -0.000000000000000000, 0.000000000000000000 ) ) ;
#4708 = ORIENTED_EDGE ( 'NONE', *, *, #914, .T. ) ;
#4709 = CYLINDRICAL_SURFACE ( 'NONE', #2221, 135.4651084882032137 ) ;
#4710 = EDGE_LOOP ( 'NONE', ( #3847, #2194, #719, #4432 ) ) ;
#4711 = FACE_BOUND ( 'NONE', #927, .T. ) ;
#4712 = AXIS2_PLACEMENT_3D ( 'NONE', #1435, #3021, #1564 ) ;
#4713 = ORIENTED_EDGE ( 'NONE', *, *, #6355, .T. ) ;
#4714 = DIRECTION ( 'NONE',  ( 0.000000000000000000, 1.000000000000000000, 0.000000000000000000 ) ) ;
#4715 = CARTESIAN_POINT ( 'NONE',  ( -21.00000000000000000, 21.00290591502195525, -1.199999999999991074 ) ) ;
#4716 = AXIS2_PLACEMENT_3D ( 'NONE', #462, #2515, #3456 ) ;
#4717 = CARTESIAN_POINT ( 'NONE',  ( -32.00000000000000000, -179.8521528752050358, 60.49999999998793498 ) ) ;
#4718 = ORIENTED_EDGE ( 'NONE', *, *, #4873, .F. ) ;
#4719 = EDGE_LOOP ( 'NONE', ( #714, #1186, #4759, #2923 ) ) ;
#4720 = EDGE_CURVE ( 'NONE', #4422, #6314, #831, .T. ) ;
#4721 = CARTESIAN_POINT ( 'NONE',  ( 65.00000000000000000, -63.36544253355305756, 57.65205207598277326 ) ) ;
#4722 = ORIENTED_EDGE ( 'NONE', *, *, #5615, .T. ) ;
#4723 = ORIENTED_EDGE ( 'NONE', *, *, #1187, .T. ) ;
#4724 = CARTESIAN_POINT ( 'NONE',  ( 25.00000000000000000, -9.000000000000001776, 67.50000000000001421 ) ) ;
#4725 = CARTESIAN_POINT ( 'NONE',  ( 24.42307692307692690, 19.15335114793337112, 35.93750000000000000 ) ) ;
#4726 = ORIENTED_EDGE ( 'NONE', *, *, #4882, .T. ) ;
#4727 = CARTESIAN_POINT ( 'NONE',  ( 65.00000000000000000, -33.60561400875122473, -30.35758264722790400 ) ) ;
#4728 = DIRECTION ( 'NONE',  ( 0.000000000000000000, 0.000000000000000000, -1.000000000000000000 ) ) ;
#4729 = ORIENTED_EDGE ( 'NONE', *, *, #2270, .T. ) ;
#4730 = DIRECTION ( 'NONE',  ( -0.000000000000000000, 1.000000000000000000, -0.000000000000000000 ) ) ;
#4731 = LINE ( 'NONE', #5366, #5175 ) ;
#4732 = ORIENTED_EDGE ( 'NONE', *, *, #5798, .F. ) ;
#4733 = FACE_OUTER_BOUND ( 'NONE', #4117, .T. ) ;
#4734 = VECTOR ( 'NONE', #2189, 1000.000000000000114 ) ;
#4735 = CARTESIAN_POINT ( 'NONE',  ( 24.65078282591780479, 14.99999999999999822, -12.81249999999999822 ) ) ;
#4736 = LINE ( 'NONE', #5574, #1820 ) ;
#4737 = FACE_OUTER_BOUND ( 'NONE', #6120, .T. ) ;
#4738 = ORIENTED_EDGE ( 'NONE', *, *, #6539, .F. ) ;
#4739 = VERTEX_POINT ( 'NONE', #2260 ) ;
#4740 = PLANE ( 'NONE',  #2806 ) ;
#4741 = CARTESIAN_POINT ( 'NONE',  ( -21.00000000000000000, -111.4976334394454369, -1.528915308921869618E-14 ) ) ;
#4742 = AXIS2_PLACEMENT_3D ( 'NONE', #1125, #3556, #132 ) ;
#4743 = DIRECTION ( 'NONE',  ( 0.000000000000000000, -0.4002777837181106246, -0.9163938541160767670 ) ) ;
#4744 = ORIENTED_EDGE ( 'NONE', *, *, #4595, .F. ) ;
#4745 = FACE_OUTER_BOUND ( 'NONE', #3040, .T. ) ;
#4746 = ORIENTED_EDGE ( 'NONE', *, *, #3008, .T. ) ;
#4747 = VECTOR ( 'NONE', #2058, 1000.000000000000000 ) ;
#4748 = VECTOR ( 'NONE', #3747, 1000.000000000000000 ) ;
#4749 = CARTESIAN_POINT ( 'NONE',  ( 21.00000000000000000, 12.38189283117547923, -59.29043376061078163 ) ) ;
#4750 = ADVANCED_FACE ( 'NONE', ( #1766 ), #3883, .T. ) ;
#4751 = EDGE_CURVE ( 'NONE', #2335, #1121, #5311, .T. ) ;
#4752 = ORGANIZATION ( 'UNSPECIFIED', 'UNSPECIFIED', '' ) ;
#4753 = TOROIDAL_SURFACE ( 'NONE', #837, 4.000000000000000000, 2.000000000000000000 ) ;
#4754 = ORIENTED_EDGE ( 'NONE', *, *, #457, .F. ) ;
#4755 = EDGE_LOOP ( 'NONE', ( #3329, #6382, #4474, #324 ) ) ;
#4756 = DIRECTION ( 'NONE',  ( 1.000000000000000000, -0.000000000000000000, -0.000000000000000000 ) ) ;
#4757 = CARTESIAN_POINT ( 'NONE',  ( 24.99999999999999645, 21.00290591502244197, -1.216092296937449943E-14 ) ) ;
#4758 = EDGE_CURVE ( 'NONE', #1076, #767, #2548, .T. ) ;
#4759 = ORIENTED_EDGE ( 'NONE', *, *, #4539, .F. ) ;
#4760 = CARTESIAN_POINT ( 'NONE',  ( -32.00000000000000000, -22.44884186725809627, -1.559876379624643847E-14 ) ) ;
#4761 = EDGE_CURVE ( 'NONE', #45, #1197, #761, .T. ) ;
#4762 = LINE ( 'NONE', #6258, #107 ) ;
#4763 = ORIENTED_EDGE ( 'NONE', *, *, #3938, .T. ) ;
#4764 = FACE_OUTER_BOUND ( 'NONE', #3224, .T. ) ;
#4765 = CARTESIAN_POINT ( 'NONE',  ( 65.00000000000000000, -59.58036393983566370, 56.35853746863083558 ) ) ;
#4766 = AXIS2_PLACEMENT_3D ( 'NONE', #2353, #4445, #1758 ) ;
#4767 = AXIS2_PLACEMENT_3D ( 'NONE', #1549, #2051, #4603 ) ;
#4768 = ORIENTED_EDGE ( 'NONE', *, *, #781, .T. ) ;
#4769 = CARTESIAN_POINT ( 'NONE',  ( 24.65078282591780479, 14.99999999999999822, -9.312499999999998224 ) ) ;
#4770 = DIRECTION ( 'NONE',  ( 1.000000000000000000, 0.000000000000000000, 0.000000000000000000 ) ) ;
#4771 = EDGE_LOOP ( 'NONE', ( #2372, #4254, #557, #2172 ) ) ;
#4772 = FACE_OUTER_BOUND ( 'NONE', #3, .T. ) ;
#4773 = FACE_OUTER_BOUND ( 'NONE', #114, .T. ) ;
#4774 = VERTEX_POINT ( 'NONE', #334 ) ;
#4775 = LINE ( 'NONE', #6375, #1037 ) ;
#4776 = ORIENTED_EDGE ( 'NONE', *, *, #2650, .F. ) ;
#4777 = PLANE ( 'NONE',  #1960 ) ;
#4778 = CARTESIAN_POINT ( 'NONE',  ( -25.00000000000000000, -8.894977061326414969, -46.66285503032649729 ) ) ;
#4779 = CARTESIAN_POINT ( 'NONE',  ( 32.00000000000000000, -15.99999999999587530, -77.49999999997912425 ) ) ;
#4780 = ORIENTED_EDGE ( 'NONE', *, *, #5505, .T. ) ;
#4781 = LINE ( 'NONE', #2863, #4483 ) ;
#4782 = ORIENTED_EDGE ( 'NONE', *, *, #5443, .T. ) ;
#4783 = CARTESIAN_POINT ( 'NONE',  ( -32.00000000000000000, -28.44884186725240838, 3.999999999988530064 ) ) ;
#4784 = APPROVAL_STATUS ( 'not_yet_approved' ) ;
#4785 = VECTOR ( 'NONE', #1316, 1000.000000000000000 ) ;
#4786 = ORIENTED_EDGE ( 'NONE', *, *, #6492, .T. ) ;
#4787 = ORIENTED_EDGE ( 'NONE', *, *, #4539, .T. ) ;
#4788 = EDGE_CURVE ( 'NONE', #6056, #2182, #1201, .T. ) ;
#4789 = CARTESIAN_POINT ( 'NONE',  ( 23.84654092219571453, 20.00684559286068520, 32.93643342762872805 ) ) ;
#4790 = CARTESIAN_POINT ( 'NONE',  ( 51.00000000000000711, -27.00545373597805821, -45.71834526552863309 ) ) ;
#4791 = CARTESIAN_POINT ( 'NONE',  ( -51.50000000000000711, -28.44884186725240838, -14.54136752811921696 ) ) ;
#4792 = ORIENTED_EDGE ( 'NONE', *, *, #2332, .F. ) ;
#4793 = ADVANCED_FACE ( 'NONE', ( #6347 ), #5844, .F. ) ;
#4794 = ADVANCED_FACE ( 'NONE', ( #4248 ), #4477, .T. ) ;
#4795 = AXIS2_PLACEMENT_3D ( 'NONE', #4052, #1398, #6509 ) ;
#4796 = AXIS2_PLACEMENT_3D ( 'NONE', #3963, #3464, #2968 ) ;
#4797 = EDGE_CURVE ( 'NONE', #5213, #5743, #2491, .T. ) ;
#4798 = DIRECTION ( 'NONE',  ( 0.000000000000000000, 0.000000000000000000, 1.000000000000000000 ) ) ;
#4799 = ORIENTED_EDGE ( 'NONE', *, *, #947, .T. ) ;
#4800 = CARTESIAN_POINT ( 'NONE',  ( 24.99999999999999289, -31.99999999999558753, 67.49999999999826628 ) ) ;
#4801 = CARTESIAN_POINT ( 'NONE',  ( 24.58926691259542352, -111.4976334394454369, -1.528915308921869618E-14 ) ) ;
#4802 = ORIENTED_EDGE ( 'NONE', *, *, #1546, .T. ) ;
#4803 = CARTESIAN_POINT ( 'NONE',  ( 34.00000000000000000, -62.43813982404275009, 41.81142202206591918 ) ) ;
#4804 = VECTOR ( 'NONE', #1581, 1000.000000000000000 ) ;
#4805 = EDGE_CURVE ( 'NONE', #1702, #4899, #2, .T. ) ;
#4806 = CARTESIAN_POINT ( 'NONE',  ( -126.5489894022228441, 4.440892098500626162E-12, 67.49999999999828049 ) ) ;
#4807 = LINE ( 'NONE', #4476, #1500 ) ;
#4808 = CARTESIAN_POINT ( 'NONE',  ( 32.00000000000000000, -31.99999999999558753, 67.49999999999792522 ) ) ;
#4809 = ORIENTED_EDGE ( 'NONE', *, *, #5977, .F. ) ;
#4810 = LINE ( 'NONE', #790, #1476 ) ;
#4811 = ORIENTED_EDGE ( 'NONE', *, *, #6054, .T. ) ;
#4812 = DIRECTION ( 'NONE',  ( 0.000000000000000000, -0.9180473475332786570, -0.3964707652363684276 ) ) ;
#4813 = CARTESIAN_POINT ( 'NONE',  ( 65.00000000000000000, -24.11995919263003785, -59.49999999998721734 ) ) ;
#4814 = CIRCLE ( 'NONE', #5985, 2.000000000000000444 ) ;
#4815 = CARTESIAN_POINT ( 'NONE',  ( -32.00000000000000000, -28.44884186725240838, 3.999999999988530064 ) ) ;
#4816 = VECTOR ( 'NONE', #3681, 1000.000000000000000 ) ;
#4817 = VECTOR ( 'NONE', #3697, 1000.000000000000000 ) ;
#4818 = ORIENTED_EDGE ( 'NONE', *, *, #3035, .T. ) ;
#4819 = FACE_OUTER_BOUND ( 'NONE', #1776, .T. ) ;
#4820 = CIRCLE ( 'NONE', #5347, 135.4651084882032137 ) ;
#4821 = VERTEX_POINT ( 'NONE', #4050 ) ;
#4822 = LINE ( 'NONE', #3791, #2422 ) ;
#4823 = COORDINATED_UNIVERSAL_TIME_OFFSET ( 5, 0, .BEHIND. ) ;
#4824 = VECTOR ( 'NONE', #4920, 1000.000000000000227 ) ;
#4825 = EDGE_LOOP ( 'NONE', ( #4346, #796, #2505, #5066 ) ) ;
#4826 = VERTEX_POINT ( 'NONE', #6072 ) ;
#4827 = DIRECTION ( 'NONE',  ( -0.000000000000000000, -0.3947769709605389865, 0.9187769822972393641 ) ) ;
#4828 = CARTESIAN_POINT ( 'NONE',  ( 32.00000000000000000, -25.08145705786968094, -60.32842712473340896 ) ) ;
#4829 = ADVANCED_FACE ( 'NONE', ( #965 ), #1526, .F. ) ;
#4830 = CARTESIAN_POINT ( 'NONE',  ( 0.000000000000000000, 14.99999999999999822, 0.000000000000000000 ) ) ;
#4831 = ORIENTED_EDGE ( 'NONE', *, *, #5445, .T. ) ;
#4832 = CARTESIAN_POINT ( 'NONE',  ( 65.00000000000000000, -24.11995919263003785, -59.49999999998721734 ) ) ;
#4833 = ORIENTED_EDGE ( 'NONE', *, *, #1409, .F. ) ;
#4834 = CARTESIAN_POINT ( 'NONE',  ( 65.00000000000000000, -37.96484202435856758, -30.34451612687654887 ) ) ;
#4835 = CARTESIAN_POINT ( 'NONE',  ( 24.37678570142411871, 14.99999999999999822, 33.29007026169038852 ) ) ;
#4836 = CARTESIAN_POINT ( 'NONE',  ( 32.00000000000000000, 4.437935620567727443E-12, -67.49999999997871214 ) ) ;
#4837 = DIRECTION ( 'NONE',  ( 1.000000000000000000, 0.000000000000000000, -0.000000000000000000 ) ) ;
#4838 = ADVANCED_FACE ( 'NONE', ( #3427 ), #4515, .T. ) ;
#4839 = ORIENTED_EDGE ( 'NONE', *, *, #322, .T. ) ;
#4840 = PLANE ( 'NONE',  #3067 ) ;
#4841 = DIRECTION ( 'NONE',  ( 0.000000000000000000, 8.172836232031601198E-14, -1.000000000000000000 ) ) ;
#4842 = EDGE_LOOP ( 'NONE', ( #2283, #5883, #5682, #2835 ) ) ;
#4843 = CARTESIAN_POINT ( 'NONE',  ( 15.00000000000000178, -50.00000000000000000, -52.24999999999997868 ) ) ;
#4844 = AXIS2_PLACEMENT_3D ( 'NONE', #3091, #3658, #1732 ) ;
#4845 = ORIENTED_EDGE ( 'NONE', *, *, #3587, .T. ) ;
#4846 = CARTESIAN_POINT ( 'NONE',  ( -32.00000000000000000, -15.99999999999620393, 67.49999999999792522 ) ) ;
#4847 = DIRECTION ( 'NONE',  ( 0.000000000000000000, 0.000000000000000000, 1.000000000000000000 ) ) ;
#4848 = ADVANCED_FACE ( 'NONE', ( #5444 ), #903, .T. ) ;
#4849 = DIRECTION ( 'NONE',  ( -0.000000000000000000, 1.000000000000000000, -0.000000000000000000 ) ) ;
#4850 = ORIENTED_EDGE ( 'NONE', *, *, #2409, .F. ) ;
#4851 = DIRECTION ( 'NONE',  ( 0.000000000000000000, 0.9187769822972406963, 0.3947769709605358224 ) ) ;
#4852 = ORIENTED_EDGE ( 'NONE', *, *, #578, .F. ) ;
#4853 = EDGE_CURVE ( 'NONE', #1287, #1144, #5188, .T. ) ;
#4854 = VECTOR ( 'NONE', #6353, 1000.000000000000114 ) ;
#4855 = FACE_OUTER_BOUND ( 'NONE', #1703, .T. ) ;
#4856 = CALENDAR_DATE ( 2026, 8, 7 ) ;
#4857 = ORIENTED_EDGE ( 'NONE', *, *, #2120, .T. ) ;
#4858 = ORIENTED_EDGE ( 'NONE', *, *, #1661, .T. ) ;
#4859 = CARTESIAN_POINT ( 'NONE',  ( 23.18045772650003045, 20.00684559286068520, 32.79654635968314125 ) ) ;
#4860 = VECTOR ( 'NONE', #4641, 1000.000000000000000 ) ;
#4861 = CARTESIAN_POINT ( 'NONE',  ( -32.74530062728071300, -13.07894012112700999, -59.92088985901215636 ) ) ;
#4862 = DIRECTION ( 'NONE',  ( -1.000000000000000000, 0.000000000000000000, 0.000000000000000000 ) ) ;
#4863 = CIRCLE ( 'NONE', #2000, 2.000000000000000000 ) ;
#4864 = VERTEX_POINT ( 'NONE', #3988 ) ;
#4865 = AXIS2_PLACEMENT_3D ( 'NONE', #5622, #115, #4162 ) ;
#4866 = DIRECTION ( 'NONE',  ( 0.000000000000000000, 1.000000000000000000, -1.341519488088333655E-13 ) ) ;
#4867 = AXIS2_PLACEMENT_3D ( 'NONE', #615, #5666, #3614 ) ;
#4868 = ORIENTED_EDGE ( 'NONE', *, *, #2759, .F. ) ;
#4869 = CARTESIAN_POINT ( 'NONE',  ( 26.00000000000000355, 21.00290591502244197, 2.199999999999988631 ) ) ;
#4870 = CARTESIAN_POINT ( 'NONE',  ( 24.37772755697764282, 15.00000000000000178, 33.34542817048202323 ) ) ;
#4871 = CYLINDRICAL_SURFACE ( 'NONE', #450, 2.000000000000001776 ) ;
#4872 = DIRECTION ( 'NONE',  ( 1.000000000000000000, 0.000000000000000000, 0.000000000000000000 ) ) ;
#4873 = EDGE_CURVE ( 'NONE', #6564, #6433, #4020, .T. ) ;
#4874 = VERTEX_POINT ( 'NONE', #4206 ) ;
#4875 = PLANE ( 'NONE',  #4766 ) ;
#4876 = DIRECTION ( 'NONE',  ( 0.000000000000000000, -0.9187769822972362554, -0.3947769709605463140 ) ) ;
#4877 = ADVANCED_FACE ( 'NONE', ( #33 ), #1058, .T. ) ;
#4878 = ORIENTED_EDGE ( 'NONE', *, *, #1921, .F. ) ;
#4879 = DIRECTION ( 'NONE',  ( 0.000000000000000000, 1.000000000000000000, -1.341519488088333655E-13 ) ) ;
#4880 = VERTEX_POINT ( 'NONE', #1689 ) ;
#4881 = LINE ( 'NONE', #2324, #147 ) ;
#4882 = EDGE_CURVE ( 'NONE', #56, #1197, #5703, .T. ) ;
#4883 = EDGE_CURVE ( 'NONE', #5747, #4291, #5567, .T. ) ;
#4884 = DIRECTION ( 'NONE',  ( 0.000000000000000000, 0.000000000000000000, 1.000000000000000000 ) ) ;
#4885 = EDGE_CURVE ( 'NONE', #2949, #5385, #1623, .T. ) ;
#4886 = VECTOR ( 'NONE', #1022, 1000.000000000000114 ) ;
#4887 = CARTESIAN_POINT ( 'NONE',  ( 24.90336947669798562, 14.99999999999999822, 9.812499999999985789 ) ) ;
#4888 = ORIENTED_EDGE ( 'NONE', *, *, #4175, .T. ) ;
#4889 = CARTESIAN_POINT ( 'NONE',  ( 15.00000000000000178, 7.516299808215845424, -52.24999999999997868 ) ) ;
#4890 = VERTEX_POINT ( 'NONE', #3677 ) ;
#4891 = DIRECTION ( 'NONE',  ( -0.000000000000000000, 0.6246950475544239545, 0.7808688094430306093 ) ) ;
#4892 = LINE ( 'NONE', #4783, #4854 ) ;
#4893 = PERSON_AND_ORGANIZATION_ROLE ( 'creator' ) ;
#4894 = DIRECTION ( 'NONE',  ( -1.000000000000000000, -0.000000000000000000, -0.000000000000000000 ) ) ;
#4895 = EDGE_LOOP ( 'NONE', ( #3868, #4628, #3566, #2277 ) ) ;
#4896 = DIRECTION ( 'NONE',  ( 1.000000000000000000, 0.000000000000000000, 0.000000000000000000 ) ) ;
#4897 = CARTESIAN_POINT ( 'NONE',  ( -32.96786784979229878, -13.02351747408355287, -59.76618496253021817 ) ) ;
#4898 = DIRECTION ( 'NONE',  ( -0.000000000000000000, 0.3947769709605403188, -0.9187769822972390310 ) ) ;
#4899 = VERTEX_POINT ( 'NONE', #5169 ) ;
#4900 = CIRCLE ( 'NONE', #2031, 7.000000000000000000 ) ;
#4901 = AXIS2_PLACEMENT_3D ( 'NONE', #4168, #3643, #184 ) ;
#4902 = CARTESIAN_POINT ( 'NONE',  ( 22.74879807692308020, 19.58698074325202043, 34.32211538461537970 ) ) ;
#4903 = VERTEX_POINT ( 'NONE', #3142 ) ;
#4904 = FACE_BOUND ( 'NONE', #1453, .T. ) ;
#4905 = EDGE_CURVE ( 'NONE', #3738, #5726, #5696, .T. ) ;
#4906 = VECTOR ( 'NONE', #1835, 1000.000000000000000 ) ;
#4907 = VECTOR ( 'NONE', #531, 1000.000000000000000 ) ;
#4908 = CARTESIAN_POINT ( 'NONE',  ( 24.16622534617541262, 14.99999999999999112, 33.98345334797766526 ) ) ;
#4909 = DIRECTION ( 'NONE',  ( 0.000000000000000000, -0.9402861980684315002, 0.3403848788092887490 ) ) ;
#4910 = AXIS2_PLACEMENT_3D ( 'NONE', #4430, #1474, #6017 ) ;
#4911 = CARTESIAN_POINT ( 'NONE',  ( -26.00000000000000000, 20.06600999464122737, 32.43749999999997868 ) ) ;
#4912 = ORIENTED_EDGE ( 'NONE', *, *, #6425, .T. ) ;
#4913 = CARTESIAN_POINT ( 'NONE',  ( 22.52516434849285787, 14.99999999999999822, 10.56410256410254966 ) ) ;
#4914 = DIRECTION ( 'NONE',  ( 1.000000000000000000, 0.000000000000000000, -0.000000000000000000 ) ) ;
#4915 = AXIS2_PLACEMENT_3D ( 'NONE', #2873, #4898, #3864 ) ;
#4916 = ORIENTED_EDGE ( 'NONE', *, *, #3866, .T. ) ;
#4917 = CARTESIAN_POINT ( 'NONE',  ( 23.01639712548675476, 15.00000000000000178, 32.43795432831981174 ) ) ;
#4918 = EDGE_CURVE ( 'NONE', #660, #2771, #4677, .T. ) ;
#4919 = ORIENTED_EDGE ( 'NONE', *, *, #4674, .T. ) ;
#4920 = DIRECTION ( 'NONE',  ( -0.000000000000000000, -0.8922282841632193096, 0.4515846420541308470 ) ) ;
#4921 = LINE ( 'NONE', #1961, #3796 ) ;
#4922 = CARTESIAN_POINT ( 'NONE',  ( 24.37678570142411871, 20.08457154396490907, 33.29007026169038852 ) ) ;
#4923 = ORIENTED_EDGE ( 'NONE', *, *, #5068, .F. ) ;
#4924 = CARTESIAN_POINT ( 'NONE',  ( -32.00000000000000000, -117.5625000000008669, 9.575680578283035600E-12 ) ) ;
#4925 = ORIENTED_EDGE ( 'NONE', *, *, #1604, .T. ) ;
#4926 = CARTESIAN_POINT ( 'NONE',  ( 24.83185505362106227, 14.99999999999999822, 13.31249999999998579 ) ) ;
#4927 = LINE ( 'NONE', #5953, #710 ) ;
#4928 = CIRCLE ( 'NONE', #1959, 177.2111113949647176 ) ;
#4929 = CARTESIAN_POINT ( 'NONE',  ( 23.30622932495522193, 15.00000000000000888, 33.96409399502149284 ) ) ;
#4930 = ORIENTED_EDGE ( 'NONE', *, *, #744, .T. ) ;
#4931 = CARTESIAN_POINT ( 'NONE',  ( 22.21106178439029222, 14.99999999999999822, 9.812499999999985789 ) ) ;
#4932 = PLANE ( 'NONE',  #649 ) ;
#4933 = CARTESIAN_POINT ( 'NONE',  ( -32.00000000000000000, -1.906443429029180292, 41.84057398024965835 ) ) ;
#4934 = VERTEX_POINT ( 'NONE', #5631 ) ;
#4935 = AXIS2_PLACEMENT_3D ( 'NONE', #5606, #2496, #3083 ) ;
#4936 = EDGE_CURVE ( 'NONE', #1479, #5407, #3111, .T. ) ;
#4937 = DIRECTION ( 'NONE',  ( 1.000000000000000000, -0.000000000000000000, -0.000000000000000000 ) ) ;
#4938 = VERTEX_POINT ( 'NONE', #4082 ) ;
#4939 = DIRECTION ( 'NONE',  ( 1.000000000000000000, 0.000000000000000000, 0.000000000000000000 ) ) ;
#4940 = DIRECTION ( 'NONE',  ( -1.000000000000000000, -0.000000000000000000, -0.000000000000000000 ) ) ;
#4941 = CARTESIAN_POINT ( 'NONE',  ( -65.00000000000000000, -3.669789074188078981, 42.78429646896079674 ) ) ;
#4942 = EDGE_CURVE ( 'NONE', #3112, #6564, #126, .T. ) ;
#4943 = DIRECTION ( 'NONE',  ( -1.000000000000000000, -0.000000000000000000, 0.000000000000000000 ) ) ;
#4944 = ORIENTED_EDGE ( 'NONE', *, *, #4885, .F. ) ;
#4945 = CARTESIAN_POINT ( 'NONE',  ( -65.00000000000000000, -24.44884186725809272, -31.81205129217410388 ) ) ;
#4946 = LINE ( 'NONE', #398, #4804 ) ;
#4947 = CARTESIAN_POINT ( 'NONE',  ( 65.00000000000000000, -33.60561400875122473, -30.35758264722790400 ) ) ;
#4948 = EDGE_CURVE ( 'NONE', #5339, #3659, #1594, .T. ) ;
#4949 = ORIENTED_EDGE ( 'NONE', *, *, #4758, .F. ) ;
#4950 = DIRECTION ( 'NONE',  ( -0.000000000000000000, 0.3947769709605463140, -0.9187769822972362554 ) ) ;
#4951 = LINE ( 'NONE', #403, #4440 ) ;
#4952 = CARTESIAN_POINT ( 'NONE',  ( 23.74915021617268351, 20.08457154396491617, 32.50402161106875809 ) ) ;
#4953 = ORIENTED_EDGE ( 'NONE', *, *, #5707, .T. ) ;
#4954 = DIRECTION ( 'NONE',  ( 0.000000000000000000, -3.994243271293639627E-14, 1.000000000000000000 ) ) ;
#4955 = ORIENTED_EDGE ( 'NONE', *, *, #4514, .T. ) ;
#4956 = CYLINDRICAL_SURFACE ( 'NONE', #5992, 2.000000000000000000 ) ;
#4957 = LINE ( 'NONE', #1971, #2948 ) ;
#4958 = CARTESIAN_POINT ( 'NONE',  ( 25.00000000000000000, 14.95656201026634946, 3.000000000000000000 ) ) ;
#4959 = DIRECTION ( 'NONE',  ( 0.000000000000000000, 0.000000000000000000, 1.000000000000000000 ) ) ;
#4960 = DIRECTION ( 'NONE',  ( 0.000000000000000000, -1.000000000000000000, -1.341519488088333655E-13 ) ) ;
#4961 = CARTESIAN_POINT ( 'NONE',  ( 22.48754491882241169, 14.99999999999999822, -32.29647435897435770 ) ) ;
#4962 = ORIENTED_EDGE ( 'NONE', *, *, #578, .T. ) ;
#4963 = EDGE_CURVE ( 'NONE', #3970, #1208, #1120, .T. ) ;
#4964 = ADVANCED_FACE ( 'NONE', ( #2150 ), #62, .T. ) ;
#4965 = ADVANCED_FACE ( 'NONE', ( #1558 ), #2586, .T. ) ;
#4966 = AXIS2_PLACEMENT_3D ( 'NONE', #3899, #3441, #5458 ) ;
#4967 = CYLINDRICAL_SURFACE ( 'NONE', #3819, 1.999999999999998668 ) ;
#4968 = ORIENTED_EDGE ( 'NONE', *, *, #6492, .F. ) ;
#4969 = DIRECTION ( 'NONE',  ( -1.000000000000000000, 0.000000000000000000, 0.000000000000000000 ) ) ;
#4970 = CARTESIAN_POINT ( 'NONE',  ( -14.99999999999999645, 17.96677295205778435, -3.000000000000000444 ) ) ;
#4971 = DIRECTION ( 'NONE',  ( 0.000000000000000000, -0.9544310665531305915, 0.2984314648261028879 ) ) ;
#4972 = AXIS2_PLACEMENT_3D ( 'NONE', #1687, #153, #3311 ) ;
#4973 = CIRCLE ( 'NONE', #3052, 135.4651084882032137 ) ;
#4974 = LINE ( 'NONE', #4911, #4018 ) ;
#4975 = ORIENTED_EDGE ( 'NONE', *, *, #4613, .F. ) ;
#4976 =( GEOMETRIC_REPRESENTATION_CONTEXT ( 3 ) GLOBAL_UNCERTAINTY_ASSIGNED_CONTEXT ( ( #2342 ) ) GLOBAL_UNIT_ASSIGNED_CONTEXT ( ( #5246, #2543, #2050 ) ) REPRESENTATION_CONTEXT ( 'NONE', 'WORKASPACE' ) );
#4977 = DIRECTION ( 'NONE',  ( -0.000000000000000000, 0.000000000000000000, 1.000000000000000000 ) ) ;
#4978 = DIRECTION ( 'NONE',  ( 0.000000000000000000, 1.000000000000000000, -0.000000000000000000 ) ) ;
#4979 = CARTESIAN_POINT ( 'NONE',  ( 23.67287660256410575, 20.09640605460910479, 32.48517628205127750 ) ) ;
#4980 = ORIENTED_EDGE ( 'NONE', *, *, #109, .F. ) ;
#4981 = DIRECTION ( 'NONE',  ( 1.000000000000000000, 0.000000000000000000, 0.000000000000000000 ) ) ;
#4982 = DIRECTION ( 'NONE',  ( -1.000000000000000000, 0.000000000000000000, 0.000000000000000000 ) ) ;
#4983 = DIRECTION ( 'NONE',  ( -1.000000000000000000, 0.000000000000000000, 0.000000000000000000 ) ) ;
#4984 = ORIENTED_EDGE ( 'NONE', *, *, #914, .F. ) ;
#4985 = DIRECTION ( 'NONE',  ( 0.000000000000000000, -0.3233786518374578423, -0.9462696484278613207 ) ) ;
#4986 = EDGE_CURVE ( 'NONE', #2766, #2462, #5713, .T. ) ;
#4987 = ORIENTED_EDGE ( 'NONE', *, *, #2718, .F. ) ;
#4988 = DIRECTION ( 'NONE',  ( -0.000000000000000000, 1.000000000000000000, -0.000000000000000000 ) ) ;
#4989 = VECTOR ( 'NONE', #1517, 1000.000000000000000 ) ;
#4990 = CYLINDRICAL_SURFACE ( 'NONE', #3579, 1.199999999999987521 ) ;
#4991 = CARTESIAN_POINT ( 'NONE',  ( 22.74879807692308020, 14.99999999999999822, 34.32211538461537970 ) ) ;
#4992 = DIRECTION ( 'NONE',  ( 1.000000000000000000, 0.000000000000000000, 0.000000000000000000 ) ) ;
#4993 = FACE_OUTER_BOUND ( 'NONE', #3058, .T. ) ;
#4994 = VERTEX_POINT ( 'NONE', #554 ) ;
#4995 = AXIS2_PLACEMENT_3D ( 'NONE', #6399, #813, #3804 ) ;
#4996 = ORIENTED_EDGE ( 'NONE', *, *, #859, .T. ) ;
#4997 = LINE ( 'NONE', #17, #5274 ) ;
#4998 = ADVANCED_FACE ( 'NONE', ( #2651 ), #4709, .T. ) ;
#4999 = DIRECTION ( 'NONE',  ( 0.000000000000000000, 0.000000000000000000, 1.000000000000000000 ) ) ;
#5000 = VECTOR ( 'NONE', #5462, 1000.000000000000000 ) ;
#5001 = CARTESIAN_POINT ( 'NONE',  ( 24.06051827766080820, 14.99999999999999822, 33.28887366195070996 ) ) ;
#5002 = PLANE ( 'NONE',  #5285 ) ;
#5003 = ORIENTED_EDGE ( 'NONE', *, *, #3962, .F. ) ;
#5004 = AXIS2_PLACEMENT_3D ( 'NONE', #2187, #1196, #104 ) ;
#5005 = DIRECTION ( 'NONE',  ( 1.000000000000000000, 0.000000000000000000, 0.000000000000000000 ) ) ;
#5006 = EDGE_CURVE ( 'NONE', #3304, #5419, #4114, .T. ) ;
#5007 = CARTESIAN_POINT ( 'NONE',  ( -65.00000000000000000, -8.489700925448564917, -58.09686292965156440 ) ) ;
#5008 = ORIENTED_EDGE ( 'NONE', *, *, #838, .F. ) ;
#5009 = LINE ( 'NONE', #5036, #2492 ) ;
#5010 = AXIS2_PLACEMENT_3D ( 'NONE', #841, #4427, #5954 ) ;
#5011 = CARTESIAN_POINT ( 'NONE',  ( 65.00000000000000000, -33.26355396554212973, -31.15366984932444083 ) ) ;
#5012 = CARTESIAN_POINT ( 'NONE',  ( 23.82210028221257048, 20.08457154396490907, 32.53048121189239339 ) ) ;
#5013 = EDGE_LOOP ( 'NONE', ( #4625, #1379, #3673, #2308 ) ) ;
#5014 = FACE_OUTER_BOUND ( 'NONE', #156, .T. ) ;
#5015 = ORIENTED_EDGE ( 'NONE', *, *, #1987, .T. ) ;
#5016 = CARTESIAN_POINT ( 'NONE',  ( 65.00000000000000000, -29.56305173215165638, -21.10256181957628385 ) ) ;
#5017 = DIRECTION ( 'NONE',  ( -0.000000000000000000, 1.000000000000000000, -0.000000000000000000 ) ) ;
#5018 = CARTESIAN_POINT ( 'NONE',  ( 23.91069709666075127, 14.99999999999999467, 33.76204795069323694 ) ) ;
#5019 = LINE ( 'NONE', #2561, #6274 ) ;
#5020 = ADVANCED_FACE ( 'NONE', ( #6185 ), #579, .F. ) ;
#5021 = DIRECTION ( 'NONE',  ( -0.000000000000000000, 1.000000000000000000, -0.000000000000000000 ) ) ;
#5022 = EDGE_LOOP ( 'NONE', ( #5840, #904, #1626, #4528, #4354, #2143 ) ) ;
#5023 = ADVANCED_FACE ( 'NONE', ( #3637 ), #84, .T. ) ;
#5024 = EDGE_LOOP ( 'NONE', ( #339, #5112, #3554, #3910 ) ) ;
#5025 = EDGE_CURVE ( 'NONE', #4874, #3162, #6474, .T. ) ;
#5026 = LINE ( 'NONE', #2912, #3265 ) ;
#5027 = VECTOR ( 'NONE', #3745, 1000.000000000000000 ) ;
#5028 = VECTOR ( 'NONE', #4891, 999.9999999999998863 ) ;
#5029 = EDGE_LOOP ( 'NONE', ( #251, #4729, #4396, #969 ) ) ;
#5030 = CARTESIAN_POINT ( 'NONE',  ( 24.07390055507206839, 14.99999999999999467, 34.07384380328153384 ) ) ;
#5031 = VECTOR ( 'NONE', #826, 1000.000000000000000 ) ;
#5032 = VERTEX_POINT ( 'NONE', #5060 ) ;
#5033 = CARTESIAN_POINT ( 'NONE',  ( -126.5489894022228441, -46.12443660629851649, 10.62080409351411348 ) ) ;
#5034 = PLANE ( 'NONE',  #6352 ) ;
#5035 = ORIENTED_EDGE ( 'NONE', *, *, #818, .T. ) ;
#5036 = CARTESIAN_POINT ( 'NONE',  ( 32.00000000000000000, -33.06546114089393740, -20.43926113024363289 ) ) ;
#5037 = EDGE_CURVE ( 'NONE', #4128, #5888, #1013, .T. ) ;
#5038 = DIRECTION ( 'NONE',  ( -1.000000000000000000, 0.000000000000000000, 0.000000000000000000 ) ) ;
#5039 = CARTESIAN_POINT ( 'NONE',  ( 24.33023030094920358, 20.08457154396490907, 33.05675871801665977 ) ) ;
#5040 = ORIENTED_EDGE ( 'NONE', *, *, #4241, .F. ) ;
#5041 = DIRECTION ( 'NONE',  ( 1.000000000000000000, -0.000000000000000000, -0.000000000000000000 ) ) ;
#5042 = VERTEX_POINT ( 'NONE', #145 ) ;
#5043 = DIRECTION ( 'NONE',  ( 1.000000000000000000, 0.000000000000000000, 0.000000000000000000 ) ) ;
#5044 = EDGE_CURVE ( 'NONE', #2789, #1996, #2544, .T. ) ;
#5045 = DIRECTION ( 'NONE',  ( 1.000000000000000000, 0.000000000000000000, 0.000000000000000000 ) ) ;
#5046 = CARTESIAN_POINT ( 'NONE',  ( 24.06059888706763772, 14.99999999999999112, 33.45883027859735392 ) ) ;
#5047 = CARTESIAN_POINT ( 'NONE',  ( 32.00000000000000000, -27.72073151119485246, -18.72289836829792975 ) ) ;
#5048 = CIRCLE ( 'NONE', #171, 135.5034452694893616 ) ;
#5049 = DIRECTION ( 'NONE',  ( 0.000000000000000000, 0.000000000000000000, 1.000000000000000000 ) ) ;
#5050 = FACE_BOUND ( 'NONE', #6269, .T. ) ;
#5051 = ADVANCED_FACE ( 'NONE', ( #117 ), #5653, .T. ) ;
#5052 = EDGE_LOOP ( 'NONE', ( #6262, #5708, #6083, #6154 ) ) ;
#5053 = AXIS2_PLACEMENT_3D ( 'NONE', #1033, #2072, #5545 ) ;
#5054 = ORIENTED_EDGE ( 'NONE', *, *, #734, .T. ) ;
#5055 = CARTESIAN_POINT ( 'NONE',  ( 65.00000000000000000, -68.86287961478693376, 41.56546805271762679 ) ) ;
#5056 = ORIENTED_EDGE ( 'NONE', *, *, #1317, .T. ) ;
#5057 = CARTESIAN_POINT ( 'NONE',  ( -32.00000000000000000, -8.894977061327246304, 46.66285503034586668 ) ) ;
#5058 = CARTESIAN_POINT ( 'NONE',  ( 23.47551371982912727, 15.00000000000000533, 32.81130603557662084 ) ) ;
#5059 = VECTOR ( 'NONE', #3724, 1000.000000000000000 ) ;
#5060 = CARTESIAN_POINT ( 'NONE',  ( -32.00000000000000000, -28.44884186725240838, 3.999999999988530064 ) ) ;
#5061 = VERTEX_POINT ( 'NONE', #22 ) ;
#5062 = DIRECTION ( 'NONE',  ( 1.000000000000000000, 0.000000000000000000, 0.000000000000000000 ) ) ;
#5063 = VECTOR ( 'NONE', #6410, 1000.000000000000000 ) ;
#5064 = DIRECTION ( 'NONE',  ( 0.000000000000000000, 0.000000000000000000, 1.000000000000000000 ) ) ;
#5065 = AXIS2_PLACEMENT_3D ( 'NONE', #2886, #193, #1793 ) ;
#5066 = ORIENTED_EDGE ( 'NONE', *, *, #4390, .F. ) ;
#5067 = DIRECTION ( 'NONE',  ( 1.000000000000000000, 0.000000000000000000, -0.000000000000000000 ) ) ;
#5068 = EDGE_CURVE ( 'NONE', #363, #1257, #5591, .T. ) ;
#5069 = DIRECTION ( 'NONE',  ( -1.000000000000000000, 0.000000000000000000, 0.000000000000000000 ) ) ;
#5070 = AXIS2_PLACEMENT_3D ( 'NONE', #4532, #1167, #2575 ) ;
#5071 = CONICAL_SURFACE ( 'NONE', #6559, 2.200000000000000622, 0.7853981633974447263 ) ;
#5072 = EDGE_CURVE ( 'NONE', #6398, #267, #2171, .T. ) ;
#5073 = CARTESIAN_POINT ( 'NONE',  ( 24.37820512820513130, 14.99999999999999822, 33.37349759615384670 ) ) ;
#5074 = EDGE_CURVE ( 'NONE', #3145, #1236, #1484, .T. ) ;
#5075 = ORIENTED_EDGE ( 'NONE', *, *, #6244, .F. ) ;
#5077 = ADVANCED_FACE ( 'NONE', ( #3570 ), #3606, .T. ) ;
#5076 = CARTESIAN_POINT ( 'NONE',  ( 24.65078282591780479, -111.4976334394454369, -1.528915308921869618E-14 ) ) ;
#5078 = ORIENTED_EDGE ( 'NONE', *, *, #4963, .F. ) ;
#5079 = LINE ( 'NONE', #5016, #1213 ) ;
#5080 = EDGE_CURVE ( 'NONE', #1929, #5295, #5128, .T. ) ;
#5081 = FACE_OUTER_BOUND ( 'NONE', #3258, .T. ) ;
#5082 = DIRECTION ( 'NONE',  ( 0.000000000000000000, -1.000000000000000000, 0.000000000000000000 ) ) ;
#5083 = DIRECTION ( 'NONE',  ( -0.000000000000000000, 1.000000000000000000, -0.000000000000000000 ) ) ;
#5084 = DIRECTION ( 'NONE',  ( 0.000000000000000000, 0.000000000000000000, 1.000000000000000000 ) ) ;
#5085 = CYLINDRICAL_SURFACE ( 'NONE', #6008, 135.6295211195206889 ) ;
#5086 = VECTOR ( 'NONE', #3704, 1000.000000000000000 ) ;
#5087 = ORIENTED_EDGE ( 'NONE', *, *, #1019, .F. ) ;
#5088 = EDGE_CURVE ( 'NONE', #1266, #16, #3668, .T. ) ;
#5089 = ADVANCED_FACE ( 'NONE', ( #4634 ), #2113, .T. ) ;
#5090 = AXIS2_PLACEMENT_3D ( 'NONE', #2222, #4384, #266 ) ;
#5091 =( BOUNDED_CURVE ( )  B_SPLINE_CURVE ( 3, ( #806, #4828, #5388, #5858 ),
 .UNSPECIFIED., .F., .T. ) 
 B_SPLINE_CURVE_WITH_KNOTS ( ( 4, 4 ),
 ( 4.712388980384689674, 6.283185307179586232 ),
 .UNSPECIFIED. ) 
 CURVE ( )  GEOMETRIC_REPRESENTATION_ITEM ( )  RATIONAL_B_SPLINE_CURVE ( ( 1.000000000000000000, 0.8047378541243649375, 0.8047378541243649375, 1.000000000000000000 ) ) 
 REPRESENTATION_ITEM ( '' )  );
#5092 = ORIENTED_EDGE ( 'NONE', *, *, #3228, .T. ) ;
#5093 = ORIENTED_EDGE ( 'NONE', *, *, #5761, .F. ) ;
#5094 = CARTESIAN_POINT ( 'NONE',  ( -14.99999999999999645, -117.4469470763954178, 0.000000000000000000 ) ) ;
#5095 = DIRECTION ( 'NONE',  ( 0.000000000000000000, 0.000000000000000000, 1.000000000000000000 ) ) ;
#5096 = ORIENTED_EDGE ( 'NONE', *, *, #2010, .T. ) ;
#5097 = CARTESIAN_POINT ( 'NONE',  ( 24.03465544871795245, 14.99999999999999822, 35.93750000000000000 ) ) ;
#5098 = EDGE_CURVE ( 'NONE', #4227, #2851, #5189, .T. ) ;
#5099 = FACE_OUTER_BOUND ( 'NONE', #3949, .T. ) ;
#5100 = ADVANCED_FACE ( 'NONE', ( #5099 ), #544, .T. ) ;
#5101 = CARTESIAN_POINT ( 'NONE',  ( 25.00000000000000000, -3.000000000000038636, 67.50000000000000000 ) ) ;
#5102 = CARTESIAN_POINT ( 'NONE',  ( 22.17344235471984959, 19.28985554039353190, -35.43750000000000000 ) ) ;
#5103 = ORIENTED_EDGE ( 'NONE', *, *, #2297, .T. ) ;
#5104 = CARTESIAN_POINT ( 'NONE',  ( 24.90336947669798562, 14.99999999999999822, 13.31249999999998579 ) ) ;
#5105 = FACE_OUTER_BOUND ( 'NONE', #3610, .T. ) ;
#5106 = VECTOR ( 'NONE', #4909, 1000.000000000000114 ) ;
#5107 = EDGE_CURVE ( 'NONE', #1204, #2722, #4104, .T. ) ;
#5108 = DIRECTION ( 'NONE',  ( -1.000000000000000000, -0.000000000000000000, 0.000000000000000000 ) ) ;
#5109 = ORIENTED_EDGE ( 'NONE', *, *, #2612, .T. ) ;
#5110 = CARTESIAN_POINT ( 'NONE',  ( 22.21106178439029222, 14.99999999999999822, 13.31249999999998579 ) ) ;
#5111 = AXIS2_PLACEMENT_3D ( 'NONE', #64, #2711, #1122 ) ;
#5112 = ORIENTED_EDGE ( 'NONE', *, *, #818, .F. ) ;
#5113 = CARTESIAN_POINT ( 'NONE',  ( -21.00000000000000000, 18.00000036777663226, -2.999999999999999556 ) ) ;
#5114 = PLANE ( 'NONE',  #1777 ) ;
#5115 = CARTESIAN_POINT ( 'NONE',  ( 23.60674915467663837, 19.30121669454344868, 35.39993396866348263 ) ) ;
#5116 = LINE ( 'NONE', #4717, #1508 ) ;
#5117 = FACE_OUTER_BOUND ( 'NONE', #3771, .T. ) ;
#5118 = CARTESIAN_POINT ( 'NONE',  ( 24.33668026181524269, 14.99999999999999822, -11.01762820512820262 ) ) ;
#5119 = ORIENTED_EDGE ( 'NONE', *, *, #3085, .F. ) ;
#5120 = CIRCLE ( 'NONE', #2275, 1.199999999999989297 ) ;
#5121 = ORIENTED_EDGE ( 'NONE', *, *, #1, .F. ) ;
#5122 = VERTEX_POINT ( 'NONE', #3802 ) ;
#5123 = CARTESIAN_POINT ( 'NONE',  ( -26.00000000000000000, 21.00290591502195525, -1.199999999999991074 ) ) ;
#5124 = DIRECTION ( 'NONE',  ( 1.121945077944385777E-15, -0.3233786518374721641, -0.9462696484278564357 ) ) ;
#5125 = ORIENTED_EDGE ( 'NONE', *, *, #1441, .T. ) ;
#5126 = CARTESIAN_POINT ( 'NONE',  ( 23.34910410817552773, 14.99999999999998046, 34.31518617398618431 ) ) ;
#5127 = ADVANCED_FACE ( 'NONE', ( #5325 ), #4333, .T. ) ;
#5128 = LINE ( 'NONE', #3134, #2866 ) ;
#5129 = AXIS2_PLACEMENT_3D ( 'NONE', #3184, #105, #5084 ) ;
#5130 = ADVANCED_FACE ( 'NONE', ( #279 ), #3338, .F. ) ;
#5131 = ORIENTED_EDGE ( 'NONE', *, *, #4560, .T. ) ;
#5132 = AXIS2_PLACEMENT_3D ( 'NONE', #5094, #3632, #4598 ) ;
#5133 = CARTESIAN_POINT ( 'NONE',  ( 65.00000000000000000, -61.47290323669137990, 57.00529477230578124 ) ) ;
#5134 = CARTESIAN_POINT ( 'NONE',  ( 22.54180846694344709, 23.68543141577780275, -9.312499999999998224 ) ) ;
#5135 = EDGE_CURVE ( 'NONE', #2739, #3695, #3394, .T. ) ;
#5136 = ORIENTED_EDGE ( 'NONE', *, *, #3898, .F. ) ;
#5137 = DIRECTION ( 'NONE',  ( -0.000000000000000000, -0.3357577272191316076, 0.9419483789532433482 ) ) ;
#5138 = VECTOR ( 'NONE', #3717, 1000.000000000000000 ) ;
#5139 = CARTESIAN_POINT ( 'NONE',  ( -65.00000000000000000, -10.39856305855431629, -59.49999999999936051 ) ) ;
#5140 = CARTESIAN_POINT ( 'NONE',  ( -32.00000000000000000, -15.99999999999620393, 67.49999999999792522 ) ) ;
#5141 = ORIENTED_EDGE ( 'NONE', *, *, #335, .T. ) ;
#5142 = PLANE ( 'NONE',  #5111 ) ;
#5143 = ORIENTED_EDGE ( 'NONE', *, *, #865, .F. ) ;
#5144 = CARTESIAN_POINT ( 'NONE',  ( -34.00000000000000000, -8.928433764235292003, -61.49999999999898392 ) ) ;
#5145 = PLANE ( 'NONE',  #2518 ) ;
#5146 = CARTESIAN_POINT ( 'NONE',  ( -14.99999999999999467, -50.00000000000000000, 52.24999999999999289 ) ) ;
#5147 = CARTESIAN_POINT ( 'NONE',  ( -65.00000000000000000, -9.985710447137376988, 56.49999999998851763 ) ) ;
#5148 = EDGE_LOOP ( 'NONE', ( #6098, #3037, #674, #1010 ) ) ;
#5149 = VERTEX_POINT ( 'NONE', #2276 ) ;
#5150 = ORIENTED_EDGE ( 'NONE', *, *, #3660, .T. ) ;
#5151 = EDGE_CURVE ( 'NONE', #2974, #3145, #847, .T. ) ;
#5152 = LINE ( 'NONE', #4192, #4817 ) ;
#5153 = CARTESIAN_POINT ( 'NONE',  ( -34.00000000000000000, -5.433134719346973895, 43.72801895767194225 ) ) ;
#5154 = AXIS2_PLACEMENT_3D ( 'NONE', #3333, #5356, #807 ) ;
#5155 = ORIENTED_EDGE ( 'NONE', *, *, #2128, .F. ) ;
#5156 = ADVANCED_FACE ( 'NONE', ( #4263 ), #5220, .F. ) ;
#5157 = CARTESIAN_POINT ( 'NONE',  ( -34.00000000000000000, -9.985710447137384094, 58.49999999998851763 ) ) ;
#5158 = CARTESIAN_POINT ( 'NONE',  ( 23.83369876497625839, 14.99999999999999822, -31.93749999999999289 ) ) ;
#5159 = ORIENTED_EDGE ( 'NONE', *, *, #1438, .T. ) ;
#5160 = FACE_OUTER_BOUND ( 'NONE', #5024, .T. ) ;
#5161 = CARTESIAN_POINT ( 'NONE',  ( -32.00000000000000000, -7.999999999995562661, -67.49999999997872635 ) ) ;
#5162 = ORIENTED_EDGE ( 'NONE', *, *, #614, .T. ) ;
#5163 = CARTESIAN_POINT ( 'NONE',  ( 22.17948717948718240, 19.15335114793337112, 35.93750000000000000 ) ) ;
#5164 = VECTOR ( 'NONE', #999, 1000.000000000000000 ) ;
#5165 = CARTESIAN_POINT ( 'NONE',  ( -65.00000000000000000, -28.44884186725240838, 3.958632471878713144 ) ) ;
#5166 = EDGE_CURVE ( 'NONE', #3065, #2083, #4032, .T. ) ;
#5167 = CIRCLE ( 'NONE', #1896, 2.000000000000000000 ) ;
#5168 = CIRCLE ( 'NONE', #6129, 2.000000000000001776 ) ;
#5169 = CARTESIAN_POINT ( 'NONE',  ( 32.00000000000000000, -59.99999999999555911, 67.49999999999826628 ) ) ;
#5170 = ORIENTED_EDGE ( 'NONE', *, *, #6534, .T. ) ;
#5171 = DIRECTION ( 'NONE',  ( -0.000000000000000000, 1.000000000000000000, -0.000000000000000000 ) ) ;
#5172 = ORIENTED_EDGE ( 'NONE', *, *, #2860, .T. ) ;
#5173 = DIRECTION ( 'NONE',  ( -1.000000000000000000, 0.000000000000000000, 0.000000000000000000 ) ) ;
#5174 = DIRECTION ( 'NONE',  ( 0.000000000000000000, 9.637352644315595243E-17, -1.000000000000000000 ) ) ;
#5175 = VECTOR ( 'NONE', #3239, 1000.000000000000000 ) ;
#5176 = EDGE_CURVE ( 'NONE', #1595, #2397, #745, .T. ) ;
#5177 = CARTESIAN_POINT ( 'NONE',  ( -34.00000000000000000, -3.906345701530325343, -43.43856737323228856 ) ) ;
#5178 = CARTESIAN_POINT ( 'NONE',  ( 32.00000000000000000, -37.96484202435856758, -30.34451612687654887 ) ) ;
#5179 = LINE ( 'NONE', #2659, #4906 ) ;
#5180 = ORIENTED_EDGE ( 'NONE', *, *, #83, .F. ) ;
#5181 = ORIENTED_EDGE ( 'NONE', *, *, #5098, .T. ) ;
#5182 = VERTEX_POINT ( 'NONE', #5360 ) ;
#5183 = AXIS2_PLACEMENT_3D ( 'NONE', #6219, #5720, #4230 ) ;
#5184 = CARTESIAN_POINT ( 'NONE',  ( -32.00000000000000000, -13.28826722816040018, 60.49999999998851763 ) ) ;
#5185 = CARTESIAN_POINT ( 'NONE',  ( -32.00000000000000000, -22.99999999999562306, -65.49999999997928057 ) ) ;
#5186 = ORIENTED_EDGE ( 'NONE', *, *, #1073, .F. ) ;
#5187 = DIRECTION ( 'NONE',  ( -0.000000000000000000, 1.000000000000000000, -0.000000000000000000 ) ) ;
#5188 = CIRCLE ( 'NONE', #319, 1.199999999999987521 ) ;
#5189 = LINE ( 'NONE', #3071, #4989 ) ;
#5190 = ORIENTED_EDGE ( 'NONE', *, *, #5270, .F. ) ;
#5191 = ADVANCED_FACE ( 'NONE', ( #1679 ), #5792, .T. ) ;
#5192 = CARTESIAN_POINT ( 'NONE',  ( 23.69912676767624049, 15.00000000000000888, 33.89918858682053582 ) ) ;
#5193 = DIRECTION ( 'NONE',  ( -1.147093907594477882E-15, 0.4718612443555699754, 0.8816728225794494556 ) ) ;
#5194 = ORIENTED_EDGE ( 'NONE', *, *, #4100, .F. ) ;
#5195 = DIRECTION ( 'NONE',  ( -0.000000000000000000, 0.000000000000000000, -1.000000000000000000 ) ) ;
#5196 = CARTESIAN_POINT ( 'NONE',  ( -65.00000000000000000, -3.549237961440490974, 44.39953441211021357 ) ) ;
#5197 = EDGE_CURVE ( 'NONE', #2599, #3406, #3767, .T. ) ;
#5198 = DIRECTION ( 'NONE',  ( -0.000000000000000000, 1.000000000000000000, -0.000000000000000000 ) ) ;
#5199 = VERTEX_POINT ( 'NONE', #1242 ) ;
#5200 = CARTESIAN_POINT ( 'NONE',  ( -32.00000000000000000, -7.999999999995562661, -67.49999999997872635 ) ) ;
#5201 = AXIS2_PLACEMENT_3D ( 'NONE', #6000, #4043, #5562 ) ;
#5202 = VERTEX_POINT ( 'NONE', #4832 ) ;
#5203 = DIRECTION ( 'NONE',  ( 0.000000000000000000, -1.000000000000000000, -2.550043509689551597E-13 ) ) ;
#5204 = AXIS2_PLACEMENT_3D ( 'NONE', #5897, #5367, #1783 ) ;
#5205 = DIRECTION ( 'NONE',  ( 0.000000000000000000, -0.3947769709605463140, 0.9187769822972362554 ) ) ;
#5206 = DIRECTION ( 'NONE',  ( 0.000000000000000000, 0.000000000000000000, 1.000000000000000000 ) ) ;
#5207 = AXIS2_PLACEMENT_3D ( 'NONE', #3460, #157, #3584 ) ;
#5208 = CARTESIAN_POINT ( 'NONE',  ( -26.00000000000000000, 5.859598249176485751, 56.07296202289150244 ) ) ;
#5209 = CARTESIAN_POINT ( 'NONE',  ( 15.00000000000000000, 5.014924930574539808, 10.00000000000000000 ) ) ;
#5210 = ORIENTED_EDGE ( 'NONE', *, *, #3070, .T. ) ;
#5211 = VECTOR ( 'NONE', #3262, 1000.000000000000000 ) ;
#5212 = CARTESIAN_POINT ( 'NONE',  ( -32.00000000000000000, -179.8521528752048084, -1.559876379624643847E-14 ) ) ;
#5213 = VERTEX_POINT ( 'NONE', #3836 ) ;
#5214 = ORIENTED_EDGE ( 'NONE', *, *, #359, .T. ) ;
#5215 = CARTESIAN_POINT ( 'NONE',  ( -33.45799395195182768, -12.59507039866054257, 58.55645769423682623 ) ) ;
#5216 = CARTESIAN_POINT ( 'NONE',  ( 25.00000000000000000, -126.4501835576286624, 8.448105686686514324E-15 ) ) ;
#5217 = ORIENTED_EDGE ( 'NONE', *, *, #3690, .F. ) ;
#5218 = CARTESIAN_POINT ( 'NONE',  ( 65.00000000000000000, -46.02440725896951790, 8.677372580052249873 ) ) ;
#5219 = AXIS2_PLACEMENT_3D ( 'NONE', #181, #119, #672 ) ;
#5220 = CYLINDRICAL_SURFACE ( 'NONE', #622, 1.999999999999999778 ) ;
#5221 = VERTEX_POINT ( 'NONE', #1778 ) ;
#5222 = DIRECTION ( 'NONE',  ( 0.000000000000000000, -0.3947769709605393751, 0.9187769822972391420 ) ) ;
#5223 = CARTESIAN_POINT ( 'NONE',  ( 23.69848322670094731, 15.00000000000000178, 32.49150304741685602 ) ) ;
#5224 = EDGE_LOOP ( 'NONE', ( #3330, #4015, #6457 ) ) ;
#5225 = LINE ( 'NONE', #2584, #2392 ) ;
#5226 = DIRECTION ( 'NONE',  ( 0.000000000000000000, 0.000000000000000000, 1.000000000000000000 ) ) ;
#5227 = CIRCLE ( 'NONE', #1424, 2.000000000000000444 ) ;
#5228 = VERTEX_POINT ( 'NONE', #1312 ) ;
#5229 = DIRECTION ( 'NONE',  ( -1.000000000000000000, -0.000000000000000000, 0.000000000000000000 ) ) ;
#5230 = CARTESIAN_POINT ( 'NONE',  ( 24.42307692307692690, 14.99999999999999822, 35.93750000000000000 ) ) ;
#5231 = ADVANCED_FACE ( 'NONE', ( #1279 ), #3737, .F. ) ;
#5232 = VERTEX_POINT ( 'NONE', #5253 ) ;
#5233 = DIRECTION ( 'NONE',  ( -1.000000000000000000, -0.000000000000000000, 0.000000000000000000 ) ) ;
#5234 = VECTOR ( 'NONE', #2126, 1000.000000000000000 ) ;
#5235 = ORIENTED_EDGE ( 'NONE', *, *, #4394, .F. ) ;
#5236 = DIRECTION ( 'NONE',  ( 0.000000000000000000, 0.3233786518374752728, 0.9462696484278554365 ) ) ;
#5237 = EDGE_CURVE ( 'NONE', #5904, #1615, #2738, .T. ) ;
#5238 = CARTESIAN_POINT ( 'NONE',  ( 21.00000000000000000, 5.848221124615166744, 56.07296202474786639 ) ) ;
#5239 = AXIS2_PLACEMENT_3D ( 'NONE', #1556, #675, #3077 ) ;
#5240 = CARTESIAN_POINT ( 'NONE',  ( -32.00000000000000000, -179.8521528751610390, -1.054017984003507991E-11 ) ) ;
#5241 = ORIENTED_EDGE ( 'NONE', *, *, #2442, .F. ) ;
#5242 = DIRECTION ( 'NONE',  ( -0.000000000000000000, 0.9402861980684312782, -0.3403848788092893596 ) ) ;
#5243 = VERTEX_POINT ( 'NONE', #315 ) ;
#5244 = ADVANCED_FACE ( 'NONE', ( #2343 ), #2204, .F. ) ;
#5245 = FACE_OUTER_BOUND ( 'NONE', #6011, .T. ) ;
#5246 =( LENGTH_UNIT ( ) NAMED_UNIT ( * ) SI_UNIT ( .MILLI., .METRE. ) );
#5247 = VERTEX_POINT ( 'NONE', #1176 ) ;
#5248 = ORIENTED_EDGE ( 'NONE', *, *, #5528, .F. ) ;
#5249 = DIRECTION ( 'NONE',  ( 1.000000000000000000, 0.000000000000000000, 0.000000000000000000 ) ) ;
#5250 = CYLINDRICAL_SURFACE ( 'NONE', #1729, 7.000000000000000888 ) ;
#5251 = EDGE_LOOP ( 'NONE', ( #1320, #465, #4858, #977, #4467, #3489 ) ) ;
#5252 = FACE_OUTER_BOUND ( 'NONE', #2195, .T. ) ;
#5253 = CARTESIAN_POINT ( 'NONE',  ( 24.99999999999999289, 5.014924930574546025, -10.00000000000000000 ) ) ;
#5254 = ORIENTED_EDGE ( 'NONE', *, *, #2191, .T. ) ;
#5255 = EDGE_CURVE ( 'NONE', #662, #1400, #4762, .T. ) ;
#5256 = PLANE ( 'NONE',  #3851 ) ;
#5257 = DIRECTION ( 'NONE',  ( 0.000000000000000000, -0.3233786518374731633, -0.9462696484278561027 ) ) ;
#5258 = EDGE_LOOP ( 'NONE', ( #2652, #1597 ) ) ;
#5259 = CARTESIAN_POINT ( 'NONE',  ( 15.00000000000000178, -50.00000000000000000, -52.24999999999997868 ) ) ;
#5260 = CIRCLE ( 'NONE', #1984, 135.4469474441720536 ) ;
#5261 = CARTESIAN_POINT ( 'NONE',  ( 23.81916519864437731, 23.50723940092761310, 11.64976373759594530 ) ) ;
#5262 = VERTEX_POINT ( 'NONE', #213 ) ;
#5263 = CARTESIAN_POINT ( 'NONE',  ( 51.00000000000000711, -62.65749631297065747, 27.12348241670559545 ) ) ;
#5264 = DIRECTION ( 'NONE',  ( 0.000000000000000000, -7.282836897992068866E-13, 1.000000000000000000 ) ) ;
#5265 = ORIENTED_EDGE ( 'NONE', *, *, #5533, .T. ) ;
#5266 = PLANE ( 'NONE',  #90 ) ;
#5267 = ORIENTED_EDGE ( 'NONE', *, *, #566, .T. ) ;
#5268 = FACE_OUTER_BOUND ( 'NONE', #1967, .T. ) ;
#5269 = DIRECTION ( 'NONE',  ( 0.000000000000000000, -5.325657695058185853E-15, 1.000000000000000000 ) ) ;
#5270 = EDGE_CURVE ( 'NONE', #4461, #4170, #2241, .T. ) ;
#5271 = AXIS2_PLACEMENT_3D ( 'NONE', #4087, #3050, #3622 ) ;
#5272 = ADVANCED_FACE ( 'NONE', ( #5426 ), #4967, .F. ) ;
#5273 = EDGE_CURVE ( 'NONE', #5999, #3500, #960, .T. ) ;
#5274 = VECTOR ( 'NONE', #1009, 1000.000000000000000 ) ;
#5275 = EDGE_CURVE ( 'NONE', #5407, #2300, #3929, .T. ) ;
#5276 = DIRECTION ( 'NONE',  ( 0.000000000000000000, 1.000000000000000000, 0.000000000000000000 ) ) ;
#5277 = EDGE_CURVE ( 'NONE', #3669, #6104, #2443, .T. ) ;
#5278 = ORIENTED_EDGE ( 'NONE', *, *, #921, .T. ) ;
#5279 = CARTESIAN_POINT ( 'NONE',  ( 24.83185505362106227, 23.35028468928030776, 13.31249999999998579 ) ) ;
#5280 = ORIENTED_EDGE ( 'NONE', *, *, #2471, .T. ) ;
#5281 = VECTOR ( 'NONE', #5309, 1000.000000000000000 ) ;
#5282 = AXIS2_PLACEMENT_3D ( 'NONE', #581, #1618, #1650 ) ;
#5283 = LINE ( 'NONE', #730, #5487 ) ;
#5284 = APPROVAL_ROLE ( '' ) ;
#5285 = AXIS2_PLACEMENT_3D ( 'NONE', #1920, #455, #1318 ) ;
#5286 = ORIENTED_EDGE ( 'NONE', *, *, #1260, .T. ) ;
#5287 = ORIENTED_EDGE ( 'NONE', *, *, #1431, .T. ) ;
#5288 = CARTESIAN_POINT ( 'NONE',  ( 22.17948717948718240, 14.99999999999999822, 32.43749999999999289 ) ) ;
#5289 = CARTESIAN_POINT ( 'NONE',  ( 22.17948717948718240, 14.99999999999999822, 32.43749999999999289 ) ) ;
#5290 = EDGE_CURVE ( 'NONE', #6059, #4564, #1806, .T. ) ;
#5291 = DIRECTION ( 'NONE',  ( 1.000000000000000000, 0.000000000000000000, -0.000000000000000000 ) ) ;
#5292 = ORIENTED_EDGE ( 'NONE', *, *, #1233, .F. ) ;
#5293 = DIRECTION ( 'NONE',  ( 1.000000000000000000, -0.000000000000000000, -0.000000000000000000 ) ) ;
#5294 = CARTESIAN_POINT ( 'NONE',  ( -34.00000000000000000, -9.985710447137376988, 56.49999999998851763 ) ) ;
#5295 = VERTEX_POINT ( 'NONE', #1946 ) ;
#5296 = CARTESIAN_POINT ( 'NONE',  ( 23.65993014208130774, 19.69155878415407201, 33.92022827470741220 ) ) ;
#5297 = CARTESIAN_POINT ( 'NONE',  ( 26.00000000000000000, 5.859598249176485751, -56.07296202289150244 ) ) ;
#5298 = AXIS2_PLACEMENT_3D ( 'NONE', #5294, #6293, #3270 ) ;
#5299 = ORIENTED_EDGE ( 'NONE', *, *, #2238, .T. ) ;
#5300 = LINE ( 'NONE', #284, #1288 ) ;
#5301 = PLANE ( 'NONE',  #2312 ) ;
#5302 = ORIENTED_EDGE ( 'NONE', *, *, #3200, .T. ) ;
#5303 = DIRECTION ( 'NONE',  ( 1.000000000000000000, 0.000000000000000000, 0.000000000000000000 ) ) ;
#5304 = DIRECTION ( 'NONE',  ( -0.000000000000000000, -0.4651525774019363291, -0.8852305235001420858 ) ) ;
#5305 = ORIENTED_EDGE ( 'NONE', *, *, #2217, .F. ) ;
#5306 = CARTESIAN_POINT ( 'NONE',  ( 34.00000000000000000, -51.84896863539253076, 17.16690761165163437 ) ) ;
#5307 = ORIENTED_EDGE ( 'NONE', *, *, #5561, .T. ) ;
#5308 = DIRECTION ( 'NONE',  ( -0.000000000000000000, 0.9402861980684312782, -0.3403848788092893596 ) ) ;
#5309 = DIRECTION ( 'NONE',  ( -1.000000000000000000, 0.000000000000000000, 0.000000000000000000 ) ) ;
#5310 = EDGE_CURVE ( 'NONE', #3145, #1639, #6461, .T. ) ;
#5312 = AXIS2_PLACEMENT_3D ( 'NONE', #5767, #2531, #4239 ) ;
#5311 = LINE ( 'NONE', #1264, #5410 ) ;
#5313 = ORIENTED_EDGE ( 'NONE', *, *, #411, .F. ) ;
#5314 = LINE ( 'NONE', #4353, #6495 ) ;
#5315 = VERTEX_POINT ( 'NONE', #387 ) ;
#5316 = CARTESIAN_POINT ( 'NONE',  ( 23.26179749284657561, 15.00000000000000533, 32.44439444693618668 ) ) ;
#5317 = SHAPE_DEFINITION_REPRESENTATION ( #2296, #1175 ) ;
#5318 = VECTOR ( 'NONE', #1237, 1000.000000000000000 ) ;
#5319 = ORIENTED_EDGE ( 'NONE', *, *, #5151, .F. ) ;
#5320 = EDGE_LOOP ( 'NONE', ( #6062, #4167, #4051, #1985, #3290, #4925 ) ) ;
#5321 = LINE ( 'NONE', #769, #3089 ) ;
#5322 = DIRECTION ( 'NONE',  ( -1.000000000000000000, 0.000000000000000000, 0.000000000000000000 ) ) ;
#5323 = LINE ( 'NONE', #2803, #4203 ) ;
#5324 = ORIENTED_EDGE ( 'NONE', *, *, #3959, .T. ) ;
#5325 = FACE_OUTER_BOUND ( 'NONE', #2013, .T. ) ;
#5326 = ORIENTED_EDGE ( 'NONE', *, *, #3897, .F. ) ;
#5327 = FACE_OUTER_BOUND ( 'NONE', #1969, .T. ) ;
#5328 = CARTESIAN_POINT ( 'NONE',  ( -32.00000000000000000, -31.99999999999558753, 67.49999999999826628 ) ) ;
#5329 = DIRECTION ( 'NONE',  ( -1.000000000000000000, 0.000000000000000000, 0.000000000000000000 ) ) ;
#5330 = ADVANCED_FACE ( 'NONE', ( #3937 ), #5394, .F. ) ;
#5331 = CIRCLE ( 'NONE', #2475, 1.199999999999987521 ) ;
#5332 = DIRECTION ( 'NONE',  ( 0.000000000000000000, 0.9187769822972403633, 0.3947769709605365995 ) ) ;
#5333 = ORIENTED_EDGE ( 'NONE', *, *, #402, .F. ) ;
#5334 = CARTESIAN_POINT ( 'NONE',  ( 22.52516434849285787, 23.59338556965309763, 10.56410256410254611 ) ) ;
#5335 = FACE_OUTER_BOUND ( 'NONE', #6216, .T. ) ;
#5336 = ADVANCED_FACE ( 'NONE', ( #1445 ), #1848, .T. ) ;
#5337 = ORIENTED_EDGE ( 'NONE', *, *, #3534, .T. ) ;
#5338 = LINE ( 'NONE', #4843, #190 ) ;
#5339 = VERTEX_POINT ( 'NONE', #5893 ) ;
#5340 = CARTESIAN_POINT ( 'NONE',  ( 65.00000000000000000, -56.33545039954876188, 12.40998417959844957 ) ) ;
#5341 = DIRECTION ( 'NONE',  ( 1.000000000000000000, -0.000000000000000000, -0.000000000000000000 ) ) ;
#5342 = AXIS2_PLACEMENT_3D ( 'NONE', #4588, #41, #2071 ) ;
#5343 = DIRECTION ( 'NONE',  ( 1.000000000000000000, -0.000000000000000000, -0.000000000000000000 ) ) ;
#5344 = AXIS2_PLACEMENT_3D ( 'NONE', #2888, #2858, #2359 ) ;
#5345 = ORIENTED_EDGE ( 'NONE', *, *, #4626, .F. ) ;
#5346 = DIRECTION ( 'NONE',  ( 0.000000000000000000, 0.000000000000000000, -1.000000000000000000 ) ) ;
#5347 = AXIS2_PLACEMENT_3D ( 'NONE', #5542, #5229, #4552 ) ;
#5348 = EDGE_LOOP ( 'NONE', ( #1538, #2286, #3980, #6413 ) ) ;
#5349 = CARTESIAN_POINT ( 'NONE',  ( 22.49358974358974805, 19.15335114793337112, 35.93750000000000000 ) ) ;
#5350 = PERSON_AND_ORGANIZATION_ROLE ( 'design_supplier' ) ;
#5351 = VECTOR ( 'NONE', #3484, 1000.000000000000000 ) ;
#5352 = VERTEX_POINT ( 'NONE', #4902 ) ;
#5353 = EDGE_LOOP ( 'NONE', ( #5800, #5772, #4660, #1324 ) ) ;
#5354 = CARTESIAN_POINT ( 'NONE',  ( -26.00000000000000000, 23.68543141577780631, -9.312499999999998224 ) ) ;
#5355 = CARTESIAN_POINT ( 'NONE',  ( -32.00000000000000000, -15.99999999999587530, -77.49999999997912425 ) ) ;
#5356 = DIRECTION ( 'NONE',  ( 1.000000000000000000, 0.000000000000000000, 0.000000000000000000 ) ) ;
#5357 = ORIENTED_EDGE ( 'NONE', *, *, #359, .F. ) ;
#5358 = EDGE_CURVE ( 'NONE', #571, #3738, #1345, .T. ) ;
#5359 = EDGE_CURVE ( 'NONE', #5894, #5247, #2410, .T. ) ;
#5360 = CARTESIAN_POINT ( 'NONE',  ( 22.52516434849285787, 23.35028468928021539, 13.31249999999997868 ) ) ;
#5361 = ORIENTED_EDGE ( 'NONE', *, *, #4593, .T. ) ;
#5362 = ADVANCED_FACE ( 'NONE', ( #2378 ), #4402, .F. ) ;
#5363 = DIRECTION ( 'NONE',  ( 0.000000000000000000, 0.000000000000000000, 1.000000000000000000 ) ) ;
#5364 = EDGE_CURVE ( 'NONE', #2246, #5149, #1381, .T. ) ;
#5365 = ADVANCED_FACE ( 'NONE', ( #766 ), #2370, .T. ) ;
#5366 = CARTESIAN_POINT ( 'NONE',  ( 32.00000000000000000, -59.99999999999555911, 67.49999999999826628 ) ) ;
#5367 = DIRECTION ( 'NONE',  ( 1.000000000000000000, 0.000000000000000000, -0.000000000000000000 ) ) ;
#5368 = CARTESIAN_POINT ( 'NONE',  ( -32.00000000000000000, -22.44884186725809627, -31.81205129217411098 ) ) ;
#5369 = ORIENTED_EDGE ( 'NONE', *, *, #1840, .T. ) ;
#5370 = CARTESIAN_POINT ( 'NONE',  ( -65.00000000000000000, -8.754676791739580466, -45.46783294595006453 ) ) ;
#5371 = DIRECTION ( 'NONE',  ( -0.000000000000000000, 0.000000000000000000, 1.000000000000000000 ) ) ;
#5372 = VERTEX_POINT ( 'NONE', #3359 ) ;
#5373 = DIRECTION ( 'NONE',  ( -0.000000000000000000, 1.000000000000000000, -0.000000000000000000 ) ) ;
#5374 = EDGE_LOOP ( 'NONE', ( #6510, #5087, #6325, #1878 ) ) ;
#5375 = DIRECTION ( 'NONE',  ( 0.000000000000000000, 3.035766082959412415E-16, -1.000000000000000000 ) ) ;
#5376 = CARTESIAN_POINT ( 'NONE',  ( -26.00000000000000000, 5.859598249176485751, -56.07296202289150244 ) ) ;
#5377 = LINE ( 'NONE', #1365, #6044 ) ;
#5378 = ORIENTED_EDGE ( 'NONE', *, *, #2236, .F. ) ;
#5379 = FACE_BOUND ( 'NONE', #418, .T. ) ;
#5380 = ORIENTED_EDGE ( 'NONE', *, *, #535, .T. ) ;
#5381 = AXIS2_PLACEMENT_3D ( 'NONE', #2401, #971, #6546 ) ;
#5382 = CARTESIAN_POINT ( 'NONE',  ( -25.00000000000000000, -28.44884186725240838, 0.4999999999885304525 ) ) ;
#5383 = EDGE_CURVE ( 'NONE', #3313, #1929, #6386, .T. ) ;
#5384 = CARTESIAN_POINT ( 'NONE',  ( 23.58229717735678932, 19.86086758453160783, 33.93244227527739554 ) ) ;
#5385 = VERTEX_POINT ( 'NONE', #305 ) ;
#5386 = CARTESIAN_POINT ( 'NONE',  ( 23.23960465769145856, 20.00684559286067810, 32.79668544856368584 ) ) ;
#5387 = VECTOR ( 'NONE', #1491, 1000.000000000000000 ) ;
#5388 = CARTESIAN_POINT ( 'NONE',  ( 32.82842712474619162, -25.43741280912405500, -59.49999999998721734 ) ) ;
#5389 = CYLINDRICAL_SURFACE ( 'NONE', #352, 2.000000000000001776 ) ;
#5390 = AXIS2_PLACEMENT_3D ( 'NONE', #4200, #6192, #5064 ) ;
#5391 = VERTEX_POINT ( 'NONE', #3825 ) ;
#5392 = AXIS2_PLACEMENT_3D ( 'NONE', #1951, #3376, #6498 ) ;
#5393 = VECTOR ( 'NONE', #1749, 1000.000000000000000 ) ;
#5394 = CYLINDRICAL_SURFACE ( 'NONE', #5404, 2.000000000000001776 ) ;
#5395 = ADVANCED_FACE ( 'NONE', ( #4855 ), #6318, .T. ) ;
#5396 = ORIENTED_EDGE ( 'NONE', *, *, #6134, .T. ) ;
#5397 = CARTESIAN_POINT ( 'NONE',  ( 32.00000000000000000, -22.99999999999562306, -77.49999999997912425 ) ) ;
#5398 = CARTESIAN_POINT ( 'NONE',  ( 24.37386973430700721, 15.00000000000000178, 33.51112986865285137 ) ) ;
#5399 = CARTESIAN_POINT ( 'NONE',  ( 32.00000000000000000, -24.11995919263004140, -61.49999999998721734 ) ) ;
#5400 = CYLINDRICAL_SURFACE ( 'NONE', #5392, 2.000000000000000000 ) ;
#5401 = ORIENTED_EDGE ( 'NONE', *, *, #3344, .T. ) ;
#5402 = CARTESIAN_POINT ( 'NONE',  ( 22.27696723310824112, 23.65005808228024975, 9.812499999999985789 ) ) ;
#5403 = FACE_OUTER_BOUND ( 'NONE', #705, .T. ) ;
#5404 = AXIS2_PLACEMENT_3D ( 'NONE', #5960, #6397, #6491 ) ;
#5405 = ORIENTED_EDGE ( 'NONE', *, *, #492, .F. ) ;
#5406 = CARTESIAN_POINT ( 'NONE',  ( 22.17344235471984959, 14.99999999999999822, -35.43750000000000000 ) ) ;
#5407 = VERTEX_POINT ( 'NONE', #2797 ) ;
#5408 = PLANE ( 'NONE',  #671 ) ;
#5409 = DIRECTION ( 'NONE',  ( -0.007658418727764513753, 0.000000000000000000, 0.9999706738812844664 ) ) ;
#5410 = VECTOR ( 'NONE', #6277, 1000.000000000000000 ) ;
#5411 = EDGE_CURVE ( 'NONE', #6332, #2605, #3758, .T. ) ;
#5412 = CARTESIAN_POINT ( 'NONE',  ( 22.87990785256410931, 20.06600999464126645, 32.43749999999999289 ) ) ;
#5413 = EDGE_LOOP ( 'NONE', ( #4980, #1697, #3878, #227 ) ) ;
#5414 = LINE ( 'NONE', #870, #1616 ) ;
#5415 = ORIENTED_EDGE ( 'NONE', *, *, #3086, .F. ) ;
#5416 = LINE ( 'NONE', #1869, #3650 ) ;
#5417 = LINE ( 'NONE', #5916, #2196 ) ;
#5418 = CARTESIAN_POINT ( 'NONE',  ( 24.99999999999999289, -46.12443660629851649, 10.62080409351411348 ) ) ;
#5419 = VERTEX_POINT ( 'NONE', #5815 ) ;
#5420 = CARTESIAN_POINT ( 'NONE',  ( 23.70936452869375088, 20.00684559286067810, 32.86062958243876153 ) ) ;
#5421 = CARTESIAN_POINT ( 'NONE',  ( 21.00000000000000000, 21.00290591502244197, 1.199999999999975309 ) ) ;
#5422 = CARTESIAN_POINT ( 'NONE',  ( -65.00000000000000000, -22.44884186725809627, -31.81205129217410388 ) ) ;
#5423 = EDGE_CURVE ( 'NONE', #746, #4268, #1035, .T. ) ;
#5424 = ORIENTED_EDGE ( 'NONE', *, *, #2741, .F. ) ;
#5425 = AXIS2_PLACEMENT_3D ( 'NONE', #3795, #1273, #3298 ) ;
#5426 = FACE_OUTER_BOUND ( 'NONE', #351, .T. ) ;
#5427 = ORIENTED_EDGE ( 'NONE', *, *, #1753, .F. ) ;
#5428 = ADVANCED_FACE ( 'NONE', ( #5245 ), #4252, .F. ) ;
#5429 = LINE ( 'NONE', #1815, #5842 ) ;
#5430 = AXIS2_PLACEMENT_3D ( 'NONE', #6175, #594, #1129 ) ;
#5431 = VECTOR ( 'NONE', #4150, 1000.000000000000000 ) ;
#5432 = CARTESIAN_POINT ( 'NONE',  ( 24.34714463062696410, 19.86068834797922378, 33.64319075006162763 ) ) ;
#5433 = DIRECTION ( 'NONE',  ( 0.000000000000000000, 0.000000000000000000, 1.000000000000000000 ) ) ;
#5434 = CARTESIAN_POINT ( 'NONE',  ( -65.00000000000000000, -5.417481456783931115, -42.67373430164675341 ) ) ;
#5435 = ORIENTED_EDGE ( 'NONE', *, *, #1575, .T. ) ;
#5436 = LINE ( 'NONE', #1887, #4458 ) ;
#5437 = DIRECTION ( 'NONE',  ( 0.000000000000000000, 0.000000000000000000, -1.000000000000000000 ) ) ;
#5438 = VECTOR ( 'NONE', #6455, 1000.000000000000000 ) ;
#5439 = CARTESIAN_POINT ( 'NONE',  ( 23.01639712548675476, 20.09640605460911189, 32.43795432831981174 ) ) ;
#5440 = EDGE_LOOP ( 'NONE', ( #2684, #159, #4912, #2336, #3428, #5780, #1034, #6524, #894, #5302, #4722 ) ) ;
#5441 = DIRECTION ( 'NONE',  ( 0.000000000000000000, -1.000000000000000000, -1.341519488088333655E-13 ) ) ;
#5442 = CARTESIAN_POINT ( 'NONE',  ( 24.33668026181524624, 23.52738866386677685, -11.37660256410255855 ) ) ;
#5443 = EDGE_CURVE ( 'NONE', #85, #3695, #3327, .T. ) ;
#5444 = FACE_OUTER_BOUND ( 'NONE', #5530, .T. ) ;
#5445 = EDGE_CURVE ( 'NONE', #803, #3619, #4822, .T. ) ;
#5446 = ORIENTED_EDGE ( 'NONE', *, *, #5481, .F. ) ;
#5447 = CARTESIAN_POINT ( 'NONE',  ( 24.99999999999999289, -59.99999999999555911, 67.49999999999826628 ) ) ;
#5448 = ORIENTED_EDGE ( 'NONE', *, *, #2941, .T. ) ;
#5449 = DIRECTION ( 'NONE',  ( 1.000000000000000000, 0.000000000000000000, 0.000000000000000000 ) ) ;
#5450 = LINE ( 'NONE', #908, #3149 ) ;
#5451 = CONICAL_SURFACE ( 'NONE', #6300, 2.200000000000000622, 0.7853981633974518317 ) ;
#5452 = VECTOR ( 'NONE', #5788, 1000.000000000000000 ) ;
#5453 = DIRECTION ( 'NONE',  ( 0.000000000000000000, 0.4489142155455935757, 0.8935748581294599147 ) ) ;
#5454 = LINE ( 'NONE', #2470, #4580 ) ;
#5455 = LINE ( 'NONE', #4554, #6514 ) ;
#5456 = LINE ( 'NONE', #4399, #5472 ) ;
#5457 = VERTEX_POINT ( 'NONE', #5884 ) ;
#5458 = DIRECTION ( 'NONE',  ( 0.000000000000000000, 1.000000000000000000, 1.324458373627596226E-16 ) ) ;
#5459 = ORIENTED_EDGE ( 'NONE', *, *, #3873, .F. ) ;
#5460 = DIRECTION ( 'NONE',  ( -0.000000000000000000, -0.4002777837181105691, -0.9163938541160767670 ) ) ;
#5461 = CARTESIAN_POINT ( 'NONE',  ( 24.37386973430700721, 19.86068834797921667, 33.51112986865285137 ) ) ;
#5462 = DIRECTION ( 'NONE',  ( -0.000000000000000000, -0.3947769709605351562, 0.9187769822972410294 ) ) ;
#5463 = DIRECTION ( 'NONE',  ( 0.000000000000000000, 0.9187769822972358114, 0.3947769709605473687 ) ) ;
#5464 = ORIENTED_EDGE ( 'NONE', *, *, #5775, .F. ) ;
#5465 = CARTESIAN_POINT ( 'NONE',  ( 32.00000000000000000, -24.11995919263003429, -57.49999999998721734 ) ) ;
#5466 = SPHERICAL_SURFACE ( 'NONE', #5970, 2.000000000000000000 ) ;
#5467 = DIRECTION ( 'NONE',  ( 1.000000000000000000, 0.000000000000000000, 0.000000000000000000 ) ) ;
#5468 = VERTEX_POINT ( 'NONE', #5349 ) ;
#5469 = CARTESIAN_POINT ( 'NONE',  ( -26.00000000000000000, 5.859598249176485751, 56.07296202289150244 ) ) ;
#5470 = CARTESIAN_POINT ( 'NONE',  ( 24.83185505362106227, 14.99999999999999822, 13.31249999999998579 ) ) ;
#5471 = CARTESIAN_POINT ( 'NONE',  ( 24.37772755697764282, 20.08457154396490907, 33.34542817048202323 ) ) ;
#5472 = VECTOR ( 'NONE', #912, 1000.000000000000000 ) ;
#5473 = ORIENTED_EDGE ( 'NONE', *, *, #2217, .T. ) ;
#5474 = PLANE ( 'NONE',  #2668 ) ;
#5475 = ORIENTED_EDGE ( 'NONE', *, *, #1962, .T. ) ;
#5476 = DIRECTION ( 'NONE',  ( 0.000000000000000000, 0.000000000000000000, 1.000000000000000000 ) ) ;
#5477 = DIRECTION ( 'NONE',  ( 0.000000000000000000, -1.000000000000000000, 2.312964634635757649E-15 ) ) ;
#5478 = EDGE_CURVE ( 'NONE', #4140, #1434, #1734, .T. ) ;
#5479 = EDGE_CURVE ( 'NONE', #1827, #3351, #5283, .T. ) ;
#5480 = CC_DESIGN_PERSON_AND_ORGANIZATION_ASSIGNMENT ( #236, #5350, ( #95 ) ) ;
#5481 = EDGE_CURVE ( 'NONE', #4934, #6059, #839, .T. ) ;
#5482 = VERTEX_POINT ( 'NONE', #2867 ) ;
#5483 = CARTESIAN_POINT ( 'NONE',  ( -24.99999999999999289, -28.83615154557765692, 52.24999999999999289 ) ) ;
#5484 = CARTESIAN_POINT ( 'NONE',  ( 23.56197924864883220, 19.97094923336031869, 32.82065772750877386 ) ) ;
#5485 = CARTESIAN_POINT ( 'NONE',  ( 24.99999999999999289, -59.99999999999555911, 67.49999999999826628 ) ) ;
#5486 = ORIENTED_EDGE ( 'NONE', *, *, #2089, .F. ) ;
#5487 = VECTOR ( 'NONE', #800, 1000.000000000000000 ) ;
#5488 = VECTOR ( 'NONE', #2184, 1000.000000000000000 ) ;
#5489 = EDGE_CURVE ( 'NONE', #4251, #5032, #4892, .T. ) ;
#5490 = DIRECTION ( 'NONE',  ( 0.000000000000000000, 0.4515846420544729067, 0.8922282841630462258 ) ) ;
#5491 = ORIENTED_EDGE ( 'NONE', *, *, #5615, .F. ) ;
#5492 = LINE ( 'NONE', #509, #27 ) ;
#5493 = DIRECTION ( 'NONE',  ( -1.000000000000000000, -0.000000000000000000, 0.000000000000000000 ) ) ;
#5494 = CARTESIAN_POINT ( 'NONE',  ( 24.04106950913409335, 20.00684559286069231, 33.20721775166309442 ) ) ;
#5495 = LOCAL_TIME ( 10, 47, 46.00000000000000000, #2299 ) ;
#5496 = AXIS2_PLACEMENT_3D ( 'NONE', #3168, #5193, #638 ) ;
#5497 = DIRECTION ( 'NONE',  ( -1.000000000000000000, -0.000000000000000000, -0.000000000000000000 ) ) ;
#5498 = VERTEX_POINT ( 'NONE', #341 ) ;
#5499 = CYLINDRICAL_SURFACE ( 'NONE', #6058, 2.000000000000001776 ) ;
#5500 = AXIS2_PLACEMENT_3D ( 'NONE', #2454, #3479, #459 ) ;
#5501 = LINE ( 'NONE', #5971, #1678 ) ;
#5502 = ORIENTED_EDGE ( 'NONE', *, *, #5277, .F. ) ;
#5503 = DIRECTION ( 'NONE',  ( -1.000000000000000000, -0.000000000000000000, 0.000000000000000000 ) ) ;
#5504 = DIRECTION ( 'NONE',  ( 0.000000000000000000, -0.3947769709605397637, 0.9187769822972390310 ) ) ;
#5505 = EDGE_CURVE ( 'NONE', #4022, #1410, #3731, .T. ) ;
#5506 = CARTESIAN_POINT ( 'NONE',  ( 32.00000000000000000, 4.440892098500626162E-12, 67.49999999999828049 ) ) ;
#5507 = ORIENTED_EDGE ( 'NONE', *, *, #3696, .F. ) ;
#5508 = CARTESIAN_POINT ( 'NONE',  ( 34.00000000000000000, -33.26355396554212973, -31.15366984932444083 ) ) ;
#5509 = ORIENTED_EDGE ( 'NONE', *, *, #1042, .T. ) ;
#5510 = CARTESIAN_POINT ( 'NONE',  ( 22.22770590284088144, 14.99999999999999822, -12.81249999999999822 ) ) ;
#5511 = DIRECTION ( 'NONE',  ( 0.000000000000000000, 0.3947769709605385979, -0.9187769822972395861 ) ) ;
#5512 = LINE ( 'NONE', #939, #5861 ) ;
#5513 = LINE ( 'NONE', #6016, #6279 ) ;
#5514 = FACE_OUTER_BOUND ( 'NONE', #4415, .T. ) ;
#5515 = CARTESIAN_POINT ( 'NONE',  ( 25.00000000000000000, -120.6397764325932087, -2.154098419910760431E-14 ) ) ;
#5516 = ORIENTED_EDGE ( 'NONE', *, *, #4009, .T. ) ;
#5517 = AXIS2_PLACEMENT_3D ( 'NONE', #1145, #5794, #1384 ) ;
#5518 = ORIENTED_EDGE ( 'NONE', *, *, #6136, .F. ) ;
#5519 = EDGE_CURVE ( 'NONE', #1827, #3955, #2995, .T. ) ;
#5520 = LINE ( 'NONE', #3940, #6450 ) ;
#5521 = VERTEX_POINT ( 'NONE', #1906 ) ;
#5522 = CARTESIAN_POINT ( 'NONE',  ( 23.44687414756474908, 19.86068834797921667, 34.30613957951683801 ) ) ;
#5523 = CIRCLE ( 'NONE', #1613, 2.000000000000000888 ) ;
#5524 = ORIENTED_EDGE ( 'NONE', *, *, #6536, .F. ) ;
#5525 = VECTOR ( 'NONE', #2897, 1000.000000000000000 ) ;
#5526 = CIRCLE ( 'NONE', #3840, 2.000000000000001776 ) ;
#5527 = CARTESIAN_POINT ( 'NONE',  ( -34.00000000000000000, -22.44884186725809627, 3.457098689074958209 ) ) ;
#5528 = EDGE_CURVE ( 'NONE', #1523, #3814, #5417, .T. ) ;
#5529 = CARTESIAN_POINT ( 'NONE',  ( 22.92664898107769389, 15.00000000000000178, 32.43765558598803977 ) ) ;
#5530 = EDGE_LOOP ( 'NONE', ( #1989, #1393, #4953, #5721 ) ) ;
#5531 = CARTESIAN_POINT ( 'NONE',  ( 65.00000000000000000, -31.39583944038380636, -20.30200625214006394 ) ) ;
#5532 = CARTESIAN_POINT ( 'NONE',  ( 34.00000000000000000, -21.08379917156997507, -59.49999999998722444 ) ) ;
#5533 = EDGE_CURVE ( 'NONE', #221, #63, #3889, .T. ) ;
#5534 = CARTESIAN_POINT ( 'NONE',  ( 24.18240562603143218, 20.08457154396490196, 32.79324950621597878 ) ) ;
#5535 = ORIENTED_EDGE ( 'NONE', *, *, #2161, .F. ) ;
#5536 = LINE ( 'NONE', #1025, #2889 ) ;
#5537 = AXIS2_PLACEMENT_3D ( 'NONE', #5687, #580, #3136 ) ;
#5538 = ORIENTED_EDGE ( 'NONE', *, *, #5719, .T. ) ;
#5539 = CARTESIAN_POINT ( 'NONE',  ( -34.00000000000000000, -3.669789074188079425, 42.78429646896079674 ) ) ;
#5540 = B_SPLINE_CURVE_WITH_KNOTS ( 'NONE', 3,
 ( #182, #5223, #2743, #5756, #4267, #1714, #2208, #4233, #1851, #1315, #1245, #3342, #6261, #216, #3740, #814, #4835, #4870, #318 ),
 .UNSPECIFIED., .F., .F.,
 ( 4, 1, 1, 1, 1, 1, 1, 1, 1, 1, 1, 1, 1, 1, 1, 1, 4 ),
 ( 0.000000000000000000, 0.06421684263143159765, 0.1270637656931287995, 0.1887445383478308925, 0.2491321028350414468, 0.3094525327106276702, 0.3698266762476813962, 0.4306501418384676150, 0.4923519318794700728, 0.5540721062625147963, 0.6156897837449742950, 0.6767977025065381458, 0.7384390482469407324, 0.8013169100648909193, 0.8651845117115425365, 0.9316413244190736576, 1.000000000000000000 ),
 .UNSPECIFIED. ) ;
#5541 = CARTESIAN_POINT ( 'NONE',  ( -32.00000000000000000, -28.44884186725240838, 3.999999999988530064 ) ) ;
#5542 = CARTESIAN_POINT ( 'NONE',  ( -25.00000000000000000, -126.4501835576286624, 8.448105686686514324E-15 ) ) ;
#5543 = CARTESIAN_POINT ( 'NONE',  ( 22.48754491882241169, 14.99999999999999822, -32.29647435897435770 ) ) ;
#5544 = CARTESIAN_POINT ( 'NONE',  ( 23.13441506410256920, 19.67917600227485053, 33.96804887820512420 ) ) ;
#5545 = DIRECTION ( 'NONE',  ( 0.000000000000000000, 0.000000000000000000, 1.000000000000000000 ) ) ;
#5546 = ORIENTED_EDGE ( 'NONE', *, *, #1924, .F. ) ;
#5547 = ORIENTED_EDGE ( 'NONE', *, *, #4186, .F. ) ;
#5548 = DIRECTION ( 'NONE',  ( 1.000000000000000000, 0.000000000000000000, 0.000000000000000000 ) ) ;
#5549 = EDGE_CURVE ( 'NONE', #63, #6126, #874, .T. ) ;
#5550 = VECTOR ( 'NONE', #577, 1000.000000000000000 ) ;
#5551 = ORIENTED_EDGE ( 'NONE', *, *, #1222, .T. ) ;
#5552 = CARTESIAN_POINT ( 'NONE',  ( 23.86558962764321024, 14.99999999999999112, 34.20193652057385236 ) ) ;
#5553 = FACE_OUTER_BOUND ( 'NONE', #1049, .T. ) ;
#5554 = ADVANCED_FACE ( 'NONE', ( #2498 ), #4990, .F. ) ;
#5555 = VECTOR ( 'NONE', #1258, 1000.000000000000000 ) ;
#5556 = ADVANCED_FACE ( 'NONE', ( #6485 ), #4026, .F. ) ;
#5557 = EDGE_CURVE ( 'NONE', #2749, #1133, #4927, .T. ) ;
#5558 = DIRECTION ( 'NONE',  ( 0.000000000000000000, 0.9187769822972390310, 0.3947769709605396526 ) ) ;
#5559 = ORIENTED_EDGE ( 'NONE', *, *, #492, .T. ) ;
#5560 = ADVANCED_FACE ( 'NONE', ( #2467 ), #3960, .T. ) ;
#5561 = EDGE_CURVE ( 'NONE', #4334, #3738, #3395, .T. ) ;
#5562 = DIRECTION ( 'NONE',  ( 0.000000000000000000, 1.000000000000000000, 1.734723475976807094E-15 ) ) ;
#5563 = LINE ( 'NONE', #5007, #717 ) ;
#5564 = VERTEX_POINT ( 'NONE', #6513 ) ;
#5565 = PLANE ( 'NONE',  #1860 ) ;
#5566 = LINE ( 'NONE', #5139, #4860 ) ;
#5567 = LINE ( 'NONE', #2060, #4886 ) ;
#5568 = EDGE_LOOP ( 'NONE', ( #1590, #2796, #4197, #1760 ) ) ;
#5569 = DIRECTION ( 'NONE',  ( 1.000000000000000000, -0.000000000000000000, -0.000000000000000000 ) ) ;
#5570 = EDGE_LOOP ( 'NONE', ( #1651, #3779, #1310, #2550 ) ) ;
#5571 = DIRECTION ( 'NONE',  ( -0.000000000000000000, 1.000000000000000000, -0.000000000000000000 ) ) ;
#5572 = EDGE_CURVE ( 'NONE', #1978, #5597, #1999, .T. ) ;
#5573 = FACE_BOUND ( 'NONE', #1064, .T. ) ;
#5574 = CARTESIAN_POINT ( 'NONE',  ( 24.58926691259541997, 14.99999999999999822, 9.812499999999985789 ) ) ;
#5575 = FACE_OUTER_BOUND ( 'NONE', #1792, .T. ) ;
#5576 = DIRECTION ( 'NONE',  ( -0.000000000000000000, 1.000000000000000000, -0.000000000000000000 ) ) ;
#5577 = PLANE ( 'NONE',  #281 ) ;
#5578 = ORIENTED_EDGE ( 'NONE', *, *, #1560, .T. ) ;
#5579 = AXIS2_PLACEMENT_3D ( 'NONE', #448, #42, #1943 ) ;
#5580 = EDGE_CURVE ( 'NONE', #1690, #4938, #4957, .T. ) ;
#5581 = ORIENTED_EDGE ( 'NONE', *, *, #1317, .F. ) ;
#5582 = VERTEX_POINT ( 'NONE', #3994 ) ;
#5583 = FACE_OUTER_BOUND ( 'NONE', #2018, .T. ) ;
#5584 = CARTESIAN_POINT ( 'NONE',  ( 24.33668026181524269, 14.99999999999999822, -11.37660256410256210 ) ) ;
#5585 = ORIENTED_EDGE ( 'NONE', *, *, #5589, .F. ) ;
#5586 = FACE_OUTER_BOUND ( 'NONE', #3809, .T. ) ;
#5587 = DIRECTION ( 'NONE',  ( 1.000000000000000000, 0.000000000000000000, 0.000000000000000000 ) ) ;
#5588 = AXIS2_PLACEMENT_3D ( 'NONE', #3930, #937, #5983 ) ;
#5589 = EDGE_CURVE ( 'NONE', #746, #2984, #4549, .T. ) ;
#5590 = CIRCLE ( 'NONE', #6124, 7.000000000000000000 ) ;
#5591 = LINE ( 'NONE', #514, #6248 ) ;
#5592 = ORIENTED_EDGE ( 'NONE', *, *, #5423, .T. ) ;
#5593 = FACE_BOUND ( 'NONE', #5258, .T. ) ;
#5594 = AXIS2_PLACEMENT_3D ( 'NONE', #2088, #3109, #4574 ) ;
#5595 = CARTESIAN_POINT ( 'NONE',  ( -26.00000000000000355, 21.00290591502195525, 2.199999999999997069 ) ) ;
#5596 = TOROIDAL_SURFACE ( 'NONE', #417, 4.000000000000000000, 2.000000000000000000 ) ;
#5597 = VERTEX_POINT ( 'NONE', #1498 ) ;
#5598 = DIRECTION ( 'NONE',  ( 0.000000000000000000, 0.9939007905750149030, 0.1102779148078185389 ) ) ;
#5599 = PLANE ( 'NONE',  #5594 ) ;
#5600 = VECTOR ( 'NONE', #3874, 999.9999999999998863 ) ;
#5601 = VECTOR ( 'NONE', #483, 1000.000000000000000 ) ;
#5602 = DIRECTION ( 'NONE',  ( -0.000000000000000000, 1.000000000000000000, -0.000000000000000000 ) ) ;
#5603 = EDGE_LOOP ( 'NONE', ( #4562, #1375, #3000, #5547 ) ) ;
#5604 = DIRECTION ( 'NONE',  ( -0.000000000000000000, 1.000000000000000000, -0.000000000000000000 ) ) ;
#5605 = ORIENTED_EDGE ( 'NONE', *, *, #6266, .F. ) ;
#5606 = CARTESIAN_POINT ( 'NONE',  ( 25.00000000000000000, -2.999999999999975131, -67.50000000000000000 ) ) ;
#5607 = LINE ( 'NONE', #1628, #1573 ) ;
#5608 = LINE ( 'NONE', #2750, #1744 ) ;
#5609 = LINE ( 'NONE', #4815, #4349 ) ;
#5610 = LINE ( 'NONE', #1070, #901 ) ;
#5611 = DIRECTION ( 'NONE',  ( 0.000000000000000000, 0.000000000000000000, 1.000000000000000000 ) ) ;
#5612 = VECTOR ( 'NONE', #2852, 1000.000000000000000 ) ;
#5613 = VECTOR ( 'NONE', #1112, 1000.000000000000000 ) ;
#5614 = EDGE_LOOP ( 'NONE', ( #2295, #537, #59 ) ) ;
#5615 = EDGE_CURVE ( 'NONE', #1101, #5468, #3683, .T. ) ;
#5616 = ORIENTED_EDGE ( 'NONE', *, *, #1661, .F. ) ;
#5617 = VERTEX_POINT ( 'NONE', #410 ) ;
#5618 = EDGE_CURVE ( 'NONE', #3651, #4874, #3022, .T. ) ;
#5619 = CARTESIAN_POINT ( 'NONE',  ( 24.99999999999999289, 5.014924930574539808, 10.00000000000000000 ) ) ;
#5620 = CARTESIAN_POINT ( 'NONE',  ( -32.00000000000000000, 4.440892098500626162E-12, -67.49999999997874056 ) ) ;
#5621 = ORIENTED_EDGE ( 'NONE', *, *, #6109, .F. ) ;
#5622 = CARTESIAN_POINT ( 'NONE',  ( -126.5489894022228441, -46.12443660629851649, 10.62080409351411348 ) ) ;
#5623 = DIRECTION ( 'NONE',  ( -0.000000000000000000, 0.3947769709605385979, -0.9187769822972395861 ) ) ;
#5624 = EDGE_LOOP ( 'NONE', ( #4802, #6554, #1659, #2485 ) ) ;
#5625 = FACE_OUTER_BOUND ( 'NONE', #1113, .T. ) ;
#5626 = DIRECTION ( 'NONE',  ( 1.000000000000000000, 0.000000000000000000, 0.000000000000000000 ) ) ;
#5627 = EDGE_LOOP ( 'NONE', ( #3179, #329, #4557, #395, #3811, #5464, #5078, #3361, #4000, #3001, #789 ) ) ;
#5628 = LINE ( 'NONE', #1088, #974 ) ;
#5629 = DIRECTION ( 'NONE',  ( 1.000000000000000000, 0.000000000000000000, 0.000000000000000000 ) ) ;
#5630 = VECTOR ( 'NONE', #2282, 1000.000000000000000 ) ;
#5631 = CARTESIAN_POINT ( 'NONE',  ( 22.54180846694344709, 14.99999999999999822, -12.81249999999999822 ) ) ;
#5632 = ORIENTED_EDGE ( 'NONE', *, *, #1605, .T. ) ;
#5633 = CARTESIAN_POINT ( 'NONE',  ( 21.00000000000000000, 17.96677295205775948, -2.999999999999999556 ) ) ;
#5634 = CIRCLE ( 'NONE', #4795, 4.000000000000000000 ) ;
#5635 = ORIENTED_EDGE ( 'NONE', *, *, #838, .T. ) ;
#5636 = LINE ( 'NONE', #686, #4816 ) ;
#5637 = DIRECTION ( 'NONE',  ( 0.000000000000000000, 0.000000000000000000, -1.000000000000000000 ) ) ;
#5638 = EDGE_CURVE ( 'NONE', #5419, #1225, #3432, .T. ) ;
#5639 = EDGE_CURVE ( 'NONE', #5032, #4140, #500, .T. ) ;
#5640 = LINE ( 'NONE', #69, #979 ) ;
#5641 = CARTESIAN_POINT ( 'NONE',  ( 24.83185505362106227, 14.99999999999999822, 13.31249999999998579 ) ) ;
#5642 = EDGE_CURVE ( 'NONE', #3215, #3247, #1870, .T. ) ;
#5643 = DIRECTION ( 'NONE',  ( 0.000000000000000000, 0.000000000000000000, -1.000000000000000000 ) ) ;
#5644 = ORIENTED_EDGE ( 'NONE', *, *, #1842, .F. ) ;
#5645 = CIRCLE ( 'NONE', #3322, 135.5624999999987779 ) ;
#5646 = EDGE_CURVE ( 'NONE', #1464, #5999, #5450, .T. ) ;
#5647 = ORIENTED_EDGE ( 'NONE', *, *, #5197, .T. ) ;
#5648 = ORIENTED_EDGE ( 'NONE', *, *, #4135, .F. ) ;
#5649 = LINE ( 'NONE', #5123, #1426 ) ;
#5650 = DIRECTION ( 'NONE',  ( 0.000000000000000000, -1.000000000000000000, -2.550043509689551597E-13 ) ) ;
#5651 = ORIENTED_EDGE ( 'NONE', *, *, #3719, .T. ) ;
#5652 = CARTESIAN_POINT ( 'NONE',  ( 24.37386973430700721, 15.00000000000000178, 33.51112986865285137 ) ) ;
#5653 = PLANE ( 'NONE',  #4767 ) ;
#5654 = AXIS2_PLACEMENT_3D ( 'NONE', #5147, #2131, #1632 ) ;
#5655 = ORIENTED_EDGE ( 'NONE', *, *, #1091, .T. ) ;
#5656 = CIRCLE ( 'NONE', #5344, 177.2111113949695209 ) ;
#5657 = VECTOR ( 'NONE', #2197, 1000.000000000000000 ) ;
#5658 = DIRECTION ( 'NONE',  ( 0.000000000000000000, 0.000000000000000000, 1.000000000000000000 ) ) ;
#5659 = AXIS2_PLACEMENT_3D ( 'NONE', #716, #3529, #3591 ) ;
#5660 = PLANE ( 'NONE',  #1790 ) ;
#5661 = VERTEX_POINT ( 'NONE', #103 ) ;
#5662 = LINE ( 'NONE', #612, #1503 ) ;
#5663 = VECTOR ( 'NONE', #151, 1000.000000000000000 ) ;
#5664 = DIRECTION ( 'NONE',  ( 0.000000000000000000, 0.000000000000000000, -1.000000000000000000 ) ) ;
#5665 = EDGE_CURVE ( 'NONE', #5468, #3955, #2127, .T. ) ;
#5666 = DIRECTION ( 'NONE',  ( -1.000000000000000000, -0.000000000000000000, 0.000000000000000000 ) ) ;
#5667 = ORIENTED_EDGE ( 'NONE', *, *, #5310, .F. ) ;
#5668 = DIRECTION ( 'NONE',  ( 0.000000000000000000, -0.3233786518374752728, -0.9462696484278554365 ) ) ;
#5669 = ORIENTED_EDGE ( 'NONE', *, *, #6344, .F. ) ;
#5670 = DIRECTION ( 'NONE',  ( 0.000000000000000000, 0.000000000000000000, -1.000000000000000000 ) ) ;
#5671 = CARTESIAN_POINT ( 'NONE',  ( 34.00000000000000000, -44.52891333758434911, 10.26301372407030854 ) ) ;
#5672 = DIRECTION ( 'NONE',  ( -1.000000000000000000, 0.000000000000000000, 0.000000000000000000 ) ) ;
#5673 = DIRECTION ( 'NONE',  ( 0.000000000000000000, -0.8922282841630463368, 0.4515846420544729622 ) ) ;
#5674 = LINE ( 'NONE', #3686, #4734 ) ;
#5675 = ORIENTED_EDGE ( 'NONE', *, *, #6465, .T. ) ;
#5676 = ADVANCED_FACE ( 'NONE', ( #5081 ), #6172, .T. ) ;
#5677 = ORIENTED_EDGE ( 'NONE', *, *, #4653, .T. ) ;
#5678 = ORIENTED_EDGE ( 'NONE', *, *, #322, .F. ) ;
#5679 = CARTESIAN_POINT ( 'NONE',  ( -31.99999999999999289, -13.19530760594903107, 60.24407081182636858 ) ) ;
#5680 = CARTESIAN_POINT ( 'NONE',  ( 22.22770590284088144, 14.99999999999999822, -12.81249999999999822 ) ) ;
#5681 = AXIS2_PLACEMENT_3D ( 'NONE', #2723, #5706, #1071 ) ;
#5682 = ORIENTED_EDGE ( 'NONE', *, *, #2487, .T. ) ;
#5683 = CARTESIAN_POINT ( 'NONE',  ( 51.00000000000000711, -61.74582718050554320, 35.13402917662840252 ) ) ;
#5684 = ADVANCED_FACE ( 'NONE', ( #3148 ), #5114, .T. ) ;
#5685 = DIRECTION ( 'NONE',  ( -1.000000000000000000, -0.000000000000000000, -0.000000000000000000 ) ) ;
#5686 = ORIENTED_EDGE ( 'NONE', *, *, #4986, .T. ) ;
#5687 = CARTESIAN_POINT ( 'NONE',  ( 138.2335947900749602, 5.014924930574546025, -10.00000000000000000 ) ) ;
#5688 = DIRECTION ( 'NONE',  ( 0.000000000000000000, -0.9615404321596622284, -0.2746634255269712610 ) ) ;
#5689 = ORIENTED_EDGE ( 'NONE', *, *, #1543, .T. ) ;
#5690 = DIRECTION ( 'NONE',  ( -0.000000000000000000, 0.3947769709605350452, -0.9187769822972411404 ) ) ;
#5691 = AXIS2_PLACEMENT_3D ( 'NONE', #5671, #4684, #2096 ) ;
#5692 = DIRECTION ( 'NONE',  ( 0.000000000000000000, -1.000000000000000000, -2.312964634635742957E-16 ) ) ;
#5693 = ORIENTED_EDGE ( 'NONE', *, *, #5898, .F. ) ;
#5694 = AXIS2_PLACEMENT_3D ( 'NONE', #2212, #3243, #751 ) ;
#5695 = AXIS2_PLACEMENT_3D ( 'NONE', #4109, #2613, #549 ) ;
#5696 = LINE ( 'NONE', #4171, #5718 ) ;
#5697 = ORIENTED_EDGE ( 'NONE', *, *, #3320, .F. ) ;
#5698 = CARTESIAN_POINT ( 'NONE',  ( 25.00000000000000000, -3.000000000000038636, 67.50000000000000000 ) ) ;
#5699 = ORIENTED_EDGE ( 'NONE', *, *, #1750, .T. ) ;
#5700 = CARTESIAN_POINT ( 'NONE',  ( -26.00000000000000000, 11.85959824917824612, 56.07296202289228404 ) ) ;
#5701 = DIRECTION ( 'NONE',  ( -1.000000000000000000, 0.000000000000000000, 0.000000000000000000 ) ) ;
#5702 = VECTOR ( 'NONE', #3163, 1000.000000000000114 ) ;
#5703 = CIRCLE ( 'NONE', #626, 135.5034452694893616 ) ;
#5704 = PLANE ( 'NONE',  #6388 ) ;
#5705 = CARTESIAN_POINT ( 'NONE',  ( -65.00000000000000000, -8.928433764235801817, -59.49999999999898392 ) ) ;
#5706 = DIRECTION ( 'NONE',  ( 0.000000000000000000, -0.4515846420541301254, -0.8922282841632197536 ) ) ;
#5707 = EDGE_CURVE ( 'NONE', #3602, #4704, #6078, .T. ) ;
#5708 = ORIENTED_EDGE ( 'NONE', *, *, #1141, .T. ) ;
#5709 = EDGE_CURVE ( 'NONE', #1166, #3097, #5607, .T. ) ;
#5710 = CARTESIAN_POINT ( 'NONE',  ( 23.96385788985285714, 15.00000000000000533, 33.05798631654062802 ) ) ;
#5711 = ORIENTED_EDGE ( 'NONE', *, *, #918, .F. ) ;
#5712 = EDGE_LOOP ( 'NONE', ( #4066, #5194, #4231, #3944, #2125, #1736, #3918, #5280 ) ) ;
#5713 = CIRCLE ( 'NONE', #6038, 2.000000000000001776 ) ;
#5714 = CARTESIAN_POINT ( 'NONE',  ( -32.25094522907034644, -12.93608002827090075, 59.52155714915292606 ) ) ;
#5715 = DIRECTION ( 'NONE',  ( -1.000000000000000000, -0.000000000000000000, 0.000000000000000000 ) ) ;
#5716 = ORIENTED_EDGE ( 'NONE', *, *, #4205, .T. ) ;
#5717 = DIRECTION ( 'NONE',  ( -0.000000000000000000, -0.5881716976750457349, 0.8087360843031888846 ) ) ;
#5718 = VECTOR ( 'NONE', #1154, 1000.000000000000000 ) ;
#5719 = EDGE_CURVE ( 'NONE', #2495, #5913, #6338, .T. ) ;
#5720 = DIRECTION ( 'NONE',  ( -0.000000000000000000, 0.9187769822972392531, 0.3947769709605396526 ) ) ;
#5721 = ORIENTED_EDGE ( 'NONE', *, *, #3028, .F. ) ;
#5722 = ADVANCED_FACE ( 'NONE', ( #4584, #5573 ), #5145, .T. ) ;
#5723 = FACE_OUTER_BOUND ( 'NONE', #1341, .T. ) ;
#5724 =( BOUNDED_CURVE ( )  B_SPLINE_CURVE ( 3, ( #5730, #5115, #3023, #4122 ),
 .UNSPECIFIED., .F., .F. ) 
 B_SPLINE_CURVE_WITH_KNOTS ( ( 4, 4 ),
 ( 1.302369779951043194, 1.314713260262628802 ),
 .UNSPECIFIED. ) 
 CURVE ( )  GEOMETRIC_REPRESENTATION_ITEM ( )  RATIONAL_B_SPLINE_CURVE ( ( 1.000000000000000000, 0.9999873032481185753, 0.9999873032481185753, 1.000000000000000000 ) ) 
 REPRESENTATION_ITEM ( '' )  );
#5725 = CARTESIAN_POINT ( 'NONE',  ( 0.000000000000000000, 14.99999999999999822, 0.000000000000000000 ) ) ;
#5726 = VERTEX_POINT ( 'NONE', #3084 ) ;
#5727 = CARTESIAN_POINT ( 'NONE',  ( 34.00000000000000000, -27.72073151119485246, -18.72289836829792975 ) ) ;
#5728 = CARTESIAN_POINT ( 'NONE',  ( -32.00000000000000000, -22.99999999999562306, -65.49999999997928057 ) ) ;
#5729 = ADVANCED_FACE ( 'NONE', ( #38 ), #2067, .F. ) ;
#5730 = CARTESIAN_POINT ( 'NONE',  ( 24.03465544871795245, 19.15335114793352034, 35.93750000000000000 ) ) ;
#5731 = DIRECTION ( 'NONE',  ( -0.000000000000000000, 0.000000000000000000, -1.000000000000000000 ) ) ;
#5732 = ORIENTED_EDGE ( 'NONE', *, *, #2691, .F. ) ;
#5733 = CARTESIAN_POINT ( 'NONE',  ( 23.83369876497625839, 20.10070022736665152, -32.29647435897434349 ) ) ;
#5734 = ORIENTED_EDGE ( 'NONE', *, *, #2602, .T. ) ;
#5735 = LINE ( 'NONE', #4681, #472 ) ;
#5736 = CIRCLE ( 'NONE', #4148, 135.4651084882032137 ) ;
#5737 = DIRECTION ( 'NONE',  ( 1.000000000000000000, 0.000000000000000000, 0.000000000000000000 ) ) ;
#5738 = DIRECTION ( 'NONE',  ( -0.000000000000000000, 0.000000000000000000, -1.000000000000000000 ) ) ;
#5739 = CIRCLE ( 'NONE', #2566, 135.6295211195206889 ) ;
#5740 = VECTOR ( 'NONE', #1406, 1000.000000000000000 ) ;
#5741 = ORIENTED_EDGE ( 'NONE', *, *, #434, .T. ) ;
#5742 = CARTESIAN_POINT ( 'NONE',  ( 23.99517062903561637, 19.30121669454344868, 35.39993396866346842 ) ) ;
#5743 = VERTEX_POINT ( 'NONE', #559 ) ;
#5744 = CARTESIAN_POINT ( 'NONE',  ( 23.14497039584637861, 14.99999999999998757, 32.43962009122795820 ) ) ;
#5745 = EDGE_CURVE ( 'NONE', #1947, #4899, #1029, .T. ) ;
#5746 = ORIENTED_EDGE ( 'NONE', *, *, #3320, .T. ) ;
#5747 = VERTEX_POINT ( 'NONE', #3118 ) ;
#5748 = AXIS2_PLACEMENT_3D ( 'NONE', #4791, #3895, #2406 ) ;
#5749 = CYLINDRICAL_SURFACE ( 'NONE', #6287, 135.4651084882032137 ) ;
#5750 = EDGE_LOOP ( 'NONE', ( #916, #540, #1933, #1422 ) ) ;
#5751 = CARTESIAN_POINT ( 'NONE',  ( 15.00000000000000000, 5.014924930574546025, -10.00000000000000000 ) ) ;
#5752 = CARTESIAN_POINT ( 'NONE',  ( -14.99999999999999467, -50.00000000000000000, -52.24999999999997868 ) ) ;
#5753 = EDGE_CURVE ( 'NONE', #2634, #3233, #5809, .T. ) ;
#5754 = VERTEX_POINT ( 'NONE', #1067 ) ;
#5755 = CARTESIAN_POINT ( 'NONE',  ( 65.00000000000000000, -43.03341941619897426, 11.84865486808793378 ) ) ;
#5756 = CARTESIAN_POINT ( 'NONE',  ( 23.82210028221257048, 14.99999999999999822, 32.53048121189239339 ) ) ;
#5757 = ORIENTED_EDGE ( 'NONE', *, *, #1344, .T. ) ;
#5758 = FACE_OUTER_BOUND ( 'NONE', #962, .T. ) ;
#5759 = EDGE_CURVE ( 'NONE', #1746, #3112, #590, .T. ) ;
#5760 = DIRECTION ( 'NONE',  ( -1.000000000000000000, -0.000000000000000000, 0.000000000000000000 ) ) ;
#5761 = EDGE_CURVE ( 'NONE', #2165, #3278, #1460, .T. ) ;
#5762 = EDGE_CURVE ( 'NONE', #670, #6314, #2156, .T. ) ;
#5763 = VECTOR ( 'NONE', #4091, 1000.000000000000000 ) ;
#5764 = EDGE_CURVE ( 'NONE', #2256, #635, #1566, .T. ) ;
#5765 = ORIENTED_EDGE ( 'NONE', *, *, #4805, .T. ) ;
#5766 =( BOUNDED_CURVE ( )  B_SPLINE_CURVE ( 3, ( #4216, #3722, #5742, #2628 ),
 .UNSPECIFIED., .F., .T. ) 
 B_SPLINE_CURVE_WITH_KNOTS ( ( 4, 4 ),
 ( 4.968472046916957652, 4.980815527228543260 ),
 .UNSPECIFIED. ) 
 CURVE ( )  GEOMETRIC_REPRESENTATION_ITEM ( )  RATIONAL_B_SPLINE_CURVE ( ( 1.000000000000000000, 0.9999873032481185753, 0.9999873032481185753, 1.000000000000000000 ) ) 
 REPRESENTATION_ITEM ( '' )  );
#5767 = CARTESIAN_POINT ( 'NONE',  ( 65.00000000000000000, 0.000000000000000000, 0.000000000000000000 ) ) ;
#5768 = DIRECTION ( 'NONE',  ( -1.000000000000000000, 0.000000000000000000, 0.000000000000000000 ) ) ;
#5769 = ORIENTED_EDGE ( 'NONE', *, *, #2850, .F. ) ;
#5770 = FACE_OUTER_BOUND ( 'NONE', #5052, .T. ) ;
#5771 = VECTOR ( 'NONE', #4388, 1000.000000000000000 ) ;
#5772 = ORIENTED_EDGE ( 'NONE', *, *, #5825, .T. ) ;
#5773 = LINE ( 'NONE', #3180, #6307 ) ;
#5774 = DIRECTION ( 'NONE',  ( 1.000000000000000000, 0.000000000000000000, -0.000000000000000000 ) ) ;
#5775 = EDGE_CURVE ( 'NONE', #1208, #221, #1660, .T. ) ;
#5776 = DIRECTION ( 'NONE',  ( -0.000000000000000000, 1.000000000000000000, -0.000000000000000000 ) ) ;
#5777 = EDGE_LOOP ( 'NONE', ( #6543, #4273, #6242, #29, #6376, #5287 ) ) ;
#5778 = CARTESIAN_POINT ( 'NONE',  ( -32.00000000000000000, -10.51900342761349982, 52.24999999999999289 ) ) ;
#5779 = B_SPLINE_CURVE_WITH_KNOTS ( 'NONE', 3,
 ( #3666, #6091, #5652, #6060, #2080, #4071, #2049, #6155, #2667, #5552, #1515, #4099, #1545, #144, #3567, #5126, #2607, #1110, #4039 ),
 .UNSPECIFIED., .F., .F.,
 ( 4, 1, 1, 1, 1, 1, 1, 1, 1, 1, 1, 1, 1, 1, 1, 1, 4 ),
 ( 0.000000000000000000, 0.07878023558213913258, 0.1537206442085858604, 0.2267135303087810250, 0.2991911660659375416, 0.3711899968376675130, 0.4430064143534090393, 0.5166891732948791782, 0.5932172166234125354, 0.6338729178078461590, 0.6769891422899790845, 0.7228995063258275566, 0.7719586105061442272, 0.8242113233348354884, 0.8793786506272033288, 0.9379481193304191056, 0.9999999999999998890 ),
 .UNSPECIFIED. ) ;
#5780 = ORIENTED_EDGE ( 'NONE', *, *, #828, .T. ) ;
#5781 = DIRECTION ( 'NONE',  ( 0.9999706738812844664, 0.000000000000000000, 0.007658418727764514621 ) ) ;
#5782 = PERSON_AND_ORGANIZATION ( #4040, #4752 ) ;
#5783 = ADVANCED_FACE ( 'NONE', ( #4620, #3181 ), #8, .T. ) ;
#5784 = VERTEX_POINT ( 'NONE', #4778 ) ;
#5785 = EDGE_LOOP ( 'NONE', ( #3926, #860, #4659, #2061 ) ) ;
#5786 = CARTESIAN_POINT ( 'NONE',  ( 23.40375208904425364, 14.99999999999999822, 32.80425109132782779 ) ) ;
#5787 = CARTESIAN_POINT ( 'NONE',  ( 22.54180846694344709, 14.99999999999999822, -11.37660256410256210 ) ) ;
#5788 = DIRECTION ( 'NONE',  ( 1.000000000000000000, 0.000000000000000000, 0.000000000000000000 ) ) ;
#5789 = ORIENTED_EDGE ( 'NONE', *, *, #4853, .F. ) ;
#5790 = DIRECTION ( 'NONE',  ( 0.000000000000000000, 0.000000000000000000, 1.000000000000000000 ) ) ;
#5791 = EDGE_CURVE ( 'NONE', #5855, #2165, #760, .T. ) ;
#5792 = PLANE ( 'NONE',  #3605 ) ;
#5793 = ORIENTED_EDGE ( 'NONE', *, *, #3223, .F. ) ;
#5794 = DIRECTION ( 'NONE',  ( -1.000000000000000000, -0.000000000000000000, 0.000000000000000000 ) ) ;
#5795 = PLANE ( 'NONE',  #513 ) ;
#5796 = VERTEX_POINT ( 'NONE', #1764 ) ;
#5797 = DIRECTION ( 'NONE',  ( 1.000000000000000000, 0.000000000000000000, 0.000000000000000000 ) ) ;
#5798 = EDGE_CURVE ( 'NONE', #5372, #5202, #1228, .T. ) ;
#5799 = CARTESIAN_POINT ( 'NONE',  ( 23.04837190934280500, 23.58333368144754871, 10.73149605000774542 ) ) ;
#5800 = ORIENTED_EDGE ( 'NONE', *, *, #6109, .T. ) ;
#5801 = CARTESIAN_POINT ( 'NONE',  ( 26.00000000000000355, 21.00290591502244197, -2.200000000000012612 ) ) ;
#5802 = CARTESIAN_POINT ( 'NONE',  ( 23.13721955128205465, 19.58698074325211280, 34.32211538461537970 ) ) ;
#5803 = AXIS2_PLACEMENT_3D ( 'NONE', #6013, #3527, #376 ) ;
#5804 = VERTEX_POINT ( 'NONE', #3321 ) ;
#5805 = CARTESIAN_POINT ( 'NONE',  ( -21.00000000000000000, 5.857099690190992192, 56.07846127136103576 ) ) ;
#5806 = ORIENTED_EDGE ( 'NONE', *, *, #3702, .T. ) ;
#5807 = CARTESIAN_POINT ( 'NONE',  ( 15.00000000000000178, 7.516299808215845424, 52.24999999999999289 ) ) ;
#5808 = CARTESIAN_POINT ( 'NONE',  ( 65.00000000000000000, -62.11966054036631846, 55.11275547545007214 ) ) ;
#5809 = CIRCLE ( 'NONE', #290, 135.6295211195206889 ) ;
#5810 = DIRECTION ( 'NONE',  ( 1.000000000000000000, 0.000000000000000000, -0.000000000000000000 ) ) ;
#5811 = ORIENTED_EDGE ( 'NONE', *, *, #4407, .T. ) ;
#5812 = CARTESIAN_POINT ( 'NONE',  ( 22.49358974358974805, 14.99999999999999822, 33.96314102564102200 ) ) ;
#5813 = ORIENTED_EDGE ( 'NONE', *, *, #1347, .F. ) ;
#5814 = AXIS2_PLACEMENT_3D ( 'NONE', #6299, #4302, #6334 ) ;
#5815 = CARTESIAN_POINT ( 'NONE',  ( 32.00000000000000000, -46.02440725896951790, 8.677372580052249873 ) ) ;
#5816 = APPROVAL_DATE_TIME ( #307, #2365 ) ;
#5817 = AXIS2_PLACEMENT_3D ( 'NONE', #6370, #4707, #5226 ) ;
#5818 = ORIENTED_EDGE ( 'NONE', *, *, #697, .F. ) ;
#5819 = ORIENTED_EDGE ( 'NONE', *, *, #6014, .T. ) ;
#5820 = AXIS2_PLACEMENT_3D ( 'NONE', #547, #4569, #6471 ) ;
#5821 = CARTESIAN_POINT ( 'NONE',  ( 23.65013031620136630, 20.00684559286068520, 32.84250972919281963 ) ) ;
#5822 = ADVANCED_FACE ( 'NONE', ( #2791 ), #3718, .T. ) ;
#5823 = LINE ( 'NONE', #3300, #2616 ) ;
#5824 = EDGE_LOOP ( 'NONE', ( #524, #628, #4242, #5578 ) ) ;
#5825 = EDGE_CURVE ( 'NONE', #498, #5743, #3782, .T. ) ;
#5826 = EDGE_CURVE ( 'NONE', #5213, #1157, #936, .T. ) ;
#5827 = CARTESIAN_POINT ( 'NONE',  ( -34.00000000000000000, -6.691455568504533602, 59.17151545442678895 ) ) ;
#5828 = ORIENTED_EDGE ( 'NONE', *, *, #2238, .F. ) ;
#5829 = CARTESIAN_POINT ( 'NONE',  ( 26.00000000000000355, 21.00290591502244197, -2.200000000000012612 ) ) ;
#5830 = DIRECTION ( 'NONE',  ( -0.000000000000000000, 0.3233786518374732188, 0.9462696484278561027 ) ) ;
#5831 = AXIS2_PLACEMENT_3D ( 'NONE', #2701, #704, #3236 ) ;
#5832 = ORIENTED_EDGE ( 'NONE', *, *, #2093, .F. ) ;
#5833 = DIRECTION ( 'NONE',  ( 0.000000000000000000, 0.3947769709605380983, -0.9187769822972396971 ) ) ;
#5834 = FACE_OUTER_BOUND ( 'NONE', #143, .T. ) ;
#5835 = EDGE_LOOP ( 'NONE', ( #4547, #5131, #4718, #1666, #1799, #1087, #1052, #451, #856, #825, #5241, #4596, #6151, #5616, #6462, #6364, #2874, #6280, #4189, #5632, #2898, #1481, #1043, #2673 ) ) ;
#5836 = DIRECTION ( 'NONE',  ( 1.000000000000000000, -0.000000000000000000, -0.000000000000000000 ) ) ;
#5837 = DIRECTION ( 'NONE',  ( 1.000000000000000000, 0.000000000000000000, 0.000000000000000000 ) ) ;
#5838 = ORIENTED_EDGE ( 'NONE', *, *, #32, .F. ) ;
#5839 = DIRECTION ( 'NONE',  ( 0.000000000000000000, -0.9462696484278613207, 0.3233786518374578423 ) ) ;
#5840 = ORIENTED_EDGE ( 'NONE', *, *, #1227, .F. ) ;
#5841 = CARTESIAN_POINT ( 'NONE',  ( -65.00000000000000000, -3.669789074188078981, 42.78429646896079674 ) ) ;
#5842 = VECTOR ( 'NONE', #4298, 1000.000000000000000 ) ;
#5843 = LINE ( 'NONE', #197, #506 ) ;
#5845 = CIRCLE ( 'NONE', #3302, 4.000000000000000000 ) ;
#5844 = PLANE ( 'NONE',  #3074 ) ;
#5846 = ORIENTED_EDGE ( 'NONE', *, *, #2716, .T. ) ;
#5847 = CARTESIAN_POINT ( 'NONE',  ( 24.58926691259541997, 14.99999999999999822, 12.56720753205126861 ) ) ;
#5848 = VECTOR ( 'NONE', #3611, 1000.000000000000000 ) ;
#5849 = EDGE_LOOP ( 'NONE', ( #5716, #202, #4878, #3564 ) ) ;
#5850 = DIRECTION ( 'NONE',  ( 0.000000000000000000, 0.000000000000000000, 1.000000000000000000 ) ) ;
#5851 = EDGE_CURVE ( 'NONE', #3177, #4352, #5843, .T. ) ;
#5852 = APPROVAL_STATUS ( 'not_yet_approved' ) ;
#5853 = EDGE_CURVE ( 'NONE', #3247, #4038, #794, .T. ) ;
#5854 = AXIS2_PLACEMENT_3D ( 'NONE', #623, #4214, #1600 ) ;
#5855 = VERTEX_POINT ( 'NONE', #1297 ) ;
#5856 = ORIENTED_EDGE ( 'NONE', *, *, #946, .T. ) ;
#5857 = CARTESIAN_POINT ( 'NONE',  ( 23.59870065616044954, 20.00684559286068520, 32.82975856538176629 ) ) ;
#5858 = CARTESIAN_POINT ( 'NONE',  ( 34.00000000000000000, -25.43741280912403724, -59.49999999998721734 ) ) ;
#5859 = FACE_OUTER_BOUND ( 'NONE', #4340, .T. ) ;
#5860 = ORIENTED_EDGE ( 'NONE', *, *, #1907, .T. ) ;
#5861 = VECTOR ( 'NONE', #5453, 1000.000000000000000 ) ;
#5862 = EDGE_CURVE ( 'NONE', #3822, #3296, #6275, .T. ) ;
#5863 = DIRECTION ( 'NONE',  ( 0.000000000000000000, 0.000000000000000000, 1.000000000000000000 ) ) ;
#5864 = EDGE_LOOP ( 'NONE', ( #6439, #4435, #3191, #4930 ) ) ;
#5865 = CARTESIAN_POINT ( 'NONE',  ( -65.00000000000000000, -4.411788607786612637, -45.05505379962504975 ) ) ;
#5866 = ADVANCED_FACE ( 'NONE', ( #6378 ), #1728, .F. ) ;
#5867 = CYLINDRICAL_SURFACE ( 'NONE', #3381, 1.199999999999987521 ) ;
#5868 = CARTESIAN_POINT ( 'NONE',  ( 51.00000000000000711, -30.68056166516704408, -47.29745314937080281 ) ) ;
#5869 = LINE ( 'NONE', #4506, #2112 ) ;
#5870 = ORIENTED_EDGE ( 'NONE', *, *, #3011, .F. ) ;
#5871 = CARTESIAN_POINT ( 'NONE',  ( 22.21106178439029222, 14.99999999999999822, 13.31249999999998579 ) ) ;
#5872 = LINE ( 'NONE', #1322, #2162 ) ;
#5873 = ORIENTED_EDGE ( 'NONE', *, *, #2032, .F. ) ;
#5874 = CARTESIAN_POINT ( 'NONE',  ( 51.00000000000000711, -58.98238838378176752, 28.70259030054772609 ) ) ;
#5875 = ORIENTED_EDGE ( 'NONE', *, *, #2119, .T. ) ;
#5876 = PLANE ( 'NONE',  #4182 ) ;
#5877 = EDGE_CURVE ( 'NONE', #2300, #2511, #3750, .T. ) ;
#5878 = CARTESIAN_POINT ( 'NONE',  ( -32.00000000000000000, -8.754676791739580466, -45.46783294595006453 ) ) ;
#5879 = CARTESIAN_POINT ( 'NONE',  ( 23.67287660256410575, 20.05424606755955352, 32.48517628205127750 ) ) ;
#5880 = AXIS2_PLACEMENT_3D ( 'NONE', #2824, #4380, #1295 ) ;
#5881 = EDGE_LOOP ( 'NONE', ( #2048, #2732, #4300, #5734 ) ) ;
#5882 = DIRECTION ( 'NONE',  ( -0.000000000000000000, -0.3233786518374731633, -0.9462696484278561027 ) ) ;
#5883 = ORIENTED_EDGE ( 'NONE', *, *, #6366, .T. ) ;
#5884 = CARTESIAN_POINT ( 'NONE',  ( 22.17344235471984959, 14.99999999999999822, -31.93749999999999289 ) ) ;
#5885 = EDGE_CURVE ( 'NONE', #522, #534, #4536, .T. ) ;
#5886 = AXIS2_PLACEMENT_3D ( 'NONE', #6565, #2023, #5441 ) ;
#5887 = ORIENTED_EDGE ( 'NONE', *, *, #5707, .F. ) ;
#5888 = VERTEX_POINT ( 'NONE', #3852 ) ;
#5889 = CARTESIAN_POINT ( 'NONE',  ( 23.65013031620136630, 15.00000000000000178, 32.84250972919281963 ) ) ;
#5890 = CARTESIAN_POINT ( 'NONE',  ( 65.00000000000000000, -56.33545039954876188, 12.40998417959844957 ) ) ;
#5891 = CARTESIAN_POINT ( 'NONE',  ( -26.00000000000000000, -111.4976334394454369, -1.528915308921869618E-14 ) ) ;
#5892 = ORIENTED_EDGE ( 'NONE', *, *, #2759, .T. ) ;
#5893 = CARTESIAN_POINT ( 'NONE',  ( 15.00000000000000178, 4.521337732751734784, 52.24999999999999289 ) ) ;
#5894 = VERTEX_POINT ( 'NONE', #3285 ) ;
#5895 = FACE_BOUND ( 'NONE', #5777, .T. ) ;
#5896 = LINE ( 'NONE', #6429, #304 ) ;
#5897 = CARTESIAN_POINT ( 'NONE',  ( 32.00000000000000000, -62.11966054036631846, 55.11275547545007214 ) ) ;
#5898 = EDGE_CURVE ( 'NONE', #449, #3699, #4211, .T. ) ;
#5899 = DIRECTION ( 'NONE',  ( -1.000000000000000000, -0.000000000000000000, -0.000000000000000000 ) ) ;
#5900 = VERTEX_POINT ( 'NONE', #3353 ) ;
#5901 = AXIS2_PLACEMENT_3D ( 'NONE', #1205, #2233, #4398 ) ;
#5902 = CARTESIAN_POINT ( 'NONE',  ( -32.00000000000000000, -22.85935320227836343, -65.49999999997928057 ) ) ;
#5903 = CARTESIAN_POINT ( 'NONE',  ( -26.00000000000000000, 11.85959824917826211, -56.07296202289231246 ) ) ;
#5904 = VERTEX_POINT ( 'NONE', #5376 ) ;
#5905 = DIRECTION ( 'NONE',  ( 1.000000000000000000, -0.000000000000000000, -0.000000000000000000 ) ) ;
#5906 = CIRCLE ( 'NONE', #1126, 2.000000000000000000 ) ;
#5907 = VERTEX_POINT ( 'NONE', #3251 ) ;
#5908 = LINE ( 'NONE', #1862, #3979 ) ;
#5909 = CARTESIAN_POINT ( 'NONE',  ( 15.00000000000000178, -50.00000000000000000, -10.00000000000000178 ) ) ;
#5910 = CARTESIAN_POINT ( 'NONE',  ( 65.00000000000000000, -29.21622543258023086, -20.30853951231553012 ) ) ;
#5911 = ORIENTED_EDGE ( 'NONE', *, *, #2834, .T. ) ;
#5912 = DIRECTION ( 'NONE',  ( 0.000000000000000000, 1.000000000000000000, -1.341519488088333655E-13 ) ) ;
#5913 = VERTEX_POINT ( 'NONE', #4715 ) ;
#5914 = PLANE ( 'NONE',  #575 ) ;
#5915 = VECTOR ( 'NONE', #470, 1000.000000000000000 ) ;
#5916 = CARTESIAN_POINT ( 'NONE',  ( 22.22770590284088144, 14.99999999999999822, -12.81249999999999822 ) ) ;
#5917 = APPROVAL_DATE_TIME ( #3328, #1063 ) ;
#5918 = CARTESIAN_POINT ( 'NONE',  ( 23.13441506410256920, 19.86086758453160073, 33.96804887820512420 ) ) ;
#5919 = ORIENTED_EDGE ( 'NONE', *, *, #140, .T. ) ;
#5920 = DIRECTION ( 'NONE',  ( 0.000000000000000000, 0.1166030543555890281, 0.9931785980955023518 ) ) ;
#5921 = CIRCLE ( 'NONE', #4643, 2.000000000000003997 ) ;
#5922 = CARTESIAN_POINT ( 'NONE',  ( 23.85122909032502392, 19.94355195526472357, 32.93024075511312532 ) ) ;
#5923 = FACE_OUTER_BOUND ( 'NONE', #6415, .T. ) ;
#5924 = AXIS2_PLACEMENT_3D ( 'NONE', #1191, #1562, #5668 ) ;
#5925 = ORIENTED_EDGE ( 'NONE', *, *, #3503, .F. ) ;
#5926 = B_SPLINE_CURVE_WITH_KNOTS ( 'NONE', 3,
 ( #5184, #5679, #4130, #3129, #5714, #6213, #2077, #1170, #1136, #630, #3063, #5215, #2664, #4694 ),
 .UNSPECIFIED., .F., .F.,
 ( 4, 2, 2, 2, 2, 2, 4 ),
 ( 0.000000000000000000, 0.0008055247714592865971, 0.001208287157188920029, 0.001611049542918553462, 0.002013811928648187328, 0.002416574314377820110, 0.003222099085837086974 ),
 .UNSPECIFIED. ) ;
#5927 = VECTOR ( 'NONE', #5587, 1000.000000000000000 ) ;
#5928 = VECTOR ( 'NONE', #2055, 1000.000000000000000 ) ;
#5929 = CARTESIAN_POINT ( 'NONE',  ( -26.00000000000000000, 23.65005808228012896, 9.812499999999985789 ) ) ;
#5930 = ORIENTED_EDGE ( 'NONE', *, *, #1839, .T. ) ;
#5931 = DIRECTION ( 'NONE',  ( 0.000000000000000000, 0.000000000000000000, 1.000000000000000000 ) ) ;
#5932 = FACE_OUTER_BOUND ( 'NONE', #2086, .T. ) ;
#5933 = LINE ( 'NONE', #4408, #2882 ) ;
#5934 = CARTESIAN_POINT ( 'NONE',  ( -32.00000000000000000, -13.28826722816040018, 60.49999999998851763 ) ) ;
#5935 = EDGE_CURVE ( 'NONE', #6104, #1669, #1796, .T. ) ;
#5936 = ADVANCED_FACE ( 'NONE', ( #3218 ), #687, .T. ) ;
#5937 = ORIENTED_EDGE ( 'NONE', *, *, #1116, .T. ) ;
#5938 = FACE_OUTER_BOUND ( 'NONE', #6252, .T. ) ;
#5939 = DIRECTION ( 'NONE',  ( 0.000000000000000000, 0.000000000000000000, 1.000000000000000000 ) ) ;
#5940 = AXIS2_PLACEMENT_3D ( 'NONE', #5993, #848, #887 ) ;
#5941 = ORIENTED_EDGE ( 'NONE', *, *, #6030, .T. ) ;
#5942 = DIRECTION ( 'NONE',  ( 1.000000000000000000, 0.000000000000000000, -0.000000000000000000 ) ) ;
#5943 = ORIENTED_EDGE ( 'NONE', *, *, #5898, .T. ) ;
#5944 = CARTESIAN_POINT ( 'NONE',  ( 22.54180846694344709, 14.99999999999999822, -11.01762820512820262 ) ) ;
#5945 = CARTESIAN_POINT ( 'NONE',  ( -32.00000000000000000, -22.99999999999562306, -77.49999999997912425 ) ) ;
#5946 = AXIS2_PLACEMENT_3D ( 'NONE', #3550, #2989, #868 ) ;
#5947 = EDGE_CURVE ( 'NONE', #2830, #1199, #715, .T. ) ;
#5948 = CARTESIAN_POINT ( 'NONE',  ( 24.36753451379331281, 14.99999999999999467, 33.20890928660649166 ) ) ;
#5949 = ORIENTED_EDGE ( 'NONE', *, *, #1958, .F. ) ;
#5950 = CARTESIAN_POINT ( 'NONE',  ( -65.00000000000000000, -12.57535232641104983, 58.49999999998851052 ) ) ;
#5951 = ORIENTED_EDGE ( 'NONE', *, *, #4447, .T. ) ;
#5952 = CARTESIAN_POINT ( 'NONE',  ( 32.00000000000000000, -43.16737382234719433, 14.02415851634403410 ) ) ;
#5953 = CARTESIAN_POINT ( 'NONE',  ( -26.00000000000000000, 23.68543141577780631, -9.312499999999998224 ) ) ;
#5954 = DIRECTION ( 'NONE',  ( 0.000000000000000000, 0.000000000000000000, 1.000000000000000000 ) ) ;
#5955 = DIRECTION ( 'NONE',  ( -0.000000000000000000, 1.000000000000000000, -0.000000000000000000 ) ) ;
#5956 = DIRECTION ( 'NONE',  ( 0.000000000000000000, 0.000000000000000000, -1.000000000000000000 ) ) ;
#5957 = CARTESIAN_POINT ( 'NONE',  ( -26.00000000000000000, -117.5625000000006395, -3.824297657043977603E-14 ) ) ;
#5958 = ORIENTED_EDGE ( 'NONE', *, *, #5273, .T. ) ;
#5959 = CIRCLE ( 'NONE', #1935, 2.000000000000001776 ) ;
#5960 = CARTESIAN_POINT ( 'NONE',  ( 65.00000000000000000, -31.42600000094764567, -30.36411590740336308 ) ) ;
#5961 = ORIENTED_EDGE ( 'NONE', *, *, #3085, .T. ) ;
#5962 = DIRECTION ( 'NONE',  ( 0.000000000000000000, 0.000000000000000000, 1.000000000000000000 ) ) ;
#5963 = VECTOR ( 'NONE', #439, 1000.000000000000000 ) ;
#5964 = DIRECTION ( 'NONE',  ( -0.000000000000000000, 0.8922282841630463368, -0.4515846420544727957 ) ) ;
#5965 = DIRECTION ( 'NONE',  ( 0.000000000000000000, 8.673617379884027583E-16, 1.000000000000000000 ) ) ;
#5966 = ORIENTED_EDGE ( 'NONE', *, *, #3028, .T. ) ;
#5967 = DIRECTION ( 'NONE',  ( 0.000000000000000000, 1.000000000000000000, 1.301042606982604138E-15 ) ) ;
#5968 = EDGE_CURVE ( 'NONE', #3249, #2909, #6310, .T. ) ;
#5969 = CARTESIAN_POINT ( 'NONE',  ( 25.00000000000000000, -126.4501835576286624, 8.448105686686514324E-15 ) ) ;
#5970 = AXIS2_PLACEMENT_3D ( 'NONE', #2951, #4978, #428 ) ;
#5971 = CARTESIAN_POINT ( 'NONE',  ( 25.00000000000000000, 4.521337732751734784, 52.24999999999999289 ) ) ;
#5972 = ORIENTED_EDGE ( 'NONE', *, *, #6053, .T. ) ;
#5973 = FACE_OUTER_BOUND ( 'NONE', #3082, .T. ) ;
#5974 = ADVANCED_FACE ( 'NONE', ( #4451 ), #3882, .T. ) ;
#5975 = EDGE_CURVE ( 'NONE', #3459, #6371, #4921, .T. ) ;
#5976 = PLANE ( 'NONE',  #188 ) ;
#5977 = EDGE_CURVE ( 'NONE', #1741, #4251, #929, .T. ) ;
#5978 = CARTESIAN_POINT ( 'NONE',  ( 23.89161460616431398, 20.08457154396491617, 32.56110083651711307 ) ) ;
#5979 = ORIENTED_EDGE ( 'NONE', *, *, #2602, .F. ) ;
#5980 = DIRECTION ( 'NONE',  ( 1.000000000000000000, 0.000000000000000000, 0.000000000000000000 ) ) ;
#5981 = ORIENTED_EDGE ( 'NONE', *, *, #127, .F. ) ;
#5982 = CARTESIAN_POINT ( 'NONE',  ( 24.99999999999999289, -45.43143980739129972, 8.194764149433256151 ) ) ;
#5983 = DIRECTION ( 'NONE',  ( 0.6429223081870643064, 0.000000000000000000, 0.7659313974733098496 ) ) ;
#5984 = ADVANCED_FACE ( 'NONE', ( #3457 ), #1864, .T. ) ;
#5985 = AXIS2_PLACEMENT_3D ( 'NONE', #3982, #3947, #6001 ) ;
#5986 = AXIS2_PLACEMENT_3D ( 'NONE', #6118, #6250, #1704 ) ;
#5987 = CARTESIAN_POINT ( 'NONE',  ( 23.76936329903315581, 15.00000000000000533, 33.86718256855525766 ) ) ;
#5988 = CARTESIAN_POINT ( 'NONE',  ( -32.00000000000000000, -8.894977061326414969, -46.66285503032649729 ) ) ;
#5989 = LINE ( 'NONE', #2907, #783 ) ;
#5990 = DIRECTION ( 'NONE',  ( -0.000000000000000000, -0.4002777837181106801, -0.9163938541160767670 ) ) ;
#5991 = ORIENTED_EDGE ( 'NONE', *, *, #4113, .F. ) ;
#5992 = AXIS2_PLACEMENT_3D ( 'NONE', #3266, #5449, #4195 ) ;
#5993 = CARTESIAN_POINT ( 'NONE',  ( 24.33668026181524624, -111.4976334394454369, -1.528915308921869618E-14 ) ) ;
#5994 = ORIENTED_EDGE ( 'NONE', *, *, #2044, .F. ) ;
#5995 = CARTESIAN_POINT ( 'NONE',  ( -65.00000000000000000, -8.575352326411021409, 58.49999999998852473 ) ) ;
#5996 = CARTESIAN_POINT ( 'NONE',  ( 34.00000000000000000, -31.39583944038380636, -20.30200625214006394 ) ) ;
#5997 = CARTESIAN_POINT ( 'NONE',  ( 24.04106950913409335, 15.00000000000000533, 33.20721775166309442 ) ) ;
#5998 = DIRECTION ( 'NONE',  ( -0.000000000000000000, -1.000000000000000000, -0.000000000000000000 ) ) ;
#5999 = VERTEX_POINT ( 'NONE', #5442 ) ;
#6000 = CARTESIAN_POINT ( 'NONE',  ( -32.00000000000000000, 4.437935620567727443E-12, -67.49999999997871214 ) ) ;
#6001 = DIRECTION ( 'NONE',  ( 0.000000000000000000, 0.9187769822972394751, 0.3947769709605387645 ) ) ;
#6002 = PLANE ( 'NONE',  #298 ) ;
#6003 = ADVANCED_FACE ( 'NONE', ( #6506 ), #368, .T. ) ;
#6004 = ORIENTED_EDGE ( 'NONE', *, *, #2448, .T. ) ;
#6005 = DIRECTION ( 'NONE',  ( 0.000000000000000000, 0.000000000000000000, 1.000000000000000000 ) ) ;
#6006 = CARTESIAN_POINT ( 'NONE',  ( 34.00000000000000000, -62.43813982404275720, 41.81142202206593339 ) ) ;
#6007 = CARTESIAN_POINT ( 'NONE',  ( 24.30305978394906674, 14.99999999999999822, 32.98545130026117533 ) ) ;
#6008 = AXIS2_PLACEMENT_3D ( 'NONE', #5515, #1537, #1004 ) ;
#6009 = EDGE_LOOP ( 'NONE', ( #5678, #4780, #5210, #4295 ) ) ;
#6010 = DIRECTION ( 'NONE',  ( -1.000000000000000000, -0.000000000000000000, -0.000000000000000000 ) ) ;
#6011 = EDGE_LOOP ( 'NONE', ( #1462, #2724, #5669, #1138 ) ) ;
#6012 = DIRECTION ( 'NONE',  ( 0.000000000000000000, 0.000000000000000000, 1.000000000000000000 ) ) ;
#6013 = CARTESIAN_POINT ( 'NONE',  ( 22.49358974358975161, -111.4976334394454369, -1.528915308921869618E-14 ) ) ;
#6014 = EDGE_CURVE ( 'NONE', #4227, #5796, #5921, .T. ) ;
#6015 = CARTESIAN_POINT ( 'NONE',  ( 23.30622932495522193, 19.86086758453161494, 33.96409399502149284 ) ) ;
#6016 = CARTESIAN_POINT ( 'NONE',  ( 26.00000000000000000, 21.00290591502244197, -1.199999999999999734 ) ) ;
#6017 = DIRECTION ( 'NONE',  ( 0.000000000000000000, 0.000000000000000000, -1.000000000000000000 ) ) ;
#6018 = CARTESIAN_POINT ( 'NONE',  ( 23.83369876497625839, 14.99999999999999822, -31.93749999999999289 ) ) ;
#6019 = ORIENTED_EDGE ( 'NONE', *, *, #2834, .F. ) ;
#6020 = VECTOR ( 'NONE', #1403, 1000.000000000000000 ) ;
#6021 = EDGE_CURVE ( 'NONE', #4821, #4170, #4012, .T. ) ;
#6022 = VECTOR ( 'NONE', #3744, 1000.000000000000000 ) ;
#6023 = AXIS2_PLACEMENT_3D ( 'NONE', #824, #2356, #2856 ) ;
#6024 = EDGE_LOOP ( 'NONE', ( #3467, #1075, #2752, #749 ) ) ;
#6025 = CARTESIAN_POINT ( 'NONE',  ( 24.37215233819955529, 19.79478045279457987, 33.51851713925289289 ) ) ;
#6026 = CARTESIAN_POINT ( 'NONE',  ( 23.67287660256410575, 14.99999999999999822, 32.48517628205127750 ) ) ;
#6027 = CARTESIAN_POINT ( 'NONE',  ( 23.90985873489033864, 14.99999999999999467, 32.99248058068621958 ) ) ;
#6028 = VECTOR ( 'NONE', #2707, 1000.000000000000000 ) ;
#6029 = VECTOR ( 'NONE', #1051, 1000.000000000000000 ) ;
#6030 = EDGE_CURVE ( 'NONE', #2614, #3896, #4951, .T. ) ;
#6031 = CARTESIAN_POINT ( 'NONE',  ( -32.00000000000000000, -15.99999999999620393, 67.49999999999792522 ) ) ;
#6032 = ORIENTED_EDGE ( 'NONE', *, *, #4883, .F. ) ;
#6033 = FACE_OUTER_BOUND ( 'NONE', #5712, .T. ) ;
#6034 = CARTESIAN_POINT ( 'NONE',  ( 23.54171527788797746, 20.09640605460911900, 32.46315561885626977 ) ) ;
#6035 = EDGE_LOOP ( 'NONE', ( #1130, #3788, #4723, #4223 ) ) ;
#6036 = PLANE ( 'NONE',  #1643 ) ;
#6037 = FACE_OUTER_BOUND ( 'NONE', #2960, .T. ) ;
#6038 = AXIS2_PLACEMENT_3D ( 'NONE', #3581, #5108, #2090 ) ;
#6039 = CARTESIAN_POINT ( 'NONE',  ( 24.26893330422657158, 20.08457154396490196, 32.91778977273715157 ) ) ;
#6040 = ORIENTED_EDGE ( 'NONE', *, *, #163, .F. ) ;
#6041 = DIRECTION ( 'NONE',  ( -0.000000000000000000, 1.000000000000000000, -0.000000000000000000 ) ) ;
#6042 = ORIENTED_EDGE ( 'NONE', *, *, #6143, .F. ) ;
#6043 = LINE ( 'NONE', #3048, #784 ) ;
#6044 = VECTOR ( 'NONE', #2793, 1000.000000000000227 ) ;
#6045 = CARTESIAN_POINT ( 'NONE',  ( -26.00000000000000000, 5.859598249176485751, 56.07296202289150244 ) ) ;
#6046 = ADVANCED_FACE ( 'NONE', ( #964 ), #1362, .F. ) ;
#6047 = CARTESIAN_POINT ( 'NONE',  ( 23.38434943664681498, 15.00000000000000178, 33.95955067677851247 ) ) ;
#6048 = DIRECTION ( 'NONE',  ( 0.000000000000000000, -1.000000000000000000, -0.000000000000000000 ) ) ;
#6049 = CARTESIAN_POINT ( 'NONE',  ( 24.99999999999999289, -33.06546114089393740, -20.43926113024363289 ) ) ;
#6050 = DIRECTION ( 'NONE',  ( 0.000000000000000000, -0.3233786518374731633, -0.9462696484278561027 ) ) ;
#6051 = VERTEX_POINT ( 'NONE', #2986 ) ;
#6052 = EDGE_CURVE ( 'NONE', #2389, #5262, #3387, .T. ) ;
#6053 = EDGE_CURVE ( 'NONE', #3158, #5372, #1425, .T. ) ;
#6054 = EDGE_CURVE ( 'NONE', #2263, #4938, #2891, .T. ) ;
#6055 = EDGE_CURVE ( 'NONE', #5243, #586, #1895, .T. ) ;
#6056 = VERTEX_POINT ( 'NONE', #1395 ) ;
#6057 = LINE ( 'NONE', #4037, #1894 ) ;
#6058 = AXIS2_PLACEMENT_3D ( 'NONE', #4535, #3572, #6562 ) ;
#6059 = VERTEX_POINT ( 'NONE', #4017 ) ;
#6060 = CARTESIAN_POINT ( 'NONE',  ( 24.34714463062696410, 15.00000000000000533, 33.64319075006162763 ) ) ;
#6061 = CIRCLE ( 'NONE', #5204, 3.999999999999996447 ) ;
#6062 = ORIENTED_EDGE ( 'NONE', *, *, #5478, .F. ) ;
#6063 = VECTOR ( 'NONE', #2398, 1000.000000000000000 ) ;
#6064 = CIRCLE ( 'NONE', #5004, 135.5624999999987779 ) ;
#6065 = FACE_OUTER_BOUND ( 'NONE', #4323, .T. ) ;
#6066 = DIRECTION ( 'NONE',  ( -0.000000000000000000, 1.000000000000000000, -0.000000000000000000 ) ) ;
#6067 = VECTOR ( 'NONE', #447, 1000.000000000000000 ) ;
#6068 = ORIENTED_EDGE ( 'NONE', *, *, #4883, .T. ) ;
#6069 = CARTESIAN_POINT ( 'NONE',  ( -65.00000000000000000, -12.57535232641010481, 58.49999999998882316 ) ) ;
#6070 = LINE ( 'NONE', #3141, #2528 ) ;
#6071 = AXIS2_PLACEMENT_3D ( 'NONE', #2167, #665, #175 ) ;
#6072 = CARTESIAN_POINT ( 'NONE',  ( 24.90336947669798562, 23.35028468928021184, 13.31249999999998579 ) ) ;
#6073 = ORIENTED_EDGE ( 'NONE', *, *, #5166, .F. ) ;
#6074 = CARTESIAN_POINT ( 'NONE',  ( 22.48754491882241169, 20.10070022736665152, -32.29647435897435770 ) ) ;
#6075 = EDGE_CURVE ( 'NONE', #2231, #2919, #4513, .T. ) ;
#6076 = ORIENTED_EDGE ( 'NONE', *, *, #3873, .T. ) ;
#6077 = LINE ( 'NONE', #1496, #1000 ) ;
#6078 = LINE ( 'NONE', #6204, #1889 ) ;
#6079 = DIRECTION ( 'NONE',  ( 0.000000000000000000, 0.000000000000000000, 1.000000000000000000 ) ) ;
#6080 = DIRECTION ( 'NONE',  ( 0.000000000000000000, 0.9187769822972394751, 0.3947769709605387645 ) ) ;
#6081 = CARTESIAN_POINT ( 'NONE',  ( 65.00000000000000000, -52.52973839301110814, 15.28633521551477337 ) ) ;
#6082 = FACE_OUTER_BOUND ( 'NONE', #3440, .T. ) ;
#6083 = ORIENTED_EDGE ( 'NONE', *, *, #5519, .T. ) ;
#6084 = ADVANCED_FACE ( 'NONE', ( #6535 ), #4325, .F. ) ;
#6085 = VECTOR ( 'NONE', #6174, 1000.000000000000000 ) ;
#6086 = ORIENTED_EDGE ( 'NONE', *, *, #1059, .T. ) ;
#6087 = EDGE_LOOP ( 'NONE', ( #6211, #6040 ) ) ;
#6088 = DIRECTION ( 'NONE',  ( 0.000000000000000000, 0.3357577272191316076, -0.9419483789532433482 ) ) ;
#6089 = VECTOR ( 'NONE', #3733, 1000.000000000000000 ) ;
#6090 = ORIENTED_EDGE ( 'NONE', *, *, #3921, .T. ) ;
#6091 = CARTESIAN_POINT ( 'NONE',  ( 24.37673613009663853, 15.00000000000000533, 33.42013270076478904 ) ) ;
#6092 = CARTESIAN_POINT ( 'NONE',  ( 23.18045772650003045, 14.99999999999999822, 32.79654635968314125 ) ) ;
#6093 = CIRCLE ( 'NONE', #3869, 2.200000000000000622 ) ;
#6094 = DIRECTION ( 'NONE',  ( 0.000000000000000000, 3.469446951953611033E-15, -1.000000000000000000 ) ) ;
#6095 = EDGE_LOOP ( 'NONE', ( #6285, #5732, #4487, #5621 ) ) ;
#6096 = LINE ( 'NONE', #4075, #613 ) ;
#6097 = CARTESIAN_POINT ( 'NONE',  ( 32.00000000000000000, -57.01957048597077460, 14.00215858380043699 ) ) ;
#6098 = ORIENTED_EDGE ( 'NONE', *, *, #4761, .F. ) ;
#6099 = DIRECTION ( 'NONE',  ( -0.000000000000000000, 0.9187769822972391420, 0.3947769709605395971 ) ) ;
#6100 = SPHERICAL_SURFACE ( 'NONE', #3588, 2.000000000000000000 ) ;
#6101 = ADVANCED_FACE ( 'NONE', ( #6037 ), #5976, .T. ) ;
#6102 = MANIFOLD_SOLID_BREP ( 'CSK for M2 Countersunk Flat Head Screw2', #2468 ) ;
#6103 = DIRECTION ( 'NONE',  ( 0.000000000000000000, 0.000000000000000000, 1.000000000000000000 ) ) ;
#6104 = VERTEX_POINT ( 'NONE', #2617 ) ;
#6105 = FACE_OUTER_BOUND ( 'NONE', #3346, .T. ) ;
#6106 = VERTEX_POINT ( 'NONE', #1055 ) ;
#6107 = DIRECTION ( 'NONE',  ( 0.000000000000000000, -0.3947769709605395971, 0.9187769822972391420 ) ) ;
#6108 = CARTESIAN_POINT ( 'NONE',  ( -65.00000000000000000, -3.549237961440489197, 44.39953441211020646 ) ) ;
#6109 = EDGE_CURVE ( 'NONE', #3092, #498, #5566, .T. ) ;
#6110 = DIRECTION ( 'NONE',  ( 0.000000000000000000, 0.3947769709605385424, -0.9187769822972394751 ) ) ;
#6111 = CARTESIAN_POINT ( 'NONE',  ( 22.21106178439028866, -111.4976334394454369, -1.528915308921869618E-14 ) ) ;
#6112 = CARTESIAN_POINT ( 'NONE',  ( -25.00000000000000000, -28.44884186725240838, 3.999999999988530064 ) ) ;
#6113 = PLANE ( 'NONE',  #4001 ) ;
#6114 = ORIENTED_EDGE ( 'NONE', *, *, #2408, .F. ) ;
#6115 = EDGE_CURVE ( 'NONE', #4680, #5457, #3549, .T. ) ;
#6116 = VERTEX_POINT ( 'NONE', #1020 ) ;
#6117 = EDGE_LOOP ( 'NONE', ( #5991, #576 ) ) ;
#6118 = CARTESIAN_POINT ( 'NONE',  ( -65.00000000000000000, -22.44884186725809627, 3.457098689074955544 ) ) ;
#6119 = DIRECTION ( 'NONE',  ( 0.000000000000000000, -0.4718612443555697533, -0.8816728225794494556 ) ) ;
#6120 = EDGE_LOOP ( 'NONE', ( #3571, #4413, #3173, #2261 ) ) ;
#6121 = CARTESIAN_POINT ( 'NONE',  ( 23.17391888719230764, 19.86068834797921667, 34.32168222757342591 ) ) ;
#6122 = PERSON_AND_ORGANIZATION_ROLE ( 'design_owner' ) ;
#6123 = VECTOR ( 'NONE', #5781, 1000.000000000000114 ) ;
#6124 = AXIS2_PLACEMENT_3D ( 'NONE', #1447, #3002, #5962 ) ;
#6125 = CARTESIAN_POINT ( 'NONE',  ( 24.83185505362106227, 14.99999999999999822, 13.31249999999998579 ) ) ;
#6126 = VERTEX_POINT ( 'NONE', #1525 ) ;
#6127 = DIRECTION ( 'NONE',  ( -1.000000000000000000, -0.000000000000000000, -0.000000000000000000 ) ) ;
#6128 = DIRECTION ( 'NONE',  ( 0.000000000000000000, -1.000000000000000000, -1.324458373627596226E-16 ) ) ;
#6129 = AXIS2_PLACEMENT_3D ( 'NONE', #1859, #2287, #2822 ) ;
#6130 = ORIENTED_EDGE ( 'NONE', *, *, #5072, .T. ) ;
#6131 = DIRECTION ( 'NONE',  ( -0.000000000000000000, 1.000000000000000000, -0.000000000000000000 ) ) ;
#6132 = EDGE_CURVE ( 'NONE', #3215, #5900, #6070, .T. ) ;
#6133 = CARTESIAN_POINT ( 'NONE',  ( 65.00000000000000000, -37.96484202435856758, -30.34451612687654887 ) ) ;
#6134 = EDGE_CURVE ( 'NONE', #4352, #1741, #520, .T. ) ;
#6135 = VECTOR ( 'NONE', #2452, 1000.000000000000000 ) ;
#6136 = EDGE_CURVE ( 'NONE', #1166, #363, #5167, .T. ) ;
#6137 = ADVANCED_FACE ( 'NONE', ( #3078 ), #2648, .T. ) ;
#6138 = DIRECTION ( 'NONE',  ( -1.000000000000000000, -0.000000000000000000, -0.000000000000000000 ) ) ;
#6139 = ORIENTED_EDGE ( 'NONE', *, *, #2010, .F. ) ;
#6140 = LINE ( 'NONE', #6233, #1364 ) ;
#6141 = ORIENTED_EDGE ( 'NONE', *, *, #3211, .F. ) ;
#6142 = CARTESIAN_POINT ( 'NONE',  ( 22.21106178439029222, 14.99999999999999822, 13.31249999999998579 ) ) ;
#6143 = EDGE_CURVE ( 'NONE', #872, #2993, #2585, .T. ) ;
#6144 = CARTESIAN_POINT ( 'NONE',  ( 21.00000000000000000, -117.4469470763954178, 0.000000000000000000 ) ) ;
#6145 = DIRECTION ( 'NONE',  ( -1.000000000000000000, -0.000000000000000000, 0.000000000000000000 ) ) ;
#6146 = LINE ( 'NONE', #4061, #1210 ) ;
#6147 = CYLINDRICAL_SURFACE ( 'NONE', #4310, 2.000000000000001776 ) ;
#6148 = AXIS2_PLACEMENT_3D ( 'NONE', #4296, #4728, #245 ) ;
#6149 = VERTEX_POINT ( 'NONE', #61 ) ;
#6150 = VERTEX_POINT ( 'NONE', #6133 ) ;
#6151 = ORIENTED_EDGE ( 'NONE', *, *, #4383, .F. ) ;
#6152 = DIRECTION ( 'NONE',  ( -0.000000000000000000, 1.000000000000000000, -0.000000000000000000 ) ) ;
#6153 = DIRECTION ( 'NONE',  ( 1.000000000000000000, -0.000000000000000000, -0.000000000000000000 ) ) ;
#6154 = ORIENTED_EDGE ( 'NONE', *, *, #5665, .F. ) ;
#6155 = CARTESIAN_POINT ( 'NONE',  ( 24.07390055507206839, 14.99999999999999467, 34.07384380328153384 ) ) ;
#6156 = CARTESIAN_POINT ( 'NONE',  ( -65.00000000000000000, -24.44884186725809272, -33.04136752811918853 ) ) ;
#6157 = EDGE_LOOP ( 'NONE', ( #280, #3990, #2754, #3383, #4534, #3829, #6200, #1305 ) ) ;
#6158 = FACE_OUTER_BOUND ( 'NONE', #3221, .T. ) ;
#6159 = DIRECTION ( 'NONE',  ( 0.000000000000000000, 0.000000000000000000, 1.000000000000000000 ) ) ;
#6160 = ORIENTED_EDGE ( 'NONE', *, *, #3781, .T. ) ;
#6161 = CARTESIAN_POINT ( 'NONE',  ( 24.99999999999999289, -10.51900342761852336, -52.24999999999997868 ) ) ;
#6162 = CARTESIAN_POINT ( 'NONE',  ( 32.00000000000000000, -27.37867146798575391, -19.51898557039446302 ) ) ;
#6163 = CIRCLE ( 'NONE', #6490, 7.000000000000000888 ) ;
#6164 = DIRECTION ( 'NONE',  ( -0.000000000000000000, 1.000000000000000000, -0.000000000000000000 ) ) ;
#6165 = EDGE_CURVE ( 'NONE', #4739, #4356, #1089, .T. ) ;
#6166 = ORIENTED_EDGE ( 'NONE', *, *, #3967, .F. ) ;
#6167 = DIRECTION ( 'NONE',  ( 1.000000000000000000, 0.000000000000000000, 0.000000000000000000 ) ) ;
#6168 = CIRCLE ( 'NONE', #3312, 135.5034452694893616 ) ;
#6169 = EDGE_LOOP ( 'NONE', ( #2555, #6540, #1936, #691 ) ) ;
#6170 = DIRECTION ( 'NONE',  ( 0.000000000000000000, 0.9462696484278558806, -0.3233786518374738850 ) ) ;
#6171 = ADVANCED_FACE ( 'NONE', ( #2552 ), #5599, .T. ) ;
#6172 = PLANE ( 'NONE',  #4742 ) ;
#6173 = CARTESIAN_POINT ( 'NONE',  ( -14.99999999999999467, 5.014924930574558459, -52.24999999999996447 ) ) ;
#6174 = DIRECTION ( 'NONE',  ( 1.000000000000000000, 0.000000000000000000, 0.000000000000000000 ) ) ;
#6175 = CARTESIAN_POINT ( 'NONE',  ( -32.00000000000000000, -401.1911677216195926, -5.001817560789019760E-14 ) ) ;
#6176 = VERTEX_POINT ( 'NONE', #993 ) ;
#6177 = AXIS2_PLACEMENT_3D ( 'NONE', #1391, #2455, #3130 ) ;
#6178 = ADVANCED_FACE ( 'NONE', ( #4673 ), #31, .F. ) ;
#6179 = ORIENTED_EDGE ( 'NONE', *, *, #567, .T. ) ;
#6180 = ORIENTED_EDGE ( 'NONE', *, *, #4498, .T. ) ;
#6181 = CARTESIAN_POINT ( 'NONE',  ( -33.33642213970961876, -12.96716311562918733, -59.60856740451988856 ) ) ;
#6182 = CARTESIAN_POINT ( 'NONE',  ( -32.00000000000000000, -160.5707052648168087, 38.09574399901969599 ) ) ;
#6183 = ORIENTED_EDGE ( 'NONE', *, *, #6132, .T. ) ;
#6184 = CARTESIAN_POINT ( 'NONE',  ( 23.13721955128205465, 14.99999999999999822, 34.32211538461537970 ) ) ;
#6185 = FACE_OUTER_BOUND ( 'NONE', #2573, .T. ) ;
#6186 = CIRCLE ( 'NONE', #3335, 135.5034452694893616 ) ;
#6187 = ORIENTED_EDGE ( 'NONE', *, *, #3672, .T. ) ;
#6188 = VECTOR ( 'NONE', #6217, 1000.000000000000000 ) ;
#6189 = DIRECTION ( 'NONE',  ( 0.000000000000000000, -1.341519488088333655E-13, -1.000000000000000000 ) ) ;
#6190 = VECTOR ( 'NONE', #6336, 1000.000000000000000 ) ;
#6191 = ADVANCED_FACE ( 'NONE', ( #5105 ), #6100, .F. ) ;
#6192 = DIRECTION ( 'NONE',  ( -1.000000000000000000, -0.000000000000000000, 0.000000000000000000 ) ) ;
#6193 = ORIENTED_EDGE ( 'NONE', *, *, #1668, .F. ) ;
#6194 = DIRECTION ( 'NONE',  ( 0.000000000000000000, 0.000000000000000000, -1.000000000000000000 ) ) ;
#6195 = VECTOR ( 'NONE', #1423, 1000.000000000000000 ) ;
#6196 = DIRECTION ( 'NONE',  ( 0.000000000000000000, 1.000000000000000000, 0.000000000000000000 ) ) ;
#6197 = EDGE_CURVE ( 'NONE', #545, #1166, #552, .T. ) ;
#6198 = CARTESIAN_POINT ( 'NONE',  ( 15.00000000000000178, -50.00000000000000000, 52.24999999999999289 ) ) ;
#6199 = EDGE_CURVE ( 'NONE', #1432, #232, #491, .T. ) ;
#6200 = ORIENTED_EDGE ( 'NONE', *, *, #1812, .F. ) ;
#6201 = DIRECTION ( 'NONE',  ( -1.000000000000000000, 0.000000000000000000, 0.000000000000000000 ) ) ;
#6202 = ORIENTED_EDGE ( 'NONE', *, *, #244, .T. ) ;
#6203 = CARTESIAN_POINT ( 'NONE',  ( 34.00000000000000000, -62.71868522987811190, 59.54459137283848236 ) ) ;
#6204 = CARTESIAN_POINT ( 'NONE',  ( 22.49358974358974805, 14.99999999999999822, 32.79647435897435770 ) ) ;
#6205 = FACE_OUTER_BOUND ( 'NONE', #2424, .T. ) ;
#6206 = CARTESIAN_POINT ( 'NONE',  ( -65.00000000000000000, -8.101813689230890958, 57.17151545442678184 ) ) ;
#6207 = CARTESIAN_POINT ( 'NONE',  ( 25.00000000000000000, -126.4501835576286624, 8.448105686686514324E-15 ) ) ;
#6208 = ORIENTED_EDGE ( 'NONE', *, *, #5277, .T. ) ;
#6209 = EDGE_CURVE ( 'NONE', #4217, #1996, #1653, .T. ) ;
#6210 = AXIS2_PLACEMENT_3D ( 'NONE', #6360, #5322, #3364 ) ;
#6211 = ORIENTED_EDGE ( 'NONE', *, *, #2325, .F. ) ;
#6212 = ORIENTED_EDGE ( 'NONE', *, *, #2612, .F. ) ;
#6213 = CARTESIAN_POINT ( 'NONE',  ( -32.39068156230925410, -12.85922121838228627, 59.30558082307791778 ) ) ;
#6214 = FACE_OUTER_BOUND ( 'NONE', #3777, .T. ) ;
#6215 = VECTOR ( 'NONE', #1475, 1000.000000000000000 ) ;
#6216 = EDGE_LOOP ( 'NONE', ( #2151, #5961, #1250, #5121 ) ) ;
#6217 = DIRECTION ( 'NONE',  ( 0.000000000000000000, -1.000000000000000000, -2.550043509689551597E-13 ) ) ;
#6218 = ADVANCED_FACE ( 'NONE', ( #2024 ), #5301, .T. ) ;
#6219 = CARTESIAN_POINT ( 'NONE',  ( 51.00000000000000711, -31.59933864746425414, -47.69223012033133102 ) ) ;
#6220 = EDGE_LOOP ( 'NONE', ( #5697, #4137, #4098, #3390 ) ) ;
#6221 = CYLINDRICAL_SURFACE ( 'NONE', #656, 7.000000000000004441 ) ;
#6222 = LINE ( 'NONE', #2675, #2848 ) ;
#6223 = EDGE_CURVE ( 'NONE', #5904, #5228, #3277, .T. ) ;
#6224 = ORIENTED_EDGE ( 'NONE', *, *, #4364, .F. ) ;
#6225 = CARTESIAN_POINT ( 'NONE',  ( 24.42307692307692690, 14.99999999999999822, 35.93750000000000000 ) ) ;
#6226 = VECTOR ( 'NONE', #5477, 1000.000000000000000 ) ;
#6227 = LINE ( 'NONE', #1819, #6236 ) ;
#6228 = VECTOR ( 'NONE', #2517, 1000.000000000000000 ) ;
#6229 = DIRECTION ( 'NONE',  ( 1.000000000000000000, 0.000000000000000000, 0.000000000000000000 ) ) ;
#6230 = CIRCLE ( 'NONE', #5390, 135.4651084882032137 ) ;
#6231 = CARTESIAN_POINT ( 'NONE',  ( 22.54180846694344709, 14.99999999999999822, -12.81249999999999822 ) ) ;
#6232 = ORIENTED_EDGE ( 'NONE', *, *, #1842, .T. ) ;
#6233 = CARTESIAN_POINT ( 'NONE',  ( -32.00000000000000000, 4.437935620567727443E-12, -67.49999999997871214 ) ) ;
#6234 = ORIENTED_EDGE ( 'NONE', *, *, #4390, .T. ) ;
#6235 = DIRECTION ( 'NONE',  ( -0.000000000000000000, 1.000000000000000000, -0.000000000000000000 ) ) ;
#6236 = VECTOR ( 'NONE', #3172, 1000.000000000000114 ) ;
#6237 = CARTESIAN_POINT ( 'NONE',  ( -21.00000000000000000, 12.38189283117547923, -59.29043376061078163 ) ) ;
#6238 = VECTOR ( 'NONE', #6128, 1000.000000000000000 ) ;
#6239 = FACE_OUTER_BOUND ( 'NONE', #3891, .T. ) ;
#6240 = EDGE_LOOP ( 'NONE', ( #302, #3786, #1477, #3631 ) ) ;
#6241 = LINE ( 'NONE', #3222, #1559 ) ;
#6242 = ORIENTED_EDGE ( 'NONE', *, *, #320, .T. ) ;
#6243 =( BOUNDED_CURVE ( )  B_SPLINE_CURVE ( 3, ( #3773, #5799, #5261, #4339 ),
 .UNSPECIFIED., .F., .F. ) 
 B_SPLINE_CURVE_WITH_KNOTS ( ( 4, 4 ),
 ( 4.784867553361716652, 4.805267016460747165 ),
 .UNSPECIFIED. ) 
 CURVE ( )  GEOMETRIC_REPRESENTATION_ITEM ( )  RATIONAL_B_SPLINE_CURVE ( ( 1.000000000000000000, 0.9999653221260820235, 0.9999653221260820235, 1.000000000000000000 ) ) 
 REPRESENTATION_ITEM ( '' )  );
#6244 = EDGE_CURVE ( 'NONE', #1485, #3694, #185, .T. ) ;
#6245 = DIRECTION ( 'NONE',  ( 1.000000000000000000, 0.000000000000000000, 0.000000000000000000 ) ) ;
#6246 = EDGE_LOOP ( 'NONE', ( #2774, #2135, #136, #5516 ) ) ;
#6247 = ORIENTED_EDGE ( 'NONE', *, *, #957, .T. ) ;
#6248 = VECTOR ( 'NONE', #2142, 1000.000000000000000 ) ;
#6249 = ADVANCED_FACE ( 'NONE', ( #285 ), #782, .T. ) ;
#6250 = DIRECTION ( 'NONE',  ( -1.000000000000000000, 0.000000000000000000, 0.000000000000000000 ) ) ;
#6251 = DIRECTION ( 'NONE',  ( 0.000000000000000000, 4.336808689942013792E-15, -1.000000000000000000 ) ) ;
#6252 = EDGE_LOOP ( 'NONE', ( #1912, #5972, #2600, #5427 ) ) ;
#6253 = ADVANCED_FACE ( 'NONE', ( #2781 ), #6265, .T. ) ;
#6254 = LINE ( 'NONE', #4760, #2594 ) ;
#6255 = EDGE_CURVE ( 'NONE', #5221, #2007, #2251, .T. ) ;
#6256 = ADVANCED_FACE ( 'NONE', ( #4272 ), #642, .T. ) ;
#6257 = AXIS2_PLACEMENT_3D ( 'NONE', #6111, #1569, #3592 ) ;
#6258 = CARTESIAN_POINT ( 'NONE',  ( -65.00000000000000000, -4.411788607786614413, -45.05505379962504975 ) ) ;
#6259 = VERTEX_POINT ( 'NONE', #1184 ) ;
#6260 = PLANE ( 'NONE',  #986 ) ;
#6261 = CARTESIAN_POINT ( 'NONE',  ( 24.30305978394906674, 14.99999999999999822, 32.98545130026117533 ) ) ;
#6262 = ORIENTED_EDGE ( 'NONE', *, *, #731, .F. ) ;
#6263 = DIRECTION ( 'NONE',  ( -0.000000000000000000, -0.5881716976750457349, 0.8087360843031888846 ) ) ;
#6264 = ADVANCED_FACE ( 'NONE', ( #253 ), #1251, .F. ) ;
#6265 = PLANE ( 'NONE',  #4119 ) ;
#6266 = EDGE_CURVE ( 'NONE', #293, #2386, #6243, .T. ) ;
#6267 = DIRECTION ( 'NONE',  ( -0.000000000000000000, -1.000000000000000000, 1.593824000378136335E-15 ) ) ;
#6268 = CARTESIAN_POINT ( 'NONE',  ( 65.00000000000000000, -64.45252244364704097, 41.43340702487682847 ) ) ;
#6269 = EDGE_LOOP ( 'NONE', ( #5838, #4818, #4693, #4962, #1607, #5172, #2052, #3647 ) ) ;
#6270 = DIRECTION ( 'NONE',  ( -1.000000000000000000, 0.000000000000000000, 0.000000000000000000 ) ) ;
#6271 = ORIENTED_EDGE ( 'NONE', *, *, #2982, .T. ) ;
#6272 = CARTESIAN_POINT ( 'NONE',  ( 21.00000000000000000, 5.848221124615165856, -56.07296202474786639 ) ) ;
#6273 = EDGE_CURVE ( 'NONE', #3278, #4739, #2957, .T. ) ;
#6274 = VECTOR ( 'NONE', #5083, 1000.000000000000000 ) ;
#6275 = LINE ( 'NONE', #5878, #5488 ) ;
#6276 = ADVANCED_FACE ( 'NONE', ( #1786 ), #3157, .F. ) ;
#6277 = DIRECTION ( 'NONE',  ( 0.000000000000000000, -1.000000000000000000, -1.324458373627596226E-16 ) ) ;
#6278 = AXIS2_PLACEMENT_3D ( 'NONE', #3521, #35, #3429 ) ;
#6279 = VECTOR ( 'NONE', #4060, 1000.000000000000000 ) ;
#6280 = ORIENTED_EDGE ( 'NONE', *, *, #6244, .T. ) ;
#6281 = DIRECTION ( 'NONE',  ( 0.000000000000000000, -0.9402861980684315002, 0.3403848788092887490 ) ) ;
#6282 = VECTOR ( 'NONE', #4969, 1000.000000000000000 ) ;
#6283 = EDGE_LOOP ( 'NONE', ( #1243, #3244, #4224, #4605 ) ) ;
#6284 = DIRECTION ( 'NONE',  ( -0.000000000000000000, 0.9462696484278558806, -0.3233786518374738850 ) ) ;
#6285 = ORIENTED_EDGE ( 'NONE', *, *, #3959, .F. ) ;
#6286 = ORIENTED_EDGE ( 'NONE', *, *, #5025, .T. ) ;
#6287 = AXIS2_PLACEMENT_3D ( 'NONE', #5216, #3263, #3193 ) ;
#6288 = DIRECTION ( 'NONE',  ( -1.000000000000000000, -0.000000000000000000, -0.000000000000000000 ) ) ;
#6289 = EDGE_CURVE ( 'NONE', #45, #746, #2678, .T. ) ;
#6290 = CARTESIAN_POINT ( 'NONE',  ( 32.00000000000000000, -51.84896863539253076, 17.16690761165163437 ) ) ;
#6291 = ORIENTED_EDGE ( 'NONE', *, *, #5561, .F. ) ;
#6292 = DIRECTION ( 'NONE',  ( -0.000000000000000000, -0.3947769709605395416, 0.9187769822972392531 ) ) ;
#6293 = DIRECTION ( 'NONE',  ( 1.000000000000000000, 0.000000000000000000, -0.000000000000000000 ) ) ;
#6294 = VERTEX_POINT ( 'NONE', #2314 ) ;
#6295 = PLANE ( 'NONE',  #4675 ) ;
#6296 = CARTESIAN_POINT ( 'NONE',  ( 65.00000000000000000, -33.57545344818746003, -20.29547299196408261 ) ) ;
#6297 = ORIENTED_EDGE ( 'NONE', *, *, #1721, .F. ) ;
#6298 = CARTESIAN_POINT ( 'NONE',  ( 21.00000000000000000, -111.4976334394454369, -1.528915308921869618E-14 ) ) ;
#6299 = CARTESIAN_POINT ( 'NONE',  ( 34.00000000000000000, -62.11966054036631846, 55.11275547545007214 ) ) ;
#6300 = AXIS2_PLACEMENT_3D ( 'NONE', #6501, #4599, #5437 ) ;
#6301 = AXIS2_PLACEMENT_3D ( 'NONE', #858, #3415, #1857 ) ;
#6302 = ORIENTED_EDGE ( 'NONE', *, *, #703, .F. ) ;
#6303 = CARTESIAN_POINT ( 'NONE',  ( 24.06410256410256565, 19.86086758453160073, 33.37279647435897090 ) ) ;
#6304 = CARTESIAN_POINT ( 'NONE',  ( 24.37734113871179176, 19.84460273753031956, 33.32271629387123824 ) ) ;
#6305 = ORIENTED_EDGE ( 'NONE', *, *, #479, .T. ) ;
#6306 = CARTESIAN_POINT ( 'NONE',  ( 22.49358974358974805, 14.99999999999999822, 35.93750000000000000 ) ) ;
#6307 = VECTOR ( 'NONE', #5173, 1000.000000000000000 ) ;
#6308 = ORIENTED_EDGE ( 'NONE', *, *, #5107, .F. ) ;
#6309 = CARTESIAN_POINT ( 'NONE',  ( -21.00000000000000000, 17.96677295205778435, -2.999999999999999556 ) ) ;
#6310 = LINE ( 'NONE', #5909, #5063 ) ;
#6311 = ADVANCED_FACE ( 'NONE', ( #5834 ), #3208, .T. ) ;
#6312 = EDGE_CURVE ( 'NONE', #1109, #5747, #6227, .T. ) ;
#6313 = LINE ( 'NONE', #1798, #3174 ) ;
#6314 = VERTEX_POINT ( 'NONE', #5196 ) ;
#6315 = FACE_OUTER_BOUND ( 'NONE', #2843, .T. ) ;
#6316 = ORIENTED_EDGE ( 'NONE', *, *, #1116, .F. ) ;
#6317 = EDGE_CURVE ( 'NONE', #872, #2153, #4204, .T. ) ;
#6318 = CYLINDRICAL_SURFACE ( 'NONE', #3043, 2.000000000000001776 ) ;
#6319 = DATE_TIME_ROLE ( 'creation_date' ) ;
#6320 = ORIENTED_EDGE ( 'NONE', *, *, #6339, .F. ) ;
#6321 = ORIENTED_EDGE ( 'NONE', *, *, #6055, .F. ) ;
#6322 = CARTESIAN_POINT ( 'NONE',  ( -32.00000000000000000, -10.39856305855380469, -61.49999999999936051 ) ) ;
#6323 = DIRECTION ( 'NONE',  ( 0.000000000000000000, 0.9187769822972390310, 0.3947769709605396526 ) ) ;
#6324 = LINE ( 'NONE', #6422, #3140 ) ;
#6325 = ORIENTED_EDGE ( 'NONE', *, *, #5197, .F. ) ;
#6326 = B_SPLINE_SURFACE_WITH_KNOTS ( 'NONE', 3, 1, ( 
 ( #2480, #3475 ),
 ( #3447, #920 ),
 ( #5001, #3976 ),
 ( #5997, #5494 ),
 ( #2977, #6527 ),
 ( #1982, #4006 ),
 ( #6027, #3509 ),
 ( #2383, #4789 ),
 ( #2404, #346 ),
 ( #3363, #5420 ),
 ( #5889, #5821 ),
 ( #4429, #5857 ),
 ( #3399, #1338 ),
 ( #1738, #310 ),
 ( #5786, #239 ),
 ( #3863, #4358 ),
 ( #1376, #5386 ),
 ( #6391, #4859 ),
 ( #880, #3830 ) ),
 .UNSPECIFIED., .F., .F., .F.,
 ( 4, 1, 1, 1, 1, 1, 1, 1, 1, 1, 1, 1, 1, 1, 1, 1, 4 ),
 ( 2, 2 ),
 ( 0.000000000000000000, 0.06881429582431113079, 0.1363648245522141589, 0.2040193535112498069, 0.2730637386246139164, 0.3429133195614913476, 0.4109654441389593016, 0.4791687665134478635, 0.5493080065097829534, 0.5876515764176514223, 0.6306466687627914069, 0.6788787856966491674, 0.7319342992295840844, 0.7911114229480478155, 0.8552831895130784678, 0.9250859386773846449, 1.000000000000000000 ),
 ( 0.000000000000000000, 1.000000000000000000 ),
 .UNSPECIFIED. ) ;
#6327 = CARTESIAN_POINT ( 'NONE',  ( -24.99999999999999289, 5.014924930574539808, 10.00000000000000000 ) ) ;
#6328 = ORIENTED_EDGE ( 'NONE', *, *, #2741, .T. ) ;
#6329 = VECTOR ( 'NONE', #3122, 999.9999999999998863 ) ;
#6330 = CARTESIAN_POINT ( 'NONE',  ( 23.34517361694251036, 19.68006780001341482, 33.96460691302260670 ) ) ;
#6331 = DIRECTION ( 'NONE',  ( -0.000000000000000000, 0.9187769822972395861, 0.3947769709605387090 ) ) ;
#6332 = VERTEX_POINT ( 'NONE', #4735 ) ;
#6333 = LINE ( 'NONE', #4836, #4151 ) ;
#6334 = DIRECTION ( 'NONE',  ( 0.000000000000000000, 0.000000000000000000, 1.000000000000000000 ) ) ;
#6335 = ORIENTED_EDGE ( 'NONE', *, *, #3421, .T. ) ;
#6336 = DIRECTION ( 'NONE',  ( -0.000000000000000000, 1.000000000000000000, -0.000000000000000000 ) ) ;
#6337 = DIRECTION ( 'NONE',  ( 0.000000000000000000, 0.000000000000000000, -1.000000000000000000 ) ) ;
#6338 = CIRCLE ( 'NONE', #5271, 1.199999999999987521 ) ;
#6339 = EDGE_CURVE ( 'NONE', #1400, #1190, #723, .T. ) ;
#6340 = ORIENTED_EDGE ( 'NONE', *, *, #3147, .T. ) ;
#6341 = PLANE ( 'NONE',  #5065 ) ;
#6342 = ORIENTED_EDGE ( 'NONE', *, *, #4560, .F. ) ;
#6343 = LINE ( 'NONE', #3284, #478 ) ;
#6344 = EDGE_CURVE ( 'NONE', #3097, #5796, #6558, .T. ) ;
#6345 = DIRECTION ( 'NONE',  ( 0.000000000000000000, -0.9402861980684312782, 0.3403848788092894151 ) ) ;
#6346 = VECTOR ( 'NONE', #2489, 1000.000000000000000 ) ;
#6347 = FACE_OUTER_BOUND ( 'NONE', #849, .T. ) ;
#6348 = ORIENTED_EDGE ( 'NONE', *, *, #744, .F. ) ;
#6349 = CARTESIAN_POINT ( 'NONE',  ( 32.00000000000000000, -62.68718045743393219, 41.08268006193875266 ) ) ;
#6350 = ORIENTED_EDGE ( 'NONE', *, *, #3011, .T. ) ;
#6351 = AXIS2_PLACEMENT_3D ( 'NONE', #3909, #4943, #1417 ) ;
#6352 = AXIS2_PLACEMENT_3D ( 'NONE', #4947, #1955, #1927 ) ;
#6353 = DIRECTION ( 'NONE',  ( -0.000000000000000000, -0.4651525774019363291, -0.8852305235001420858 ) ) ;
#6354 = PERSON_AND_ORGANIZATION ( #4040, #4752 ) ;
#6355 = EDGE_CURVE ( 'NONE', #2851, #522, #5869, .T. ) ;
#6356 = ORIENTED_EDGE ( 'NONE', *, *, #4330, .T. ) ;
#6357 = ORIENTED_EDGE ( 'NONE', *, *, #5885, .T. ) ;
#6358 = VECTOR ( 'NONE', #486, 1000.000000000000000 ) ;
#6359 = CARTESIAN_POINT ( 'NONE',  ( 25.00000000000000000, -3.000000000000038636, 67.50000000000000000 ) ) ;
#6360 = CARTESIAN_POINT ( 'NONE',  ( 65.00000000000000000, -44.52891333758434911, 10.26301372407030854 ) ) ;
#6361 = CARTESIAN_POINT ( 'NONE',  ( 65.00000000000000000, -64.27569378863722704, 41.02186808014482722 ) ) ;
#6362 = EDGE_LOOP ( 'NONE', ( #5369, #5919, #3349, #5686 ) ) ;
#6363 = DIRECTION ( 'NONE',  ( -1.000000000000000000, 0.000000000000000000, 0.000000000000000000 ) ) ;
#6364 = ORIENTED_EDGE ( 'NONE', *, *, #3210, .T. ) ;
#6365 = DIRECTION ( 'NONE',  ( 1.000000000000000000, 0.000000000000000000, 0.000000000000000000 ) ) ;
#6366 = EDGE_CURVE ( 'NONE', #4045, #2565, #3943, .T. ) ;
#6367 = DIRECTION ( 'NONE',  ( 0.000000000000000000, 0.000000000000000000, -1.000000000000000000 ) ) ;
#6368 = VECTOR ( 'NONE', #1647, 1000.000000000000000 ) ;
#6369 = FACE_OUTER_BOUND ( 'NONE', #6095, .T. ) ;
#6370 = CARTESIAN_POINT ( 'NONE',  ( -32.00000000000000000, -179.8521528752048084, -1.559876379624643847E-14 ) ) ;
#6371 = VERTEX_POINT ( 'NONE', #6469 ) ;
#6372 = CARTESIAN_POINT ( 'NONE',  ( -26.00000000000000000, 19.28985554039353190, -35.43750000000000000 ) ) ;
#6373 = CARTESIAN_POINT ( 'NONE',  ( -34.00000000000000000, -4.411788607786615302, -45.05505379962504975 ) ) ;
#6374 = ORIENTED_EDGE ( 'NONE', *, *, #2608, .T. ) ;
#6375 = CARTESIAN_POINT ( 'NONE',  ( -14.99999999999999467, -50.00000000000000000, 10.00000000000000178 ) ) ;
#6376 = ORIENTED_EDGE ( 'NONE', *, *, #5877, .T. ) ;
#6377 = DIRECTION ( 'NONE',  ( 1.000000000000000000, 0.000000000000000000, 0.000000000000000000 ) ) ;
#6378 = FACE_OUTER_BOUND ( 'NONE', #5568, .T. ) ;
#6379 = CARTESIAN_POINT ( 'NONE',  ( -65.00000000000000000, -8.575352326411021409, 58.49999999998852473 ) ) ;
#6380 = CC_DESIGN_PERSON_AND_ORGANIZATION_ASSIGNMENT ( #1872, #732, ( #95 ) ) ;
#6381 = EDGE_CURVE ( 'NONE', #3754, #1076, #4444, .T. ) ;
#6382 = ORIENTED_EDGE ( 'NONE', *, *, #3210, .F. ) ;
#6383 = DIRECTION ( 'NONE',  ( 0.000000000000000000, 0.000000000000000000, 1.000000000000000000 ) ) ;
#6384 = VECTOR ( 'NONE', #6131, 1000.000000000000000 ) ;
#6385 = EDGE_LOOP ( 'NONE', ( #3900, #3159, #5524, #3583 ) ) ;
#6386 = LINE ( 'NONE', #1269, #6123 ) ;
#6387 = AXIS2_PLACEMENT_3D ( 'NONE', #5847, #4284, #3289 ) ;
#6388 = AXIS2_PLACEMENT_3D ( 'NONE', #5146, #592, #2130 ) ;
#6389 = ORIENTED_EDGE ( 'NONE', *, *, #2735, .F. ) ;
#6390 = ORIENTED_EDGE ( 'NONE', *, *, #3987, .F. ) ;
#6391 = CARTESIAN_POINT ( 'NONE',  ( 23.18045772650003045, 14.99999999999999822, 32.79654635968314125 ) ) ;
#6392 = LINE ( 'NONE', #5890, #493 ) ;
#6393 = ADVANCED_FACE ( 'NONE', ( #956 ), #5002, .F. ) ;
#6394 = FACE_OUTER_BOUND ( 'NONE', #1685, .T. ) ;
#6395 = ORIENTED_EDGE ( 'NONE', *, *, #6366, .F. ) ;
#6396 = DESIGN_CONTEXT ( 'detailed design', #2008, 'design' ) ;
#6397 = DIRECTION ( 'NONE',  ( 1.000000000000000000, 0.000000000000000000, 0.000000000000000000 ) ) ;
#6398 = VERTEX_POINT ( 'NONE', #393 ) ;
#6399 = CARTESIAN_POINT ( 'NONE',  ( -26.00000000000000355, 21.00290591502195525, -3.416602896451072374E-15 ) ) ;
#6400 = CARTESIAN_POINT ( 'NONE',  ( 65.00000000000000000, -45.82786768929089760, 8.219959797609654117 ) ) ;
#6401 = DIRECTION ( 'NONE',  ( 0.000000000000000000, 0.000000000000000000, -1.000000000000000000 ) ) ;
#6402 = FACE_OUTER_BOUND ( 'NONE', #4771, .T. ) ;
#6403 = EDGE_LOOP ( 'NONE', ( #3020, #2344, #4283, #4645, #5951, #4530, #2823, #627, #1168, #1587, #2188, #3186, #4561, #4658, #1169, #316 ) ) ;
#6404 = CARTESIAN_POINT ( 'NONE',  ( -32.00000000000000000, -8.894977061326414969, -46.66285503032649729 ) ) ;
#6405 = DIRECTION ( 'NONE',  ( 1.000000000000000000, 0.000000000000000000, -0.000000000000000000 ) ) ;
#6406 = ORIENTED_EDGE ( 'NONE', *, *, #2606, .F. ) ;
#6407 = CARTESIAN_POINT ( 'NONE',  ( -65.00000000000000000, -22.44884186725809627, -31.81205129217410388 ) ) ;
#6408 = ORIENTED_EDGE ( 'NONE', *, *, #6339, .T. ) ;
#6409 = FACE_OUTER_BOUND ( 'NONE', #5603, .T. ) ;
#6410 = DIRECTION ( 'NONE',  ( 0.000000000000000000, 1.000000000000000000, 0.000000000000000000 ) ) ;
#6411 = CARTESIAN_POINT ( 'NONE',  ( 23.54264150472315720, 20.06087314463870896, 32.45833928914620969 ) ) ;
#6412 = CIRCLE ( 'NONE', #2385, 3.999999999999996447 ) ;
#6413 = ORIENTED_EDGE ( 'NONE', *, *, #272, .F. ) ;
#6414 = DIRECTION ( 'NONE',  ( 1.000000000000000000, 0.000000000000000000, -0.000000000000000000 ) ) ;
#6415 = EDGE_LOOP ( 'NONE', ( #5313, #4489, #3283, #1579, #5119, #1413, #1779, #4105, #5424, #5378, #2804, #4244 ) ) ;
#6416 = CARTESIAN_POINT ( 'NONE',  ( -65.00000000000000000, -8.928433764235801817, -59.49999999999898392 ) ) ;
#6417 = CARTESIAN_POINT ( 'NONE',  ( 21.00000000000000355, -117.5625000000008669, 9.575680578283035600E-12 ) ) ;
#6418 = CARTESIAN_POINT ( 'NONE',  ( 24.33668026181524624, -111.4976334394454369, -1.528915308921869618E-14 ) ) ;
#6419 = ORIENTED_EDGE ( 'NONE', *, *, #6536, .T. ) ;
#6420 = FACE_OUTER_BOUND ( 'NONE', #2601, .T. ) ;
#6421 = LINE ( 'NONE', #3332, #3033 ) ;
#6422 = CARTESIAN_POINT ( 'NONE',  ( 34.00000000000000000, -43.03341941619897426, 11.84865486808793378 ) ) ;
#6423 = ORIENTED_EDGE ( 'NONE', *, *, #5358, .T. ) ;
#6424 = EDGE_CURVE ( 'NONE', #4774, #1005, #4373, .T. ) ;
#6425 = EDGE_CURVE ( 'NONE', #5661, #6056, #4974, .T. ) ;
#6426 = CARTESIAN_POINT ( 'NONE',  ( -21.00000000000000000, -117.4469470763954178, 0.000000000000000000 ) ) ;
#6427 = ORIENTED_EDGE ( 'NONE', *, *, #3700, .F. ) ;
#6428 = DIRECTION ( 'NONE',  ( 1.000000000000000000, 0.000000000000000000, 0.000000000000000000 ) ) ;
#6429 = CARTESIAN_POINT ( 'NONE',  ( -32.00000000000000000, -31.99999999999558753, 78.49999999999802469 ) ) ;
#6430 = DIRECTION ( 'NONE',  ( 0.000000000000000000, -1.324458373627596226E-16, 1.000000000000000000 ) ) ;
#6431 = ADVANCED_FACE ( 'NONE', ( #6402 ), #5400, .F. ) ;
#6432 = DIRECTION ( 'NONE',  ( -5.005638242912013121E-15, 0.3947769709605473687, -0.9187769822972358114 ) ) ;
#6433 = VERTEX_POINT ( 'NONE', #5934 ) ;
#6434 = DIRECTION ( 'NONE',  ( 0.000000000000000000, -0.9419483789532437923, -0.3357577272191311635 ) ) ;
#6435 = DIRECTION ( 'NONE',  ( 1.000000000000000000, 0.000000000000000000, 0.000000000000000000 ) ) ;
#6436 = ORIENTED_EDGE ( 'NONE', *, *, #4936, .F. ) ;
#6437 = DIRECTION ( 'NONE',  ( 0.000000000000000000, 0.3403848788092883604, 0.9402861980684317222 ) ) ;
#6438 = VECTOR ( 'NONE', #416, 1000.000000000000000 ) ;
#6439 = ORIENTED_EDGE ( 'NONE', *, *, #2409, .T. ) ;
#6440 = DIRECTION ( 'NONE',  ( 0.000000000000000000, -1.000000000000000000, -2.312964634635742957E-16 ) ) ;
#6441 = DIRECTION ( 'NONE',  ( 1.000000000000000000, -0.000000000000000000, -0.000000000000000000 ) ) ;
#6442 = DIRECTION ( 'NONE',  ( 0.000000000000000000, -0.000000000000000000, -1.000000000000000000 ) ) ;
#6443 = ADVANCED_FACE ( 'NONE', ( #3978 ), #2418, .T. ) ;
#6444 = ORIENTED_EDGE ( 'NONE', *, *, #4392, .T. ) ;
#6445 = DIRECTION ( 'NONE',  ( -1.000000000000000000, -0.000000000000000000, -0.000000000000000000 ) ) ;
#6446 = ORIENTED_EDGE ( 'NONE', *, *, #158, .T. ) ;
#6447 = CARTESIAN_POINT ( 'NONE',  ( -34.00000000000000000, -7.019571631129540634, -60.09686292965118781 ) ) ;
#6448 = VECTOR ( 'NONE', #4520, 1000.000000000000000 ) ;
#6449 = CARTESIAN_POINT ( 'NONE',  ( -14.99999999999999467, -50.00000000000000000, -10.00000000000000178 ) ) ;
#6450 = VECTOR ( 'NONE', #4529, 1000.000000000000000 ) ;
#6451 = CARTESIAN_POINT ( 'NONE',  ( 23.16433510302442045, 14.99999999999999467, 33.96806211485928628 ) ) ;
#6452 = FACE_OUTER_BOUND ( 'NONE', #3761, .T. ) ;
#6453 = VECTOR ( 'NONE', #3424, 1000.000000000000000 ) ;
#6454 = CYLINDRICAL_SURFACE ( 'NONE', #4910, 2.000000000000001776 ) ;
#6455 = DIRECTION ( 'NONE',  ( 0.000000000000000000, 1.000000000000000000, -1.593824000378136335E-15 ) ) ;
#6456 = CIRCLE ( 'NONE', #5924, 2.000000000000001332 ) ;
#6457 = ORIENTED_EDGE ( 'NONE', *, *, #1765, .F. ) ;
#6458 = AXIS2_PLACEMENT_3D ( 'NONE', #2017, #543, #3034 ) ;
#6459 = AXIS2_PLACEMENT_3D ( 'NONE', #79, #4697, #1011 ) ;
#6460 = EDGE_CURVE ( 'NONE', #1190, #966, #4442, .T. ) ;
#6461 = LINE ( 'NONE', #950, #1914 ) ;
#6462 = ORIENTED_EDGE ( 'NONE', *, *, #2291, .F. ) ;
#6463 = EDGE_CURVE ( 'NONE', #2919, #1173, #922, .T. ) ;
#6464 = CARTESIAN_POINT ( 'NONE',  ( 24.37820512820513130, 19.83169815902506627, 33.37349759615384670 ) ) ;
#6465 = EDGE_CURVE ( 'NONE', #5182, #1866, #1450, .T. ) ;
#6466 = EDGE_CURVE ( 'NONE', #4678, #2007, #1353, .T. ) ;
#6467 = CARTESIAN_POINT ( 'NONE',  ( -65.00000000000000000, -10.39856305855431629, -59.49999999999936051 ) ) ;
#6468 = DIRECTION ( 'NONE',  ( 0.000000000000000000, -1.000000000000000000, -1.324458373627596226E-16 ) ) ;
#6469 = CARTESIAN_POINT ( 'NONE',  ( 24.06410256410256565, 19.83187632657217137, 33.37279647435897090 ) ) ;
#6470 = ORIENTED_EDGE ( 'NONE', *, *, #4672, .F. ) ;
#6471 = DIRECTION ( 'NONE',  ( 0.000000000000000000, 0.000000000000000000, 1.000000000000000000 ) ) ;
#6472 = VECTOR ( 'NONE', #396, 1000.000000000000000 ) ;
#6473 = DIRECTION ( 'NONE',  ( -0.000000000000000000, 0.000000000000000000, -1.000000000000000000 ) ) ;
#6474 = CIRCLE ( 'NONE', #4556, 6.999999999999997335 ) ;
#6475 = EDGE_CURVE ( 'NONE', #5804, #1240, #3843, .T. ) ;
#6476 = CARTESIAN_POINT ( 'NONE',  ( 23.36681733216371981, 14.99999999999999467, 32.44850303041332040 ) ) ;
#6477 = ORIENTED_EDGE ( 'NONE', *, *, #6021, .F. ) ;
#6478 = CARTESIAN_POINT ( 'NONE',  ( -25.00000000000000000, -126.4501835576286624, 8.448105686686514324E-15 ) ) ;
#6479 = DIRECTION ( 'NONE',  ( 0.000000000000000000, 0.000000000000000000, 1.000000000000000000 ) ) ;
#6480 = CARTESIAN_POINT ( 'NONE',  ( 24.13262399585109108, 15.00000000000000533, 32.73621466471333008 ) ) ;
#6481 = VERTEX_POINT ( 'NONE', #5368 ) ;
#6482 = LINE ( 'NONE', #4023, #2783 ) ;
#6483 = EDGE_LOOP ( 'NONE', ( #2728, #4850, #3288, #1278 ) ) ;
#6484 = DIRECTION ( 'NONE',  ( 0.000000000000000000, -4.086418116015800599E-14, 1.000000000000000000 ) ) ;
#6485 = FACE_OUTER_BOUND ( 'NONE', #6561, .T. ) ;
#6486 = VERTEX_POINT ( 'NONE', #817 ) ;
#6487 = DIRECTION ( 'NONE',  ( 0.000000000000000000, -0.4515846420544727957, -0.8922282841630463368 ) ) ;
#6488 = LINE ( 'NONE', #2999, #3569 ) ;
#6489 = EDGE_LOOP ( 'NONE', ( #6042, #3143, #595, #1105 ) ) ;
#6490 = AXIS2_PLACEMENT_3D ( 'NONE', #1118, #4610, #6194 ) ;
#6491 = DIRECTION ( 'NONE',  ( 0.000000000000000000, 0.000000000000000000, -1.000000000000000000 ) ) ;
#6492 = EDGE_CURVE ( 'NONE', #3814, #6059, #2849, .T. ) ;
#6493 = ORIENTED_EDGE ( 'NONE', *, *, #1721, .T. ) ;
#6494 = DIRECTION ( 'NONE',  ( -0.000000000000000000, 1.000000000000000000, -0.000000000000000000 ) ) ;
#6495 = VECTOR ( 'NONE', #6383, 1000.000000000000000 ) ;
#6496 = CARTESIAN_POINT ( 'NONE',  ( 23.70384211515855100, 14.99999999999999822, 34.25916578805765766 ) ) ;
#6497 = CARTESIAN_POINT ( 'NONE',  ( -25.00000000000000000, -9.000000000000021316, -67.50000000000000000 ) ) ;
#6498 = DIRECTION ( 'NONE',  ( 0.000000000000000000, 0.3403848788092883604, 0.9402861980684317222 ) ) ;
#6499 = EDGE_LOOP ( 'NONE', ( #6477, #1836 ) ) ;
#6500 = FACE_OUTER_BOUND ( 'NONE', #5570, .T. ) ;
#6501 = CARTESIAN_POINT ( 'NONE',  ( 26.00000000000000355, 21.00290591502244197, -1.216092296937449943E-14 ) ) ;
#6502 = VECTOR ( 'NONE', #6119, 1000.000000000000000 ) ;
#6503 = FACE_OUTER_BOUND ( 'NONE', #4701, .T. ) ;
#6504 = EDGE_LOOP ( 'NONE', ( #128, #167, #111, #5180 ) ) ;
#6505 = LINE ( 'NONE', #1957, #2698 ) ;
#6506 = FACE_OUTER_BOUND ( 'NONE', #51, .T. ) ;
#6507 = DIRECTION ( 'NONE',  ( -1.000000000000000000, -0.000000000000000000, 0.000000000000000000 ) ) ;
#6508 = VERTEX_POINT ( 'NONE', #854 ) ;
#6509 = DIRECTION ( 'NONE',  ( 0.000000000000000000, -1.734723475976807094E-15, 1.000000000000000000 ) ) ;
#6510 = ORIENTED_EDGE ( 'NONE', *, *, #2606, .T. ) ;
#6511 = FACE_OUTER_BOUND ( 'NONE', #4545, .T. ) ;
#6512 = EDGE_CURVE ( 'NONE', #3459, #2254, #1261, .T. ) ;
#6513 = CARTESIAN_POINT ( 'NONE',  ( 25.00000000000000000, -1.467252252107319910, 52.24999999999996447 ) ) ;
#6514 = VECTOR ( 'NONE', #3401, 1000.000000000000000 ) ;
#6515 = VECTOR ( 'NONE', #6292, 1000.000000000000114 ) ;
#6516 = CARTESIAN_POINT ( 'NONE',  ( -32.00000000000000000, -4.514312172674985746, -40.88927773332066096 ) ) ;
#6517 = LINE ( 'NONE', #3933, #343 ) ;
#6518 = AXIS2_PLACEMENT_3D ( 'NONE', #189, #1568, #2033 ) ;
#6519 = CARTESIAN_POINT ( 'NONE',  ( -32.00000000000000000, -15.99999999999587530, -77.49999999997912425 ) ) ;
#6520 = DIRECTION ( 'NONE',  ( -1.000000000000000000, -0.000000000000000000, 0.000000000000000000 ) ) ;
#6521 = EDGE_CURVE ( 'NONE', #3339, #3461, #21, .T. ) ;
#6522 = ORIENTED_EDGE ( 'NONE', *, *, #6197, .T. ) ;
#6523 = VECTOR ( 'NONE', #5375, 1000.000000000000000 ) ;
#6524 = ORIENTED_EDGE ( 'NONE', *, *, #5176, .T. ) ;
#6525 = CARTESIAN_POINT ( 'NONE',  ( 24.37591643836363176, 19.81323446261784937, 33.44615479670680003 ) ) ;
#6526 = DIRECTION ( 'NONE',  ( -0.000000000000000000, 1.000000000000000000, -0.000000000000000000 ) ) ;
#6527 = CARTESIAN_POINT ( 'NONE',  ( 24.00818012777762789, 20.00684559286067099, 33.13015080153230940 ) ) ;
#6528 = DIRECTION ( 'NONE',  ( -1.000000000000000000, 0.000000000000000000, 0.000000000000000000 ) ) ;
#6529 = ORIENTED_EDGE ( 'NONE', *, *, #1497, .F. ) ;
#6530 = CARTESIAN_POINT ( 'NONE',  ( 22.21106178439029222, 23.65005808228012540, 9.812499999999985789 ) ) ;
#6531 = DIRECTION ( 'NONE',  ( 0.000000000000000000, 0.000000000000000000, 1.000000000000000000 ) ) ;
#6532 = ORIENTED_EDGE ( 'NONE', *, *, #3989, .F. ) ;
#6533 = CARTESIAN_POINT ( 'NONE',  ( 22.22770590284088144, 23.39871018650868351, -12.81249999999999822 ) ) ;
#6534 = EDGE_CURVE ( 'NONE', #2175, #3659, #2742, .T. ) ;
#6535 = FACE_OUTER_BOUND ( 'NONE', #4692, .T. ) ;
#6536 = EDGE_CURVE ( 'NONE', #3379, #4366, #2081, .T. ) ;
#6537 = CARTESIAN_POINT ( 'NONE',  ( 23.82210028221257048, 14.99999999999999822, 32.53048121189239339 ) ) ;
#6538 = VECTOR ( 'NONE', #6281, 1000.000000000000114 ) ;
#6539 = EDGE_CURVE ( 'NONE', #1257, #545, #836, .T. ) ;
#6540 = ORIENTED_EDGE ( 'NONE', *, *, #5572, .T. ) ;
#6542 = EDGE_CURVE ( 'NONE', #5202, #5521, #3593, .T. ) ;
#6541 = CARTESIAN_POINT ( 'NONE',  ( -51.50000000000000711, -28.44884186725240838, -21.54136752811921696 ) ) ;
#6543 = ORIENTED_EDGE ( 'NONE', *, *, #2850, .T. ) ;
#6544 = DIRECTION ( 'NONE',  ( 1.000000000000000000, -0.000000000000000000, -0.000000000000000000 ) ) ;
#6545 = EDGE_CURVE ( 'NONE', #1060, #2511, #1012, .T. ) ;
#6546 = DIRECTION ( 'NONE',  ( 0.000000000000000000, 0.000000000000000000, -1.000000000000000000 ) ) ;
#6547 = FACE_OUTER_BOUND ( 'NONE', #1397, .T. ) ;
#6548 = CARTESIAN_POINT ( 'NONE',  ( -32.00000000000000000, -22.99999999999562306, -65.99999999997884004 ) ) ;
#6549 = CARTESIAN_POINT ( 'NONE',  ( 22.17344235471984959, 14.99999999999999822, -31.93749999999999289 ) ) ;
#6550 = CARTESIAN_POINT ( 'NONE',  ( 23.13441506410256920, 14.99999999999999822, 33.96804887820512420 ) ) ;
#6551 = EDGE_LOOP ( 'NONE', ( #1844, #5265, #5746, #36 ) ) ;
#6552 = VECTOR ( 'NONE', #527, 1000.000000000000000 ) ;
#6553 = CIRCLE ( 'NONE', #3689, 135.6295211195206889 ) ;
#6554 = ORIENTED_EDGE ( 'NONE', *, *, #4088, .T. ) ;
#6555 = CARTESIAN_POINT ( 'NONE',  ( -25.00000000000000000, -8.387541551316047617, 42.17860255650936097 ) ) ;
#6556 = EDGE_LOOP ( 'NONE', ( #5546, #3076, #1155, #4768 ) ) ;
#6557 = DIRECTION ( 'NONE',  ( 0.000000000000000000, -0.3233786518374576757, -0.9462696484278614317 ) ) ;
#6558 = CIRCLE ( 'NONE', #1045, 2.000000000000000888 ) ;
#6559 = AXIS2_PLACEMENT_3D ( 'NONE', #4299, #748, #2777 ) ;
#6560 = ADVANCED_FACE ( 'NONE', ( #5553 ), #2509, .F. ) ;
#6561 = EDGE_LOOP ( 'NONE', ( #3597, #1923, #13, #65 ) ) ;
#6562 = DIRECTION ( 'NONE',  ( 0.000000000000000000, 0.000000000000000000, 1.000000000000000000 ) ) ;
#6563 = CARTESIAN_POINT ( 'NONE',  ( 22.92664898107769389, 20.09640605460911189, 32.43765558598803977 ) ) ;
#6564 = VERTEX_POINT ( 'NONE', #6031 ) ;
#6565 = CARTESIAN_POINT ( 'NONE',  ( -26.00000000000000000, 5.859598249176485751, 56.07296202289150244 ) ) ;
#6566 = DIRECTION ( 'NONE',  ( -0.000000000000000000, 1.000000000000000000, -0.000000000000000000 ) ) ;
#6567 = VECTOR ( 'NONE', #5602, 1000.000000000000000 ) ;
ENDSEC;
END-ISO-10303-21;
